[INFO] Scanning for projects...
[INFO] 
[INFO] --------------------< com.payment-app:Api-Gateway >---------------------
[INFO] Building Api-Gateway 0.0.1-SNAPSHOT
[INFO]   from pom.xml
[INFO] --------------------------------[ jar ]---------------------------------
[INFO] 
[INFO] >>> spring-boot:3.3.5:run (default-cli) > test-compile @ Api-Gateway >>>
[INFO] 
[INFO] --- resources:3.3.1:resources (default-resources) @ Api-Gateway ---
[INFO] Copying 1 resource from src\main\resources to target\classes
[INFO] Copying 0 resource from src\main\resources to target\classes
[INFO] 
[INFO] --- compiler:3.13.0:compile (default-compile) @ Api-Gateway ---
[INFO] Nothing to compile - all classes are up to date.
[INFO] 
[INFO] --- resources:3.3.1:testResources (default-testResources) @ Api-Gateway ---
[INFO] skip non existing resourceDirectory C:\Users\Asus\Desktop\Payment-wallet\Api-Gateway\src\test\resources
[INFO] 
[INFO] --- compiler:3.13.0:testCompile (default-testCompile) @ Api-Gateway ---
[INFO] Nothing to compile - all classes are up to date.
[INFO] 
[INFO] <<< spring-boot:3.3.5:run (default-cli) < test-compile @ Api-Gateway <<<
[INFO] 
[INFO] 
[INFO] --- spring-boot:3.3.5:run (default-cli) @ Api-Gateway ---
[INFO] Attaching agents: []
09:48:51.800 [main] INFO com.admin.ApiGatewayApplication -- Starting Api-Gateway...

  .   ____          _            __ _ _
 /\\ / ___'_ __ _ _(_)_ __  __ _ \ \ \ \
( ( )\___ | '_ | '_| | '_ \/ _` | \ \ \ \
 \\/  ___)| |_)| | | | | || (_| |  ) ) ) )
  '  |____| .__|_| |_|_| |_\__, | / / / /
 =========|_|==============|___/=/_/_/_/

 :: Spring Boot ::                (v3.3.5)

2026-03-27T09:48:53.403+05:30  INFO 4660 --- [Api-Gateway] [           main] com.admin.ApiGatewayApplication          : Starting ApiGatewayApplication using Java 21.0.6 with PID 4660 (C:\Users\Asus\Desktop\Payment-wallet\Api-Gateway\target\classes started by Asus in C:\Users\Asus\Desktop\Payment-wallet\Api-Gateway)
2026-03-27T09:48:53.405+05:30  INFO 4660 --- [Api-Gateway] [           main] com.admin.ApiGatewayApplication          : No active profile set, falling back to 1 default profile: "default"
2026-03-27T09:48:55.021+05:30  INFO 4660 --- [Api-Gateway] [           main] o.s.cloud.context.scope.GenericScope     : BeanFactory id=bbbdf016-3230-3acc-a77e-4e517fbd23e5
2026-03-27T09:48:55.106+05:30  WARN 4660 --- [Api-Gateway] [           main] trationDelegate$BeanPostProcessorChecker : Bean 'org.springframework.cloud.client.loadbalancer.LoadBalancerAutoConfiguration$DeferringLoadBalancerInterceptorConfig' of type [org.springframework.cloud.client.loadbalancer.LoadBalancerAutoConfiguration$DeferringLoadBalancerInterceptorConfig] is not eligible for getting processed by all BeanPostProcessors (for example: not eligible for auto-proxying). The currently created BeanPostProcessor [lbRestClientPostProcessor] is declared through a non-static factory method on that class; consider declaring it as static instead.
2026-03-27T09:48:55.110+05:30  WARN 4660 --- [Api-Gateway] [           main] trationDelegate$BeanPostProcessorChecker : Bean 'deferringLoadBalancerInterceptor' of type [org.springframework.cloud.client.loadbalancer.DeferringLoadBalancerInterceptor] is not eligible for getting processed by all BeanPostProcessors (for example: not eligible for auto-proxying). Is this bean getting eagerly injected/applied to a currently created BeanPostProcessor [lbRestClientPostProcessor]? Check the corresponding BeanPostProcessor declaration and its dependencies/advisors. If this bean does not have to be post-processed, declare it with ROLE_INFRASTRUCTURE.
2026-03-27T09:48:55.112+05:30  WARN 4660 --- [Api-Gateway] [           main] trationDelegate$BeanPostProcessorChecker : Bean 'org.springframework.cloud.client.loadbalancer.reactive.LoadBalancerBeanPostProcessorAutoConfiguration' of type [org.springframework.cloud.client.loadbalancer.reactive.LoadBalancerBeanPostProcessorAutoConfiguration] is not eligible for getting processed by all BeanPostProcessors (for example: not eligible for auto-proxying). The currently created BeanPostProcessor [loadBalancerWebClientBuilderBeanPostProcessor] is declared through a non-static factory method on that class; consider declaring it as static instead.
2026-03-27T09:48:55.113+05:30  WARN 4660 --- [Api-Gateway] [           main] trationDelegate$BeanPostProcessorChecker : Bean 'org.springframework.cloud.client.loadbalancer.reactive.LoadBalancerBeanPostProcessorAutoConfiguration$ReactorDeferringLoadBalancerFilterConfig' of type [org.springframework.cloud.client.loadbalancer.reactive.LoadBalancerBeanPostProcessorAutoConfiguration$ReactorDeferringLoadBalancerFilterConfig] is not eligible for getting processed by all BeanPostProcessors (for example: not eligible for auto-proxying). Is this bean getting eagerly injected/applied to a currently created BeanPostProcessor [loadBalancerWebClientBuilderBeanPostProcessor]? Check the corresponding BeanPostProcessor declaration and its dependencies/advisors. If this bean does not have to be post-processed, declare it with ROLE_INFRASTRUCTURE.
2026-03-27T09:48:55.116+05:30  WARN 4660 --- [Api-Gateway] [           main] trationDelegate$BeanPostProcessorChecker : Bean 'reactorDeferringLoadBalancerExchangeFilterFunction' of type [org.springframework.cloud.client.loadbalancer.reactive.DeferringLoadBalancerExchangeFilterFunction] is not eligible for getting processed by all BeanPostProcessors (for example: not eligible for auto-proxying). Is this bean getting eagerly injected/applied to a currently created BeanPostProcessor [loadBalancerWebClientBuilderBeanPostProcessor]? Check the corresponding BeanPostProcessor declaration and its dependencies/advisors. If this bean does not have to be post-processed, declare it with ROLE_INFRASTRUCTURE.
2026-03-27T09:48:56.751+05:30  INFO 4660 --- [Api-Gateway] [           main] o.s.cloud.commons.util.InetUtils         : Cannot determine local hostname
2026-03-27T09:48:57.804+05:30  INFO 4660 --- [Api-Gateway] [           main] o.s.cloud.commons.util.InetUtils         : Cannot determine local hostname
2026-03-27T09:48:58.182+05:30 DEBUG 4660 --- [Api-Gateway] [           main] o.s.c.gateway.config.GatewayProperties   : Routes supplied from Gateway Properties: [RouteDefinition{id='AUTH-SERVICE', predicates=[PredicateDefinition{name='Path', args={_genkey_0=/auth/**}}], filters=[], uri=lb://USER-SERVICE, order=0, metadata={}}, RouteDefinition{id='ADMIN-SERVICE', predicates=[PredicateDefinition{name='Path', args={_genkey_0=/admin/**}}], filters=[], uri=lb://ADMIN-SERVICE, order=0, metadata={}}, RouteDefinition{id='KYC-SERVICE', predicates=[PredicateDefinition{name='Path', args={_genkey_0=/kyc/**}}], filters=[], uri=lb://KYC-SERVICE, order=0, metadata={}}, RouteDefinition{id='PAYMENT-SERVICES', predicates=[PredicateDefinition{name='Path', args={_genkey_0=/api/payments/**}}], filters=[FilterDefinition{name='CircuitBreaker', args={_genkey_0=name:paymentCircuitBreaker, _genkey_1=fallbackUri:forward:/fallback/payment}}], uri=lb://PAYMENT-SERVICES, order=0, metadata={}}, RouteDefinition{id='WALLET-SERVICE', predicates=[PredicateDefinition{name='Path', args={_genkey_0=/api/wallets/**}}], filters=[FilterDefinition{name='CircuitBreaker', args={_genkey_0=name:walletCircuitBreaker, _genkey_1=fallbackUri:forward:/fallback/general}}], uri=lb://WALLET-SERVICE, order=0, metadata={}}, RouteDefinition{id='TRANSACTION-SERVICE', predicates=[PredicateDefinition{name='Path', args={_genkey_0=/api/transaction/**}}], filters=[FilterDefinition{name='CircuitBreaker', args={_genkey_0=name:transactionCircuitBreaker, _genkey_1=fallbackUri:forward:/fallback/general}}], uri=lb://TRANSACTION-SERVICE, order=0, metadata={}}, RouteDefinition{id='REWARDS-SERVICE', predicates=[PredicateDefinition{name='Path', args={_genkey_0=/api/rewards/**}}], filters=[FilterDefinition{name='CircuitBreaker', args={_genkey_0=name:rewardCircuitBreaker, _genkey_1=fallbackUri:forward:/fallback/reward}}], uri=lb://REWARDS-SERVICE, order=0, metadata={}}, RouteDefinition{id='NOTIFICATION-SERVICE', predicates=[PredicateDefinition{name='Path', args={_genkey_0=/api/notifications/**}}], filters=[FilterDefinition{name='CircuitBreaker', args={_genkey_0=name:notificationCircuitBreaker, _genkey_1=fallbackUri:forward:/fallback/general}}], uri=lb://NOTIFICATION-SERVICE, order=0, metadata={}}, RouteDefinition{id='USER-SERVICE', predicates=[PredicateDefinition{name='Path', args={_genkey_0=/users/**}}], filters=[], uri=lb://USER-SERVICE, order=0, metadata={}}]
2026-03-27T09:48:58.386+05:30  INFO 4660 --- [Api-Gateway] [           main] o.s.c.g.r.RouteDefinitionRouteLocator    : Loaded RoutePredicateFactory [After]
2026-03-27T09:48:58.387+05:30  INFO 4660 --- [Api-Gateway] [           main] o.s.c.g.r.RouteDefinitionRouteLocator    : Loaded RoutePredicateFactory [Before]
2026-03-27T09:48:58.388+05:30  INFO 4660 --- [Api-Gateway] [           main] o.s.c.g.r.RouteDefinitionRouteLocator    : Loaded RoutePredicateFactory [Between]
2026-03-27T09:48:58.389+05:30  INFO 4660 --- [Api-Gateway] [           main] o.s.c.g.r.RouteDefinitionRouteLocator    : Loaded RoutePredicateFactory [Cookie]
2026-03-27T09:48:58.390+05:30  INFO 4660 --- [Api-Gateway] [           main] o.s.c.g.r.RouteDefinitionRouteLocator    : Loaded RoutePredicateFactory [Header]
2026-03-27T09:48:58.391+05:30  INFO 4660 --- [Api-Gateway] [           main] o.s.c.g.r.RouteDefinitionRouteLocator    : Loaded RoutePredicateFactory [Host]
2026-03-27T09:48:58.392+05:30  INFO 4660 --- [Api-Gateway] [           main] o.s.c.g.r.RouteDefinitionRouteLocator    : Loaded RoutePredicateFactory [Method]
2026-03-27T09:48:58.392+05:30  INFO 4660 --- [Api-Gateway] [           main] o.s.c.g.r.RouteDefinitionRouteLocator    : Loaded RoutePredicateFactory [Path]
2026-03-27T09:48:58.394+05:30  INFO 4660 --- [Api-Gateway] [           main] o.s.c.g.r.RouteDefinitionRouteLocator    : Loaded RoutePredicateFactory [Query]
2026-03-27T09:48:58.394+05:30  INFO 4660 --- [Api-Gateway] [           main] o.s.c.g.r.RouteDefinitionRouteLocator    : Loaded RoutePredicateFactory [ReadBody]
2026-03-27T09:48:58.395+05:30  INFO 4660 --- [Api-Gateway] [           main] o.s.c.g.r.RouteDefinitionRouteLocator    : Loaded RoutePredicateFactory [RemoteAddr]
2026-03-27T09:48:58.395+05:30  INFO 4660 --- [Api-Gateway] [           main] o.s.c.g.r.RouteDefinitionRouteLocator    : Loaded RoutePredicateFactory [XForwardedRemoteAddr]
2026-03-27T09:48:58.396+05:30  INFO 4660 --- [Api-Gateway] [           main] o.s.c.g.r.RouteDefinitionRouteLocator    : Loaded RoutePredicateFactory [Weight]
2026-03-27T09:48:58.397+05:30  INFO 4660 --- [Api-Gateway] [           main] o.s.c.g.r.RouteDefinitionRouteLocator    : Loaded RoutePredicateFactory [CloudFoundryRouteService]
2026-03-27T09:48:59.678+05:30  INFO 4660 --- [Api-Gateway] [           main] o.s.cloud.commons.util.InetUtils         : Cannot determine local hostname
2026-03-27T09:48:59.735+05:30  INFO 4660 --- [Api-Gateway] [           main] o.s.b.a.e.web.EndpointLinksResolver      : Exposing 3 endpoints beneath base path '/actuator'
2026-03-27T09:49:00.028+05:30  INFO 4660 --- [Api-Gateway] [           main] DiscoveryClientOptionalArgsConfiguration : Eureka HTTP Client uses RestTemplate.
2026-03-27T09:49:00.102+05:30  WARN 4660 --- [Api-Gateway] [           main] iguration$LoadBalancerCaffeineWarnLogger : Spring Cloud LoadBalancer is currently working with the default cache. While this cache implementation is useful for development and tests, it's recommended to use Caffeine cache in production.You can switch to using Caffeine cache, by adding it and org.springframework.cache.caffeine.CaffeineCacheManager to the classpath.
2026-03-27T09:49:00.169+05:30  INFO 4660 --- [Api-Gateway] [           main] o.s.c.n.eureka.InstanceInfoFactory       : Setting initial instance status as: STARTING
2026-03-27T09:49:00.192+05:30  INFO 4660 --- [Api-Gateway] [           main] com.netflix.discovery.DiscoveryClient    : Initializing Eureka in region us-east-1
2026-03-27T09:49:00.196+05:30  INFO 4660 --- [Api-Gateway] [           main] c.n.d.s.r.aws.ConfigClusterResolver      : Resolving eureka endpoints via configuration
2026-03-27T09:49:00.203+05:30  INFO 4660 --- [Api-Gateway] [           main] com.netflix.discovery.DiscoveryClient    : Disable delta property : false
2026-03-27T09:49:00.204+05:30  INFO 4660 --- [Api-Gateway] [           main] com.netflix.discovery.DiscoveryClient    : Single vip registry refresh property : null
2026-03-27T09:49:00.204+05:30  INFO 4660 --- [Api-Gateway] [           main] com.netflix.discovery.DiscoveryClient    : Force full registry fetch : false
2026-03-27T09:49:00.204+05:30  INFO 4660 --- [Api-Gateway] [           main] com.netflix.discovery.DiscoveryClient    : Application is null : false
2026-03-27T09:49:00.204+05:30  INFO 4660 --- [Api-Gateway] [           main] com.netflix.discovery.DiscoveryClient    : Registered Applications size is zero : true
2026-03-27T09:49:00.205+05:30  INFO 4660 --- [Api-Gateway] [           main] com.netflix.discovery.DiscoveryClient    : Application version is -1: true
2026-03-27T09:49:00.205+05:30  INFO 4660 --- [Api-Gateway] [           main] com.netflix.discovery.DiscoveryClient    : Getting all instance registry info from the eureka server
2026-03-27T09:49:00.516+05:30  INFO 4660 --- [Api-Gateway] [           main] com.netflix.discovery.DiscoveryClient    : The response status is 200
2026-03-27T09:49:00.519+05:30  INFO 4660 --- [Api-Gateway] [           main] com.netflix.discovery.DiscoveryClient    : Starting heartbeat executor: renew interval is: 30
2026-03-27T09:49:00.521+05:30  INFO 4660 --- [Api-Gateway] [           main] c.n.discovery.InstanceInfoReplicator     : InstanceInfoReplicator onDemand update allowed rate per min is 4
2026-03-27T09:49:00.522+05:30  INFO 4660 --- [Api-Gateway] [           main] com.netflix.discovery.DiscoveryClient    : Discovery Client initialized at timestamp 1774585140522 with initial instances count: 8
2026-03-27T09:49:00.525+05:30  INFO 4660 --- [Api-Gateway] [           main] o.s.c.n.e.s.EurekaServiceRegistry        : Registering application API-GATEWAY with eureka with status UP
2026-03-27T09:49:00.525+05:30  INFO 4660 --- [Api-Gateway] [           main] com.netflix.discovery.DiscoveryClient    : Saw local status change event StatusChangeEvent [timestamp=1774585140525, current=UP, previous=STARTING]
2026-03-27T09:49:00.528+05:30  INFO 4660 --- [Api-Gateway] [foReplicator-%d] com.netflix.discovery.DiscoveryClient    : DiscoveryClient_API-GATEWAY/localhost:Api-Gateway:7505: registering service...
2026-03-27T09:49:00.566+05:30 DEBUG 4660 --- [Api-Gateway] [           main] o.s.c.g.r.RouteDefinitionRouteLocator    : RouteDefinition ReactiveCompositeDiscoveryClient_CONFIG-SERVIER applying {pattern=/config-servier/**} to Path
2026-03-27T09:49:00.576+05:30  INFO 4660 --- [Api-Gateway] [foReplicator-%d] com.netflix.discovery.DiscoveryClient    : DiscoveryClient_API-GATEWAY/localhost:Api-Gateway:7505 - registration status: 204
2026-03-27T09:49:00.587+05:30 DEBUG 4660 --- [Api-Gateway] [           main] o.s.c.g.r.RouteDefinitionRouteLocator    : RouteDefinition ReactiveCompositeDiscoveryClient_CONFIG-SERVIER applying filter {regexp=/config-servier/?(?<remaining>.*), replacement=/${remaining}} to RewritePath
2026-03-27T09:49:00.596+05:30 DEBUG 4660 --- [Api-Gateway] [           main] o.s.c.g.r.RouteDefinitionRouteLocator    : RouteDefinition matched: ReactiveCompositeDiscoveryClient_CONFIG-SERVIER
2026-03-27T09:49:00.597+05:30 DEBUG 4660 --- [Api-Gateway] [           main] o.s.c.g.r.RouteDefinitionRouteLocator    : RouteDefinition ReactiveCompositeDiscoveryClient_REWARDS-SERVICE applying {pattern=/rewards-service/**} to Path
2026-03-27T09:49:00.599+05:30 DEBUG 4660 --- [Api-Gateway] [           main] o.s.c.g.r.RouteDefinitionRouteLocator    : RouteDefinition ReactiveCompositeDiscoveryClient_REWARDS-SERVICE applying filter {regexp=/rewards-service/?(?<remaining>.*), replacement=/${remaining}} to RewritePath
2026-03-27T09:49:00.601+05:30 DEBUG 4660 --- [Api-Gateway] [           main] o.s.c.g.r.RouteDefinitionRouteLocator    : RouteDefinition matched: ReactiveCompositeDiscoveryClient_REWARDS-SERVICE
2026-03-27T09:49:00.602+05:30 DEBUG 4660 --- [Api-Gateway] [           main] o.s.c.g.r.RouteDefinitionRouteLocator    : RouteDefinition ReactiveCompositeDiscoveryClient_KYC-SERVICE applying {pattern=/kyc-service/**} to Path
2026-03-27T09:49:00.604+05:30 DEBUG 4660 --- [Api-Gateway] [           main] o.s.c.g.r.RouteDefinitionRouteLocator    : RouteDefinition ReactiveCompositeDiscoveryClient_KYC-SERVICE applying filter {regexp=/kyc-service/?(?<remaining>.*), replacement=/${remaining}} to RewritePath
2026-03-27T09:49:00.605+05:30 DEBUG 4660 --- [Api-Gateway] [           main] o.s.c.g.r.RouteDefinitionRouteLocator    : RouteDefinition matched: ReactiveCompositeDiscoveryClient_KYC-SERVICE
2026-03-27T09:49:00.606+05:30 DEBUG 4660 --- [Api-Gateway] [           main] o.s.c.g.r.RouteDefinitionRouteLocator    : RouteDefinition ReactiveCompositeDiscoveryClient_ADMIN-SERVICE applying {pattern=/admin-service/**} to Path
2026-03-27T09:49:00.607+05:30 DEBUG 4660 --- [Api-Gateway] [           main] o.s.c.g.r.RouteDefinitionRouteLocator    : RouteDefinition ReactiveCompositeDiscoveryClient_ADMIN-SERVICE applying filter {regexp=/admin-service/?(?<remaining>.*), replacement=/${remaining}} to RewritePath
2026-03-27T09:49:00.609+05:30 DEBUG 4660 --- [Api-Gateway] [           main] o.s.c.g.r.RouteDefinitionRouteLocator    : RouteDefinition matched: ReactiveCompositeDiscoveryClient_ADMIN-SERVICE
2026-03-27T09:49:00.610+05:30 DEBUG 4660 --- [Api-Gateway] [           main] o.s.c.g.r.RouteDefinitionRouteLocator    : RouteDefinition ReactiveCompositeDiscoveryClient_TRANSACTION-SERVICE applying {pattern=/transaction-service/**} to Path
2026-03-27T09:49:00.611+05:30 DEBUG 4660 --- [Api-Gateway] [           main] o.s.c.g.r.RouteDefinitionRouteLocator    : RouteDefinition ReactiveCompositeDiscoveryClient_TRANSACTION-SERVICE applying filter {regexp=/transaction-service/?(?<remaining>.*), replacement=/${remaining}} to RewritePath
2026-03-27T09:49:00.613+05:30 DEBUG 4660 --- [Api-Gateway] [           main] o.s.c.g.r.RouteDefinitionRouteLocator    : RouteDefinition matched: ReactiveCompositeDiscoveryClient_TRANSACTION-SERVICE
2026-03-27T09:49:00.614+05:30 DEBUG 4660 --- [Api-Gateway] [           main] o.s.c.g.r.RouteDefinitionRouteLocator    : RouteDefinition ReactiveCompositeDiscoveryClient_WALLET-SERVICE applying {pattern=/wallet-service/**} to Path
2026-03-27T09:49:00.615+05:30 DEBUG 4660 --- [Api-Gateway] [           main] o.s.c.g.r.RouteDefinitionRouteLocator    : RouteDefinition ReactiveCompositeDiscoveryClient_WALLET-SERVICE applying filter {regexp=/wallet-service/?(?<remaining>.*), replacement=/${remaining}} to RewritePath
2026-03-27T09:49:00.617+05:30 DEBUG 4660 --- [Api-Gateway] [           main] o.s.c.g.r.RouteDefinitionRouteLocator    : RouteDefinition matched: ReactiveCompositeDiscoveryClient_WALLET-SERVICE
2026-03-27T09:49:00.618+05:30 DEBUG 4660 --- [Api-Gateway] [           main] o.s.c.g.r.RouteDefinitionRouteLocator    : RouteDefinition ReactiveCompositeDiscoveryClient_USER-SERVICE applying {pattern=/user-service/**} to Path
2026-03-27T09:49:00.619+05:30 DEBUG 4660 --- [Api-Gateway] [           main] o.s.c.g.r.RouteDefinitionRouteLocator    : RouteDefinition ReactiveCompositeDiscoveryClient_USER-SERVICE applying filter {regexp=/user-service/?(?<remaining>.*), replacement=/${remaining}} to RewritePath
2026-03-27T09:49:00.620+05:30 DEBUG 4660 --- [Api-Gateway] [           main] o.s.c.g.r.RouteDefinitionRouteLocator    : RouteDefinition matched: ReactiveCompositeDiscoveryClient_USER-SERVICE
2026-03-27T09:49:00.621+05:30 DEBUG 4660 --- [Api-Gateway] [           main] o.s.c.g.r.RouteDefinitionRouteLocator    : RouteDefinition ReactiveCompositeDiscoveryClient_PAYMENT-SERVICES applying {pattern=/payment-services/**} to Path
2026-03-27T09:49:00.622+05:30 DEBUG 4660 --- [Api-Gateway] [           main] o.s.c.g.r.RouteDefinitionRouteLocator    : RouteDefinition ReactiveCompositeDiscoveryClient_PAYMENT-SERVICES applying filter {regexp=/payment-services/?(?<remaining>.*), replacement=/${remaining}} to RewritePath
2026-03-27T09:49:00.622+05:30 DEBUG 4660 --- [Api-Gateway] [           main] o.s.c.g.r.RouteDefinitionRouteLocator    : RouteDefinition matched: ReactiveCompositeDiscoveryClient_PAYMENT-SERVICES
2026-03-27T09:49:00.624+05:30 DEBUG 4660 --- [Api-Gateway] [           main] o.s.c.g.r.RouteDefinitionRouteLocator    : RouteDefinition AUTH-SERVICE applying {_genkey_0=/auth/**} to Path
2026-03-27T09:49:00.625+05:30 DEBUG 4660 --- [Api-Gateway] [           main] o.s.c.g.r.RouteDefinitionRouteLocator    : RouteDefinition matched: AUTH-SERVICE
2026-03-27T09:49:00.626+05:30 DEBUG 4660 --- [Api-Gateway] [           main] o.s.c.g.r.RouteDefinitionRouteLocator    : RouteDefinition ADMIN-SERVICE applying {_genkey_0=/admin/**} to Path
2026-03-27T09:49:00.627+05:30 DEBUG 4660 --- [Api-Gateway] [           main] o.s.c.g.r.RouteDefinitionRouteLocator    : RouteDefinition matched: ADMIN-SERVICE
2026-03-27T09:49:00.627+05:30 DEBUG 4660 --- [Api-Gateway] [           main] o.s.c.g.r.RouteDefinitionRouteLocator    : RouteDefinition KYC-SERVICE applying {_genkey_0=/kyc/**} to Path
2026-03-27T09:49:00.628+05:30 DEBUG 4660 --- [Api-Gateway] [           main] o.s.c.g.r.RouteDefinitionRouteLocator    : RouteDefinition matched: KYC-SERVICE
2026-03-27T09:49:00.628+05:30 DEBUG 4660 --- [Api-Gateway] [           main] o.s.c.g.r.RouteDefinitionRouteLocator    : RouteDefinition PAYMENT-SERVICES applying {_genkey_0=/api/payments/**} to Path
2026-03-27T09:49:00.628+05:30 DEBUG 4660 --- [Api-Gateway] [           main] o.s.c.g.r.RouteDefinitionRouteLocator    : RouteDefinition PAYMENT-SERVICES applying filter {_genkey_0=name:paymentCircuitBreaker, _genkey_1=fallbackUri:forward:/fallback/payment} to CircuitBreaker
2026-03-27T09:49:00.632+05:30 DEBUG 4660 --- [Api-Gateway] [           main] o.s.c.g.r.RouteDefinitionRouteLocator    : RouteDefinition matched: PAYMENT-SERVICES
2026-03-27T09:49:00.633+05:30 DEBUG 4660 --- [Api-Gateway] [           main] o.s.c.g.r.RouteDefinitionRouteLocator    : RouteDefinition WALLET-SERVICE applying {_genkey_0=/api/wallets/**} to Path
2026-03-27T09:49:00.633+05:30 DEBUG 4660 --- [Api-Gateway] [           main] o.s.c.g.r.RouteDefinitionRouteLocator    : RouteDefinition WALLET-SERVICE applying filter {_genkey_0=name:walletCircuitBreaker, _genkey_1=fallbackUri:forward:/fallback/general} to CircuitBreaker
2026-03-27T09:49:00.635+05:30 DEBUG 4660 --- [Api-Gateway] [           main] o.s.c.g.r.RouteDefinitionRouteLocator    : RouteDefinition matched: WALLET-SERVICE
2026-03-27T09:49:00.635+05:30 DEBUG 4660 --- [Api-Gateway] [           main] o.s.c.g.r.RouteDefinitionRouteLocator    : RouteDefinition TRANSACTION-SERVICE applying {_genkey_0=/api/transaction/**} to Path
2026-03-27T09:49:00.635+05:30 DEBUG 4660 --- [Api-Gateway] [           main] o.s.c.g.r.RouteDefinitionRouteLocator    : RouteDefinition TRANSACTION-SERVICE applying filter {_genkey_0=name:transactionCircuitBreaker, _genkey_1=fallbackUri:forward:/fallback/general} to CircuitBreaker
2026-03-27T09:49:00.636+05:30 DEBUG 4660 --- [Api-Gateway] [           main] o.s.c.g.r.RouteDefinitionRouteLocator    : RouteDefinition matched: TRANSACTION-SERVICE
2026-03-27T09:49:00.637+05:30 DEBUG 4660 --- [Api-Gateway] [           main] o.s.c.g.r.RouteDefinitionRouteLocator    : RouteDefinition REWARDS-SERVICE applying {_genkey_0=/api/rewards/**} to Path
2026-03-27T09:49:00.637+05:30 DEBUG 4660 --- [Api-Gateway] [           main] o.s.c.g.r.RouteDefinitionRouteLocator    : RouteDefinition REWARDS-SERVICE applying filter {_genkey_0=name:rewardCircuitBreaker, _genkey_1=fallbackUri:forward:/fallback/reward} to CircuitBreaker
2026-03-27T09:49:00.638+05:30 DEBUG 4660 --- [Api-Gateway] [           main] o.s.c.g.r.RouteDefinitionRouteLocator    : RouteDefinition matched: REWARDS-SERVICE
2026-03-27T09:49:00.639+05:30 DEBUG 4660 --- [Api-Gateway] [           main] o.s.c.g.r.RouteDefinitionRouteLocator    : RouteDefinition NOTIFICATION-SERVICE applying {_genkey_0=/api/notifications/**} to Path
2026-03-27T09:49:00.639+05:30 DEBUG 4660 --- [Api-Gateway] [           main] o.s.c.g.r.RouteDefinitionRouteLocator    : RouteDefinition NOTIFICATION-SERVICE applying filter {_genkey_0=name:notificationCircuitBreaker, _genkey_1=fallbackUri:forward:/fallback/general} to CircuitBreaker
2026-03-27T09:49:00.640+05:30 DEBUG 4660 --- [Api-Gateway] [           main] o.s.c.g.r.RouteDefinitionRouteLocator    : RouteDefinition matched: NOTIFICATION-SERVICE
2026-03-27T09:49:00.641+05:30 DEBUG 4660 --- [Api-Gateway] [           main] o.s.c.g.r.RouteDefinitionRouteLocator    : RouteDefinition USER-SERVICE applying {_genkey_0=/users/**} to Path
2026-03-27T09:49:00.641+05:30 DEBUG 4660 --- [Api-Gateway] [           main] o.s.c.g.r.RouteDefinitionRouteLocator    : RouteDefinition matched: USER-SERVICE
2026-03-27T09:49:00.648+05:30 DEBUG 4660 --- [Api-Gateway] [           main] o.s.c.g.filter.GatewayMetricsFilter      : New routes count: 17
2026-03-27T09:49:00.811+05:30  INFO 4660 --- [Api-Gateway] [           main] o.s.b.web.embedded.netty.NettyWebServer  : Netty started on port 7505 (http)
2026-03-27T09:49:00.813+05:30  INFO 4660 --- [Api-Gateway] [           main] .s.c.n.e.s.EurekaAutoServiceRegistration : Updating port to 7505
2026-03-27T09:49:01.821+05:30  INFO 4660 --- [Api-Gateway] [           main] o.s.cloud.commons.util.InetUtils         : Cannot determine local hostname
2026-03-27T09:49:02.841+05:30  INFO 4660 --- [Api-Gateway] [           main] o.s.cloud.commons.util.InetUtils         : Cannot determine local hostname
2026-03-27T09:49:02.867+05:30 DEBUG 4660 --- [Api-Gateway] [           main] o.s.c.g.r.RouteDefinitionRouteLocator    : RouteDefinition ReactiveCompositeDiscoveryClient_CONFIG-SERVIER applying {pattern=/config-servier/**} to Path
2026-03-27T09:49:02.870+05:30 DEBUG 4660 --- [Api-Gateway] [           main] o.s.c.g.r.RouteDefinitionRouteLocator    : RouteDefinition ReactiveCompositeDiscoveryClient_CONFIG-SERVIER applying filter {regexp=/config-servier/?(?<remaining>.*), replacement=/${remaining}} to RewritePath
2026-03-27T09:49:02.871+05:30 DEBUG 4660 --- [Api-Gateway] [           main] o.s.c.g.r.RouteDefinitionRouteLocator    : RouteDefinition matched: ReactiveCompositeDiscoveryClient_CONFIG-SERVIER
2026-03-27T09:49:02.872+05:30 DEBUG 4660 --- [Api-Gateway] [           main] o.s.c.g.r.RouteDefinitionRouteLocator    : RouteDefinition ReactiveCompositeDiscoveryClient_REWARDS-SERVICE applying {pattern=/rewards-service/**} to Path
2026-03-27T09:49:02.874+05:30 DEBUG 4660 --- [Api-Gateway] [           main] o.s.c.g.r.RouteDefinitionRouteLocator    : RouteDefinition ReactiveCompositeDiscoveryClient_REWARDS-SERVICE applying filter {regexp=/rewards-service/?(?<remaining>.*), replacement=/${remaining}} to RewritePath
2026-03-27T09:49:02.875+05:30 DEBUG 4660 --- [Api-Gateway] [           main] o.s.c.g.r.RouteDefinitionRouteLocator    : RouteDefinition matched: ReactiveCompositeDiscoveryClient_REWARDS-SERVICE
2026-03-27T09:49:02.876+05:30 DEBUG 4660 --- [Api-Gateway] [           main] o.s.c.g.r.RouteDefinitionRouteLocator    : RouteDefinition ReactiveCompositeDiscoveryClient_KYC-SERVICE applying {pattern=/kyc-service/**} to Path
2026-03-27T09:49:02.878+05:30 DEBUG 4660 --- [Api-Gateway] [           main] o.s.c.g.r.RouteDefinitionRouteLocator    : RouteDefinition ReactiveCompositeDiscoveryClient_KYC-SERVICE applying filter {regexp=/kyc-service/?(?<remaining>.*), replacement=/${remaining}} to RewritePath
2026-03-27T09:49:02.878+05:30 DEBUG 4660 --- [Api-Gateway] [           main] o.s.c.g.r.RouteDefinitionRouteLocator    : RouteDefinition matched: ReactiveCompositeDiscoveryClient_KYC-SERVICE
2026-03-27T09:49:02.880+05:30 DEBUG 4660 --- [Api-Gateway] [           main] o.s.c.g.r.RouteDefinitionRouteLocator    : RouteDefinition ReactiveCompositeDiscoveryClient_ADMIN-SERVICE applying {pattern=/admin-service/**} to Path
2026-03-27T09:49:02.882+05:30 DEBUG 4660 --- [Api-Gateway] [           main] o.s.c.g.r.RouteDefinitionRouteLocator    : RouteDefinition ReactiveCompositeDiscoveryClient_ADMIN-SERVICE applying filter {regexp=/admin-service/?(?<remaining>.*), replacement=/${remaining}} to RewritePath
2026-03-27T09:49:02.883+05:30 DEBUG 4660 --- [Api-Gateway] [           main] o.s.c.g.r.RouteDefinitionRouteLocator    : RouteDefinition matched: ReactiveCompositeDiscoveryClient_ADMIN-SERVICE
2026-03-27T09:49:02.884+05:30 DEBUG 4660 --- [Api-Gateway] [           main] o.s.c.g.r.RouteDefinitionRouteLocator    : RouteDefinition ReactiveCompositeDiscoveryClient_TRANSACTION-SERVICE applying {pattern=/transaction-service/**} to Path
2026-03-27T09:49:02.886+05:30 DEBUG 4660 --- [Api-Gateway] [           main] o.s.c.g.r.RouteDefinitionRouteLocator    : RouteDefinition ReactiveCompositeDiscoveryClient_TRANSACTION-SERVICE applying filter {regexp=/transaction-service/?(?<remaining>.*), replacement=/${remaining}} to RewritePath
2026-03-27T09:49:02.887+05:30 DEBUG 4660 --- [Api-Gateway] [           main] o.s.c.g.r.RouteDefinitionRouteLocator    : RouteDefinition matched: ReactiveCompositeDiscoveryClient_TRANSACTION-SERVICE
2026-03-27T09:49:02.888+05:30 DEBUG 4660 --- [Api-Gateway] [           main] o.s.c.g.r.RouteDefinitionRouteLocator    : RouteDefinition ReactiveCompositeDiscoveryClient_WALLET-SERVICE applying {pattern=/wallet-service/**} to Path
2026-03-27T09:49:02.889+05:30 DEBUG 4660 --- [Api-Gateway] [           main] o.s.c.g.r.RouteDefinitionRouteLocator    : RouteDefinition ReactiveCompositeDiscoveryClient_WALLET-SERVICE applying filter {regexp=/wallet-service/?(?<remaining>.*), replacement=/${remaining}} to RewritePath
2026-03-27T09:49:02.891+05:30 DEBUG 4660 --- [Api-Gateway] [           main] o.s.c.g.r.RouteDefinitionRouteLocator    : RouteDefinition matched: ReactiveCompositeDiscoveryClient_WALLET-SERVICE
2026-03-27T09:49:02.892+05:30 DEBUG 4660 --- [Api-Gateway] [           main] o.s.c.g.r.RouteDefinitionRouteLocator    : RouteDefinition ReactiveCompositeDiscoveryClient_USER-SERVICE applying {pattern=/user-service/**} to Path
2026-03-27T09:49:02.894+05:30 DEBUG 4660 --- [Api-Gateway] [           main] o.s.c.g.r.RouteDefinitionRouteLocator    : RouteDefinition ReactiveCompositeDiscoveryClient_USER-SERVICE applying filter {regexp=/user-service/?(?<remaining>.*), replacement=/${remaining}} to RewritePath
2026-03-27T09:49:02.895+05:30 DEBUG 4660 --- [Api-Gateway] [           main] o.s.c.g.r.RouteDefinitionRouteLocator    : RouteDefinition matched: ReactiveCompositeDiscoveryClient_USER-SERVICE
2026-03-27T09:49:02.897+05:30 DEBUG 4660 --- [Api-Gateway] [           main] o.s.c.g.r.RouteDefinitionRouteLocator    : RouteDefinition ReactiveCompositeDiscoveryClient_PAYMENT-SERVICES applying {pattern=/payment-services/**} to Path
2026-03-27T09:49:02.898+05:30 DEBUG 4660 --- [Api-Gateway] [           main] o.s.c.g.r.RouteDefinitionRouteLocator    : RouteDefinition ReactiveCompositeDiscoveryClient_PAYMENT-SERVICES applying filter {regexp=/payment-services/?(?<remaining>.*), replacement=/${remaining}} to RewritePath
2026-03-27T09:49:02.901+05:30 DEBUG 4660 --- [Api-Gateway] [           main] o.s.c.g.r.RouteDefinitionRouteLocator    : RouteDefinition matched: ReactiveCompositeDiscoveryClient_PAYMENT-SERVICES
2026-03-27T09:49:02.902+05:30 DEBUG 4660 --- [Api-Gateway] [           main] o.s.c.g.r.RouteDefinitionRouteLocator    : RouteDefinition AUTH-SERVICE applying {_genkey_0=/auth/**} to Path
2026-03-27T09:49:02.903+05:30 DEBUG 4660 --- [Api-Gateway] [           main] o.s.c.g.r.RouteDefinitionRouteLocator    : RouteDefinition matched: AUTH-SERVICE
2026-03-27T09:49:02.904+05:30 DEBUG 4660 --- [Api-Gateway] [           main] o.s.c.g.r.RouteDefinitionRouteLocator    : RouteDefinition ADMIN-SERVICE applying {_genkey_0=/admin/**} to Path
2026-03-27T09:49:02.905+05:30 DEBUG 4660 --- [Api-Gateway] [           main] o.s.c.g.r.RouteDefinitionRouteLocator    : RouteDefinition matched: ADMIN-SERVICE
2026-03-27T09:49:02.906+05:30 DEBUG 4660 --- [Api-Gateway] [           main] o.s.c.g.r.RouteDefinitionRouteLocator    : RouteDefinition KYC-SERVICE applying {_genkey_0=/kyc/**} to Path
2026-03-27T09:49:02.925+05:30 DEBUG 4660 --- [Api-Gateway] [           main] o.s.c.g.r.RouteDefinitionRouteLocator    : RouteDefinition matched: KYC-SERVICE
2026-03-27T09:49:02.926+05:30 DEBUG 4660 --- [Api-Gateway] [           main] o.s.c.g.r.RouteDefinitionRouteLocator    : RouteDefinition PAYMENT-SERVICES applying {_genkey_0=/api/payments/**} to Path
2026-03-27T09:49:02.927+05:30 DEBUG 4660 --- [Api-Gateway] [           main] o.s.c.g.r.RouteDefinitionRouteLocator    : RouteDefinition PAYMENT-SERVICES applying filter {_genkey_0=name:paymentCircuitBreaker, _genkey_1=fallbackUri:forward:/fallback/payment} to CircuitBreaker
2026-03-27T09:49:02.929+05:30 DEBUG 4660 --- [Api-Gateway] [           main] o.s.c.g.r.RouteDefinitionRouteLocator    : RouteDefinition matched: PAYMENT-SERVICES
2026-03-27T09:49:02.929+05:30 DEBUG 4660 --- [Api-Gateway] [           main] o.s.c.g.r.RouteDefinitionRouteLocator    : RouteDefinition WALLET-SERVICE applying {_genkey_0=/api/wallets/**} to Path
2026-03-27T09:49:02.930+05:30 DEBUG 4660 --- [Api-Gateway] [           main] o.s.c.g.r.RouteDefinitionRouteLocator    : RouteDefinition WALLET-SERVICE applying filter {_genkey_0=name:walletCircuitBreaker, _genkey_1=fallbackUri:forward:/fallback/general} to CircuitBreaker
2026-03-27T09:49:02.931+05:30 DEBUG 4660 --- [Api-Gateway] [           main] o.s.c.g.r.RouteDefinitionRouteLocator    : RouteDefinition matched: WALLET-SERVICE
2026-03-27T09:49:02.931+05:30 DEBUG 4660 --- [Api-Gateway] [           main] o.s.c.g.r.RouteDefinitionRouteLocator    : RouteDefinition TRANSACTION-SERVICE applying {_genkey_0=/api/transaction/**} to Path
2026-03-27T09:49:02.932+05:30 DEBUG 4660 --- [Api-Gateway] [           main] o.s.c.g.r.RouteDefinitionRouteLocator    : RouteDefinition TRANSACTION-SERVICE applying filter {_genkey_0=name:transactionCircuitBreaker, _genkey_1=fallbackUri:forward:/fallback/general} to CircuitBreaker
2026-03-27T09:49:02.934+05:30 DEBUG 4660 --- [Api-Gateway] [           main] o.s.c.g.r.RouteDefinitionRouteLocator    : RouteDefinition matched: TRANSACTION-SERVICE
2026-03-27T09:49:02.934+05:30 DEBUG 4660 --- [Api-Gateway] [           main] o.s.c.g.r.RouteDefinitionRouteLocator    : RouteDefinition REWARDS-SERVICE applying {_genkey_0=/api/rewards/**} to Path
2026-03-27T09:49:02.935+05:30 DEBUG 4660 --- [Api-Gateway] [           main] o.s.c.g.r.RouteDefinitionRouteLocator    : RouteDefinition REWARDS-SERVICE applying filter {_genkey_0=name:rewardCircuitBreaker, _genkey_1=fallbackUri:forward:/fallback/reward} to CircuitBreaker
2026-03-27T09:49:02.937+05:30 DEBUG 4660 --- [Api-Gateway] [           main] o.s.c.g.r.RouteDefinitionRouteLocator    : RouteDefinition matched: REWARDS-SERVICE
2026-03-27T09:49:02.937+05:30 DEBUG 4660 --- [Api-Gateway] [           main] o.s.c.g.r.RouteDefinitionRouteLocator    : RouteDefinition NOTIFICATION-SERVICE applying {_genkey_0=/api/notifications/**} to Path
2026-03-27T09:49:02.938+05:30 DEBUG 4660 --- [Api-Gateway] [           main] o.s.c.g.r.RouteDefinitionRouteLocator    : RouteDefinition NOTIFICATION-SERVICE applying filter {_genkey_0=name:notificationCircuitBreaker, _genkey_1=fallbackUri:forward:/fallback/general} to CircuitBreaker
2026-03-27T09:49:02.939+05:30 DEBUG 4660 --- [Api-Gateway] [           main] o.s.c.g.r.RouteDefinitionRouteLocator    : RouteDefinition matched: NOTIFICATION-SERVICE
2026-03-27T09:49:02.940+05:30 DEBUG 4660 --- [Api-Gateway] [           main] o.s.c.g.r.RouteDefinitionRouteLocator    : RouteDefinition USER-SERVICE applying {_genkey_0=/users/**} to Path
2026-03-27T09:49:02.942+05:30 DEBUG 4660 --- [Api-Gateway] [           main] o.s.c.g.r.RouteDefinitionRouteLocator    : RouteDefinition matched: USER-SERVICE
2026-03-27T09:49:02.946+05:30 DEBUG 4660 --- [Api-Gateway] [           main] o.s.c.g.filter.GatewayMetricsFilter      : New routes count: 17
2026-03-27T09:49:02.948+05:30  INFO 4660 --- [Api-Gateway] [           main] com.admin.ApiGatewayApplication          : Started ApiGatewayApplication in 11.027 seconds (process running for 11.426)
2026-03-27T09:49:02.951+05:30  INFO 4660 --- [Api-Gateway] [           main] com.admin.ApiGatewayApplication          : Api-Gateway started successfully.
2026-03-27T09:49:30.560+05:30 DEBUG 4660 --- [Api-Gateway] [reshExecutor-%d] o.s.c.g.r.RouteDefinitionRouteLocator    : RouteDefinition ReactiveCompositeDiscoveryClient_CONFIG-SERVIER applying {pattern=/config-servier/**} to Path
2026-03-27T09:49:30.568+05:30 DEBUG 4660 --- [Api-Gateway] [reshExecutor-%d] o.s.c.g.r.RouteDefinitionRouteLocator    : RouteDefinition ReactiveCompositeDiscoveryClient_CONFIG-SERVIER applying filter {regexp=/config-servier/?(?<remaining>.*), replacement=/${remaining}} to RewritePath
2026-03-27T09:49:30.569+05:30 DEBUG 4660 --- [Api-Gateway] [reshExecutor-%d] o.s.c.g.r.RouteDefinitionRouteLocator    : RouteDefinition matched: ReactiveCompositeDiscoveryClient_CONFIG-SERVIER
2026-03-27T09:49:30.570+05:30 DEBUG 4660 --- [Api-Gateway] [reshExecutor-%d] o.s.c.g.r.RouteDefinitionRouteLocator    : RouteDefinition ReactiveCompositeDiscoveryClient_API-GATEWAY applying {pattern=/api-gateway/**} to Path
2026-03-27T09:49:30.571+05:30 DEBUG 4660 --- [Api-Gateway] [reshExecutor-%d] o.s.c.g.r.RouteDefinitionRouteLocator    : RouteDefinition ReactiveCompositeDiscoveryClient_API-GATEWAY applying filter {regexp=/api-gateway/?(?<remaining>.*), replacement=/${remaining}} to RewritePath
2026-03-27T09:49:30.572+05:30 DEBUG 4660 --- [Api-Gateway] [reshExecutor-%d] o.s.c.g.r.RouteDefinitionRouteLocator    : RouteDefinition matched: ReactiveCompositeDiscoveryClient_API-GATEWAY
2026-03-27T09:49:30.572+05:30 DEBUG 4660 --- [Api-Gateway] [reshExecutor-%d] o.s.c.g.r.RouteDefinitionRouteLocator    : RouteDefinition ReactiveCompositeDiscoveryClient_REWARDS-SERVICE applying {pattern=/rewards-service/**} to Path
2026-03-27T09:49:30.573+05:30 DEBUG 4660 --- [Api-Gateway] [reshExecutor-%d] o.s.c.g.r.RouteDefinitionRouteLocator    : RouteDefinition ReactiveCompositeDiscoveryClient_REWARDS-SERVICE applying filter {regexp=/rewards-service/?(?<remaining>.*), replacement=/${remaining}} to RewritePath
2026-03-27T09:49:30.573+05:30 DEBUG 4660 --- [Api-Gateway] [reshExecutor-%d] o.s.c.g.r.RouteDefinitionRouteLocator    : RouteDefinition matched: ReactiveCompositeDiscoveryClient_REWARDS-SERVICE
2026-03-27T09:49:30.574+05:30 DEBUG 4660 --- [Api-Gateway] [reshExecutor-%d] o.s.c.g.r.RouteDefinitionRouteLocator    : RouteDefinition ReactiveCompositeDiscoveryClient_KYC-SERVICE applying {pattern=/kyc-service/**} to Path
2026-03-27T09:49:30.575+05:30 DEBUG 4660 --- [Api-Gateway] [reshExecutor-%d] o.s.c.g.r.RouteDefinitionRouteLocator    : RouteDefinition ReactiveCompositeDiscoveryClient_KYC-SERVICE applying filter {regexp=/kyc-service/?(?<remaining>.*), replacement=/${remaining}} to RewritePath
2026-03-27T09:49:30.576+05:30 DEBUG 4660 --- [Api-Gateway] [reshExecutor-%d] o.s.c.g.r.RouteDefinitionRouteLocator    : RouteDefinition matched: ReactiveCompositeDiscoveryClient_KYC-SERVICE
2026-03-27T09:49:30.577+05:30 DEBUG 4660 --- [Api-Gateway] [reshExecutor-%d] o.s.c.g.r.RouteDefinitionRouteLocator    : RouteDefinition ReactiveCompositeDiscoveryClient_ADMIN-SERVICE applying {pattern=/admin-service/**} to Path
2026-03-27T09:49:30.578+05:30 DEBUG 4660 --- [Api-Gateway] [reshExecutor-%d] o.s.c.g.r.RouteDefinitionRouteLocator    : RouteDefinition ReactiveCompositeDiscoveryClient_ADMIN-SERVICE applying filter {regexp=/admin-service/?(?<remaining>.*), replacement=/${remaining}} to RewritePath
2026-03-27T09:49:30.578+05:30 DEBUG 4660 --- [Api-Gateway] [reshExecutor-%d] o.s.c.g.r.RouteDefinitionRouteLocator    : RouteDefinition matched: ReactiveCompositeDiscoveryClient_ADMIN-SERVICE
2026-03-27T09:49:30.579+05:30 DEBUG 4660 --- [Api-Gateway] [reshExecutor-%d] o.s.c.g.r.RouteDefinitionRouteLocator    : RouteDefinition ReactiveCompositeDiscoveryClient_TRANSACTION-SERVICE applying {pattern=/transaction-service/**} to Path
2026-03-27T09:49:30.579+05:30 DEBUG 4660 --- [Api-Gateway] [reshExecutor-%d] o.s.c.g.r.RouteDefinitionRouteLocator    : RouteDefinition ReactiveCompositeDiscoveryClient_TRANSACTION-SERVICE applying filter {regexp=/transaction-service/?(?<remaining>.*), replacement=/${remaining}} to RewritePath
2026-03-27T09:49:30.580+05:30 DEBUG 4660 --- [Api-Gateway] [reshExecutor-%d] o.s.c.g.r.RouteDefinitionRouteLocator    : RouteDefinition matched: ReactiveCompositeDiscoveryClient_TRANSACTION-SERVICE
2026-03-27T09:49:30.580+05:30 DEBUG 4660 --- [Api-Gateway] [reshExecutor-%d] o.s.c.g.r.RouteDefinitionRouteLocator    : RouteDefinition ReactiveCompositeDiscoveryClient_WALLET-SERVICE applying {pattern=/wallet-service/**} to Path
2026-03-27T09:49:30.581+05:30 DEBUG 4660 --- [Api-Gateway] [reshExecutor-%d] o.s.c.g.r.RouteDefinitionRouteLocator    : RouteDefinition ReactiveCompositeDiscoveryClient_WALLET-SERVICE applying filter {regexp=/wallet-service/?(?<remaining>.*), replacement=/${remaining}} to RewritePath
2026-03-27T09:49:30.581+05:30 DEBUG 4660 --- [Api-Gateway] [reshExecutor-%d] o.s.c.g.r.RouteDefinitionRouteLocator    : RouteDefinition matched: ReactiveCompositeDiscoveryClient_WALLET-SERVICE
2026-03-27T09:49:30.582+05:30 DEBUG 4660 --- [Api-Gateway] [reshExecutor-%d] o.s.c.g.r.RouteDefinitionRouteLocator    : RouteDefinition ReactiveCompositeDiscoveryClient_NOTIFICATION-SERVICE applying {pattern=/notification-service/**} to Path
2026-03-27T09:49:30.582+05:30 DEBUG 4660 --- [Api-Gateway] [reshExecutor-%d] o.s.c.g.r.RouteDefinitionRouteLocator    : RouteDefinition ReactiveCompositeDiscoveryClient_NOTIFICATION-SERVICE applying filter {regexp=/notification-service/?(?<remaining>.*), replacement=/${remaining}} to RewritePath
2026-03-27T09:49:30.583+05:30 DEBUG 4660 --- [Api-Gateway] [reshExecutor-%d] o.s.c.g.r.RouteDefinitionRouteLocator    : RouteDefinition matched: ReactiveCompositeDiscoveryClient_NOTIFICATION-SERVICE
2026-03-27T09:49:30.583+05:30 DEBUG 4660 --- [Api-Gateway] [reshExecutor-%d] o.s.c.g.r.RouteDefinitionRouteLocator    : RouteDefinition ReactiveCompositeDiscoveryClient_USER-SERVICE applying {pattern=/user-service/**} to Path
2026-03-27T09:49:30.585+05:30 DEBUG 4660 --- [Api-Gateway] [reshExecutor-%d] o.s.c.g.r.RouteDefinitionRouteLocator    : RouteDefinition ReactiveCompositeDiscoveryClient_USER-SERVICE applying filter {regexp=/user-service/?(?<remaining>.*), replacement=/${remaining}} to RewritePath
2026-03-27T09:49:30.585+05:30 DEBUG 4660 --- [Api-Gateway] [reshExecutor-%d] o.s.c.g.r.RouteDefinitionRouteLocator    : RouteDefinition matched: ReactiveCompositeDiscoveryClient_USER-SERVICE
2026-03-27T09:49:30.586+05:30 DEBUG 4660 --- [Api-Gateway] [reshExecutor-%d] o.s.c.g.r.RouteDefinitionRouteLocator    : RouteDefinition ReactiveCompositeDiscoveryClient_PAYMENT-SERVICES applying {pattern=/payment-services/**} to Path
2026-03-27T09:49:30.586+05:30 DEBUG 4660 --- [Api-Gateway] [reshExecutor-%d] o.s.c.g.r.RouteDefinitionRouteLocator    : RouteDefinition ReactiveCompositeDiscoveryClient_PAYMENT-SERVICES applying filter {regexp=/payment-services/?(?<remaining>.*), replacement=/${remaining}} to RewritePath
2026-03-27T09:49:30.586+05:30 DEBUG 4660 --- [Api-Gateway] [reshExecutor-%d] o.s.c.g.r.RouteDefinitionRouteLocator    : RouteDefinition matched: ReactiveCompositeDiscoveryClient_PAYMENT-SERVICES
2026-03-27T09:49:30.587+05:30 DEBUG 4660 --- [Api-Gateway] [reshExecutor-%d] o.s.c.g.r.RouteDefinitionRouteLocator    : RouteDefinition AUTH-SERVICE applying {_genkey_0=/auth/**} to Path
2026-03-27T09:49:30.587+05:30 DEBUG 4660 --- [Api-Gateway] [reshExecutor-%d] o.s.c.g.r.RouteDefinitionRouteLocator    : RouteDefinition matched: AUTH-SERVICE
2026-03-27T09:49:30.588+05:30 DEBUG 4660 --- [Api-Gateway] [reshExecutor-%d] o.s.c.g.r.RouteDefinitionRouteLocator    : RouteDefinition ADMIN-SERVICE applying {_genkey_0=/admin/**} to Path
2026-03-27T09:49:30.588+05:30 DEBUG 4660 --- [Api-Gateway] [reshExecutor-%d] o.s.c.g.r.RouteDefinitionRouteLocator    : RouteDefinition matched: ADMIN-SERVICE
2026-03-27T09:49:30.588+05:30 DEBUG 4660 --- [Api-Gateway] [reshExecutor-%d] o.s.c.g.r.RouteDefinitionRouteLocator    : RouteDefinition KYC-SERVICE applying {_genkey_0=/kyc/**} to Path
2026-03-27T09:49:30.589+05:30 DEBUG 4660 --- [Api-Gateway] [reshExecutor-%d] o.s.c.g.r.RouteDefinitionRouteLocator    : RouteDefinition matched: KYC-SERVICE
2026-03-27T09:49:30.589+05:30 DEBUG 4660 --- [Api-Gateway] [reshExecutor-%d] o.s.c.g.r.RouteDefinitionRouteLocator    : RouteDefinition PAYMENT-SERVICES applying {_genkey_0=/api/payments/**} to Path
2026-03-27T09:49:30.589+05:30 DEBUG 4660 --- [Api-Gateway] [reshExecutor-%d] o.s.c.g.r.RouteDefinitionRouteLocator    : RouteDefinition PAYMENT-SERVICES applying filter {_genkey_0=name:paymentCircuitBreaker, _genkey_1=fallbackUri:forward:/fallback/payment} to CircuitBreaker
2026-03-27T09:49:30.590+05:30 DEBUG 4660 --- [Api-Gateway] [reshExecutor-%d] o.s.c.g.r.RouteDefinitionRouteLocator    : RouteDefinition matched: PAYMENT-SERVICES
2026-03-27T09:49:30.590+05:30 DEBUG 4660 --- [Api-Gateway] [reshExecutor-%d] o.s.c.g.r.RouteDefinitionRouteLocator    : RouteDefinition WALLET-SERVICE applying {_genkey_0=/api/wallets/**} to Path
2026-03-27T09:49:30.591+05:30 DEBUG 4660 --- [Api-Gateway] [reshExecutor-%d] o.s.c.g.r.RouteDefinitionRouteLocator    : RouteDefinition WALLET-SERVICE applying filter {_genkey_0=name:walletCircuitBreaker, _genkey_1=fallbackUri:forward:/fallback/general} to CircuitBreaker
2026-03-27T09:49:30.592+05:30 DEBUG 4660 --- [Api-Gateway] [reshExecutor-%d] o.s.c.g.r.RouteDefinitionRouteLocator    : RouteDefinition matched: WALLET-SERVICE
2026-03-27T09:49:30.592+05:30 DEBUG 4660 --- [Api-Gateway] [reshExecutor-%d] o.s.c.g.r.RouteDefinitionRouteLocator    : RouteDefinition TRANSACTION-SERVICE applying {_genkey_0=/api/transaction/**} to Path
2026-03-27T09:49:30.593+05:30 DEBUG 4660 --- [Api-Gateway] [reshExecutor-%d] o.s.c.g.r.RouteDefinitionRouteLocator    : RouteDefinition TRANSACTION-SERVICE applying filter {_genkey_0=name:transactionCircuitBreaker, _genkey_1=fallbackUri:forward:/fallback/general} to CircuitBreaker
2026-03-27T09:49:30.594+05:30 DEBUG 4660 --- [Api-Gateway] [reshExecutor-%d] o.s.c.g.r.RouteDefinitionRouteLocator    : RouteDefinition matched: TRANSACTION-SERVICE
2026-03-27T09:49:30.594+05:30 DEBUG 4660 --- [Api-Gateway] [reshExecutor-%d] o.s.c.g.r.RouteDefinitionRouteLocator    : RouteDefinition REWARDS-SERVICE applying {_genkey_0=/api/rewards/**} to Path
2026-03-27T09:49:30.595+05:30 DEBUG 4660 --- [Api-Gateway] [reshExecutor-%d] o.s.c.g.r.RouteDefinitionRouteLocator    : RouteDefinition REWARDS-SERVICE applying filter {_genkey_0=name:rewardCircuitBreaker, _genkey_1=fallbackUri:forward:/fallback/reward} to CircuitBreaker
2026-03-27T09:49:30.595+05:30 DEBUG 4660 --- [Api-Gateway] [reshExecutor-%d] o.s.c.g.r.RouteDefinitionRouteLocator    : RouteDefinition matched: REWARDS-SERVICE
2026-03-27T09:49:30.595+05:30 DEBUG 4660 --- [Api-Gateway] [reshExecutor-%d] o.s.c.g.r.RouteDefinitionRouteLocator    : RouteDefinition NOTIFICATION-SERVICE applying {_genkey_0=/api/notifications/**} to Path
2026-03-27T09:49:30.596+05:30 DEBUG 4660 --- [Api-Gateway] [reshExecutor-%d] o.s.c.g.r.RouteDefinitionRouteLocator    : RouteDefinition NOTIFICATION-SERVICE applying filter {_genkey_0=name:notificationCircuitBreaker, _genkey_1=fallbackUri:forward:/fallback/general} to CircuitBreaker
2026-03-27T09:49:30.596+05:30 DEBUG 4660 --- [Api-Gateway] [reshExecutor-%d] o.s.c.g.r.RouteDefinitionRouteLocator    : RouteDefinition matched: NOTIFICATION-SERVICE
2026-03-27T09:49:30.596+05:30 DEBUG 4660 --- [Api-Gateway] [reshExecutor-%d] o.s.c.g.r.RouteDefinitionRouteLocator    : RouteDefinition USER-SERVICE applying {_genkey_0=/users/**} to Path
2026-03-27T09:49:30.598+05:30 DEBUG 4660 --- [Api-Gateway] [reshExecutor-%d] o.s.c.g.r.RouteDefinitionRouteLocator    : RouteDefinition matched: USER-SERVICE
2026-03-27T09:49:30.601+05:30 DEBUG 4660 --- [Api-Gateway] [reshExecutor-%d] o.s.c.g.filter.GatewayMetricsFilter      : New routes count: 19
2026-03-27T09:50:00.637+05:30 DEBUG 4660 --- [Api-Gateway] [reshExecutor-%d] o.s.c.g.r.RouteDefinitionRouteLocator    : RouteDefinition ReactiveCompositeDiscoveryClient_CONFIG-SERVIER applying {pattern=/config-servier/**} to Path
2026-03-27T09:50:00.642+05:30 DEBUG 4660 --- [Api-Gateway] [reshExecutor-%d] o.s.c.g.r.RouteDefinitionRouteLocator    : RouteDefinition ReactiveCompositeDiscoveryClient_CONFIG-SERVIER applying filter {regexp=/config-servier/?(?<remaining>.*), replacement=/${remaining}} to RewritePath
2026-03-27T09:50:00.644+05:30 DEBUG 4660 --- [Api-Gateway] [reshExecutor-%d] o.s.c.g.r.RouteDefinitionRouteLocator    : RouteDefinition matched: ReactiveCompositeDiscoveryClient_CONFIG-SERVIER
2026-03-27T09:50:00.646+05:30 DEBUG 4660 --- [Api-Gateway] [reshExecutor-%d] o.s.c.g.r.RouteDefinitionRouteLocator    : RouteDefinition ReactiveCompositeDiscoveryClient_API-GATEWAY applying {pattern=/api-gateway/**} to Path
2026-03-27T09:50:00.648+05:30 DEBUG 4660 --- [Api-Gateway] [reshExecutor-%d] o.s.c.g.r.RouteDefinitionRouteLocator    : RouteDefinition ReactiveCompositeDiscoveryClient_API-GATEWAY applying filter {regexp=/api-gateway/?(?<remaining>.*), replacement=/${remaining}} to RewritePath
2026-03-27T09:50:00.652+05:30 DEBUG 4660 --- [Api-Gateway] [reshExecutor-%d] o.s.c.g.r.RouteDefinitionRouteLocator    : RouteDefinition matched: ReactiveCompositeDiscoveryClient_API-GATEWAY
2026-03-27T09:50:00.654+05:30 DEBUG 4660 --- [Api-Gateway] [reshExecutor-%d] o.s.c.g.r.RouteDefinitionRouteLocator    : RouteDefinition ReactiveCompositeDiscoveryClient_REWARDS-SERVICE applying {pattern=/rewards-service/**} to Path
2026-03-27T09:50:00.657+05:30 DEBUG 4660 --- [Api-Gateway] [reshExecutor-%d] o.s.c.g.r.RouteDefinitionRouteLocator    : RouteDefinition ReactiveCompositeDiscoveryClient_REWARDS-SERVICE applying filter {regexp=/rewards-service/?(?<remaining>.*), replacement=/${remaining}} to RewritePath
2026-03-27T09:50:00.660+05:30 DEBUG 4660 --- [Api-Gateway] [reshExecutor-%d] o.s.c.g.r.RouteDefinitionRouteLocator    : RouteDefinition matched: ReactiveCompositeDiscoveryClient_REWARDS-SERVICE
2026-03-27T09:50:00.661+05:30 DEBUG 4660 --- [Api-Gateway] [reshExecutor-%d] o.s.c.g.r.RouteDefinitionRouteLocator    : RouteDefinition ReactiveCompositeDiscoveryClient_KYC-SERVICE applying {pattern=/kyc-service/**} to Path
2026-03-27T09:50:00.663+05:30 DEBUG 4660 --- [Api-Gateway] [reshExecutor-%d] o.s.c.g.r.RouteDefinitionRouteLocator    : RouteDefinition ReactiveCompositeDiscoveryClient_KYC-SERVICE applying filter {regexp=/kyc-service/?(?<remaining>.*), replacement=/${remaining}} to RewritePath
2026-03-27T09:50:00.665+05:30 DEBUG 4660 --- [Api-Gateway] [reshExecutor-%d] o.s.c.g.r.RouteDefinitionRouteLocator    : RouteDefinition matched: ReactiveCompositeDiscoveryClient_KYC-SERVICE
2026-03-27T09:50:00.665+05:30 DEBUG 4660 --- [Api-Gateway] [reshExecutor-%d] o.s.c.g.r.RouteDefinitionRouteLocator    : RouteDefinition ReactiveCompositeDiscoveryClient_ADMIN-SERVICE applying {pattern=/admin-service/**} to Path
2026-03-27T09:50:00.667+05:30 DEBUG 4660 --- [Api-Gateway] [reshExecutor-%d] o.s.c.g.r.RouteDefinitionRouteLocator    : RouteDefinition ReactiveCompositeDiscoveryClient_ADMIN-SERVICE applying filter {regexp=/admin-service/?(?<remaining>.*), replacement=/${remaining}} to RewritePath
2026-03-27T09:50:00.669+05:30 DEBUG 4660 --- [Api-Gateway] [reshExecutor-%d] o.s.c.g.r.RouteDefinitionRouteLocator    : RouteDefinition matched: ReactiveCompositeDiscoveryClient_ADMIN-SERVICE
2026-03-27T09:50:00.670+05:30 DEBUG 4660 --- [Api-Gateway] [reshExecutor-%d] o.s.c.g.r.RouteDefinitionRouteLocator    : RouteDefinition ReactiveCompositeDiscoveryClient_TRANSACTION-SERVICE applying {pattern=/transaction-service/**} to Path
2026-03-27T09:50:00.672+05:30 DEBUG 4660 --- [Api-Gateway] [reshExecutor-%d] o.s.c.g.r.RouteDefinitionRouteLocator    : RouteDefinition ReactiveCompositeDiscoveryClient_TRANSACTION-SERVICE applying filter {regexp=/transaction-service/?(?<remaining>.*), replacement=/${remaining}} to RewritePath
2026-03-27T09:50:00.673+05:30 DEBUG 4660 --- [Api-Gateway] [reshExecutor-%d] o.s.c.g.r.RouteDefinitionRouteLocator    : RouteDefinition matched: ReactiveCompositeDiscoveryClient_TRANSACTION-SERVICE
2026-03-27T09:50:00.674+05:30 DEBUG 4660 --- [Api-Gateway] [reshExecutor-%d] o.s.c.g.r.RouteDefinitionRouteLocator    : RouteDefinition ReactiveCompositeDiscoveryClient_WALLET-SERVICE applying {pattern=/wallet-service/**} to Path
2026-03-27T09:50:00.676+05:30 DEBUG 4660 --- [Api-Gateway] [reshExecutor-%d] o.s.c.g.r.RouteDefinitionRouteLocator    : RouteDefinition ReactiveCompositeDiscoveryClient_WALLET-SERVICE applying filter {regexp=/wallet-service/?(?<remaining>.*), replacement=/${remaining}} to RewritePath
2026-03-27T09:50:00.678+05:30 DEBUG 4660 --- [Api-Gateway] [reshExecutor-%d] o.s.c.g.r.RouteDefinitionRouteLocator    : RouteDefinition matched: ReactiveCompositeDiscoveryClient_WALLET-SERVICE
2026-03-27T09:50:00.679+05:30 DEBUG 4660 --- [Api-Gateway] [reshExecutor-%d] o.s.c.g.r.RouteDefinitionRouteLocator    : RouteDefinition ReactiveCompositeDiscoveryClient_NOTIFICATION-SERVICE applying {pattern=/notification-service/**} to Path
2026-03-27T09:50:00.682+05:30 DEBUG 4660 --- [Api-Gateway] [reshExecutor-%d] o.s.c.g.r.RouteDefinitionRouteLocator    : RouteDefinition ReactiveCompositeDiscoveryClient_NOTIFICATION-SERVICE applying filter {regexp=/notification-service/?(?<remaining>.*), replacement=/${remaining}} to RewritePath
2026-03-27T09:50:00.683+05:30 DEBUG 4660 --- [Api-Gateway] [reshExecutor-%d] o.s.c.g.r.RouteDefinitionRouteLocator    : RouteDefinition matched: ReactiveCompositeDiscoveryClient_NOTIFICATION-SERVICE
2026-03-27T09:50:00.685+05:30 DEBUG 4660 --- [Api-Gateway] [reshExecutor-%d] o.s.c.g.r.RouteDefinitionRouteLocator    : RouteDefinition ReactiveCompositeDiscoveryClient_USER-SERVICE applying {pattern=/user-service/**} to Path
2026-03-27T09:50:00.688+05:30 DEBUG 4660 --- [Api-Gateway] [reshExecutor-%d] o.s.c.g.r.RouteDefinitionRouteLocator    : RouteDefinition ReactiveCompositeDiscoveryClient_USER-SERVICE applying filter {regexp=/user-service/?(?<remaining>.*), replacement=/${remaining}} to RewritePath
2026-03-27T09:50:00.690+05:30 DEBUG 4660 --- [Api-Gateway] [reshExecutor-%d] o.s.c.g.r.RouteDefinitionRouteLocator    : RouteDefinition matched: ReactiveCompositeDiscoveryClient_USER-SERVICE
2026-03-27T09:50:00.692+05:30 DEBUG 4660 --- [Api-Gateway] [reshExecutor-%d] o.s.c.g.r.RouteDefinitionRouteLocator    : RouteDefinition ReactiveCompositeDiscoveryClient_PAYMENT-SERVICES applying {pattern=/payment-services/**} to Path
2026-03-27T09:50:00.694+05:30 DEBUG 4660 --- [Api-Gateway] [reshExecutor-%d] o.s.c.g.r.RouteDefinitionRouteLocator    : RouteDefinition ReactiveCompositeDiscoveryClient_PAYMENT-SERVICES applying filter {regexp=/payment-services/?(?<remaining>.*), replacement=/${remaining}} to RewritePath
2026-03-27T09:50:00.695+05:30 DEBUG 4660 --- [Api-Gateway] [reshExecutor-%d] o.s.c.g.r.RouteDefinitionRouteLocator    : RouteDefinition matched: ReactiveCompositeDiscoveryClient_PAYMENT-SERVICES
2026-03-27T09:50:00.696+05:30 DEBUG 4660 --- [Api-Gateway] [reshExecutor-%d] o.s.c.g.r.RouteDefinitionRouteLocator    : RouteDefinition AUTH-SERVICE applying {_genkey_0=/auth/**} to Path
2026-03-27T09:50:00.697+05:30 DEBUG 4660 --- [Api-Gateway] [reshExecutor-%d] o.s.c.g.r.RouteDefinitionRouteLocator    : RouteDefinition matched: AUTH-SERVICE
2026-03-27T09:50:00.698+05:30 DEBUG 4660 --- [Api-Gateway] [reshExecutor-%d] o.s.c.g.r.RouteDefinitionRouteLocator    : RouteDefinition ADMIN-SERVICE applying {_genkey_0=/admin/**} to Path
2026-03-27T09:50:00.700+05:30 DEBUG 4660 --- [Api-Gateway] [reshExecutor-%d] o.s.c.g.r.RouteDefinitionRouteLocator    : RouteDefinition matched: ADMIN-SERVICE
2026-03-27T09:50:00.700+05:30 DEBUG 4660 --- [Api-Gateway] [reshExecutor-%d] o.s.c.g.r.RouteDefinitionRouteLocator    : RouteDefinition KYC-SERVICE applying {_genkey_0=/kyc/**} to Path
2026-03-27T09:50:00.703+05:30 DEBUG 4660 --- [Api-Gateway] [reshExecutor-%d] o.s.c.g.r.RouteDefinitionRouteLocator    : RouteDefinition matched: KYC-SERVICE
2026-03-27T09:50:00.703+05:30 DEBUG 4660 --- [Api-Gateway] [reshExecutor-%d] o.s.c.g.r.RouteDefinitionRouteLocator    : RouteDefinition PAYMENT-SERVICES applying {_genkey_0=/api/payments/**} to Path
2026-03-27T09:50:00.704+05:30 DEBUG 4660 --- [Api-Gateway] [reshExecutor-%d] o.s.c.g.r.RouteDefinitionRouteLocator    : RouteDefinition PAYMENT-SERVICES applying filter {_genkey_0=name:paymentCircuitBreaker, _genkey_1=fallbackUri:forward:/fallback/payment} to CircuitBreaker
2026-03-27T09:50:00.706+05:30 DEBUG 4660 --- [Api-Gateway] [reshExecutor-%d] o.s.c.g.r.RouteDefinitionRouteLocator    : RouteDefinition matched: PAYMENT-SERVICES
2026-03-27T09:50:00.707+05:30 DEBUG 4660 --- [Api-Gateway] [reshExecutor-%d] o.s.c.g.r.RouteDefinitionRouteLocator    : RouteDefinition WALLET-SERVICE applying {_genkey_0=/api/wallets/**} to Path
2026-03-27T09:50:00.707+05:30 DEBUG 4660 --- [Api-Gateway] [reshExecutor-%d] o.s.c.g.r.RouteDefinitionRouteLocator    : RouteDefinition WALLET-SERVICE applying filter {_genkey_0=name:walletCircuitBreaker, _genkey_1=fallbackUri:forward:/fallback/general} to CircuitBreaker
2026-03-27T09:50:00.709+05:30 DEBUG 4660 --- [Api-Gateway] [reshExecutor-%d] o.s.c.g.r.RouteDefinitionRouteLocator    : RouteDefinition matched: WALLET-SERVICE
2026-03-27T09:50:00.710+05:30 DEBUG 4660 --- [Api-Gateway] [reshExecutor-%d] o.s.c.g.r.RouteDefinitionRouteLocator    : RouteDefinition TRANSACTION-SERVICE applying {_genkey_0=/api/transaction/**} to Path
2026-03-27T09:50:00.711+05:30 DEBUG 4660 --- [Api-Gateway] [reshExecutor-%d] o.s.c.g.r.RouteDefinitionRouteLocator    : RouteDefinition TRANSACTION-SERVICE applying filter {_genkey_0=name:transactionCircuitBreaker, _genkey_1=fallbackUri:forward:/fallback/general} to CircuitBreaker
2026-03-27T09:50:00.712+05:30 DEBUG 4660 --- [Api-Gateway] [reshExecutor-%d] o.s.c.g.r.RouteDefinitionRouteLocator    : RouteDefinition matched: TRANSACTION-SERVICE
2026-03-27T09:50:00.712+05:30 DEBUG 4660 --- [Api-Gateway] [reshExecutor-%d] o.s.c.g.r.RouteDefinitionRouteLocator    : RouteDefinition REWARDS-SERVICE applying {_genkey_0=/api/rewards/**} to Path
2026-03-27T09:50:00.714+05:30 DEBUG 4660 --- [Api-Gateway] [reshExecutor-%d] o.s.c.g.r.RouteDefinitionRouteLocator    : RouteDefinition REWARDS-SERVICE applying filter {_genkey_0=name:rewardCircuitBreaker, _genkey_1=fallbackUri:forward:/fallback/reward} to CircuitBreaker
2026-03-27T09:50:00.716+05:30 DEBUG 4660 --- [Api-Gateway] [reshExecutor-%d] o.s.c.g.r.RouteDefinitionRouteLocator    : RouteDefinition matched: REWARDS-SERVICE
2026-03-27T09:50:00.717+05:30 DEBUG 4660 --- [Api-Gateway] [reshExecutor-%d] o.s.c.g.r.RouteDefinitionRouteLocator    : RouteDefinition NOTIFICATION-SERVICE applying {_genkey_0=/api/notifications/**} to Path
2026-03-27T09:50:00.718+05:30 DEBUG 4660 --- [Api-Gateway] [reshExecutor-%d] o.s.c.g.r.RouteDefinitionRouteLocator    : RouteDefinition NOTIFICATION-SERVICE applying filter {_genkey_0=name:notificationCircuitBreaker, _genkey_1=fallbackUri:forward:/fallback/general} to CircuitBreaker
2026-03-27T09:50:00.724+05:30 DEBUG 4660 --- [Api-Gateway] [reshExecutor-%d] o.s.c.g.r.RouteDefinitionRouteLocator    : RouteDefinition matched: NOTIFICATION-SERVICE
2026-03-27T09:50:00.725+05:30 DEBUG 4660 --- [Api-Gateway] [reshExecutor-%d] o.s.c.g.r.RouteDefinitionRouteLocator    : RouteDefinition USER-SERVICE applying {_genkey_0=/users/**} to Path
2026-03-27T09:50:00.733+05:30 DEBUG 4660 --- [Api-Gateway] [reshExecutor-%d] o.s.c.g.r.RouteDefinitionRouteLocator    : RouteDefinition matched: USER-SERVICE
2026-03-27T09:50:00.745+05:30 DEBUG 4660 --- [Api-Gateway] [reshExecutor-%d] o.s.c.g.filter.GatewayMetricsFilter      : New routes count: 19
2026-03-27T09:50:30.777+05:30 DEBUG 4660 --- [Api-Gateway] [reshExecutor-%d] o.s.c.g.r.RouteDefinitionRouteLocator    : RouteDefinition ReactiveCompositeDiscoveryClient_CONFIG-SERVIER applying {pattern=/config-servier/**} to Path
2026-03-27T09:50:30.783+05:30 DEBUG 4660 --- [Api-Gateway] [reshExecutor-%d] o.s.c.g.r.RouteDefinitionRouteLocator    : RouteDefinition ReactiveCompositeDiscoveryClient_CONFIG-SERVIER applying filter {regexp=/config-servier/?(?<remaining>.*), replacement=/${remaining}} to RewritePath
2026-03-27T09:50:30.785+05:30 DEBUG 4660 --- [Api-Gateway] [reshExecutor-%d] o.s.c.g.r.RouteDefinitionRouteLocator    : RouteDefinition matched: ReactiveCompositeDiscoveryClient_CONFIG-SERVIER
2026-03-27T09:50:30.787+05:30 DEBUG 4660 --- [Api-Gateway] [reshExecutor-%d] o.s.c.g.r.RouteDefinitionRouteLocator    : RouteDefinition ReactiveCompositeDiscoveryClient_API-GATEWAY applying {pattern=/api-gateway/**} to Path
2026-03-27T09:50:30.790+05:30 DEBUG 4660 --- [Api-Gateway] [reshExecutor-%d] o.s.c.g.r.RouteDefinitionRouteLocator    : RouteDefinition ReactiveCompositeDiscoveryClient_API-GATEWAY applying filter {regexp=/api-gateway/?(?<remaining>.*), replacement=/${remaining}} to RewritePath
2026-03-27T09:50:30.792+05:30 DEBUG 4660 --- [Api-Gateway] [reshExecutor-%d] o.s.c.g.r.RouteDefinitionRouteLocator    : RouteDefinition matched: ReactiveCompositeDiscoveryClient_API-GATEWAY
2026-03-27T09:50:30.794+05:30 DEBUG 4660 --- [Api-Gateway] [reshExecutor-%d] o.s.c.g.r.RouteDefinitionRouteLocator    : RouteDefinition ReactiveCompositeDiscoveryClient_REWARDS-SERVICE applying {pattern=/rewards-service/**} to Path
2026-03-27T09:50:30.796+05:30 DEBUG 4660 --- [Api-Gateway] [reshExecutor-%d] o.s.c.g.r.RouteDefinitionRouteLocator    : RouteDefinition ReactiveCompositeDiscoveryClient_REWARDS-SERVICE applying filter {regexp=/rewards-service/?(?<remaining>.*), replacement=/${remaining}} to RewritePath
2026-03-27T09:50:30.798+05:30 DEBUG 4660 --- [Api-Gateway] [reshExecutor-%d] o.s.c.g.r.RouteDefinitionRouteLocator    : RouteDefinition matched: ReactiveCompositeDiscoveryClient_REWARDS-SERVICE
2026-03-27T09:50:30.800+05:30 DEBUG 4660 --- [Api-Gateway] [reshExecutor-%d] o.s.c.g.r.RouteDefinitionRouteLocator    : RouteDefinition ReactiveCompositeDiscoveryClient_KYC-SERVICE applying {pattern=/kyc-service/**} to Path
2026-03-27T09:50:30.802+05:30 DEBUG 4660 --- [Api-Gateway] [reshExecutor-%d] o.s.c.g.r.RouteDefinitionRouteLocator    : RouteDefinition ReactiveCompositeDiscoveryClient_KYC-SERVICE applying filter {regexp=/kyc-service/?(?<remaining>.*), replacement=/${remaining}} to RewritePath
2026-03-27T09:50:30.804+05:30 DEBUG 4660 --- [Api-Gateway] [reshExecutor-%d] o.s.c.g.r.RouteDefinitionRouteLocator    : RouteDefinition matched: ReactiveCompositeDiscoveryClient_KYC-SERVICE
2026-03-27T09:50:30.806+05:30 DEBUG 4660 --- [Api-Gateway] [reshExecutor-%d] o.s.c.g.r.RouteDefinitionRouteLocator    : RouteDefinition ReactiveCompositeDiscoveryClient_ADMIN-SERVICE applying {pattern=/admin-service/**} to Path
2026-03-27T09:50:30.808+05:30 DEBUG 4660 --- [Api-Gateway] [reshExecutor-%d] o.s.c.g.r.RouteDefinitionRouteLocator    : RouteDefinition ReactiveCompositeDiscoveryClient_ADMIN-SERVICE applying filter {regexp=/admin-service/?(?<remaining>.*), replacement=/${remaining}} to RewritePath
2026-03-27T09:50:30.810+05:30 DEBUG 4660 --- [Api-Gateway] [reshExecutor-%d] o.s.c.g.r.RouteDefinitionRouteLocator    : RouteDefinition matched: ReactiveCompositeDiscoveryClient_ADMIN-SERVICE
2026-03-27T09:50:30.812+05:30 DEBUG 4660 --- [Api-Gateway] [reshExecutor-%d] o.s.c.g.r.RouteDefinitionRouteLocator    : RouteDefinition ReactiveCompositeDiscoveryClient_TRANSACTION-SERVICE applying {pattern=/transaction-service/**} to Path
2026-03-27T09:50:30.815+05:30 DEBUG 4660 --- [Api-Gateway] [reshExecutor-%d] o.s.c.g.r.RouteDefinitionRouteLocator    : RouteDefinition ReactiveCompositeDiscoveryClient_TRANSACTION-SERVICE applying filter {regexp=/transaction-service/?(?<remaining>.*), replacement=/${remaining}} to RewritePath
2026-03-27T09:50:30.817+05:30 DEBUG 4660 --- [Api-Gateway] [reshExecutor-%d] o.s.c.g.r.RouteDefinitionRouteLocator    : RouteDefinition matched: ReactiveCompositeDiscoveryClient_TRANSACTION-SERVICE
2026-03-27T09:50:30.818+05:30 DEBUG 4660 --- [Api-Gateway] [reshExecutor-%d] o.s.c.g.r.RouteDefinitionRouteLocator    : RouteDefinition ReactiveCompositeDiscoveryClient_WALLET-SERVICE applying {pattern=/wallet-service/**} to Path
2026-03-27T09:50:30.820+05:30 DEBUG 4660 --- [Api-Gateway] [reshExecutor-%d] o.s.c.g.r.RouteDefinitionRouteLocator    : RouteDefinition ReactiveCompositeDiscoveryClient_WALLET-SERVICE applying filter {regexp=/wallet-service/?(?<remaining>.*), replacement=/${remaining}} to RewritePath
2026-03-27T09:50:30.822+05:30 DEBUG 4660 --- [Api-Gateway] [reshExecutor-%d] o.s.c.g.r.RouteDefinitionRouteLocator    : RouteDefinition matched: ReactiveCompositeDiscoveryClient_WALLET-SERVICE
2026-03-27T09:50:30.823+05:30 DEBUG 4660 --- [Api-Gateway] [reshExecutor-%d] o.s.c.g.r.RouteDefinitionRouteLocator    : RouteDefinition ReactiveCompositeDiscoveryClient_NOTIFICATION-SERVICE applying {pattern=/notification-service/**} to Path
2026-03-27T09:50:30.826+05:30 DEBUG 4660 --- [Api-Gateway] [reshExecutor-%d] o.s.c.g.r.RouteDefinitionRouteLocator    : RouteDefinition ReactiveCompositeDiscoveryClient_NOTIFICATION-SERVICE applying filter {regexp=/notification-service/?(?<remaining>.*), replacement=/${remaining}} to RewritePath
2026-03-27T09:50:30.828+05:30 DEBUG 4660 --- [Api-Gateway] [reshExecutor-%d] o.s.c.g.r.RouteDefinitionRouteLocator    : RouteDefinition matched: ReactiveCompositeDiscoveryClient_NOTIFICATION-SERVICE
2026-03-27T09:50:30.831+05:30 DEBUG 4660 --- [Api-Gateway] [reshExecutor-%d] o.s.c.g.r.RouteDefinitionRouteLocator    : RouteDefinition ReactiveCompositeDiscoveryClient_USER-SERVICE applying {pattern=/user-service/**} to Path
2026-03-27T09:50:30.834+05:30 DEBUG 4660 --- [Api-Gateway] [reshExecutor-%d] o.s.c.g.r.RouteDefinitionRouteLocator    : RouteDefinition ReactiveCompositeDiscoveryClient_USER-SERVICE applying filter {regexp=/user-service/?(?<remaining>.*), replacement=/${remaining}} to RewritePath
2026-03-27T09:50:30.836+05:30 DEBUG 4660 --- [Api-Gateway] [reshExecutor-%d] o.s.c.g.r.RouteDefinitionRouteLocator    : RouteDefinition matched: ReactiveCompositeDiscoveryClient_USER-SERVICE
2026-03-27T09:50:30.837+05:30 DEBUG 4660 --- [Api-Gateway] [reshExecutor-%d] o.s.c.g.r.RouteDefinitionRouteLocator    : RouteDefinition ReactiveCompositeDiscoveryClient_PAYMENT-SERVICES applying {pattern=/payment-services/**} to Path
2026-03-27T09:50:30.839+05:30 DEBUG 4660 --- [Api-Gateway] [reshExecutor-%d] o.s.c.g.r.RouteDefinitionRouteLocator    : RouteDefinition ReactiveCompositeDiscoveryClient_PAYMENT-SERVICES applying filter {regexp=/payment-services/?(?<remaining>.*), replacement=/${remaining}} to RewritePath
2026-03-27T09:50:30.842+05:30 DEBUG 4660 --- [Api-Gateway] [reshExecutor-%d] o.s.c.g.r.RouteDefinitionRouteLocator    : RouteDefinition matched: ReactiveCompositeDiscoveryClient_PAYMENT-SERVICES
2026-03-27T09:50:30.842+05:30 DEBUG 4660 --- [Api-Gateway] [reshExecutor-%d] o.s.c.g.r.RouteDefinitionRouteLocator    : RouteDefinition AUTH-SERVICE applying {_genkey_0=/auth/**} to Path
2026-03-27T09:50:30.844+05:30 DEBUG 4660 --- [Api-Gateway] [reshExecutor-%d] o.s.c.g.r.RouteDefinitionRouteLocator    : RouteDefinition matched: AUTH-SERVICE
2026-03-27T09:50:30.845+05:30 DEBUG 4660 --- [Api-Gateway] [reshExecutor-%d] o.s.c.g.r.RouteDefinitionRouteLocator    : RouteDefinition ADMIN-SERVICE applying {_genkey_0=/admin/**} to Path
2026-03-27T09:50:30.848+05:30 DEBUG 4660 --- [Api-Gateway] [reshExecutor-%d] o.s.c.g.r.RouteDefinitionRouteLocator    : RouteDefinition matched: ADMIN-SERVICE
2026-03-27T09:50:30.850+05:30 DEBUG 4660 --- [Api-Gateway] [reshExecutor-%d] o.s.c.g.r.RouteDefinitionRouteLocator    : RouteDefinition KYC-SERVICE applying {_genkey_0=/kyc/**} to Path
2026-03-27T09:50:30.852+05:30 DEBUG 4660 --- [Api-Gateway] [reshExecutor-%d] o.s.c.g.r.RouteDefinitionRouteLocator    : RouteDefinition matched: KYC-SERVICE
2026-03-27T09:50:30.854+05:30 DEBUG 4660 --- [Api-Gateway] [reshExecutor-%d] o.s.c.g.r.RouteDefinitionRouteLocator    : RouteDefinition PAYMENT-SERVICES applying {_genkey_0=/api/payments/**} to Path
2026-03-27T09:50:30.857+05:30 DEBUG 4660 --- [Api-Gateway] [reshExecutor-%d] o.s.c.g.r.RouteDefinitionRouteLocator    : RouteDefinition PAYMENT-SERVICES applying filter {_genkey_0=name:paymentCircuitBreaker, _genkey_1=fallbackUri:forward:/fallback/payment} to CircuitBreaker
2026-03-27T09:50:30.860+05:30 DEBUG 4660 --- [Api-Gateway] [reshExecutor-%d] o.s.c.g.r.RouteDefinitionRouteLocator    : RouteDefinition matched: PAYMENT-SERVICES
2026-03-27T09:50:30.861+05:30 DEBUG 4660 --- [Api-Gateway] [reshExecutor-%d] o.s.c.g.r.RouteDefinitionRouteLocator    : RouteDefinition WALLET-SERVICE applying {_genkey_0=/api/wallets/**} to Path
2026-03-27T09:50:30.864+05:30 DEBUG 4660 --- [Api-Gateway] [reshExecutor-%d] o.s.c.g.r.RouteDefinitionRouteLocator    : RouteDefinition WALLET-SERVICE applying filter {_genkey_0=name:walletCircuitBreaker, _genkey_1=fallbackUri:forward:/fallback/general} to CircuitBreaker
2026-03-27T09:50:30.867+05:30 DEBUG 4660 --- [Api-Gateway] [reshExecutor-%d] o.s.c.g.r.RouteDefinitionRouteLocator    : RouteDefinition matched: WALLET-SERVICE
2026-03-27T09:50:30.867+05:30 DEBUG 4660 --- [Api-Gateway] [reshExecutor-%d] o.s.c.g.r.RouteDefinitionRouteLocator    : RouteDefinition TRANSACTION-SERVICE applying {_genkey_0=/api/transaction/**} to Path
2026-03-27T09:50:30.869+05:30 DEBUG 4660 --- [Api-Gateway] [reshExecutor-%d] o.s.c.g.r.RouteDefinitionRouteLocator    : RouteDefinition TRANSACTION-SERVICE applying filter {_genkey_0=name:transactionCircuitBreaker, _genkey_1=fallbackUri:forward:/fallback/general} to CircuitBreaker
2026-03-27T09:50:30.872+05:30 DEBUG 4660 --- [Api-Gateway] [reshExecutor-%d] o.s.c.g.r.RouteDefinitionRouteLocator    : RouteDefinition matched: TRANSACTION-SERVICE
2026-03-27T09:50:30.872+05:30 DEBUG 4660 --- [Api-Gateway] [reshExecutor-%d] o.s.c.g.r.RouteDefinitionRouteLocator    : RouteDefinition REWARDS-SERVICE applying {_genkey_0=/api/rewards/**} to Path
2026-03-27T09:50:30.875+05:30 DEBUG 4660 --- [Api-Gateway] [reshExecutor-%d] o.s.c.g.r.RouteDefinitionRouteLocator    : RouteDefinition REWARDS-SERVICE applying filter {_genkey_0=name:rewardCircuitBreaker, _genkey_1=fallbackUri:forward:/fallback/reward} to CircuitBreaker
2026-03-27T09:50:30.877+05:30 DEBUG 4660 --- [Api-Gateway] [reshExecutor-%d] o.s.c.g.r.RouteDefinitionRouteLocator    : RouteDefinition matched: REWARDS-SERVICE
2026-03-27T09:50:30.878+05:30 DEBUG 4660 --- [Api-Gateway] [reshExecutor-%d] o.s.c.g.r.RouteDefinitionRouteLocator    : RouteDefinition NOTIFICATION-SERVICE applying {_genkey_0=/api/notifications/**} to Path
2026-03-27T09:50:30.880+05:30 DEBUG 4660 --- [Api-Gateway] [reshExecutor-%d] o.s.c.g.r.RouteDefinitionRouteLocator    : RouteDefinition NOTIFICATION-SERVICE applying filter {_genkey_0=name:notificationCircuitBreaker, _genkey_1=fallbackUri:forward:/fallback/general} to CircuitBreaker
2026-03-27T09:50:30.882+05:30 DEBUG 4660 --- [Api-Gateway] [reshExecutor-%d] o.s.c.g.r.RouteDefinitionRouteLocator    : RouteDefinition matched: NOTIFICATION-SERVICE
2026-03-27T09:50:30.883+05:30 DEBUG 4660 --- [Api-Gateway] [reshExecutor-%d] o.s.c.g.r.RouteDefinitionRouteLocator    : RouteDefinition USER-SERVICE applying {_genkey_0=/users/**} to Path
2026-03-27T09:50:30.885+05:30 DEBUG 4660 --- [Api-Gateway] [reshExecutor-%d] o.s.c.g.r.RouteDefinitionRouteLocator    : RouteDefinition matched: USER-SERVICE
2026-03-27T09:50:30.893+05:30 DEBUG 4660 --- [Api-Gateway] [reshExecutor-%d] o.s.c.g.filter.GatewayMetricsFilter      : New routes count: 19
2026-03-27T09:51:00.928+05:30 DEBUG 4660 --- [Api-Gateway] [reshExecutor-%d] o.s.c.g.r.RouteDefinitionRouteLocator    : RouteDefinition ReactiveCompositeDiscoveryClient_CONFIG-SERVIER applying {pattern=/config-servier/**} to Path
2026-03-27T09:51:00.932+05:30 DEBUG 4660 --- [Api-Gateway] [reshExecutor-%d] o.s.c.g.r.RouteDefinitionRouteLocator    : RouteDefinition ReactiveCompositeDiscoveryClient_CONFIG-SERVIER applying filter {regexp=/config-servier/?(?<remaining>.*), replacement=/${remaining}} to RewritePath
2026-03-27T09:51:00.933+05:30 DEBUG 4660 --- [Api-Gateway] [reshExecutor-%d] o.s.c.g.r.RouteDefinitionRouteLocator    : RouteDefinition matched: ReactiveCompositeDiscoveryClient_CONFIG-SERVIER
2026-03-27T09:51:00.933+05:30 DEBUG 4660 --- [Api-Gateway] [reshExecutor-%d] o.s.c.g.r.RouteDefinitionRouteLocator    : RouteDefinition ReactiveCompositeDiscoveryClient_API-GATEWAY applying {pattern=/api-gateway/**} to Path
2026-03-27T09:51:00.935+05:30 DEBUG 4660 --- [Api-Gateway] [reshExecutor-%d] o.s.c.g.r.RouteDefinitionRouteLocator    : RouteDefinition ReactiveCompositeDiscoveryClient_API-GATEWAY applying filter {regexp=/api-gateway/?(?<remaining>.*), replacement=/${remaining}} to RewritePath
2026-03-27T09:51:00.936+05:30 DEBUG 4660 --- [Api-Gateway] [reshExecutor-%d] o.s.c.g.r.RouteDefinitionRouteLocator    : RouteDefinition matched: ReactiveCompositeDiscoveryClient_API-GATEWAY
2026-03-27T09:51:00.938+05:30 DEBUG 4660 --- [Api-Gateway] [reshExecutor-%d] o.s.c.g.r.RouteDefinitionRouteLocator    : RouteDefinition ReactiveCompositeDiscoveryClient_REWARDS-SERVICE applying {pattern=/rewards-service/**} to Path
2026-03-27T09:51:00.938+05:30 DEBUG 4660 --- [Api-Gateway] [reshExecutor-%d] o.s.c.g.r.RouteDefinitionRouteLocator    : RouteDefinition ReactiveCompositeDiscoveryClient_REWARDS-SERVICE applying filter {regexp=/rewards-service/?(?<remaining>.*), replacement=/${remaining}} to RewritePath
2026-03-27T09:51:00.939+05:30 DEBUG 4660 --- [Api-Gateway] [reshExecutor-%d] o.s.c.g.r.RouteDefinitionRouteLocator    : RouteDefinition matched: ReactiveCompositeDiscoveryClient_REWARDS-SERVICE
2026-03-27T09:51:00.939+05:30 DEBUG 4660 --- [Api-Gateway] [reshExecutor-%d] o.s.c.g.r.RouteDefinitionRouteLocator    : RouteDefinition ReactiveCompositeDiscoveryClient_KYC-SERVICE applying {pattern=/kyc-service/**} to Path
2026-03-27T09:51:00.940+05:30 DEBUG 4660 --- [Api-Gateway] [reshExecutor-%d] o.s.c.g.r.RouteDefinitionRouteLocator    : RouteDefinition ReactiveCompositeDiscoveryClient_KYC-SERVICE applying filter {regexp=/kyc-service/?(?<remaining>.*), replacement=/${remaining}} to RewritePath
2026-03-27T09:51:00.940+05:30 DEBUG 4660 --- [Api-Gateway] [reshExecutor-%d] o.s.c.g.r.RouteDefinitionRouteLocator    : RouteDefinition matched: ReactiveCompositeDiscoveryClient_KYC-SERVICE
2026-03-27T09:51:00.940+05:30 DEBUG 4660 --- [Api-Gateway] [reshExecutor-%d] o.s.c.g.r.RouteDefinitionRouteLocator    : RouteDefinition ReactiveCompositeDiscoveryClient_ADMIN-SERVICE applying {pattern=/admin-service/**} to Path
2026-03-27T09:51:00.942+05:30 DEBUG 4660 --- [Api-Gateway] [reshExecutor-%d] o.s.c.g.r.RouteDefinitionRouteLocator    : RouteDefinition ReactiveCompositeDiscoveryClient_ADMIN-SERVICE applying filter {regexp=/admin-service/?(?<remaining>.*), replacement=/${remaining}} to RewritePath
2026-03-27T09:51:00.943+05:30 DEBUG 4660 --- [Api-Gateway] [reshExecutor-%d] o.s.c.g.r.RouteDefinitionRouteLocator    : RouteDefinition matched: ReactiveCompositeDiscoveryClient_ADMIN-SERVICE
2026-03-27T09:51:00.943+05:30 DEBUG 4660 --- [Api-Gateway] [reshExecutor-%d] o.s.c.g.r.RouteDefinitionRouteLocator    : RouteDefinition ReactiveCompositeDiscoveryClient_TRANSACTION-SERVICE applying {pattern=/transaction-service/**} to Path
2026-03-27T09:51:00.945+05:30 DEBUG 4660 --- [Api-Gateway] [reshExecutor-%d] o.s.c.g.r.RouteDefinitionRouteLocator    : RouteDefinition ReactiveCompositeDiscoveryClient_TRANSACTION-SERVICE applying filter {regexp=/transaction-service/?(?<remaining>.*), replacement=/${remaining}} to RewritePath
2026-03-27T09:51:00.945+05:30 DEBUG 4660 --- [Api-Gateway] [reshExecutor-%d] o.s.c.g.r.RouteDefinitionRouteLocator    : RouteDefinition matched: ReactiveCompositeDiscoveryClient_TRANSACTION-SERVICE
2026-03-27T09:51:00.945+05:30 DEBUG 4660 --- [Api-Gateway] [reshExecutor-%d] o.s.c.g.r.RouteDefinitionRouteLocator    : RouteDefinition ReactiveCompositeDiscoveryClient_WALLET-SERVICE applying {pattern=/wallet-service/**} to Path
2026-03-27T09:51:00.946+05:30 DEBUG 4660 --- [Api-Gateway] [reshExecutor-%d] o.s.c.g.r.RouteDefinitionRouteLocator    : RouteDefinition ReactiveCompositeDiscoveryClient_WALLET-SERVICE applying filter {regexp=/wallet-service/?(?<remaining>.*), replacement=/${remaining}} to RewritePath
2026-03-27T09:51:00.947+05:30 DEBUG 4660 --- [Api-Gateway] [reshExecutor-%d] o.s.c.g.r.RouteDefinitionRouteLocator    : RouteDefinition matched: ReactiveCompositeDiscoveryClient_WALLET-SERVICE
2026-03-27T09:51:00.947+05:30 DEBUG 4660 --- [Api-Gateway] [reshExecutor-%d] o.s.c.g.r.RouteDefinitionRouteLocator    : RouteDefinition ReactiveCompositeDiscoveryClient_NOTIFICATION-SERVICE applying {pattern=/notification-service/**} to Path
2026-03-27T09:51:00.948+05:30 DEBUG 4660 --- [Api-Gateway] [reshExecutor-%d] o.s.c.g.r.RouteDefinitionRouteLocator    : RouteDefinition ReactiveCompositeDiscoveryClient_NOTIFICATION-SERVICE applying filter {regexp=/notification-service/?(?<remaining>.*), replacement=/${remaining}} to RewritePath
2026-03-27T09:51:00.948+05:30 DEBUG 4660 --- [Api-Gateway] [reshExecutor-%d] o.s.c.g.r.RouteDefinitionRouteLocator    : RouteDefinition matched: ReactiveCompositeDiscoveryClient_NOTIFICATION-SERVICE
2026-03-27T09:51:00.950+05:30 DEBUG 4660 --- [Api-Gateway] [reshExecutor-%d] o.s.c.g.r.RouteDefinitionRouteLocator    : RouteDefinition ReactiveCompositeDiscoveryClient_USER-SERVICE applying {pattern=/user-service/**} to Path
2026-03-27T09:51:00.951+05:30 DEBUG 4660 --- [Api-Gateway] [reshExecutor-%d] o.s.c.g.r.RouteDefinitionRouteLocator    : RouteDefinition ReactiveCompositeDiscoveryClient_USER-SERVICE applying filter {regexp=/user-service/?(?<remaining>.*), replacement=/${remaining}} to RewritePath
2026-03-27T09:51:00.951+05:30 DEBUG 4660 --- [Api-Gateway] [reshExecutor-%d] o.s.c.g.r.RouteDefinitionRouteLocator    : RouteDefinition matched: ReactiveCompositeDiscoveryClient_USER-SERVICE
2026-03-27T09:51:00.952+05:30 DEBUG 4660 --- [Api-Gateway] [reshExecutor-%d] o.s.c.g.r.RouteDefinitionRouteLocator    : RouteDefinition ReactiveCompositeDiscoveryClient_PAYMENT-SERVICES applying {pattern=/payment-services/**} to Path
2026-03-27T09:51:00.952+05:30 DEBUG 4660 --- [Api-Gateway] [reshExecutor-%d] o.s.c.g.r.RouteDefinitionRouteLocator    : RouteDefinition ReactiveCompositeDiscoveryClient_PAYMENT-SERVICES applying filter {regexp=/payment-services/?(?<remaining>.*), replacement=/${remaining}} to RewritePath
2026-03-27T09:51:00.953+05:30 DEBUG 4660 --- [Api-Gateway] [reshExecutor-%d] o.s.c.g.r.RouteDefinitionRouteLocator    : RouteDefinition matched: ReactiveCompositeDiscoveryClient_PAYMENT-SERVICES
2026-03-27T09:51:00.953+05:30 DEBUG 4660 --- [Api-Gateway] [reshExecutor-%d] o.s.c.g.r.RouteDefinitionRouteLocator    : RouteDefinition AUTH-SERVICE applying {_genkey_0=/auth/**} to Path
2026-03-27T09:51:00.953+05:30 DEBUG 4660 --- [Api-Gateway] [reshExecutor-%d] o.s.c.g.r.RouteDefinitionRouteLocator    : RouteDefinition matched: AUTH-SERVICE
2026-03-27T09:51:00.953+05:30 DEBUG 4660 --- [Api-Gateway] [reshExecutor-%d] o.s.c.g.r.RouteDefinitionRouteLocator    : RouteDefinition ADMIN-SERVICE applying {_genkey_0=/admin/**} to Path
2026-03-27T09:51:00.953+05:30 DEBUG 4660 --- [Api-Gateway] [reshExecutor-%d] o.s.c.g.r.RouteDefinitionRouteLocator    : RouteDefinition matched: ADMIN-SERVICE
2026-03-27T09:51:00.954+05:30 DEBUG 4660 --- [Api-Gateway] [reshExecutor-%d] o.s.c.g.r.RouteDefinitionRouteLocator    : RouteDefinition KYC-SERVICE applying {_genkey_0=/kyc/**} to Path
2026-03-27T09:51:00.954+05:30 DEBUG 4660 --- [Api-Gateway] [reshExecutor-%d] o.s.c.g.r.RouteDefinitionRouteLocator    : RouteDefinition matched: KYC-SERVICE
2026-03-27T09:51:00.954+05:30 DEBUG 4660 --- [Api-Gateway] [reshExecutor-%d] o.s.c.g.r.RouteDefinitionRouteLocator    : RouteDefinition PAYMENT-SERVICES applying {_genkey_0=/api/payments/**} to Path
2026-03-27T09:51:00.955+05:30 DEBUG 4660 --- [Api-Gateway] [reshExecutor-%d] o.s.c.g.r.RouteDefinitionRouteLocator    : RouteDefinition PAYMENT-SERVICES applying filter {_genkey_0=name:paymentCircuitBreaker, _genkey_1=fallbackUri:forward:/fallback/payment} to CircuitBreaker
2026-03-27T09:51:00.955+05:30 DEBUG 4660 --- [Api-Gateway] [reshExecutor-%d] o.s.c.g.r.RouteDefinitionRouteLocator    : RouteDefinition matched: PAYMENT-SERVICES
2026-03-27T09:51:00.955+05:30 DEBUG 4660 --- [Api-Gateway] [reshExecutor-%d] o.s.c.g.r.RouteDefinitionRouteLocator    : RouteDefinition WALLET-SERVICE applying {_genkey_0=/api/wallets/**} to Path
2026-03-27T09:51:00.956+05:30 DEBUG 4660 --- [Api-Gateway] [reshExecutor-%d] o.s.c.g.r.RouteDefinitionRouteLocator    : RouteDefinition WALLET-SERVICE applying filter {_genkey_0=name:walletCircuitBreaker, _genkey_1=fallbackUri:forward:/fallback/general} to CircuitBreaker
2026-03-27T09:51:00.956+05:30 DEBUG 4660 --- [Api-Gateway] [reshExecutor-%d] o.s.c.g.r.RouteDefinitionRouteLocator    : RouteDefinition matched: WALLET-SERVICE
2026-03-27T09:51:00.957+05:30 DEBUG 4660 --- [Api-Gateway] [reshExecutor-%d] o.s.c.g.r.RouteDefinitionRouteLocator    : RouteDefinition TRANSACTION-SERVICE applying {_genkey_0=/api/transaction/**} to Path
2026-03-27T09:51:00.957+05:30 DEBUG 4660 --- [Api-Gateway] [reshExecutor-%d] o.s.c.g.r.RouteDefinitionRouteLocator    : RouteDefinition TRANSACTION-SERVICE applying filter {_genkey_0=name:transactionCircuitBreaker, _genkey_1=fallbackUri:forward:/fallback/general} to CircuitBreaker
2026-03-27T09:51:00.958+05:30 DEBUG 4660 --- [Api-Gateway] [reshExecutor-%d] o.s.c.g.r.RouteDefinitionRouteLocator    : RouteDefinition matched: TRANSACTION-SERVICE
2026-03-27T09:51:00.958+05:30 DEBUG 4660 --- [Api-Gateway] [reshExecutor-%d] o.s.c.g.r.RouteDefinitionRouteLocator    : RouteDefinition REWARDS-SERVICE applying {_genkey_0=/api/rewards/**} to Path
2026-03-27T09:51:00.958+05:30 DEBUG 4660 --- [Api-Gateway] [reshExecutor-%d] o.s.c.g.r.RouteDefinitionRouteLocator    : RouteDefinition REWARDS-SERVICE applying filter {_genkey_0=name:rewardCircuitBreaker, _genkey_1=fallbackUri:forward:/fallback/reward} to CircuitBreaker
2026-03-27T09:51:00.960+05:30 DEBUG 4660 --- [Api-Gateway] [reshExecutor-%d] o.s.c.g.r.RouteDefinitionRouteLocator    : RouteDefinition matched: REWARDS-SERVICE
2026-03-27T09:51:00.960+05:30 DEBUG 4660 --- [Api-Gateway] [reshExecutor-%d] o.s.c.g.r.RouteDefinitionRouteLocator    : RouteDefinition NOTIFICATION-SERVICE applying {_genkey_0=/api/notifications/**} to Path
2026-03-27T09:51:00.961+05:30 DEBUG 4660 --- [Api-Gateway] [reshExecutor-%d] o.s.c.g.r.RouteDefinitionRouteLocator    : RouteDefinition NOTIFICATION-SERVICE applying filter {_genkey_0=name:notificationCircuitBreaker, _genkey_1=fallbackUri:forward:/fallback/general} to CircuitBreaker
2026-03-27T09:51:00.961+05:30 DEBUG 4660 --- [Api-Gateway] [reshExecutor-%d] o.s.c.g.r.RouteDefinitionRouteLocator    : RouteDefinition matched: NOTIFICATION-SERVICE
2026-03-27T09:51:00.962+05:30 DEBUG 4660 --- [Api-Gateway] [reshExecutor-%d] o.s.c.g.r.RouteDefinitionRouteLocator    : RouteDefinition USER-SERVICE applying {_genkey_0=/users/**} to Path
2026-03-27T09:51:00.962+05:30 DEBUG 4660 --- [Api-Gateway] [reshExecutor-%d] o.s.c.g.r.RouteDefinitionRouteLocator    : RouteDefinition matched: USER-SERVICE
2026-03-27T09:51:00.964+05:30 DEBUG 4660 --- [Api-Gateway] [reshExecutor-%d] o.s.c.g.filter.GatewayMetricsFilter      : New routes count: 19
2026-03-27T09:51:30.996+05:30 DEBUG 4660 --- [Api-Gateway] [reshExecutor-%d] o.s.c.g.r.RouteDefinitionRouteLocator    : RouteDefinition ReactiveCompositeDiscoveryClient_CONFIG-SERVIER applying {pattern=/config-servier/**} to Path
2026-03-27T09:51:30.999+05:30 DEBUG 4660 --- [Api-Gateway] [reshExecutor-%d] o.s.c.g.r.RouteDefinitionRouteLocator    : RouteDefinition ReactiveCompositeDiscoveryClient_CONFIG-SERVIER applying filter {regexp=/config-servier/?(?<remaining>.*), replacement=/${remaining}} to RewritePath
2026-03-27T09:51:31.000+05:30 DEBUG 4660 --- [Api-Gateway] [reshExecutor-%d] o.s.c.g.r.RouteDefinitionRouteLocator    : RouteDefinition matched: ReactiveCompositeDiscoveryClient_CONFIG-SERVIER
2026-03-27T09:51:31.001+05:30 DEBUG 4660 --- [Api-Gateway] [reshExecutor-%d] o.s.c.g.r.RouteDefinitionRouteLocator    : RouteDefinition ReactiveCompositeDiscoveryClient_API-GATEWAY applying {pattern=/api-gateway/**} to Path
2026-03-27T09:51:31.003+05:30 DEBUG 4660 --- [Api-Gateway] [reshExecutor-%d] o.s.c.g.r.RouteDefinitionRouteLocator    : RouteDefinition ReactiveCompositeDiscoveryClient_API-GATEWAY applying filter {regexp=/api-gateway/?(?<remaining>.*), replacement=/${remaining}} to RewritePath
2026-03-27T09:51:31.004+05:30 DEBUG 4660 --- [Api-Gateway] [reshExecutor-%d] o.s.c.g.r.RouteDefinitionRouteLocator    : RouteDefinition matched: ReactiveCompositeDiscoveryClient_API-GATEWAY
2026-03-27T09:51:31.005+05:30 DEBUG 4660 --- [Api-Gateway] [reshExecutor-%d] o.s.c.g.r.RouteDefinitionRouteLocator    : RouteDefinition ReactiveCompositeDiscoveryClient_REWARDS-SERVICE applying {pattern=/rewards-service/**} to Path
2026-03-27T09:51:31.006+05:30 DEBUG 4660 --- [Api-Gateway] [reshExecutor-%d] o.s.c.g.r.RouteDefinitionRouteLocator    : RouteDefinition ReactiveCompositeDiscoveryClient_REWARDS-SERVICE applying filter {regexp=/rewards-service/?(?<remaining>.*), replacement=/${remaining}} to RewritePath
2026-03-27T09:51:31.008+05:30 DEBUG 4660 --- [Api-Gateway] [reshExecutor-%d] o.s.c.g.r.RouteDefinitionRouteLocator    : RouteDefinition matched: ReactiveCompositeDiscoveryClient_REWARDS-SERVICE
2026-03-27T09:51:31.008+05:30 DEBUG 4660 --- [Api-Gateway] [reshExecutor-%d] o.s.c.g.r.RouteDefinitionRouteLocator    : RouteDefinition ReactiveCompositeDiscoveryClient_KYC-SERVICE applying {pattern=/kyc-service/**} to Path
2026-03-27T09:51:31.009+05:30 DEBUG 4660 --- [Api-Gateway] [reshExecutor-%d] o.s.c.g.r.RouteDefinitionRouteLocator    : RouteDefinition ReactiveCompositeDiscoveryClient_KYC-SERVICE applying filter {regexp=/kyc-service/?(?<remaining>.*), replacement=/${remaining}} to RewritePath
2026-03-27T09:51:31.010+05:30 DEBUG 4660 --- [Api-Gateway] [reshExecutor-%d] o.s.c.g.r.RouteDefinitionRouteLocator    : RouteDefinition matched: ReactiveCompositeDiscoveryClient_KYC-SERVICE
2026-03-27T09:51:31.011+05:30 DEBUG 4660 --- [Api-Gateway] [reshExecutor-%d] o.s.c.g.r.RouteDefinitionRouteLocator    : RouteDefinition ReactiveCompositeDiscoveryClient_ADMIN-SERVICE applying {pattern=/admin-service/**} to Path
2026-03-27T09:51:31.012+05:30 DEBUG 4660 --- [Api-Gateway] [reshExecutor-%d] o.s.c.g.r.RouteDefinitionRouteLocator    : RouteDefinition ReactiveCompositeDiscoveryClient_ADMIN-SERVICE applying filter {regexp=/admin-service/?(?<remaining>.*), replacement=/${remaining}} to RewritePath
2026-03-27T09:51:31.013+05:30 DEBUG 4660 --- [Api-Gateway] [reshExecutor-%d] o.s.c.g.r.RouteDefinitionRouteLocator    : RouteDefinition matched: ReactiveCompositeDiscoveryClient_ADMIN-SERVICE
2026-03-27T09:51:31.014+05:30 DEBUG 4660 --- [Api-Gateway] [reshExecutor-%d] o.s.c.g.r.RouteDefinitionRouteLocator    : RouteDefinition ReactiveCompositeDiscoveryClient_TRANSACTION-SERVICE applying {pattern=/transaction-service/**} to Path
2026-03-27T09:51:31.016+05:30 DEBUG 4660 --- [Api-Gateway] [reshExecutor-%d] o.s.c.g.r.RouteDefinitionRouteLocator    : RouteDefinition ReactiveCompositeDiscoveryClient_TRANSACTION-SERVICE applying filter {regexp=/transaction-service/?(?<remaining>.*), replacement=/${remaining}} to RewritePath
2026-03-27T09:51:31.018+05:30 DEBUG 4660 --- [Api-Gateway] [reshExecutor-%d] o.s.c.g.r.RouteDefinitionRouteLocator    : RouteDefinition matched: ReactiveCompositeDiscoveryClient_TRANSACTION-SERVICE
2026-03-27T09:51:31.019+05:30 DEBUG 4660 --- [Api-Gateway] [reshExecutor-%d] o.s.c.g.r.RouteDefinitionRouteLocator    : RouteDefinition ReactiveCompositeDiscoveryClient_WALLET-SERVICE applying {pattern=/wallet-service/**} to Path
2026-03-27T09:51:31.020+05:30 DEBUG 4660 --- [Api-Gateway] [reshExecutor-%d] o.s.c.g.r.RouteDefinitionRouteLocator    : RouteDefinition ReactiveCompositeDiscoveryClient_WALLET-SERVICE applying filter {regexp=/wallet-service/?(?<remaining>.*), replacement=/${remaining}} to RewritePath
2026-03-27T09:51:31.021+05:30 DEBUG 4660 --- [Api-Gateway] [reshExecutor-%d] o.s.c.g.r.RouteDefinitionRouteLocator    : RouteDefinition matched: ReactiveCompositeDiscoveryClient_WALLET-SERVICE
2026-03-27T09:51:31.022+05:30 DEBUG 4660 --- [Api-Gateway] [reshExecutor-%d] o.s.c.g.r.RouteDefinitionRouteLocator    : RouteDefinition ReactiveCompositeDiscoveryClient_NOTIFICATION-SERVICE applying {pattern=/notification-service/**} to Path
2026-03-27T09:51:31.022+05:30 DEBUG 4660 --- [Api-Gateway] [reshExecutor-%d] o.s.c.g.r.RouteDefinitionRouteLocator    : RouteDefinition ReactiveCompositeDiscoveryClient_NOTIFICATION-SERVICE applying filter {regexp=/notification-service/?(?<remaining>.*), replacement=/${remaining}} to RewritePath
2026-03-27T09:51:31.023+05:30 DEBUG 4660 --- [Api-Gateway] [reshExecutor-%d] o.s.c.g.r.RouteDefinitionRouteLocator    : RouteDefinition matched: ReactiveCompositeDiscoveryClient_NOTIFICATION-SERVICE
2026-03-27T09:51:31.024+05:30 DEBUG 4660 --- [Api-Gateway] [reshExecutor-%d] o.s.c.g.r.RouteDefinitionRouteLocator    : RouteDefinition ReactiveCompositeDiscoveryClient_USER-SERVICE applying {pattern=/user-service/**} to Path
2026-03-27T09:51:31.026+05:30 DEBUG 4660 --- [Api-Gateway] [reshExecutor-%d] o.s.c.g.r.RouteDefinitionRouteLocator    : RouteDefinition ReactiveCompositeDiscoveryClient_USER-SERVICE applying filter {regexp=/user-service/?(?<remaining>.*), replacement=/${remaining}} to RewritePath
2026-03-27T09:51:31.027+05:30 DEBUG 4660 --- [Api-Gateway] [reshExecutor-%d] o.s.c.g.r.RouteDefinitionRouteLocator    : RouteDefinition matched: ReactiveCompositeDiscoveryClient_USER-SERVICE
2026-03-27T09:51:31.027+05:30 DEBUG 4660 --- [Api-Gateway] [reshExecutor-%d] o.s.c.g.r.RouteDefinitionRouteLocator    : RouteDefinition ReactiveCompositeDiscoveryClient_PAYMENT-SERVICES applying {pattern=/payment-services/**} to Path
2026-03-27T09:51:31.027+05:30 DEBUG 4660 --- [Api-Gateway] [reshExecutor-%d] o.s.c.g.r.RouteDefinitionRouteLocator    : RouteDefinition ReactiveCompositeDiscoveryClient_PAYMENT-SERVICES applying filter {regexp=/payment-services/?(?<remaining>.*), replacement=/${remaining}} to RewritePath
2026-03-27T09:51:31.028+05:30 DEBUG 4660 --- [Api-Gateway] [reshExecutor-%d] o.s.c.g.r.RouteDefinitionRouteLocator    : RouteDefinition matched: ReactiveCompositeDiscoveryClient_PAYMENT-SERVICES
2026-03-27T09:51:31.029+05:30 DEBUG 4660 --- [Api-Gateway] [reshExecutor-%d] o.s.c.g.r.RouteDefinitionRouteLocator    : RouteDefinition AUTH-SERVICE applying {_genkey_0=/auth/**} to Path
2026-03-27T09:51:31.030+05:30 DEBUG 4660 --- [Api-Gateway] [reshExecutor-%d] o.s.c.g.r.RouteDefinitionRouteLocator    : RouteDefinition matched: AUTH-SERVICE
2026-03-27T09:51:31.031+05:30 DEBUG 4660 --- [Api-Gateway] [reshExecutor-%d] o.s.c.g.r.RouteDefinitionRouteLocator    : RouteDefinition ADMIN-SERVICE applying {_genkey_0=/admin/**} to Path
2026-03-27T09:51:31.032+05:30 DEBUG 4660 --- [Api-Gateway] [reshExecutor-%d] o.s.c.g.r.RouteDefinitionRouteLocator    : RouteDefinition matched: ADMIN-SERVICE
2026-03-27T09:51:31.032+05:30 DEBUG 4660 --- [Api-Gateway] [reshExecutor-%d] o.s.c.g.r.RouteDefinitionRouteLocator    : RouteDefinition KYC-SERVICE applying {_genkey_0=/kyc/**} to Path
2026-03-27T09:51:31.033+05:30 DEBUG 4660 --- [Api-Gateway] [reshExecutor-%d] o.s.c.g.r.RouteDefinitionRouteLocator    : RouteDefinition matched: KYC-SERVICE
2026-03-27T09:51:31.034+05:30 DEBUG 4660 --- [Api-Gateway] [reshExecutor-%d] o.s.c.g.r.RouteDefinitionRouteLocator    : RouteDefinition PAYMENT-SERVICES applying {_genkey_0=/api/payments/**} to Path
2026-03-27T09:51:31.035+05:30 DEBUG 4660 --- [Api-Gateway] [reshExecutor-%d] o.s.c.g.r.RouteDefinitionRouteLocator    : RouteDefinition PAYMENT-SERVICES applying filter {_genkey_0=name:paymentCircuitBreaker, _genkey_1=fallbackUri:forward:/fallback/payment} to CircuitBreaker
2026-03-27T09:51:31.036+05:30 DEBUG 4660 --- [Api-Gateway] [reshExecutor-%d] o.s.c.g.r.RouteDefinitionRouteLocator    : RouteDefinition matched: PAYMENT-SERVICES
2026-03-27T09:51:31.036+05:30 DEBUG 4660 --- [Api-Gateway] [reshExecutor-%d] o.s.c.g.r.RouteDefinitionRouteLocator    : RouteDefinition WALLET-SERVICE applying {_genkey_0=/api/wallets/**} to Path
2026-03-27T09:51:31.037+05:30 DEBUG 4660 --- [Api-Gateway] [reshExecutor-%d] o.s.c.g.r.RouteDefinitionRouteLocator    : RouteDefinition WALLET-SERVICE applying filter {_genkey_0=name:walletCircuitBreaker, _genkey_1=fallbackUri:forward:/fallback/general} to CircuitBreaker
2026-03-27T09:51:31.038+05:30 DEBUG 4660 --- [Api-Gateway] [reshExecutor-%d] o.s.c.g.r.RouteDefinitionRouteLocator    : RouteDefinition matched: WALLET-SERVICE
2026-03-27T09:51:31.038+05:30 DEBUG 4660 --- [Api-Gateway] [reshExecutor-%d] o.s.c.g.r.RouteDefinitionRouteLocator    : RouteDefinition TRANSACTION-SERVICE applying {_genkey_0=/api/transaction/**} to Path
2026-03-27T09:51:31.039+05:30 DEBUG 4660 --- [Api-Gateway] [reshExecutor-%d] o.s.c.g.r.RouteDefinitionRouteLocator    : RouteDefinition TRANSACTION-SERVICE applying filter {_genkey_0=name:transactionCircuitBreaker, _genkey_1=fallbackUri:forward:/fallback/general} to CircuitBreaker
2026-03-27T09:51:31.040+05:30 DEBUG 4660 --- [Api-Gateway] [reshExecutor-%d] o.s.c.g.r.RouteDefinitionRouteLocator    : RouteDefinition matched: TRANSACTION-SERVICE
2026-03-27T09:51:31.041+05:30 DEBUG 4660 --- [Api-Gateway] [reshExecutor-%d] o.s.c.g.r.RouteDefinitionRouteLocator    : RouteDefinition REWARDS-SERVICE applying {_genkey_0=/api/rewards/**} to Path
2026-03-27T09:51:31.043+05:30 DEBUG 4660 --- [Api-Gateway] [reshExecutor-%d] o.s.c.g.r.RouteDefinitionRouteLocator    : RouteDefinition REWARDS-SERVICE applying filter {_genkey_0=name:rewardCircuitBreaker, _genkey_1=fallbackUri:forward:/fallback/reward} to CircuitBreaker
2026-03-27T09:51:31.043+05:30 DEBUG 4660 --- [Api-Gateway] [reshExecutor-%d] o.s.c.g.r.RouteDefinitionRouteLocator    : RouteDefinition matched: REWARDS-SERVICE
2026-03-27T09:51:31.044+05:30 DEBUG 4660 --- [Api-Gateway] [reshExecutor-%d] o.s.c.g.r.RouteDefinitionRouteLocator    : RouteDefinition NOTIFICATION-SERVICE applying {_genkey_0=/api/notifications/**} to Path
2026-03-27T09:51:31.045+05:30 DEBUG 4660 --- [Api-Gateway] [reshExecutor-%d] o.s.c.g.r.RouteDefinitionRouteLocator    : RouteDefinition NOTIFICATION-SERVICE applying filter {_genkey_0=name:notificationCircuitBreaker, _genkey_1=fallbackUri:forward:/fallback/general} to CircuitBreaker
2026-03-27T09:51:31.048+05:30 DEBUG 4660 --- [Api-Gateway] [reshExecutor-%d] o.s.c.g.r.RouteDefinitionRouteLocator    : RouteDefinition matched: NOTIFICATION-SERVICE
2026-03-27T09:51:31.050+05:30 DEBUG 4660 --- [Api-Gateway] [reshExecutor-%d] o.s.c.g.r.RouteDefinitionRouteLocator    : RouteDefinition USER-SERVICE applying {_genkey_0=/users/**} to Path
2026-03-27T09:51:31.051+05:30 DEBUG 4660 --- [Api-Gateway] [reshExecutor-%d] o.s.c.g.r.RouteDefinitionRouteLocator    : RouteDefinition matched: USER-SERVICE
2026-03-27T09:51:31.055+05:30 DEBUG 4660 --- [Api-Gateway] [reshExecutor-%d] o.s.c.g.filter.GatewayMetricsFilter      : New routes count: 19
2026-03-27T09:52:00.306+05:30 DEBUG 4660 --- [Api-Gateway] [ctor-http-nio-7] o.s.c.g.h.RoutePredicateHandlerMapping   : Route matched: ADMIN-SERVICE
2026-03-27T09:52:00.309+05:30 DEBUG 4660 --- [Api-Gateway] [ctor-http-nio-7] o.s.c.g.h.RoutePredicateHandlerMapping   : Mapping [Exchange: GET http://localhost:7505/admin/v3/api-docs] to Route{id='ADMIN-SERVICE', uri=lb://ADMIN-SERVICE, order=0, predicate=Paths: [/admin/**], match trailing slash: true, gatewayFilters=[], metadata={}}
2026-03-27T09:52:00.309+05:30 DEBUG 4660 --- [Api-Gateway] [ctor-http-nio-7] o.s.c.g.h.RoutePredicateHandlerMapping   : [799d025b-16] Mapped to org.springframework.cloud.gateway.handler.FilteringWebHandler@6394ca3c
2026-03-27T09:52:00.310+05:30 DEBUG 4660 --- [Api-Gateway] [ctor-http-nio-7] o.s.c.g.handler.FilteringWebHandler      : Sorted gatewayFilterFactories: [[GatewayFilterAdapter{delegate=org.springframework.cloud.gateway.filter.RemoveCachedBodyFilter@1edf71d9}, order = -2147483648], [GatewayFilterAdapter{delegate=org.springframework.cloud.gateway.filter.AdaptCachedBodyGlobalFilter@6ace919c}, order = -2147482648], [GatewayFilterAdapter{delegate=org.springframework.cloud.gateway.filter.NettyWriteResponseFilter@6f106af8}, order = -1], [GatewayFilterAdapter{delegate=org.springframework.cloud.gateway.filter.ForwardPathFilter@7f305f34}, order = 0], [GatewayFilterAdapter{delegate=org.springframework.cloud.gateway.filter.GatewayMetricsFilter@601d295}, order = 0], [GatewayFilterAdapter{delegate=org.springframework.cloud.gateway.filter.RouteToRequestUrlFilter@52d9d817}, order = 10000], [GatewayFilterAdapter{delegate=org.springframework.cloud.gateway.filter.ReactiveLoadBalancerClientFilter@3e39e0fb}, order = 10150], [GatewayFilterAdapter{delegate=org.springframework.cloud.gateway.filter.LoadBalancerServiceInstanceCookieFilter@260d48f5}, order = 10151], [GatewayFilterAdapter{delegate=org.springframework.cloud.gateway.filter.WebsocketRoutingFilter@1a84a8b2}, order = 2147483646], [GatewayFilterAdapter{delegate=org.springframework.cloud.gateway.filter.NettyRoutingFilter@148ab138}, order = 2147483647], [GatewayFilterAdapter{delegate=org.springframework.cloud.gateway.filter.ForwardRoutingFilter@131ba005}, order = 2147483647]]
2026-03-27T09:52:00.398+05:30 DEBUG 4660 --- [Api-Gateway] [ctor-http-nio-7] o.s.c.g.r.RouteDefinitionRouteLocator    : RouteDefinition ReactiveCompositeDiscoveryClient_CONFIG-SERVIER applying {pattern=/config-servier/**} to Path
2026-03-27T09:52:00.400+05:30 DEBUG 4660 --- [Api-Gateway] [ctor-http-nio-7] o.s.c.g.r.RouteDefinitionRouteLocator    : RouteDefinition ReactiveCompositeDiscoveryClient_CONFIG-SERVIER applying filter {regexp=/config-servier/?(?<remaining>.*), replacement=/${remaining}} to RewritePath
2026-03-27T09:52:00.401+05:30 DEBUG 4660 --- [Api-Gateway] [ctor-http-nio-7] o.s.c.g.r.RouteDefinitionRouteLocator    : RouteDefinition matched: ReactiveCompositeDiscoveryClient_CONFIG-SERVIER
2026-03-27T09:52:00.401+05:30 DEBUG 4660 --- [Api-Gateway] [ctor-http-nio-7] o.s.c.g.r.RouteDefinitionRouteLocator    : RouteDefinition ReactiveCompositeDiscoveryClient_API-GATEWAY applying {pattern=/api-gateway/**} to Path
2026-03-27T09:52:00.403+05:30 DEBUG 4660 --- [Api-Gateway] [ctor-http-nio-7] o.s.c.g.r.RouteDefinitionRouteLocator    : RouteDefinition ReactiveCompositeDiscoveryClient_API-GATEWAY applying filter {regexp=/api-gateway/?(?<remaining>.*), replacement=/${remaining}} to RewritePath
2026-03-27T09:52:00.407+05:30 DEBUG 4660 --- [Api-Gateway] [ctor-http-nio-7] o.s.c.g.r.RouteDefinitionRouteLocator    : RouteDefinition matched: ReactiveCompositeDiscoveryClient_API-GATEWAY
2026-03-27T09:52:00.407+05:30 DEBUG 4660 --- [Api-Gateway] [ctor-http-nio-7] o.s.c.g.r.RouteDefinitionRouteLocator    : RouteDefinition ReactiveCompositeDiscoveryClient_REWARDS-SERVICE applying {pattern=/rewards-service/**} to Path
2026-03-27T09:52:00.410+05:30 DEBUG 4660 --- [Api-Gateway] [ctor-http-nio-7] o.s.c.g.r.RouteDefinitionRouteLocator    : RouteDefinition ReactiveCompositeDiscoveryClient_REWARDS-SERVICE applying filter {regexp=/rewards-service/?(?<remaining>.*), replacement=/${remaining}} to RewritePath
2026-03-27T09:52:00.411+05:30 DEBUG 4660 --- [Api-Gateway] [ctor-http-nio-7] o.s.c.g.r.RouteDefinitionRouteLocator    : RouteDefinition matched: ReactiveCompositeDiscoveryClient_REWARDS-SERVICE
2026-03-27T09:52:00.411+05:30 DEBUG 4660 --- [Api-Gateway] [ctor-http-nio-7] o.s.c.g.r.RouteDefinitionRouteLocator    : RouteDefinition ReactiveCompositeDiscoveryClient_KYC-SERVICE applying {pattern=/kyc-service/**} to Path
2026-03-27T09:52:00.413+05:30 DEBUG 4660 --- [Api-Gateway] [ctor-http-nio-7] o.s.c.g.r.RouteDefinitionRouteLocator    : RouteDefinition ReactiveCompositeDiscoveryClient_KYC-SERVICE applying filter {regexp=/kyc-service/?(?<remaining>.*), replacement=/${remaining}} to RewritePath
2026-03-27T09:52:00.415+05:30 DEBUG 4660 --- [Api-Gateway] [ctor-http-nio-7] o.s.c.g.r.RouteDefinitionRouteLocator    : RouteDefinition matched: ReactiveCompositeDiscoveryClient_KYC-SERVICE
2026-03-27T09:52:00.417+05:30 DEBUG 4660 --- [Api-Gateway] [ctor-http-nio-7] o.s.c.g.r.RouteDefinitionRouteLocator    : RouteDefinition ReactiveCompositeDiscoveryClient_ADMIN-SERVICE applying {pattern=/admin-service/**} to Path
2026-03-27T09:52:00.418+05:30 DEBUG 4660 --- [Api-Gateway] [ctor-http-nio-7] o.s.c.g.r.RouteDefinitionRouteLocator    : RouteDefinition ReactiveCompositeDiscoveryClient_ADMIN-SERVICE applying filter {regexp=/admin-service/?(?<remaining>.*), replacement=/${remaining}} to RewritePath
2026-03-27T09:52:00.420+05:30 DEBUG 4660 --- [Api-Gateway] [ctor-http-nio-7] o.s.c.g.r.RouteDefinitionRouteLocator    : RouteDefinition matched: ReactiveCompositeDiscoveryClient_ADMIN-SERVICE
2026-03-27T09:52:00.420+05:30 DEBUG 4660 --- [Api-Gateway] [ctor-http-nio-7] o.s.c.g.r.RouteDefinitionRouteLocator    : RouteDefinition ReactiveCompositeDiscoveryClient_TRANSACTION-SERVICE applying {pattern=/transaction-service/**} to Path
2026-03-27T09:52:00.423+05:30 DEBUG 4660 --- [Api-Gateway] [ctor-http-nio-7] o.s.c.g.r.RouteDefinitionRouteLocator    : RouteDefinition ReactiveCompositeDiscoveryClient_TRANSACTION-SERVICE applying filter {regexp=/transaction-service/?(?<remaining>.*), replacement=/${remaining}} to RewritePath
2026-03-27T09:52:00.424+05:30 DEBUG 4660 --- [Api-Gateway] [ctor-http-nio-7] o.s.c.g.r.RouteDefinitionRouteLocator    : RouteDefinition matched: ReactiveCompositeDiscoveryClient_TRANSACTION-SERVICE
2026-03-27T09:52:00.425+05:30 DEBUG 4660 --- [Api-Gateway] [ctor-http-nio-7] o.s.c.g.r.RouteDefinitionRouteLocator    : RouteDefinition ReactiveCompositeDiscoveryClient_WALLET-SERVICE applying {pattern=/wallet-service/**} to Path
2026-03-27T09:52:00.426+05:30 DEBUG 4660 --- [Api-Gateway] [ctor-http-nio-7] o.s.c.g.r.RouteDefinitionRouteLocator    : RouteDefinition ReactiveCompositeDiscoveryClient_WALLET-SERVICE applying filter {regexp=/wallet-service/?(?<remaining>.*), replacement=/${remaining}} to RewritePath
2026-03-27T09:52:00.427+05:30 DEBUG 4660 --- [Api-Gateway] [ctor-http-nio-7] o.s.c.g.r.RouteDefinitionRouteLocator    : RouteDefinition matched: ReactiveCompositeDiscoveryClient_WALLET-SERVICE
2026-03-27T09:52:00.428+05:30 DEBUG 4660 --- [Api-Gateway] [ctor-http-nio-7] o.s.c.g.r.RouteDefinitionRouteLocator    : RouteDefinition ReactiveCompositeDiscoveryClient_NOTIFICATION-SERVICE applying {pattern=/notification-service/**} to Path
2026-03-27T09:52:00.430+05:30 DEBUG 4660 --- [Api-Gateway] [ctor-http-nio-7] o.s.c.g.r.RouteDefinitionRouteLocator    : RouteDefinition ReactiveCompositeDiscoveryClient_NOTIFICATION-SERVICE applying filter {regexp=/notification-service/?(?<remaining>.*), replacement=/${remaining}} to RewritePath
2026-03-27T09:52:00.431+05:30 DEBUG 4660 --- [Api-Gateway] [ctor-http-nio-7] o.s.c.g.r.RouteDefinitionRouteLocator    : RouteDefinition matched: ReactiveCompositeDiscoveryClient_NOTIFICATION-SERVICE
2026-03-27T09:52:00.432+05:30 DEBUG 4660 --- [Api-Gateway] [ctor-http-nio-7] o.s.c.g.r.RouteDefinitionRouteLocator    : RouteDefinition ReactiveCompositeDiscoveryClient_USER-SERVICE applying {pattern=/user-service/**} to Path
2026-03-27T09:52:00.434+05:30 DEBUG 4660 --- [Api-Gateway] [ctor-http-nio-7] o.s.c.g.r.RouteDefinitionRouteLocator    : RouteDefinition ReactiveCompositeDiscoveryClient_USER-SERVICE applying filter {regexp=/user-service/?(?<remaining>.*), replacement=/${remaining}} to RewritePath
2026-03-27T09:52:00.435+05:30 DEBUG 4660 --- [Api-Gateway] [ctor-http-nio-7] o.s.c.g.r.RouteDefinitionRouteLocator    : RouteDefinition matched: ReactiveCompositeDiscoveryClient_USER-SERVICE
2026-03-27T09:52:00.435+05:30 DEBUG 4660 --- [Api-Gateway] [ctor-http-nio-7] o.s.c.g.r.RouteDefinitionRouteLocator    : RouteDefinition ReactiveCompositeDiscoveryClient_PAYMENT-SERVICES applying {pattern=/payment-services/**} to Path
2026-03-27T09:52:00.436+05:30 DEBUG 4660 --- [Api-Gateway] [ctor-http-nio-7] o.s.c.g.r.RouteDefinitionRouteLocator    : RouteDefinition ReactiveCompositeDiscoveryClient_PAYMENT-SERVICES applying filter {regexp=/payment-services/?(?<remaining>.*), replacement=/${remaining}} to RewritePath
2026-03-27T09:52:00.437+05:30 DEBUG 4660 --- [Api-Gateway] [ctor-http-nio-7] o.s.c.g.r.RouteDefinitionRouteLocator    : RouteDefinition matched: ReactiveCompositeDiscoveryClient_PAYMENT-SERVICES
2026-03-27T09:52:00.438+05:30 DEBUG 4660 --- [Api-Gateway] [ctor-http-nio-7] o.s.c.g.r.RouteDefinitionRouteLocator    : RouteDefinition AUTH-SERVICE applying {_genkey_0=/auth/**} to Path
2026-03-27T09:52:00.439+05:30 DEBUG 4660 --- [Api-Gateway] [ctor-http-nio-7] o.s.c.g.r.RouteDefinitionRouteLocator    : RouteDefinition matched: AUTH-SERVICE
2026-03-27T09:52:00.440+05:30 DEBUG 4660 --- [Api-Gateway] [ctor-http-nio-7] o.s.c.g.r.RouteDefinitionRouteLocator    : RouteDefinition ADMIN-SERVICE applying {_genkey_0=/admin/**} to Path
2026-03-27T09:52:00.442+05:30 DEBUG 4660 --- [Api-Gateway] [ctor-http-nio-7] o.s.c.g.r.RouteDefinitionRouteLocator    : RouteDefinition matched: ADMIN-SERVICE
2026-03-27T09:52:00.442+05:30 DEBUG 4660 --- [Api-Gateway] [ctor-http-nio-7] o.s.c.g.r.RouteDefinitionRouteLocator    : RouteDefinition KYC-SERVICE applying {_genkey_0=/kyc/**} to Path
2026-03-27T09:52:00.443+05:30 DEBUG 4660 --- [Api-Gateway] [ctor-http-nio-7] o.s.c.g.r.RouteDefinitionRouteLocator    : RouteDefinition matched: KYC-SERVICE
2026-03-27T09:52:00.443+05:30 DEBUG 4660 --- [Api-Gateway] [ctor-http-nio-7] o.s.c.g.r.RouteDefinitionRouteLocator    : RouteDefinition PAYMENT-SERVICES applying {_genkey_0=/api/payments/**} to Path
2026-03-27T09:52:00.446+05:30 DEBUG 4660 --- [Api-Gateway] [ctor-http-nio-7] o.s.c.g.r.RouteDefinitionRouteLocator    : RouteDefinition PAYMENT-SERVICES applying filter {_genkey_0=name:paymentCircuitBreaker, _genkey_1=fallbackUri:forward:/fallback/payment} to CircuitBreaker
2026-03-27T09:52:00.447+05:30 DEBUG 4660 --- [Api-Gateway] [ctor-http-nio-7] o.s.c.g.r.RouteDefinitionRouteLocator    : RouteDefinition matched: PAYMENT-SERVICES
2026-03-27T09:52:00.447+05:30 DEBUG 4660 --- [Api-Gateway] [ctor-http-nio-7] o.s.c.g.r.RouteDefinitionRouteLocator    : RouteDefinition WALLET-SERVICE applying {_genkey_0=/api/wallets/**} to Path
2026-03-27T09:52:00.451+05:30 DEBUG 4660 --- [Api-Gateway] [ctor-http-nio-7] o.s.c.g.r.RouteDefinitionRouteLocator    : RouteDefinition WALLET-SERVICE applying filter {_genkey_0=name:walletCircuitBreaker, _genkey_1=fallbackUri:forward:/fallback/general} to CircuitBreaker
2026-03-27T09:52:00.453+05:30 DEBUG 4660 --- [Api-Gateway] [ctor-http-nio-7] o.s.c.g.r.RouteDefinitionRouteLocator    : RouteDefinition matched: WALLET-SERVICE
2026-03-27T09:52:00.453+05:30 DEBUG 4660 --- [Api-Gateway] [ctor-http-nio-7] o.s.c.g.r.RouteDefinitionRouteLocator    : RouteDefinition TRANSACTION-SERVICE applying {_genkey_0=/api/transaction/**} to Path
2026-03-27T09:52:00.454+05:30 DEBUG 4660 --- [Api-Gateway] [ctor-http-nio-7] o.s.c.g.r.RouteDefinitionRouteLocator    : RouteDefinition TRANSACTION-SERVICE applying filter {_genkey_0=name:transactionCircuitBreaker, _genkey_1=fallbackUri:forward:/fallback/general} to CircuitBreaker
2026-03-27T09:52:00.455+05:30 DEBUG 4660 --- [Api-Gateway] [ctor-http-nio-7] o.s.c.g.r.RouteDefinitionRouteLocator    : RouteDefinition matched: TRANSACTION-SERVICE
2026-03-27T09:52:00.456+05:30 DEBUG 4660 --- [Api-Gateway] [ctor-http-nio-7] o.s.c.g.r.RouteDefinitionRouteLocator    : RouteDefinition REWARDS-SERVICE applying {_genkey_0=/api/rewards/**} to Path
2026-03-27T09:52:00.457+05:30 DEBUG 4660 --- [Api-Gateway] [ctor-http-nio-7] o.s.c.g.r.RouteDefinitionRouteLocator    : RouteDefinition REWARDS-SERVICE applying filter {_genkey_0=name:rewardCircuitBreaker, _genkey_1=fallbackUri:forward:/fallback/reward} to CircuitBreaker
2026-03-27T09:52:00.458+05:30 DEBUG 4660 --- [Api-Gateway] [ctor-http-nio-7] o.s.c.g.r.RouteDefinitionRouteLocator    : RouteDefinition matched: REWARDS-SERVICE
2026-03-27T09:52:00.458+05:30 DEBUG 4660 --- [Api-Gateway] [ctor-http-nio-7] o.s.c.g.r.RouteDefinitionRouteLocator    : RouteDefinition NOTIFICATION-SERVICE applying {_genkey_0=/api/notifications/**} to Path
2026-03-27T09:52:00.459+05:30 DEBUG 4660 --- [Api-Gateway] [ctor-http-nio-7] o.s.c.g.r.RouteDefinitionRouteLocator    : RouteDefinition NOTIFICATION-SERVICE applying filter {_genkey_0=name:notificationCircuitBreaker, _genkey_1=fallbackUri:forward:/fallback/general} to CircuitBreaker
2026-03-27T09:52:00.461+05:30 DEBUG 4660 --- [Api-Gateway] [ctor-http-nio-7] o.s.c.g.r.RouteDefinitionRouteLocator    : RouteDefinition matched: NOTIFICATION-SERVICE
2026-03-27T09:52:00.461+05:30 DEBUG 4660 --- [Api-Gateway] [ctor-http-nio-7] o.s.c.g.r.RouteDefinitionRouteLocator    : RouteDefinition USER-SERVICE applying {_genkey_0=/users/**} to Path
2026-03-27T09:52:00.462+05:30 DEBUG 4660 --- [Api-Gateway] [ctor-http-nio-7] o.s.c.g.r.RouteDefinitionRouteLocator    : RouteDefinition matched: USER-SERVICE
2026-03-27T09:52:00.465+05:30 DEBUG 4660 --- [Api-Gateway] [ctor-http-nio-7] o.s.c.g.filter.GatewayMetricsFilter      : New routes count: 19
2026-03-27T09:52:00.509+05:30 DEBUG 4660 --- [Api-Gateway] [ctor-http-nio-7] g.f.h.o.ObservedRequestHttpHeadersFilter : Will instrument the HTTP request headers [Host:"localhost:7505", sec-ch-ua-platform:""Windows"", User-Agent:"Mozilla/5.0 (Windows NT 10.0; Win64; x64) AppleWebKit/537.36 (KHTML, like Gecko) Chrome/146.0.0.0 Safari/537.36", Accept:"application/json,*/*", sec-ch-ua:""Chromium";v="146", "Not-A.Brand";v="24", "Google Chrome";v="146"", sec-ch-ua-mobile:"?0", Sec-Fetch-Site:"same-origin", Sec-Fetch-Mode:"cors", Sec-Fetch-Dest:"empty", Referer:"http://localhost:7505/webjars/swagger-ui/index.html", Accept-Encoding:"gzip, deflate, br, zstd", Accept-Language:"en-US,en;q=0.9", Cookie:"m=", Forwarded:"proto=http;host="localhost:7505";for="[0:0:0:0:0:0:0:1]:64214"", X-Forwarded-For:"0:0:0:0:0:0:0:1", X-Forwarded-Proto:"http", X-Forwarded-Port:"7505", X-Forwarded-Host:"localhost:7505"]
2026-03-27T09:52:00.524+05:30 DEBUG 4660 --- [Api-Gateway] [ctor-http-nio-7] g.f.h.o.ObservedRequestHttpHeadersFilter : Client observation  {name=http.client.requests(null), error=null, context=name='http.client.requests', contextualName='null', error='null', lowCardinalityKeyValues=[http.method='GET', http.status_code='UNKNOWN', spring.cloud.gateway.route.id='ADMIN-SERVICE', spring.cloud.gateway.route.uri='lb://ADMIN-SERVICE'], highCardinalityKeyValues=[http.uri='http://localhost:7505/admin/v3/api-docs'], map=[class io.micrometer.core.instrument.Timer$Sample='io.micrometer.core.instrument.Timer$Sample@288f9f0e', class io.micrometer.core.instrument.LongTaskTimer$Sample='SampleImpl{duration(seconds)=0.0038506, duration(nanos)=3850600.0, startTimeNanos=87617505110200}'], parentObservation={name=http.server.requests(null), error=null, context=name='http.server.requests', contextualName='null', error='null', lowCardinalityKeyValues=[exception='none', method='GET', outcome='SUCCESS', status='200', uri='UNKNOWN'], highCardinalityKeyValues=[http.url='/admin/v3/api-docs'], map=[class io.micrometer.core.instrument.Timer$Sample='io.micrometer.core.instrument.Timer$Sample@28d58b37', class io.micrometer.core.instrument.LongTaskTimer$Sample='SampleImpl{duration(seconds)=0.2183823, duration(nanos)=2.183823E8, startTimeNanos=87617291128200}'], parentObservation=null}} created for the request. New headers are [Host:"localhost:7505", sec-ch-ua-platform:""Windows"", User-Agent:"Mozilla/5.0 (Windows NT 10.0; Win64; x64) AppleWebKit/537.36 (KHTML, like Gecko) Chrome/146.0.0.0 Safari/537.36", Accept:"application/json,*/*", sec-ch-ua:""Chromium";v="146", "Not-A.Brand";v="24", "Google Chrome";v="146"", sec-ch-ua-mobile:"?0", Sec-Fetch-Site:"same-origin", Sec-Fetch-Mode:"cors", Sec-Fetch-Dest:"empty", Referer:"http://localhost:7505/webjars/swagger-ui/index.html", Accept-Encoding:"gzip, deflate, br, zstd", Accept-Language:"en-US,en;q=0.9", Cookie:"m=", Forwarded:"proto=http;host="localhost:7505";for="[0:0:0:0:0:0:0:1]:64214"", X-Forwarded-For:"0:0:0:0:0:0:0:1", X-Forwarded-Proto:"http", X-Forwarded-Port:"7505", X-Forwarded-Host:"localhost:7505"]
2026-03-27T09:52:01.092+05:30 DEBUG 4660 --- [Api-Gateway] [reshExecutor-%d] o.s.c.g.r.RouteDefinitionRouteLocator    : RouteDefinition ReactiveCompositeDiscoveryClient_CONFIG-SERVIER applying {pattern=/config-servier/**} to Path
2026-03-27T09:52:01.093+05:30 DEBUG 4660 --- [Api-Gateway] [reshExecutor-%d] o.s.c.g.r.RouteDefinitionRouteLocator    : RouteDefinition ReactiveCompositeDiscoveryClient_CONFIG-SERVIER applying filter {regexp=/config-servier/?(?<remaining>.*), replacement=/${remaining}} to RewritePath
2026-03-27T09:52:01.096+05:30 DEBUG 4660 --- [Api-Gateway] [reshExecutor-%d] o.s.c.g.r.RouteDefinitionRouteLocator    : RouteDefinition matched: ReactiveCompositeDiscoveryClient_CONFIG-SERVIER
2026-03-27T09:52:01.097+05:30 DEBUG 4660 --- [Api-Gateway] [reshExecutor-%d] o.s.c.g.r.RouteDefinitionRouteLocator    : RouteDefinition ReactiveCompositeDiscoveryClient_API-GATEWAY applying {pattern=/api-gateway/**} to Path
2026-03-27T09:52:01.099+05:30 DEBUG 4660 --- [Api-Gateway] [reshExecutor-%d] o.s.c.g.r.RouteDefinitionRouteLocator    : RouteDefinition ReactiveCompositeDiscoveryClient_API-GATEWAY applying filter {regexp=/api-gateway/?(?<remaining>.*), replacement=/${remaining}} to RewritePath
2026-03-27T09:52:01.100+05:30 DEBUG 4660 --- [Api-Gateway] [reshExecutor-%d] o.s.c.g.r.RouteDefinitionRouteLocator    : RouteDefinition matched: ReactiveCompositeDiscoveryClient_API-GATEWAY
2026-03-27T09:52:01.100+05:30 DEBUG 4660 --- [Api-Gateway] [reshExecutor-%d] o.s.c.g.r.RouteDefinitionRouteLocator    : RouteDefinition ReactiveCompositeDiscoveryClient_REWARDS-SERVICE applying {pattern=/rewards-service/**} to Path
2026-03-27T09:52:01.103+05:30 DEBUG 4660 --- [Api-Gateway] [reshExecutor-%d] o.s.c.g.r.RouteDefinitionRouteLocator    : RouteDefinition ReactiveCompositeDiscoveryClient_REWARDS-SERVICE applying filter {regexp=/rewards-service/?(?<remaining>.*), replacement=/${remaining}} to RewritePath
2026-03-27T09:52:01.104+05:30 DEBUG 4660 --- [Api-Gateway] [reshExecutor-%d] o.s.c.g.r.RouteDefinitionRouteLocator    : RouteDefinition matched: ReactiveCompositeDiscoveryClient_REWARDS-SERVICE
2026-03-27T09:52:01.105+05:30 DEBUG 4660 --- [Api-Gateway] [reshExecutor-%d] o.s.c.g.r.RouteDefinitionRouteLocator    : RouteDefinition ReactiveCompositeDiscoveryClient_KYC-SERVICE applying {pattern=/kyc-service/**} to Path
2026-03-27T09:52:01.106+05:30 DEBUG 4660 --- [Api-Gateway] [reshExecutor-%d] o.s.c.g.r.RouteDefinitionRouteLocator    : RouteDefinition ReactiveCompositeDiscoveryClient_KYC-SERVICE applying filter {regexp=/kyc-service/?(?<remaining>.*), replacement=/${remaining}} to RewritePath
2026-03-27T09:52:01.107+05:30 DEBUG 4660 --- [Api-Gateway] [reshExecutor-%d] o.s.c.g.r.RouteDefinitionRouteLocator    : RouteDefinition matched: ReactiveCompositeDiscoveryClient_KYC-SERVICE
2026-03-27T09:52:01.108+05:30 DEBUG 4660 --- [Api-Gateway] [reshExecutor-%d] o.s.c.g.r.RouteDefinitionRouteLocator    : RouteDefinition ReactiveCompositeDiscoveryClient_ADMIN-SERVICE applying {pattern=/admin-service/**} to Path
2026-03-27T09:52:01.110+05:30 DEBUG 4660 --- [Api-Gateway] [reshExecutor-%d] o.s.c.g.r.RouteDefinitionRouteLocator    : RouteDefinition ReactiveCompositeDiscoveryClient_ADMIN-SERVICE applying filter {regexp=/admin-service/?(?<remaining>.*), replacement=/${remaining}} to RewritePath
2026-03-27T09:52:01.111+05:30 DEBUG 4660 --- [Api-Gateway] [reshExecutor-%d] o.s.c.g.r.RouteDefinitionRouteLocator    : RouteDefinition matched: ReactiveCompositeDiscoveryClient_ADMIN-SERVICE
2026-03-27T09:52:01.111+05:30 DEBUG 4660 --- [Api-Gateway] [reshExecutor-%d] o.s.c.g.r.RouteDefinitionRouteLocator    : RouteDefinition ReactiveCompositeDiscoveryClient_TRANSACTION-SERVICE applying {pattern=/transaction-service/**} to Path
2026-03-27T09:52:01.113+05:30 DEBUG 4660 --- [Api-Gateway] [reshExecutor-%d] o.s.c.g.r.RouteDefinitionRouteLocator    : RouteDefinition ReactiveCompositeDiscoveryClient_TRANSACTION-SERVICE applying filter {regexp=/transaction-service/?(?<remaining>.*), replacement=/${remaining}} to RewritePath
2026-03-27T09:52:01.114+05:30 DEBUG 4660 --- [Api-Gateway] [reshExecutor-%d] o.s.c.g.r.RouteDefinitionRouteLocator    : RouteDefinition matched: ReactiveCompositeDiscoveryClient_TRANSACTION-SERVICE
2026-03-27T09:52:01.115+05:30 DEBUG 4660 --- [Api-Gateway] [reshExecutor-%d] o.s.c.g.r.RouteDefinitionRouteLocator    : RouteDefinition ReactiveCompositeDiscoveryClient_WALLET-SERVICE applying {pattern=/wallet-service/**} to Path
2026-03-27T09:52:01.116+05:30 DEBUG 4660 --- [Api-Gateway] [reshExecutor-%d] o.s.c.g.r.RouteDefinitionRouteLocator    : RouteDefinition ReactiveCompositeDiscoveryClient_WALLET-SERVICE applying filter {regexp=/wallet-service/?(?<remaining>.*), replacement=/${remaining}} to RewritePath
2026-03-27T09:52:01.117+05:30 DEBUG 4660 --- [Api-Gateway] [reshExecutor-%d] o.s.c.g.r.RouteDefinitionRouteLocator    : RouteDefinition matched: ReactiveCompositeDiscoveryClient_WALLET-SERVICE
2026-03-27T09:52:01.118+05:30 DEBUG 4660 --- [Api-Gateway] [reshExecutor-%d] o.s.c.g.r.RouteDefinitionRouteLocator    : RouteDefinition ReactiveCompositeDiscoveryClient_NOTIFICATION-SERVICE applying {pattern=/notification-service/**} to Path
2026-03-27T09:52:01.119+05:30 DEBUG 4660 --- [Api-Gateway] [reshExecutor-%d] o.s.c.g.r.RouteDefinitionRouteLocator    : RouteDefinition ReactiveCompositeDiscoveryClient_NOTIFICATION-SERVICE applying filter {regexp=/notification-service/?(?<remaining>.*), replacement=/${remaining}} to RewritePath
2026-03-27T09:52:01.121+05:30 DEBUG 4660 --- [Api-Gateway] [reshExecutor-%d] o.s.c.g.r.RouteDefinitionRouteLocator    : RouteDefinition matched: ReactiveCompositeDiscoveryClient_NOTIFICATION-SERVICE
2026-03-27T09:52:01.121+05:30 DEBUG 4660 --- [Api-Gateway] [reshExecutor-%d] o.s.c.g.r.RouteDefinitionRouteLocator    : RouteDefinition ReactiveCompositeDiscoveryClient_USER-SERVICE applying {pattern=/user-service/**} to Path
2026-03-27T09:52:01.124+05:30 DEBUG 4660 --- [Api-Gateway] [reshExecutor-%d] o.s.c.g.r.RouteDefinitionRouteLocator    : RouteDefinition ReactiveCompositeDiscoveryClient_USER-SERVICE applying filter {regexp=/user-service/?(?<remaining>.*), replacement=/${remaining}} to RewritePath
2026-03-27T09:52:01.125+05:30 DEBUG 4660 --- [Api-Gateway] [reshExecutor-%d] o.s.c.g.r.RouteDefinitionRouteLocator    : RouteDefinition matched: ReactiveCompositeDiscoveryClient_USER-SERVICE
2026-03-27T09:52:01.126+05:30 DEBUG 4660 --- [Api-Gateway] [reshExecutor-%d] o.s.c.g.r.RouteDefinitionRouteLocator    : RouteDefinition ReactiveCompositeDiscoveryClient_PAYMENT-SERVICES applying {pattern=/payment-services/**} to Path
2026-03-27T09:52:01.127+05:30 DEBUG 4660 --- [Api-Gateway] [reshExecutor-%d] o.s.c.g.r.RouteDefinitionRouteLocator    : RouteDefinition ReactiveCompositeDiscoveryClient_PAYMENT-SERVICES applying filter {regexp=/payment-services/?(?<remaining>.*), replacement=/${remaining}} to RewritePath
2026-03-27T09:52:01.129+05:30 DEBUG 4660 --- [Api-Gateway] [reshExecutor-%d] o.s.c.g.r.RouteDefinitionRouteLocator    : RouteDefinition matched: ReactiveCompositeDiscoveryClient_PAYMENT-SERVICES
2026-03-27T09:52:01.130+05:30 DEBUG 4660 --- [Api-Gateway] [reshExecutor-%d] o.s.c.g.r.RouteDefinitionRouteLocator    : RouteDefinition AUTH-SERVICE applying {_genkey_0=/auth/**} to Path
2026-03-27T09:52:01.131+05:30 DEBUG 4660 --- [Api-Gateway] [reshExecutor-%d] o.s.c.g.r.RouteDefinitionRouteLocator    : RouteDefinition matched: AUTH-SERVICE
2026-03-27T09:52:01.132+05:30 DEBUG 4660 --- [Api-Gateway] [reshExecutor-%d] o.s.c.g.r.RouteDefinitionRouteLocator    : RouteDefinition ADMIN-SERVICE applying {_genkey_0=/admin/**} to Path
2026-03-27T09:52:01.133+05:30 DEBUG 4660 --- [Api-Gateway] [reshExecutor-%d] o.s.c.g.r.RouteDefinitionRouteLocator    : RouteDefinition matched: ADMIN-SERVICE
2026-03-27T09:52:01.133+05:30 DEBUG 4660 --- [Api-Gateway] [reshExecutor-%d] o.s.c.g.r.RouteDefinitionRouteLocator    : RouteDefinition KYC-SERVICE applying {_genkey_0=/kyc/**} to Path
2026-03-27T09:52:01.134+05:30 DEBUG 4660 --- [Api-Gateway] [reshExecutor-%d] o.s.c.g.r.RouteDefinitionRouteLocator    : RouteDefinition matched: KYC-SERVICE
2026-03-27T09:52:01.135+05:30 DEBUG 4660 --- [Api-Gateway] [reshExecutor-%d] o.s.c.g.r.RouteDefinitionRouteLocator    : RouteDefinition PAYMENT-SERVICES applying {_genkey_0=/api/payments/**} to Path
2026-03-27T09:52:01.137+05:30 DEBUG 4660 --- [Api-Gateway] [reshExecutor-%d] o.s.c.g.r.RouteDefinitionRouteLocator    : RouteDefinition PAYMENT-SERVICES applying filter {_genkey_0=name:paymentCircuitBreaker, _genkey_1=fallbackUri:forward:/fallback/payment} to CircuitBreaker
2026-03-27T09:52:01.138+05:30 DEBUG 4660 --- [Api-Gateway] [reshExecutor-%d] o.s.c.g.r.RouteDefinitionRouteLocator    : RouteDefinition matched: PAYMENT-SERVICES
2026-03-27T09:52:01.139+05:30 DEBUG 4660 --- [Api-Gateway] [reshExecutor-%d] o.s.c.g.r.RouteDefinitionRouteLocator    : RouteDefinition WALLET-SERVICE applying {_genkey_0=/api/wallets/**} to Path
2026-03-27T09:52:01.140+05:30 DEBUG 4660 --- [Api-Gateway] [reshExecutor-%d] o.s.c.g.r.RouteDefinitionRouteLocator    : RouteDefinition WALLET-SERVICE applying filter {_genkey_0=name:walletCircuitBreaker, _genkey_1=fallbackUri:forward:/fallback/general} to CircuitBreaker
2026-03-27T09:52:01.142+05:30 DEBUG 4660 --- [Api-Gateway] [reshExecutor-%d] o.s.c.g.r.RouteDefinitionRouteLocator    : RouteDefinition matched: WALLET-SERVICE
2026-03-27T09:52:01.142+05:30 DEBUG 4660 --- [Api-Gateway] [reshExecutor-%d] o.s.c.g.r.RouteDefinitionRouteLocator    : RouteDefinition TRANSACTION-SERVICE applying {_genkey_0=/api/transaction/**} to Path
2026-03-27T09:52:01.144+05:30 DEBUG 4660 --- [Api-Gateway] [reshExecutor-%d] o.s.c.g.r.RouteDefinitionRouteLocator    : RouteDefinition TRANSACTION-SERVICE applying filter {_genkey_0=name:transactionCircuitBreaker, _genkey_1=fallbackUri:forward:/fallback/general} to CircuitBreaker
2026-03-27T09:52:01.147+05:30 DEBUG 4660 --- [Api-Gateway] [reshExecutor-%d] o.s.c.g.r.RouteDefinitionRouteLocator    : RouteDefinition matched: TRANSACTION-SERVICE
2026-03-27T09:52:01.148+05:30 DEBUG 4660 --- [Api-Gateway] [reshExecutor-%d] o.s.c.g.r.RouteDefinitionRouteLocator    : RouteDefinition REWARDS-SERVICE applying {_genkey_0=/api/rewards/**} to Path
2026-03-27T09:52:01.148+05:30 DEBUG 4660 --- [Api-Gateway] [reshExecutor-%d] o.s.c.g.r.RouteDefinitionRouteLocator    : RouteDefinition REWARDS-SERVICE applying filter {_genkey_0=name:rewardCircuitBreaker, _genkey_1=fallbackUri:forward:/fallback/reward} to CircuitBreaker
2026-03-27T09:52:01.150+05:30 DEBUG 4660 --- [Api-Gateway] [reshExecutor-%d] o.s.c.g.r.RouteDefinitionRouteLocator    : RouteDefinition matched: REWARDS-SERVICE
2026-03-27T09:52:01.151+05:30 DEBUG 4660 --- [Api-Gateway] [reshExecutor-%d] o.s.c.g.r.RouteDefinitionRouteLocator    : RouteDefinition NOTIFICATION-SERVICE applying {_genkey_0=/api/notifications/**} to Path
2026-03-27T09:52:01.152+05:30 DEBUG 4660 --- [Api-Gateway] [reshExecutor-%d] o.s.c.g.r.RouteDefinitionRouteLocator    : RouteDefinition NOTIFICATION-SERVICE applying filter {_genkey_0=name:notificationCircuitBreaker, _genkey_1=fallbackUri:forward:/fallback/general} to CircuitBreaker
2026-03-27T09:52:01.154+05:30 DEBUG 4660 --- [Api-Gateway] [reshExecutor-%d] o.s.c.g.r.RouteDefinitionRouteLocator    : RouteDefinition matched: NOTIFICATION-SERVICE
2026-03-27T09:52:01.155+05:30 DEBUG 4660 --- [Api-Gateway] [reshExecutor-%d] o.s.c.g.r.RouteDefinitionRouteLocator    : RouteDefinition USER-SERVICE applying {_genkey_0=/users/**} to Path
2026-03-27T09:52:01.157+05:30 DEBUG 4660 --- [Api-Gateway] [reshExecutor-%d] o.s.c.g.r.RouteDefinitionRouteLocator    : RouteDefinition matched: USER-SERVICE
2026-03-27T09:52:01.163+05:30 DEBUG 4660 --- [Api-Gateway] [reshExecutor-%d] o.s.c.g.filter.GatewayMetricsFilter      : New routes count: 19
2026-03-27T09:52:01.986+05:30 DEBUG 4660 --- [Api-Gateway] [ctor-http-nio-7] .f.h.o.ObservedResponseHttpHeadersFilter : Will instrument the response
2026-03-27T09:52:01.990+05:30 DEBUG 4660 --- [Api-Gateway] [ctor-http-nio-7] .f.h.o.ObservedResponseHttpHeadersFilter : The response was handled for observation {name=http.client.requests(null), error=null, context=name='http.client.requests', contextualName='null', error='null', lowCardinalityKeyValues=[http.method='GET', http.status_code='UNKNOWN', spring.cloud.gateway.route.id='ADMIN-SERVICE', spring.cloud.gateway.route.uri='lb://ADMIN-SERVICE'], highCardinalityKeyValues=[http.uri='http://localhost:7505/admin/v3/api-docs'], map=[class io.micrometer.core.instrument.Timer$Sample='io.micrometer.core.instrument.Timer$Sample@288f9f0e', class io.micrometer.core.instrument.LongTaskTimer$Sample='SampleImpl{duration(seconds)=1.470317, duration(nanos)=1.470317E9, startTimeNanos=87617505110200}'], parentObservation={name=http.server.requests(null), error=null, context=name='http.server.requests', contextualName='null', error='null', lowCardinalityKeyValues=[exception='none', method='GET', outcome='SUCCESS', status='200', uri='UNKNOWN'], highCardinalityKeyValues=[http.url='/admin/v3/api-docs'], map=[class io.micrometer.core.instrument.Timer$Sample='io.micrometer.core.instrument.Timer$Sample@28d58b37', class io.micrometer.core.instrument.LongTaskTimer$Sample='SampleImpl{duration(seconds)=1.6853418, duration(nanos)=1.6853418E9, startTimeNanos=87617291128200}'], parentObservation=null}}
2026-03-27T09:52:27.734+05:30 DEBUG 4660 --- [Api-Gateway] [ctor-http-nio-7] o.s.c.g.h.RoutePredicateHandlerMapping   : Route matched: KYC-SERVICE
2026-03-27T09:52:27.736+05:30 DEBUG 4660 --- [Api-Gateway] [ctor-http-nio-7] o.s.c.g.h.RoutePredicateHandlerMapping   : Mapping [Exchange: GET http://localhost:7505/kyc/v3/api-docs] to Route{id='KYC-SERVICE', uri=lb://KYC-SERVICE, order=0, predicate=Paths: [/kyc/**], match trailing slash: true, gatewayFilters=[], metadata={}}
2026-03-27T09:52:27.738+05:30 DEBUG 4660 --- [Api-Gateway] [ctor-http-nio-7] o.s.c.g.h.RoutePredicateHandlerMapping   : [799d025b-17] Mapped to org.springframework.cloud.gateway.handler.FilteringWebHandler@6394ca3c
2026-03-27T09:52:27.738+05:30 DEBUG 4660 --- [Api-Gateway] [ctor-http-nio-7] o.s.c.g.handler.FilteringWebHandler      : Sorted gatewayFilterFactories: [[GatewayFilterAdapter{delegate=org.springframework.cloud.gateway.filter.RemoveCachedBodyFilter@1edf71d9}, order = -2147483648], [GatewayFilterAdapter{delegate=org.springframework.cloud.gateway.filter.AdaptCachedBodyGlobalFilter@6ace919c}, order = -2147482648], [GatewayFilterAdapter{delegate=org.springframework.cloud.gateway.filter.NettyWriteResponseFilter@6f106af8}, order = -1], [GatewayFilterAdapter{delegate=org.springframework.cloud.gateway.filter.ForwardPathFilter@7f305f34}, order = 0], [GatewayFilterAdapter{delegate=org.springframework.cloud.gateway.filter.GatewayMetricsFilter@601d295}, order = 0], [GatewayFilterAdapter{delegate=org.springframework.cloud.gateway.filter.RouteToRequestUrlFilter@52d9d817}, order = 10000], [GatewayFilterAdapter{delegate=org.springframework.cloud.gateway.filter.ReactiveLoadBalancerClientFilter@3e39e0fb}, order = 10150], [GatewayFilterAdapter{delegate=org.springframework.cloud.gateway.filter.LoadBalancerServiceInstanceCookieFilter@260d48f5}, order = 10151], [GatewayFilterAdapter{delegate=org.springframework.cloud.gateway.filter.WebsocketRoutingFilter@1a84a8b2}, order = 2147483646], [GatewayFilterAdapter{delegate=org.springframework.cloud.gateway.filter.NettyRoutingFilter@148ab138}, order = 2147483647], [GatewayFilterAdapter{delegate=org.springframework.cloud.gateway.filter.ForwardRoutingFilter@131ba005}, order = 2147483647]]
2026-03-27T09:52:27.805+05:30 DEBUG 4660 --- [Api-Gateway] [ctor-http-nio-7] o.s.c.g.r.RouteDefinitionRouteLocator    : RouteDefinition ReactiveCompositeDiscoveryClient_CONFIG-SERVIER applying {pattern=/config-servier/**} to Path
2026-03-27T09:52:27.807+05:30 DEBUG 4660 --- [Api-Gateway] [ctor-http-nio-7] o.s.c.g.r.RouteDefinitionRouteLocator    : RouteDefinition ReactiveCompositeDiscoveryClient_CONFIG-SERVIER applying filter {regexp=/config-servier/?(?<remaining>.*), replacement=/${remaining}} to RewritePath
2026-03-27T09:52:27.809+05:30 DEBUG 4660 --- [Api-Gateway] [ctor-http-nio-7] o.s.c.g.r.RouteDefinitionRouteLocator    : RouteDefinition matched: ReactiveCompositeDiscoveryClient_CONFIG-SERVIER
2026-03-27T09:52:27.810+05:30 DEBUG 4660 --- [Api-Gateway] [ctor-http-nio-7] o.s.c.g.r.RouteDefinitionRouteLocator    : RouteDefinition ReactiveCompositeDiscoveryClient_API-GATEWAY applying {pattern=/api-gateway/**} to Path
2026-03-27T09:52:27.812+05:30 DEBUG 4660 --- [Api-Gateway] [ctor-http-nio-7] o.s.c.g.r.RouteDefinitionRouteLocator    : RouteDefinition ReactiveCompositeDiscoveryClient_API-GATEWAY applying filter {regexp=/api-gateway/?(?<remaining>.*), replacement=/${remaining}} to RewritePath
2026-03-27T09:52:27.813+05:30 DEBUG 4660 --- [Api-Gateway] [ctor-http-nio-7] o.s.c.g.r.RouteDefinitionRouteLocator    : RouteDefinition matched: ReactiveCompositeDiscoveryClient_API-GATEWAY
2026-03-27T09:52:27.819+05:30 DEBUG 4660 --- [Api-Gateway] [ctor-http-nio-7] o.s.c.g.r.RouteDefinitionRouteLocator    : RouteDefinition ReactiveCompositeDiscoveryClient_REWARDS-SERVICE applying {pattern=/rewards-service/**} to Path
2026-03-27T09:52:27.821+05:30 DEBUG 4660 --- [Api-Gateway] [ctor-http-nio-7] o.s.c.g.r.RouteDefinitionRouteLocator    : RouteDefinition ReactiveCompositeDiscoveryClient_REWARDS-SERVICE applying filter {regexp=/rewards-service/?(?<remaining>.*), replacement=/${remaining}} to RewritePath
2026-03-27T09:52:27.823+05:30 DEBUG 4660 --- [Api-Gateway] [ctor-http-nio-7] o.s.c.g.r.RouteDefinitionRouteLocator    : RouteDefinition matched: ReactiveCompositeDiscoveryClient_REWARDS-SERVICE
2026-03-27T09:52:27.824+05:30 DEBUG 4660 --- [Api-Gateway] [ctor-http-nio-7] o.s.c.g.r.RouteDefinitionRouteLocator    : RouteDefinition ReactiveCompositeDiscoveryClient_KYC-SERVICE applying {pattern=/kyc-service/**} to Path
2026-03-27T09:52:27.826+05:30 DEBUG 4660 --- [Api-Gateway] [ctor-http-nio-7] o.s.c.g.r.RouteDefinitionRouteLocator    : RouteDefinition ReactiveCompositeDiscoveryClient_KYC-SERVICE applying filter {regexp=/kyc-service/?(?<remaining>.*), replacement=/${remaining}} to RewritePath
2026-03-27T09:52:27.827+05:30 DEBUG 4660 --- [Api-Gateway] [ctor-http-nio-7] o.s.c.g.r.RouteDefinitionRouteLocator    : RouteDefinition matched: ReactiveCompositeDiscoveryClient_KYC-SERVICE
2026-03-27T09:52:27.828+05:30 DEBUG 4660 --- [Api-Gateway] [ctor-http-nio-7] o.s.c.g.r.RouteDefinitionRouteLocator    : RouteDefinition ReactiveCompositeDiscoveryClient_ADMIN-SERVICE applying {pattern=/admin-service/**} to Path
2026-03-27T09:52:27.828+05:30 DEBUG 4660 --- [Api-Gateway] [ctor-http-nio-7] o.s.c.g.r.RouteDefinitionRouteLocator    : RouteDefinition ReactiveCompositeDiscoveryClient_ADMIN-SERVICE applying filter {regexp=/admin-service/?(?<remaining>.*), replacement=/${remaining}} to RewritePath
2026-03-27T09:52:27.831+05:30 DEBUG 4660 --- [Api-Gateway] [ctor-http-nio-7] o.s.c.g.r.RouteDefinitionRouteLocator    : RouteDefinition matched: ReactiveCompositeDiscoveryClient_ADMIN-SERVICE
2026-03-27T09:52:27.832+05:30 DEBUG 4660 --- [Api-Gateway] [ctor-http-nio-7] o.s.c.g.r.RouteDefinitionRouteLocator    : RouteDefinition ReactiveCompositeDiscoveryClient_TRANSACTION-SERVICE applying {pattern=/transaction-service/**} to Path
2026-03-27T09:52:27.833+05:30 DEBUG 4660 --- [Api-Gateway] [ctor-http-nio-7] o.s.c.g.r.RouteDefinitionRouteLocator    : RouteDefinition ReactiveCompositeDiscoveryClient_TRANSACTION-SERVICE applying filter {regexp=/transaction-service/?(?<remaining>.*), replacement=/${remaining}} to RewritePath
2026-03-27T09:52:27.835+05:30 DEBUG 4660 --- [Api-Gateway] [ctor-http-nio-7] o.s.c.g.r.RouteDefinitionRouteLocator    : RouteDefinition matched: ReactiveCompositeDiscoveryClient_TRANSACTION-SERVICE
2026-03-27T09:52:27.835+05:30 DEBUG 4660 --- [Api-Gateway] [ctor-http-nio-7] o.s.c.g.r.RouteDefinitionRouteLocator    : RouteDefinition ReactiveCompositeDiscoveryClient_WALLET-SERVICE applying {pattern=/wallet-service/**} to Path
2026-03-27T09:52:27.837+05:30 DEBUG 4660 --- [Api-Gateway] [ctor-http-nio-7] o.s.c.g.r.RouteDefinitionRouteLocator    : RouteDefinition ReactiveCompositeDiscoveryClient_WALLET-SERVICE applying filter {regexp=/wallet-service/?(?<remaining>.*), replacement=/${remaining}} to RewritePath
2026-03-27T09:52:27.838+05:30 DEBUG 4660 --- [Api-Gateway] [ctor-http-nio-7] o.s.c.g.r.RouteDefinitionRouteLocator    : RouteDefinition matched: ReactiveCompositeDiscoveryClient_WALLET-SERVICE
2026-03-27T09:52:27.838+05:30 DEBUG 4660 --- [Api-Gateway] [ctor-http-nio-7] o.s.c.g.r.RouteDefinitionRouteLocator    : RouteDefinition ReactiveCompositeDiscoveryClient_NOTIFICATION-SERVICE applying {pattern=/notification-service/**} to Path
2026-03-27T09:52:27.839+05:30 DEBUG 4660 --- [Api-Gateway] [ctor-http-nio-7] o.s.c.g.r.RouteDefinitionRouteLocator    : RouteDefinition ReactiveCompositeDiscoveryClient_NOTIFICATION-SERVICE applying filter {regexp=/notification-service/?(?<remaining>.*), replacement=/${remaining}} to RewritePath
2026-03-27T09:52:27.841+05:30 DEBUG 4660 --- [Api-Gateway] [ctor-http-nio-7] o.s.c.g.r.RouteDefinitionRouteLocator    : RouteDefinition matched: ReactiveCompositeDiscoveryClient_NOTIFICATION-SERVICE
2026-03-27T09:52:27.842+05:30 DEBUG 4660 --- [Api-Gateway] [ctor-http-nio-7] o.s.c.g.r.RouteDefinitionRouteLocator    : RouteDefinition ReactiveCompositeDiscoveryClient_USER-SERVICE applying {pattern=/user-service/**} to Path
2026-03-27T09:52:27.844+05:30 DEBUG 4660 --- [Api-Gateway] [ctor-http-nio-7] o.s.c.g.r.RouteDefinitionRouteLocator    : RouteDefinition ReactiveCompositeDiscoveryClient_USER-SERVICE applying filter {regexp=/user-service/?(?<remaining>.*), replacement=/${remaining}} to RewritePath
2026-03-27T09:52:27.845+05:30 DEBUG 4660 --- [Api-Gateway] [ctor-http-nio-7] o.s.c.g.r.RouteDefinitionRouteLocator    : RouteDefinition matched: ReactiveCompositeDiscoveryClient_USER-SERVICE
2026-03-27T09:52:27.846+05:30 DEBUG 4660 --- [Api-Gateway] [ctor-http-nio-7] o.s.c.g.r.RouteDefinitionRouteLocator    : RouteDefinition ReactiveCompositeDiscoveryClient_PAYMENT-SERVICES applying {pattern=/payment-services/**} to Path
2026-03-27T09:52:27.847+05:30 DEBUG 4660 --- [Api-Gateway] [ctor-http-nio-7] o.s.c.g.r.RouteDefinitionRouteLocator    : RouteDefinition ReactiveCompositeDiscoveryClient_PAYMENT-SERVICES applying filter {regexp=/payment-services/?(?<remaining>.*), replacement=/${remaining}} to RewritePath
2026-03-27T09:52:27.848+05:30 DEBUG 4660 --- [Api-Gateway] [ctor-http-nio-7] o.s.c.g.r.RouteDefinitionRouteLocator    : RouteDefinition matched: ReactiveCompositeDiscoveryClient_PAYMENT-SERVICES
2026-03-27T09:52:27.850+05:30 DEBUG 4660 --- [Api-Gateway] [ctor-http-nio-7] o.s.c.g.r.RouteDefinitionRouteLocator    : RouteDefinition AUTH-SERVICE applying {_genkey_0=/auth/**} to Path
2026-03-27T09:52:27.852+05:30 DEBUG 4660 --- [Api-Gateway] [ctor-http-nio-7] o.s.c.g.r.RouteDefinitionRouteLocator    : RouteDefinition matched: AUTH-SERVICE
2026-03-27T09:52:27.852+05:30 DEBUG 4660 --- [Api-Gateway] [ctor-http-nio-7] o.s.c.g.r.RouteDefinitionRouteLocator    : RouteDefinition ADMIN-SERVICE applying {_genkey_0=/admin/**} to Path
2026-03-27T09:52:27.852+05:30 DEBUG 4660 --- [Api-Gateway] [ctor-http-nio-7] o.s.c.g.r.RouteDefinitionRouteLocator    : RouteDefinition matched: ADMIN-SERVICE
2026-03-27T09:52:27.853+05:30 DEBUG 4660 --- [Api-Gateway] [ctor-http-nio-7] o.s.c.g.r.RouteDefinitionRouteLocator    : RouteDefinition KYC-SERVICE applying {_genkey_0=/kyc/**} to Path
2026-03-27T09:52:27.855+05:30 DEBUG 4660 --- [Api-Gateway] [ctor-http-nio-7] o.s.c.g.r.RouteDefinitionRouteLocator    : RouteDefinition matched: KYC-SERVICE
2026-03-27T09:52:27.855+05:30 DEBUG 4660 --- [Api-Gateway] [ctor-http-nio-7] o.s.c.g.r.RouteDefinitionRouteLocator    : RouteDefinition PAYMENT-SERVICES applying {_genkey_0=/api/payments/**} to Path
2026-03-27T09:52:27.856+05:30 DEBUG 4660 --- [Api-Gateway] [ctor-http-nio-7] o.s.c.g.r.RouteDefinitionRouteLocator    : RouteDefinition PAYMENT-SERVICES applying filter {_genkey_0=name:paymentCircuitBreaker, _genkey_1=fallbackUri:forward:/fallback/payment} to CircuitBreaker
2026-03-27T09:52:27.858+05:30 DEBUG 4660 --- [Api-Gateway] [ctor-http-nio-7] o.s.c.g.r.RouteDefinitionRouteLocator    : RouteDefinition matched: PAYMENT-SERVICES
2026-03-27T09:52:27.858+05:30 DEBUG 4660 --- [Api-Gateway] [ctor-http-nio-7] o.s.c.g.r.RouteDefinitionRouteLocator    : RouteDefinition WALLET-SERVICE applying {_genkey_0=/api/wallets/**} to Path
2026-03-27T09:52:27.859+05:30 DEBUG 4660 --- [Api-Gateway] [ctor-http-nio-7] o.s.c.g.r.RouteDefinitionRouteLocator    : RouteDefinition WALLET-SERVICE applying filter {_genkey_0=name:walletCircuitBreaker, _genkey_1=fallbackUri:forward:/fallback/general} to CircuitBreaker
2026-03-27T09:52:27.860+05:30 DEBUG 4660 --- [Api-Gateway] [ctor-http-nio-7] o.s.c.g.r.RouteDefinitionRouteLocator    : RouteDefinition matched: WALLET-SERVICE
2026-03-27T09:52:27.861+05:30 DEBUG 4660 --- [Api-Gateway] [ctor-http-nio-7] o.s.c.g.r.RouteDefinitionRouteLocator    : RouteDefinition TRANSACTION-SERVICE applying {_genkey_0=/api/transaction/**} to Path
2026-03-27T09:52:27.862+05:30 DEBUG 4660 --- [Api-Gateway] [ctor-http-nio-7] o.s.c.g.r.RouteDefinitionRouteLocator    : RouteDefinition TRANSACTION-SERVICE applying filter {_genkey_0=name:transactionCircuitBreaker, _genkey_1=fallbackUri:forward:/fallback/general} to CircuitBreaker
2026-03-27T09:52:27.864+05:30 DEBUG 4660 --- [Api-Gateway] [ctor-http-nio-7] o.s.c.g.r.RouteDefinitionRouteLocator    : RouteDefinition matched: TRANSACTION-SERVICE
2026-03-27T09:52:27.865+05:30 DEBUG 4660 --- [Api-Gateway] [ctor-http-nio-7] o.s.c.g.r.RouteDefinitionRouteLocator    : RouteDefinition REWARDS-SERVICE applying {_genkey_0=/api/rewards/**} to Path
2026-03-27T09:52:27.866+05:30 DEBUG 4660 --- [Api-Gateway] [ctor-http-nio-7] o.s.c.g.r.RouteDefinitionRouteLocator    : RouteDefinition REWARDS-SERVICE applying filter {_genkey_0=name:rewardCircuitBreaker, _genkey_1=fallbackUri:forward:/fallback/reward} to CircuitBreaker
2026-03-27T09:52:27.868+05:30 DEBUG 4660 --- [Api-Gateway] [ctor-http-nio-7] o.s.c.g.r.RouteDefinitionRouteLocator    : RouteDefinition matched: REWARDS-SERVICE
2026-03-27T09:52:27.868+05:30 DEBUG 4660 --- [Api-Gateway] [ctor-http-nio-7] o.s.c.g.r.RouteDefinitionRouteLocator    : RouteDefinition NOTIFICATION-SERVICE applying {_genkey_0=/api/notifications/**} to Path
2026-03-27T09:52:27.869+05:30 DEBUG 4660 --- [Api-Gateway] [ctor-http-nio-7] o.s.c.g.r.RouteDefinitionRouteLocator    : RouteDefinition NOTIFICATION-SERVICE applying filter {_genkey_0=name:notificationCircuitBreaker, _genkey_1=fallbackUri:forward:/fallback/general} to CircuitBreaker
2026-03-27T09:52:27.870+05:30 DEBUG 4660 --- [Api-Gateway] [ctor-http-nio-7] o.s.c.g.r.RouteDefinitionRouteLocator    : RouteDefinition matched: NOTIFICATION-SERVICE
2026-03-27T09:52:27.871+05:30 DEBUG 4660 --- [Api-Gateway] [ctor-http-nio-7] o.s.c.g.r.RouteDefinitionRouteLocator    : RouteDefinition USER-SERVICE applying {_genkey_0=/users/**} to Path
2026-03-27T09:52:27.871+05:30 DEBUG 4660 --- [Api-Gateway] [ctor-http-nio-7] o.s.c.g.r.RouteDefinitionRouteLocator    : RouteDefinition matched: USER-SERVICE
2026-03-27T09:52:27.874+05:30 DEBUG 4660 --- [Api-Gateway] [ctor-http-nio-7] o.s.c.g.filter.GatewayMetricsFilter      : New routes count: 19
2026-03-27T09:52:27.877+05:30 DEBUG 4660 --- [Api-Gateway] [ctor-http-nio-7] g.f.h.o.ObservedRequestHttpHeadersFilter : Will instrument the HTTP request headers [Host:"localhost:7505", sec-ch-ua-platform:""Windows"", User-Agent:"Mozilla/5.0 (Windows NT 10.0; Win64; x64) AppleWebKit/537.36 (KHTML, like Gecko) Chrome/146.0.0.0 Safari/537.36", Accept:"application/json,*/*", sec-ch-ua:""Chromium";v="146", "Not-A.Brand";v="24", "Google Chrome";v="146"", sec-ch-ua-mobile:"?0", Sec-Fetch-Site:"same-origin", Sec-Fetch-Mode:"cors", Sec-Fetch-Dest:"empty", Referer:"http://localhost:7505/webjars/swagger-ui/index.html?urls.primaryName=KYC%20Service", Accept-Encoding:"gzip, deflate, br, zstd", Accept-Language:"en-US,en;q=0.9", Cookie:"m=", Forwarded:"proto=http;host="localhost:7505";for="[0:0:0:0:0:0:0:1]:64214"", X-Forwarded-For:"0:0:0:0:0:0:0:1", X-Forwarded-Proto:"http", X-Forwarded-Port:"7505", X-Forwarded-Host:"localhost:7505"]
2026-03-27T09:52:27.878+05:30 DEBUG 4660 --- [Api-Gateway] [ctor-http-nio-7] g.f.h.o.ObservedRequestHttpHeadersFilter : Client observation  {name=http.client.requests(null), error=null, context=name='http.client.requests', contextualName='null', error='null', lowCardinalityKeyValues=[http.method='GET', http.status_code='UNKNOWN', spring.cloud.gateway.route.id='KYC-SERVICE', spring.cloud.gateway.route.uri='lb://KYC-SERVICE'], highCardinalityKeyValues=[http.uri='http://localhost:7505/kyc/v3/api-docs'], map=[class io.micrometer.core.instrument.Timer$Sample='io.micrometer.core.instrument.Timer$Sample@6bc419c3', class io.micrometer.core.instrument.LongTaskTimer$Sample='SampleImpl{duration(seconds)=1.169E-4, duration(nanos)=116900.0, startTimeNanos=87644863632500}'], parentObservation={name=http.server.requests(null), error=null, context=name='http.server.requests', contextualName='null', error='null', lowCardinalityKeyValues=[exception='none', method='GET', outcome='SUCCESS', status='200', uri='UNKNOWN'], highCardinalityKeyValues=[http.url='/kyc/v3/api-docs'], map=[class io.micrometer.core.instrument.Timer$Sample='io.micrometer.core.instrument.Timer$Sample@13e1e081', class io.micrometer.core.instrument.LongTaskTimer$Sample='SampleImpl{duration(seconds)=0.1443562, duration(nanos)=1.443562E8, startTimeNanos=87644719510500}'], parentObservation=null}} created for the request. New headers are [Host:"localhost:7505", sec-ch-ua-platform:""Windows"", User-Agent:"Mozilla/5.0 (Windows NT 10.0; Win64; x64) AppleWebKit/537.36 (KHTML, like Gecko) Chrome/146.0.0.0 Safari/537.36", Accept:"application/json,*/*", sec-ch-ua:""Chromium";v="146", "Not-A.Brand";v="24", "Google Chrome";v="146"", sec-ch-ua-mobile:"?0", Sec-Fetch-Site:"same-origin", Sec-Fetch-Mode:"cors", Sec-Fetch-Dest:"empty", Referer:"http://localhost:7505/webjars/swagger-ui/index.html?urls.primaryName=KYC%20Service", Accept-Encoding:"gzip, deflate, br, zstd", Accept-Language:"en-US,en;q=0.9", Cookie:"m=", Forwarded:"proto=http;host="localhost:7505";for="[0:0:0:0:0:0:0:1]:64214"", X-Forwarded-For:"0:0:0:0:0:0:0:1", X-Forwarded-Proto:"http", X-Forwarded-Port:"7505", X-Forwarded-Host:"localhost:7505"]
2026-03-27T09:52:29.120+05:30 DEBUG 4660 --- [Api-Gateway] [ctor-http-nio-7] .f.h.o.ObservedResponseHttpHeadersFilter : Will instrument the response
2026-03-27T09:52:29.122+05:30 DEBUG 4660 --- [Api-Gateway] [ctor-http-nio-7] .f.h.o.ObservedResponseHttpHeadersFilter : The response was handled for observation {name=http.client.requests(null), error=null, context=name='http.client.requests', contextualName='null', error='null', lowCardinalityKeyValues=[http.method='GET', http.status_code='UNKNOWN', spring.cloud.gateway.route.id='KYC-SERVICE', spring.cloud.gateway.route.uri='lb://KYC-SERVICE'], highCardinalityKeyValues=[http.uri='http://localhost:7505/kyc/v3/api-docs'], map=[class io.micrometer.core.instrument.Timer$Sample='io.micrometer.core.instrument.Timer$Sample@6bc419c3', class io.micrometer.core.instrument.LongTaskTimer$Sample='SampleImpl{duration(seconds)=1.2442329, duration(nanos)=1.2442329E9, startTimeNanos=87644863632500}'], parentObservation={name=http.server.requests(null), error=null, context=name='http.server.requests', contextualName='null', error='null', lowCardinalityKeyValues=[exception='none', method='GET', outcome='SUCCESS', status='200', uri='UNKNOWN'], highCardinalityKeyValues=[http.url='/kyc/v3/api-docs'], map=[class io.micrometer.core.instrument.Timer$Sample='io.micrometer.core.instrument.Timer$Sample@13e1e081', class io.micrometer.core.instrument.LongTaskTimer$Sample='SampleImpl{duration(seconds)=1.3885864, duration(nanos)=1.3885864E9, startTimeNanos=87644719510500}'], parentObservation=null}}
2026-03-27T09:52:30.875+05:30 DEBUG 4660 --- [Api-Gateway] [ctor-http-nio-7] o.s.c.g.h.RoutePredicateHandlerMapping   : Route matched: NOTIFICATION-SERVICE
2026-03-27T09:52:30.891+05:30 DEBUG 4660 --- [Api-Gateway] [ctor-http-nio-7] o.s.c.g.h.RoutePredicateHandlerMapping   : Mapping [Exchange: GET http://localhost:7505/api/notifications/v3/api-docs] to Route{id='NOTIFICATION-SERVICE', uri=lb://NOTIFICATION-SERVICE, order=0, predicate=Paths: [/api/notifications/**], match trailing slash: true, gatewayFilters=[[[SpringCloudCircuitBreakerResilience4JFilterFactory name = 'name:notificationCircuitBreaker', fallback = [null]], order = 1]], metadata={}}
2026-03-27T09:52:30.893+05:30 DEBUG 4660 --- [Api-Gateway] [ctor-http-nio-7] o.s.c.g.h.RoutePredicateHandlerMapping   : [799d025b-18] Mapped to org.springframework.cloud.gateway.handler.FilteringWebHandler@6394ca3c
2026-03-27T09:52:30.895+05:30 DEBUG 4660 --- [Api-Gateway] [ctor-http-nio-7] o.s.c.g.handler.FilteringWebHandler      : Sorted gatewayFilterFactories: [[GatewayFilterAdapter{delegate=org.springframework.cloud.gateway.filter.RemoveCachedBodyFilter@1edf71d9}, order = -2147483648], [GatewayFilterAdapter{delegate=org.springframework.cloud.gateway.filter.AdaptCachedBodyGlobalFilter@6ace919c}, order = -2147482648], [GatewayFilterAdapter{delegate=org.springframework.cloud.gateway.filter.NettyWriteResponseFilter@6f106af8}, order = -1], [GatewayFilterAdapter{delegate=org.springframework.cloud.gateway.filter.ForwardPathFilter@7f305f34}, order = 0], [GatewayFilterAdapter{delegate=org.springframework.cloud.gateway.filter.GatewayMetricsFilter@601d295}, order = 0], [[SpringCloudCircuitBreakerResilience4JFilterFactory name = 'name:notificationCircuitBreaker', fallback = [null]], order = 1], [GatewayFilterAdapter{delegate=org.springframework.cloud.gateway.filter.RouteToRequestUrlFilter@52d9d817}, order = 10000], [GatewayFilterAdapter{delegate=org.springframework.cloud.gateway.filter.ReactiveLoadBalancerClientFilter@3e39e0fb}, order = 10150], [GatewayFilterAdapter{delegate=org.springframework.cloud.gateway.filter.LoadBalancerServiceInstanceCookieFilter@260d48f5}, order = 10151], [GatewayFilterAdapter{delegate=org.springframework.cloud.gateway.filter.WebsocketRoutingFilter@1a84a8b2}, order = 2147483646], [GatewayFilterAdapter{delegate=org.springframework.cloud.gateway.filter.NettyRoutingFilter@148ab138}, order = 2147483647], [GatewayFilterAdapter{delegate=org.springframework.cloud.gateway.filter.ForwardRoutingFilter@131ba005}, order = 2147483647]]
2026-03-27T09:52:30.974+05:30 DEBUG 4660 --- [Api-Gateway] [ctor-http-nio-7] o.s.c.g.r.RouteDefinitionRouteLocator    : RouteDefinition ReactiveCompositeDiscoveryClient_CONFIG-SERVIER applying {pattern=/config-servier/**} to Path
2026-03-27T09:52:30.976+05:30 DEBUG 4660 --- [Api-Gateway] [ctor-http-nio-7] o.s.c.g.r.RouteDefinitionRouteLocator    : RouteDefinition ReactiveCompositeDiscoveryClient_CONFIG-SERVIER applying filter {regexp=/config-servier/?(?<remaining>.*), replacement=/${remaining}} to RewritePath
2026-03-27T09:52:30.979+05:30 DEBUG 4660 --- [Api-Gateway] [ctor-http-nio-7] o.s.c.g.r.RouteDefinitionRouteLocator    : RouteDefinition matched: ReactiveCompositeDiscoveryClient_CONFIG-SERVIER
2026-03-27T09:52:30.980+05:30 DEBUG 4660 --- [Api-Gateway] [ctor-http-nio-7] o.s.c.g.r.RouteDefinitionRouteLocator    : RouteDefinition ReactiveCompositeDiscoveryClient_API-GATEWAY applying {pattern=/api-gateway/**} to Path
2026-03-27T09:52:30.982+05:30 DEBUG 4660 --- [Api-Gateway] [ctor-http-nio-7] o.s.c.g.r.RouteDefinitionRouteLocator    : RouteDefinition ReactiveCompositeDiscoveryClient_API-GATEWAY applying filter {regexp=/api-gateway/?(?<remaining>.*), replacement=/${remaining}} to RewritePath
2026-03-27T09:52:30.984+05:30 DEBUG 4660 --- [Api-Gateway] [ctor-http-nio-7] o.s.c.g.r.RouteDefinitionRouteLocator    : RouteDefinition matched: ReactiveCompositeDiscoveryClient_API-GATEWAY
2026-03-27T09:52:30.986+05:30 DEBUG 4660 --- [Api-Gateway] [ctor-http-nio-7] o.s.c.g.r.RouteDefinitionRouteLocator    : RouteDefinition ReactiveCompositeDiscoveryClient_REWARDS-SERVICE applying {pattern=/rewards-service/**} to Path
2026-03-27T09:52:30.988+05:30 DEBUG 4660 --- [Api-Gateway] [ctor-http-nio-7] o.s.c.g.r.RouteDefinitionRouteLocator    : RouteDefinition ReactiveCompositeDiscoveryClient_REWARDS-SERVICE applying filter {regexp=/rewards-service/?(?<remaining>.*), replacement=/${remaining}} to RewritePath
2026-03-27T09:52:30.990+05:30 DEBUG 4660 --- [Api-Gateway] [ctor-http-nio-7] o.s.c.g.r.RouteDefinitionRouteLocator    : RouteDefinition matched: ReactiveCompositeDiscoveryClient_REWARDS-SERVICE
2026-03-27T09:52:30.991+05:30 DEBUG 4660 --- [Api-Gateway] [ctor-http-nio-7] o.s.c.g.r.RouteDefinitionRouteLocator    : RouteDefinition ReactiveCompositeDiscoveryClient_KYC-SERVICE applying {pattern=/kyc-service/**} to Path
2026-03-27T09:52:30.993+05:30 DEBUG 4660 --- [Api-Gateway] [ctor-http-nio-7] o.s.c.g.r.RouteDefinitionRouteLocator    : RouteDefinition ReactiveCompositeDiscoveryClient_KYC-SERVICE applying filter {regexp=/kyc-service/?(?<remaining>.*), replacement=/${remaining}} to RewritePath
2026-03-27T09:52:30.994+05:30 DEBUG 4660 --- [Api-Gateway] [ctor-http-nio-7] o.s.c.g.r.RouteDefinitionRouteLocator    : RouteDefinition matched: ReactiveCompositeDiscoveryClient_KYC-SERVICE
2026-03-27T09:52:30.995+05:30 DEBUG 4660 --- [Api-Gateway] [ctor-http-nio-7] o.s.c.g.r.RouteDefinitionRouteLocator    : RouteDefinition ReactiveCompositeDiscoveryClient_ADMIN-SERVICE applying {pattern=/admin-service/**} to Path
2026-03-27T09:52:30.997+05:30 DEBUG 4660 --- [Api-Gateway] [ctor-http-nio-7] o.s.c.g.r.RouteDefinitionRouteLocator    : RouteDefinition ReactiveCompositeDiscoveryClient_ADMIN-SERVICE applying filter {regexp=/admin-service/?(?<remaining>.*), replacement=/${remaining}} to RewritePath
2026-03-27T09:52:31.000+05:30 DEBUG 4660 --- [Api-Gateway] [ctor-http-nio-7] o.s.c.g.r.RouteDefinitionRouteLocator    : RouteDefinition matched: ReactiveCompositeDiscoveryClient_ADMIN-SERVICE
2026-03-27T09:52:31.000+05:30 DEBUG 4660 --- [Api-Gateway] [ctor-http-nio-7] o.s.c.g.r.RouteDefinitionRouteLocator    : RouteDefinition ReactiveCompositeDiscoveryClient_TRANSACTION-SERVICE applying {pattern=/transaction-service/**} to Path
2026-03-27T09:52:31.002+05:30 DEBUG 4660 --- [Api-Gateway] [ctor-http-nio-7] o.s.c.g.r.RouteDefinitionRouteLocator    : RouteDefinition ReactiveCompositeDiscoveryClient_TRANSACTION-SERVICE applying filter {regexp=/transaction-service/?(?<remaining>.*), replacement=/${remaining}} to RewritePath
2026-03-27T09:52:31.003+05:30 DEBUG 4660 --- [Api-Gateway] [ctor-http-nio-7] o.s.c.g.r.RouteDefinitionRouteLocator    : RouteDefinition matched: ReactiveCompositeDiscoveryClient_TRANSACTION-SERVICE
2026-03-27T09:52:31.003+05:30 DEBUG 4660 --- [Api-Gateway] [ctor-http-nio-7] o.s.c.g.r.RouteDefinitionRouteLocator    : RouteDefinition ReactiveCompositeDiscoveryClient_WALLET-SERVICE applying {pattern=/wallet-service/**} to Path
2026-03-27T09:52:31.005+05:30 DEBUG 4660 --- [Api-Gateway] [ctor-http-nio-7] o.s.c.g.r.RouteDefinitionRouteLocator    : RouteDefinition ReactiveCompositeDiscoveryClient_WALLET-SERVICE applying filter {regexp=/wallet-service/?(?<remaining>.*), replacement=/${remaining}} to RewritePath
2026-03-27T09:52:31.007+05:30 DEBUG 4660 --- [Api-Gateway] [ctor-http-nio-7] o.s.c.g.r.RouteDefinitionRouteLocator    : RouteDefinition matched: ReactiveCompositeDiscoveryClient_WALLET-SERVICE
2026-03-27T09:52:31.008+05:30 DEBUG 4660 --- [Api-Gateway] [ctor-http-nio-7] o.s.c.g.r.RouteDefinitionRouteLocator    : RouteDefinition ReactiveCompositeDiscoveryClient_NOTIFICATION-SERVICE applying {pattern=/notification-service/**} to Path
2026-03-27T09:52:31.010+05:30 DEBUG 4660 --- [Api-Gateway] [ctor-http-nio-7] o.s.c.g.r.RouteDefinitionRouteLocator    : RouteDefinition ReactiveCompositeDiscoveryClient_NOTIFICATION-SERVICE applying filter {regexp=/notification-service/?(?<remaining>.*), replacement=/${remaining}} to RewritePath
2026-03-27T09:52:31.011+05:30 DEBUG 4660 --- [Api-Gateway] [ctor-http-nio-7] o.s.c.g.r.RouteDefinitionRouteLocator    : RouteDefinition matched: ReactiveCompositeDiscoveryClient_NOTIFICATION-SERVICE
2026-03-27T09:52:31.012+05:30 DEBUG 4660 --- [Api-Gateway] [ctor-http-nio-7] o.s.c.g.r.RouteDefinitionRouteLocator    : RouteDefinition ReactiveCompositeDiscoveryClient_USER-SERVICE applying {pattern=/user-service/**} to Path
2026-03-27T09:52:31.014+05:30 DEBUG 4660 --- [Api-Gateway] [ctor-http-nio-7] o.s.c.g.r.RouteDefinitionRouteLocator    : RouteDefinition ReactiveCompositeDiscoveryClient_USER-SERVICE applying filter {regexp=/user-service/?(?<remaining>.*), replacement=/${remaining}} to RewritePath
2026-03-27T09:52:31.015+05:30 DEBUG 4660 --- [Api-Gateway] [ctor-http-nio-7] o.s.c.g.r.RouteDefinitionRouteLocator    : RouteDefinition matched: ReactiveCompositeDiscoveryClient_USER-SERVICE
2026-03-27T09:52:31.016+05:30 DEBUG 4660 --- [Api-Gateway] [ctor-http-nio-7] o.s.c.g.r.RouteDefinitionRouteLocator    : RouteDefinition ReactiveCompositeDiscoveryClient_PAYMENT-SERVICES applying {pattern=/payment-services/**} to Path
2026-03-27T09:52:31.017+05:30 DEBUG 4660 --- [Api-Gateway] [ctor-http-nio-7] o.s.c.g.r.RouteDefinitionRouteLocator    : RouteDefinition ReactiveCompositeDiscoveryClient_PAYMENT-SERVICES applying filter {regexp=/payment-services/?(?<remaining>.*), replacement=/${remaining}} to RewritePath
2026-03-27T09:52:31.019+05:30 DEBUG 4660 --- [Api-Gateway] [ctor-http-nio-7] o.s.c.g.r.RouteDefinitionRouteLocator    : RouteDefinition matched: ReactiveCompositeDiscoveryClient_PAYMENT-SERVICES
2026-03-27T09:52:31.019+05:30 DEBUG 4660 --- [Api-Gateway] [ctor-http-nio-7] o.s.c.g.r.RouteDefinitionRouteLocator    : RouteDefinition AUTH-SERVICE applying {_genkey_0=/auth/**} to Path
2026-03-27T09:52:31.022+05:30 DEBUG 4660 --- [Api-Gateway] [ctor-http-nio-7] o.s.c.g.r.RouteDefinitionRouteLocator    : RouteDefinition matched: AUTH-SERVICE
2026-03-27T09:52:31.022+05:30 DEBUG 4660 --- [Api-Gateway] [ctor-http-nio-7] o.s.c.g.r.RouteDefinitionRouteLocator    : RouteDefinition ADMIN-SERVICE applying {_genkey_0=/admin/**} to Path
2026-03-27T09:52:31.024+05:30 DEBUG 4660 --- [Api-Gateway] [ctor-http-nio-7] o.s.c.g.r.RouteDefinitionRouteLocator    : RouteDefinition matched: ADMIN-SERVICE
2026-03-27T09:52:31.024+05:30 DEBUG 4660 --- [Api-Gateway] [ctor-http-nio-7] o.s.c.g.r.RouteDefinitionRouteLocator    : RouteDefinition KYC-SERVICE applying {_genkey_0=/kyc/**} to Path
2026-03-27T09:52:31.026+05:30 DEBUG 4660 --- [Api-Gateway] [ctor-http-nio-7] o.s.c.g.r.RouteDefinitionRouteLocator    : RouteDefinition matched: KYC-SERVICE
2026-03-27T09:52:31.026+05:30 DEBUG 4660 --- [Api-Gateway] [ctor-http-nio-7] o.s.c.g.r.RouteDefinitionRouteLocator    : RouteDefinition PAYMENT-SERVICES applying {_genkey_0=/api/payments/**} to Path
2026-03-27T09:52:31.027+05:30 DEBUG 4660 --- [Api-Gateway] [ctor-http-nio-7] o.s.c.g.r.RouteDefinitionRouteLocator    : RouteDefinition PAYMENT-SERVICES applying filter {_genkey_0=name:paymentCircuitBreaker, _genkey_1=fallbackUri:forward:/fallback/payment} to CircuitBreaker
2026-03-27T09:52:31.029+05:30 DEBUG 4660 --- [Api-Gateway] [ctor-http-nio-7] o.s.c.g.r.RouteDefinitionRouteLocator    : RouteDefinition matched: PAYMENT-SERVICES
2026-03-27T09:52:31.029+05:30 DEBUG 4660 --- [Api-Gateway] [ctor-http-nio-7] o.s.c.g.r.RouteDefinitionRouteLocator    : RouteDefinition WALLET-SERVICE applying {_genkey_0=/api/wallets/**} to Path
2026-03-27T09:52:31.031+05:30 DEBUG 4660 --- [Api-Gateway] [ctor-http-nio-7] o.s.c.g.r.RouteDefinitionRouteLocator    : RouteDefinition WALLET-SERVICE applying filter {_genkey_0=name:walletCircuitBreaker, _genkey_1=fallbackUri:forward:/fallback/general} to CircuitBreaker
2026-03-27T09:52:31.032+05:30 DEBUG 4660 --- [Api-Gateway] [ctor-http-nio-7] o.s.c.g.r.RouteDefinitionRouteLocator    : RouteDefinition matched: WALLET-SERVICE
2026-03-27T09:52:31.033+05:30 DEBUG 4660 --- [Api-Gateway] [ctor-http-nio-7] o.s.c.g.r.RouteDefinitionRouteLocator    : RouteDefinition TRANSACTION-SERVICE applying {_genkey_0=/api/transaction/**} to Path
2026-03-27T09:52:31.034+05:30 DEBUG 4660 --- [Api-Gateway] [ctor-http-nio-7] o.s.c.g.r.RouteDefinitionRouteLocator    : RouteDefinition TRANSACTION-SERVICE applying filter {_genkey_0=name:transactionCircuitBreaker, _genkey_1=fallbackUri:forward:/fallback/general} to CircuitBreaker
2026-03-27T09:52:31.036+05:30 DEBUG 4660 --- [Api-Gateway] [ctor-http-nio-7] o.s.c.g.r.RouteDefinitionRouteLocator    : RouteDefinition matched: TRANSACTION-SERVICE
2026-03-27T09:52:31.036+05:30 DEBUG 4660 --- [Api-Gateway] [ctor-http-nio-7] o.s.c.g.r.RouteDefinitionRouteLocator    : RouteDefinition REWARDS-SERVICE applying {_genkey_0=/api/rewards/**} to Path
2026-03-27T09:52:31.038+05:30 DEBUG 4660 --- [Api-Gateway] [ctor-http-nio-7] o.s.c.g.r.RouteDefinitionRouteLocator    : RouteDefinition REWARDS-SERVICE applying filter {_genkey_0=name:rewardCircuitBreaker, _genkey_1=fallbackUri:forward:/fallback/reward} to CircuitBreaker
2026-03-27T09:52:31.039+05:30 DEBUG 4660 --- [Api-Gateway] [ctor-http-nio-7] o.s.c.g.r.RouteDefinitionRouteLocator    : RouteDefinition matched: REWARDS-SERVICE
2026-03-27T09:52:31.039+05:30 DEBUG 4660 --- [Api-Gateway] [ctor-http-nio-7] o.s.c.g.r.RouteDefinitionRouteLocator    : RouteDefinition NOTIFICATION-SERVICE applying {_genkey_0=/api/notifications/**} to Path
2026-03-27T09:52:31.041+05:30 DEBUG 4660 --- [Api-Gateway] [ctor-http-nio-7] o.s.c.g.r.RouteDefinitionRouteLocator    : RouteDefinition NOTIFICATION-SERVICE applying filter {_genkey_0=name:notificationCircuitBreaker, _genkey_1=fallbackUri:forward:/fallback/general} to CircuitBreaker
2026-03-27T09:52:31.042+05:30 DEBUG 4660 --- [Api-Gateway] [ctor-http-nio-7] o.s.c.g.r.RouteDefinitionRouteLocator    : RouteDefinition matched: NOTIFICATION-SERVICE
2026-03-27T09:52:31.043+05:30 DEBUG 4660 --- [Api-Gateway] [ctor-http-nio-7] o.s.c.g.r.RouteDefinitionRouteLocator    : RouteDefinition USER-SERVICE applying {_genkey_0=/users/**} to Path
2026-03-27T09:52:31.044+05:30 DEBUG 4660 --- [Api-Gateway] [ctor-http-nio-7] o.s.c.g.r.RouteDefinitionRouteLocator    : RouteDefinition matched: USER-SERVICE
2026-03-27T09:52:31.053+05:30 DEBUG 4660 --- [Api-Gateway] [ctor-http-nio-7] o.s.c.g.filter.GatewayMetricsFilter      : New routes count: 19
2026-03-27T09:52:31.057+05:30 DEBUG 4660 --- [Api-Gateway] [ctor-http-nio-7] g.f.h.o.ObservedRequestHttpHeadersFilter : Will instrument the HTTP request headers [Host:"localhost:7505", sec-ch-ua-platform:""Windows"", User-Agent:"Mozilla/5.0 (Windows NT 10.0; Win64; x64) AppleWebKit/537.36 (KHTML, like Gecko) Chrome/146.0.0.0 Safari/537.36", Accept:"application/json,*/*", sec-ch-ua:""Chromium";v="146", "Not-A.Brand";v="24", "Google Chrome";v="146"", sec-ch-ua-mobile:"?0", Sec-Fetch-Site:"same-origin", Sec-Fetch-Mode:"cors", Sec-Fetch-Dest:"empty", Referer:"http://localhost:7505/webjars/swagger-ui/index.html?urls.primaryName=Notification%20Service", Accept-Encoding:"gzip, deflate, br, zstd", Accept-Language:"en-US,en;q=0.9", Cookie:"m=", Forwarded:"proto=http;host="localhost:7505";for="[0:0:0:0:0:0:0:1]:64214"", X-Forwarded-For:"0:0:0:0:0:0:0:1", X-Forwarded-Proto:"http", X-Forwarded-Port:"7505", X-Forwarded-Host:"localhost:7505"]
2026-03-27T09:52:31.059+05:30 DEBUG 4660 --- [Api-Gateway] [ctor-http-nio-7] g.f.h.o.ObservedRequestHttpHeadersFilter : Client observation  {name=http.client.requests(null), error=null, context=name='http.client.requests', contextualName='null', error='null', lowCardinalityKeyValues=[http.method='GET', http.status_code='UNKNOWN', spring.cloud.gateway.route.id='NOTIFICATION-SERVICE', spring.cloud.gateway.route.uri='lb://NOTIFICATION-SERVICE'], highCardinalityKeyValues=[http.uri='http://localhost:7505/api/notifications/v3/api-docs'], map=[class io.micrometer.core.instrument.Timer$Sample='io.micrometer.core.instrument.Timer$Sample@72035c1d', class io.micrometer.core.instrument.LongTaskTimer$Sample='SampleImpl{duration(seconds)=3.047E-4, duration(nanos)=304700.0, startTimeNanos=87648044330500}'], parentObservation={name=http.server.requests(null), error=null, context=name='http.server.requests', contextualName='null', error='null', lowCardinalityKeyValues=[exception='none', method='GET', outcome='SUCCESS', status='200', uri='UNKNOWN'], highCardinalityKeyValues=[http.url='/api/notifications/v3/api-docs'], map=[class io.micrometer.core.instrument.Timer$Sample='io.micrometer.core.instrument.Timer$Sample@7131095e', class io.micrometer.core.instrument.LongTaskTimer$Sample='SampleImpl{duration(seconds)=0.1849729, duration(nanos)=1.849729E8, startTimeNanos=87647859982400}'], parentObservation=null}} created for the request. New headers are [Host:"localhost:7505", sec-ch-ua-platform:""Windows"", User-Agent:"Mozilla/5.0 (Windows NT 10.0; Win64; x64) AppleWebKit/537.36 (KHTML, like Gecko) Chrome/146.0.0.0 Safari/537.36", Accept:"application/json,*/*", sec-ch-ua:""Chromium";v="146", "Not-A.Brand";v="24", "Google Chrome";v="146"", sec-ch-ua-mobile:"?0", Sec-Fetch-Site:"same-origin", Sec-Fetch-Mode:"cors", Sec-Fetch-Dest:"empty", Referer:"http://localhost:7505/webjars/swagger-ui/index.html?urls.primaryName=Notification%20Service", Accept-Encoding:"gzip, deflate, br, zstd", Accept-Language:"en-US,en;q=0.9", Cookie:"m=", Forwarded:"proto=http;host="localhost:7505";for="[0:0:0:0:0:0:0:1]:64214"", X-Forwarded-For:"0:0:0:0:0:0:0:1", X-Forwarded-Proto:"http", X-Forwarded-Port:"7505", X-Forwarded-Host:"localhost:7505"]
2026-03-27T09:52:31.203+05:30 DEBUG 4660 --- [Api-Gateway] [reshExecutor-%d] o.s.c.g.r.RouteDefinitionRouteLocator    : RouteDefinition ReactiveCompositeDiscoveryClient_CONFIG-SERVIER applying {pattern=/config-servier/**} to Path
2026-03-27T09:52:31.208+05:30 DEBUG 4660 --- [Api-Gateway] [reshExecutor-%d] o.s.c.g.r.RouteDefinitionRouteLocator    : RouteDefinition ReactiveCompositeDiscoveryClient_CONFIG-SERVIER applying filter {regexp=/config-servier/?(?<remaining>.*), replacement=/${remaining}} to RewritePath
2026-03-27T09:52:31.210+05:30 DEBUG 4660 --- [Api-Gateway] [reshExecutor-%d] o.s.c.g.r.RouteDefinitionRouteLocator    : RouteDefinition matched: ReactiveCompositeDiscoveryClient_CONFIG-SERVIER
2026-03-27T09:52:31.211+05:30 DEBUG 4660 --- [Api-Gateway] [reshExecutor-%d] o.s.c.g.r.RouteDefinitionRouteLocator    : RouteDefinition ReactiveCompositeDiscoveryClient_API-GATEWAY applying {pattern=/api-gateway/**} to Path
2026-03-27T09:52:31.213+05:30 DEBUG 4660 --- [Api-Gateway] [reshExecutor-%d] o.s.c.g.r.RouteDefinitionRouteLocator    : RouteDefinition ReactiveCompositeDiscoveryClient_API-GATEWAY applying filter {regexp=/api-gateway/?(?<remaining>.*), replacement=/${remaining}} to RewritePath
2026-03-27T09:52:31.215+05:30 DEBUG 4660 --- [Api-Gateway] [reshExecutor-%d] o.s.c.g.r.RouteDefinitionRouteLocator    : RouteDefinition matched: ReactiveCompositeDiscoveryClient_API-GATEWAY
2026-03-27T09:52:31.216+05:30 DEBUG 4660 --- [Api-Gateway] [reshExecutor-%d] o.s.c.g.r.RouteDefinitionRouteLocator    : RouteDefinition ReactiveCompositeDiscoveryClient_REWARDS-SERVICE applying {pattern=/rewards-service/**} to Path
2026-03-27T09:52:31.218+05:30 DEBUG 4660 --- [Api-Gateway] [reshExecutor-%d] o.s.c.g.r.RouteDefinitionRouteLocator    : RouteDefinition ReactiveCompositeDiscoveryClient_REWARDS-SERVICE applying filter {regexp=/rewards-service/?(?<remaining>.*), replacement=/${remaining}} to RewritePath
2026-03-27T09:52:31.220+05:30 DEBUG 4660 --- [Api-Gateway] [reshExecutor-%d] o.s.c.g.r.RouteDefinitionRouteLocator    : RouteDefinition matched: ReactiveCompositeDiscoveryClient_REWARDS-SERVICE
2026-03-27T09:52:31.221+05:30 DEBUG 4660 --- [Api-Gateway] [reshExecutor-%d] o.s.c.g.r.RouteDefinitionRouteLocator    : RouteDefinition ReactiveCompositeDiscoveryClient_KYC-SERVICE applying {pattern=/kyc-service/**} to Path
2026-03-27T09:52:31.223+05:30 DEBUG 4660 --- [Api-Gateway] [reshExecutor-%d] o.s.c.g.r.RouteDefinitionRouteLocator    : RouteDefinition ReactiveCompositeDiscoveryClient_KYC-SERVICE applying filter {regexp=/kyc-service/?(?<remaining>.*), replacement=/${remaining}} to RewritePath
2026-03-27T09:52:31.225+05:30 DEBUG 4660 --- [Api-Gateway] [reshExecutor-%d] o.s.c.g.r.RouteDefinitionRouteLocator    : RouteDefinition matched: ReactiveCompositeDiscoveryClient_KYC-SERVICE
2026-03-27T09:52:31.225+05:30 DEBUG 4660 --- [Api-Gateway] [reshExecutor-%d] o.s.c.g.r.RouteDefinitionRouteLocator    : RouteDefinition ReactiveCompositeDiscoveryClient_ADMIN-SERVICE applying {pattern=/admin-service/**} to Path
2026-03-27T09:52:31.227+05:30 DEBUG 4660 --- [Api-Gateway] [reshExecutor-%d] o.s.c.g.r.RouteDefinitionRouteLocator    : RouteDefinition ReactiveCompositeDiscoveryClient_ADMIN-SERVICE applying filter {regexp=/admin-service/?(?<remaining>.*), replacement=/${remaining}} to RewritePath
2026-03-27T09:52:31.229+05:30 DEBUG 4660 --- [Api-Gateway] [reshExecutor-%d] o.s.c.g.r.RouteDefinitionRouteLocator    : RouteDefinition matched: ReactiveCompositeDiscoveryClient_ADMIN-SERVICE
2026-03-27T09:52:31.230+05:30 DEBUG 4660 --- [Api-Gateway] [reshExecutor-%d] o.s.c.g.r.RouteDefinitionRouteLocator    : RouteDefinition ReactiveCompositeDiscoveryClient_TRANSACTION-SERVICE applying {pattern=/transaction-service/**} to Path
2026-03-27T09:52:31.232+05:30 DEBUG 4660 --- [Api-Gateway] [reshExecutor-%d] o.s.c.g.r.RouteDefinitionRouteLocator    : RouteDefinition ReactiveCompositeDiscoveryClient_TRANSACTION-SERVICE applying filter {regexp=/transaction-service/?(?<remaining>.*), replacement=/${remaining}} to RewritePath
2026-03-27T09:52:31.233+05:30 DEBUG 4660 --- [Api-Gateway] [reshExecutor-%d] o.s.c.g.r.RouteDefinitionRouteLocator    : RouteDefinition matched: ReactiveCompositeDiscoveryClient_TRANSACTION-SERVICE
2026-03-27T09:52:31.234+05:30 DEBUG 4660 --- [Api-Gateway] [reshExecutor-%d] o.s.c.g.r.RouteDefinitionRouteLocator    : RouteDefinition ReactiveCompositeDiscoveryClient_WALLET-SERVICE applying {pattern=/wallet-service/**} to Path
2026-03-27T09:52:31.236+05:30 DEBUG 4660 --- [Api-Gateway] [reshExecutor-%d] o.s.c.g.r.RouteDefinitionRouteLocator    : RouteDefinition ReactiveCompositeDiscoveryClient_WALLET-SERVICE applying filter {regexp=/wallet-service/?(?<remaining>.*), replacement=/${remaining}} to RewritePath
2026-03-27T09:52:31.238+05:30 DEBUG 4660 --- [Api-Gateway] [reshExecutor-%d] o.s.c.g.r.RouteDefinitionRouteLocator    : RouteDefinition matched: ReactiveCompositeDiscoveryClient_WALLET-SERVICE
2026-03-27T09:52:31.238+05:30 DEBUG 4660 --- [Api-Gateway] [reshExecutor-%d] o.s.c.g.r.RouteDefinitionRouteLocator    : RouteDefinition ReactiveCompositeDiscoveryClient_NOTIFICATION-SERVICE applying {pattern=/notification-service/**} to Path
2026-03-27T09:52:31.239+05:30 DEBUG 4660 --- [Api-Gateway] [reshExecutor-%d] o.s.c.g.r.RouteDefinitionRouteLocator    : RouteDefinition ReactiveCompositeDiscoveryClient_NOTIFICATION-SERVICE applying filter {regexp=/notification-service/?(?<remaining>.*), replacement=/${remaining}} to RewritePath
2026-03-27T09:52:31.239+05:30 DEBUG 4660 --- [Api-Gateway] [reshExecutor-%d] o.s.c.g.r.RouteDefinitionRouteLocator    : RouteDefinition matched: ReactiveCompositeDiscoveryClient_NOTIFICATION-SERVICE
2026-03-27T09:52:31.240+05:30 DEBUG 4660 --- [Api-Gateway] [reshExecutor-%d] o.s.c.g.r.RouteDefinitionRouteLocator    : RouteDefinition ReactiveCompositeDiscoveryClient_USER-SERVICE applying {pattern=/user-service/**} to Path
2026-03-27T09:52:31.242+05:30 DEBUG 4660 --- [Api-Gateway] [reshExecutor-%d] o.s.c.g.r.RouteDefinitionRouteLocator    : RouteDefinition ReactiveCompositeDiscoveryClient_USER-SERVICE applying filter {regexp=/user-service/?(?<remaining>.*), replacement=/${remaining}} to RewritePath
2026-03-27T09:52:31.243+05:30 DEBUG 4660 --- [Api-Gateway] [reshExecutor-%d] o.s.c.g.r.RouteDefinitionRouteLocator    : RouteDefinition matched: ReactiveCompositeDiscoveryClient_USER-SERVICE
2026-03-27T09:52:31.244+05:30 DEBUG 4660 --- [Api-Gateway] [reshExecutor-%d] o.s.c.g.r.RouteDefinitionRouteLocator    : RouteDefinition ReactiveCompositeDiscoveryClient_PAYMENT-SERVICES applying {pattern=/payment-services/**} to Path
2026-03-27T09:52:31.247+05:30 DEBUG 4660 --- [Api-Gateway] [reshExecutor-%d] o.s.c.g.r.RouteDefinitionRouteLocator    : RouteDefinition ReactiveCompositeDiscoveryClient_PAYMENT-SERVICES applying filter {regexp=/payment-services/?(?<remaining>.*), replacement=/${remaining}} to RewritePath
2026-03-27T09:52:31.248+05:30 DEBUG 4660 --- [Api-Gateway] [reshExecutor-%d] o.s.c.g.r.RouteDefinitionRouteLocator    : RouteDefinition matched: ReactiveCompositeDiscoveryClient_PAYMENT-SERVICES
2026-03-27T09:52:31.249+05:30 DEBUG 4660 --- [Api-Gateway] [reshExecutor-%d] o.s.c.g.r.RouteDefinitionRouteLocator    : RouteDefinition AUTH-SERVICE applying {_genkey_0=/auth/**} to Path
2026-03-27T09:52:31.250+05:30 DEBUG 4660 --- [Api-Gateway] [reshExecutor-%d] o.s.c.g.r.RouteDefinitionRouteLocator    : RouteDefinition matched: AUTH-SERVICE
2026-03-27T09:52:31.251+05:30 DEBUG 4660 --- [Api-Gateway] [reshExecutor-%d] o.s.c.g.r.RouteDefinitionRouteLocator    : RouteDefinition ADMIN-SERVICE applying {_genkey_0=/admin/**} to Path
2026-03-27T09:52:31.252+05:30 DEBUG 4660 --- [Api-Gateway] [reshExecutor-%d] o.s.c.g.r.RouteDefinitionRouteLocator    : RouteDefinition matched: ADMIN-SERVICE
2026-03-27T09:52:31.252+05:30 DEBUG 4660 --- [Api-Gateway] [reshExecutor-%d] o.s.c.g.r.RouteDefinitionRouteLocator    : RouteDefinition KYC-SERVICE applying {_genkey_0=/kyc/**} to Path
2026-03-27T09:52:31.253+05:30 DEBUG 4660 --- [Api-Gateway] [reshExecutor-%d] o.s.c.g.r.RouteDefinitionRouteLocator    : RouteDefinition matched: KYC-SERVICE
2026-03-27T09:52:31.254+05:30 DEBUG 4660 --- [Api-Gateway] [reshExecutor-%d] o.s.c.g.r.RouteDefinitionRouteLocator    : RouteDefinition PAYMENT-SERVICES applying {_genkey_0=/api/payments/**} to Path
2026-03-27T09:52:31.254+05:30 DEBUG 4660 --- [Api-Gateway] [reshExecutor-%d] o.s.c.g.r.RouteDefinitionRouteLocator    : RouteDefinition PAYMENT-SERVICES applying filter {_genkey_0=name:paymentCircuitBreaker, _genkey_1=fallbackUri:forward:/fallback/payment} to CircuitBreaker
2026-03-27T09:52:31.255+05:30 DEBUG 4660 --- [Api-Gateway] [reshExecutor-%d] o.s.c.g.r.RouteDefinitionRouteLocator    : RouteDefinition matched: PAYMENT-SERVICES
2026-03-27T09:52:31.256+05:30 DEBUG 4660 --- [Api-Gateway] [reshExecutor-%d] o.s.c.g.r.RouteDefinitionRouteLocator    : RouteDefinition WALLET-SERVICE applying {_genkey_0=/api/wallets/**} to Path
2026-03-27T09:52:31.257+05:30 DEBUG 4660 --- [Api-Gateway] [reshExecutor-%d] o.s.c.g.r.RouteDefinitionRouteLocator    : RouteDefinition WALLET-SERVICE applying filter {_genkey_0=name:walletCircuitBreaker, _genkey_1=fallbackUri:forward:/fallback/general} to CircuitBreaker
2026-03-27T09:52:31.258+05:30 DEBUG 4660 --- [Api-Gateway] [reshExecutor-%d] o.s.c.g.r.RouteDefinitionRouteLocator    : RouteDefinition matched: WALLET-SERVICE
2026-03-27T09:52:31.259+05:30 DEBUG 4660 --- [Api-Gateway] [reshExecutor-%d] o.s.c.g.r.RouteDefinitionRouteLocator    : RouteDefinition TRANSACTION-SERVICE applying {_genkey_0=/api/transaction/**} to Path
2026-03-27T09:52:31.262+05:30 DEBUG 4660 --- [Api-Gateway] [reshExecutor-%d] o.s.c.g.r.RouteDefinitionRouteLocator    : RouteDefinition TRANSACTION-SERVICE applying filter {_genkey_0=name:transactionCircuitBreaker, _genkey_1=fallbackUri:forward:/fallback/general} to CircuitBreaker
2026-03-27T09:52:31.263+05:30 DEBUG 4660 --- [Api-Gateway] [reshExecutor-%d] o.s.c.g.r.RouteDefinitionRouteLocator    : RouteDefinition matched: TRANSACTION-SERVICE
2026-03-27T09:52:31.264+05:30 DEBUG 4660 --- [Api-Gateway] [reshExecutor-%d] o.s.c.g.r.RouteDefinitionRouteLocator    : RouteDefinition REWARDS-SERVICE applying {_genkey_0=/api/rewards/**} to Path
2026-03-27T09:52:31.265+05:30 DEBUG 4660 --- [Api-Gateway] [reshExecutor-%d] o.s.c.g.r.RouteDefinitionRouteLocator    : RouteDefinition REWARDS-SERVICE applying filter {_genkey_0=name:rewardCircuitBreaker, _genkey_1=fallbackUri:forward:/fallback/reward} to CircuitBreaker
2026-03-27T09:52:31.266+05:30 DEBUG 4660 --- [Api-Gateway] [reshExecutor-%d] o.s.c.g.r.RouteDefinitionRouteLocator    : RouteDefinition matched: REWARDS-SERVICE
2026-03-27T09:52:31.267+05:30 DEBUG 4660 --- [Api-Gateway] [reshExecutor-%d] o.s.c.g.r.RouteDefinitionRouteLocator    : RouteDefinition NOTIFICATION-SERVICE applying {_genkey_0=/api/notifications/**} to Path
2026-03-27T09:52:31.268+05:30 DEBUG 4660 --- [Api-Gateway] [reshExecutor-%d] o.s.c.g.r.RouteDefinitionRouteLocator    : RouteDefinition NOTIFICATION-SERVICE applying filter {_genkey_0=name:notificationCircuitBreaker, _genkey_1=fallbackUri:forward:/fallback/general} to CircuitBreaker
2026-03-27T09:52:31.269+05:30 DEBUG 4660 --- [Api-Gateway] [reshExecutor-%d] o.s.c.g.r.RouteDefinitionRouteLocator    : RouteDefinition matched: NOTIFICATION-SERVICE
2026-03-27T09:52:31.270+05:30 DEBUG 4660 --- [Api-Gateway] [reshExecutor-%d] o.s.c.g.r.RouteDefinitionRouteLocator    : RouteDefinition USER-SERVICE applying {_genkey_0=/users/**} to Path
2026-03-27T09:52:31.272+05:30 DEBUG 4660 --- [Api-Gateway] [reshExecutor-%d] o.s.c.g.r.RouteDefinitionRouteLocator    : RouteDefinition matched: USER-SERVICE
2026-03-27T09:52:31.277+05:30 DEBUG 4660 --- [Api-Gateway] [reshExecutor-%d] o.s.c.g.filter.GatewayMetricsFilter      : New routes count: 19
2026-03-27T09:52:31.747+05:30 DEBUG 4660 --- [Api-Gateway] [ctor-http-nio-7] .f.h.o.ObservedResponseHttpHeadersFilter : Will instrument the response
2026-03-27T09:52:31.749+05:30 DEBUG 4660 --- [Api-Gateway] [ctor-http-nio-7] .f.h.o.ObservedResponseHttpHeadersFilter : The response was handled for observation {name=http.client.requests(null), error=null, context=name='http.client.requests', contextualName='null', error='null', lowCardinalityKeyValues=[http.method='GET', http.status_code='UNKNOWN', spring.cloud.gateway.route.id='NOTIFICATION-SERVICE', spring.cloud.gateway.route.uri='lb://NOTIFICATION-SERVICE'], highCardinalityKeyValues=[http.uri='http://localhost:7505/api/notifications/v3/api-docs'], map=[class io.micrometer.core.instrument.Timer$Sample='io.micrometer.core.instrument.Timer$Sample@72035c1d', class io.micrometer.core.instrument.LongTaskTimer$Sample='SampleImpl{duration(seconds)=0.6909453, duration(nanos)=6.909453E8, startTimeNanos=87648044330500}'], parentObservation={name=http.server.requests(null), error=null, context=name='http.server.requests', contextualName='null', error='null', lowCardinalityKeyValues=[exception='none', method='GET', outcome='SUCCESS', status='200', uri='UNKNOWN'], highCardinalityKeyValues=[http.url='/api/notifications/v3/api-docs'], map=[class io.micrometer.core.instrument.Timer$Sample='io.micrometer.core.instrument.Timer$Sample@7131095e', class io.micrometer.core.instrument.LongTaskTimer$Sample='SampleImpl{duration(seconds)=0.8755728, duration(nanos)=8.755728E8, startTimeNanos=87647859982400}'], parentObservation=null}}
2026-03-27T09:52:33.548+05:30 DEBUG 4660 --- [Api-Gateway] [ctor-http-nio-7] o.s.c.g.h.RoutePredicateHandlerMapping   : Route matched: PAYMENT-SERVICES
2026-03-27T09:52:33.552+05:30 DEBUG 4660 --- [Api-Gateway] [ctor-http-nio-7] o.s.c.g.h.RoutePredicateHandlerMapping   : Mapping [Exchange: GET http://localhost:7505/api/payments/v3/api-docs] to Route{id='PAYMENT-SERVICES', uri=lb://PAYMENT-SERVICES, order=0, predicate=Paths: [/api/payments/**], match trailing slash: true, gatewayFilters=[[[SpringCloudCircuitBreakerResilience4JFilterFactory name = 'name:paymentCircuitBreaker', fallback = [null]], order = 1]], metadata={}}
2026-03-27T09:52:33.553+05:30 DEBUG 4660 --- [Api-Gateway] [ctor-http-nio-7] o.s.c.g.h.RoutePredicateHandlerMapping   : [799d025b-19] Mapped to org.springframework.cloud.gateway.handler.FilteringWebHandler@6394ca3c
2026-03-27T09:52:33.554+05:30 DEBUG 4660 --- [Api-Gateway] [ctor-http-nio-7] o.s.c.g.handler.FilteringWebHandler      : Sorted gatewayFilterFactories: [[GatewayFilterAdapter{delegate=org.springframework.cloud.gateway.filter.RemoveCachedBodyFilter@1edf71d9}, order = -2147483648], [GatewayFilterAdapter{delegate=org.springframework.cloud.gateway.filter.AdaptCachedBodyGlobalFilter@6ace919c}, order = -2147482648], [GatewayFilterAdapter{delegate=org.springframework.cloud.gateway.filter.NettyWriteResponseFilter@6f106af8}, order = -1], [GatewayFilterAdapter{delegate=org.springframework.cloud.gateway.filter.ForwardPathFilter@7f305f34}, order = 0], [GatewayFilterAdapter{delegate=org.springframework.cloud.gateway.filter.GatewayMetricsFilter@601d295}, order = 0], [[SpringCloudCircuitBreakerResilience4JFilterFactory name = 'name:paymentCircuitBreaker', fallback = [null]], order = 1], [GatewayFilterAdapter{delegate=org.springframework.cloud.gateway.filter.RouteToRequestUrlFilter@52d9d817}, order = 10000], [GatewayFilterAdapter{delegate=org.springframework.cloud.gateway.filter.ReactiveLoadBalancerClientFilter@3e39e0fb}, order = 10150], [GatewayFilterAdapter{delegate=org.springframework.cloud.gateway.filter.LoadBalancerServiceInstanceCookieFilter@260d48f5}, order = 10151], [GatewayFilterAdapter{delegate=org.springframework.cloud.gateway.filter.WebsocketRoutingFilter@1a84a8b2}, order = 2147483646], [GatewayFilterAdapter{delegate=org.springframework.cloud.gateway.filter.NettyRoutingFilter@148ab138}, order = 2147483647], [GatewayFilterAdapter{delegate=org.springframework.cloud.gateway.filter.ForwardRoutingFilter@131ba005}, order = 2147483647]]
2026-03-27T09:52:33.610+05:30 DEBUG 4660 --- [Api-Gateway] [ctor-http-nio-7] o.s.c.g.r.RouteDefinitionRouteLocator    : RouteDefinition ReactiveCompositeDiscoveryClient_CONFIG-SERVIER applying {pattern=/config-servier/**} to Path
2026-03-27T09:52:33.614+05:30 DEBUG 4660 --- [Api-Gateway] [ctor-http-nio-7] o.s.c.g.r.RouteDefinitionRouteLocator    : RouteDefinition ReactiveCompositeDiscoveryClient_CONFIG-SERVIER applying filter {regexp=/config-servier/?(?<remaining>.*), replacement=/${remaining}} to RewritePath
2026-03-27T09:52:33.618+05:30 DEBUG 4660 --- [Api-Gateway] [ctor-http-nio-7] o.s.c.g.r.RouteDefinitionRouteLocator    : RouteDefinition matched: ReactiveCompositeDiscoveryClient_CONFIG-SERVIER
2026-03-27T09:52:33.619+05:30 DEBUG 4660 --- [Api-Gateway] [ctor-http-nio-7] o.s.c.g.r.RouteDefinitionRouteLocator    : RouteDefinition ReactiveCompositeDiscoveryClient_API-GATEWAY applying {pattern=/api-gateway/**} to Path
2026-03-27T09:52:33.622+05:30 DEBUG 4660 --- [Api-Gateway] [ctor-http-nio-7] o.s.c.g.r.RouteDefinitionRouteLocator    : RouteDefinition ReactiveCompositeDiscoveryClient_API-GATEWAY applying filter {regexp=/api-gateway/?(?<remaining>.*), replacement=/${remaining}} to RewritePath
2026-03-27T09:52:33.624+05:30 DEBUG 4660 --- [Api-Gateway] [ctor-http-nio-7] o.s.c.g.r.RouteDefinitionRouteLocator    : RouteDefinition matched: ReactiveCompositeDiscoveryClient_API-GATEWAY
2026-03-27T09:52:33.625+05:30 DEBUG 4660 --- [Api-Gateway] [ctor-http-nio-7] o.s.c.g.r.RouteDefinitionRouteLocator    : RouteDefinition ReactiveCompositeDiscoveryClient_REWARDS-SERVICE applying {pattern=/rewards-service/**} to Path
2026-03-27T09:52:33.628+05:30 DEBUG 4660 --- [Api-Gateway] [ctor-http-nio-7] o.s.c.g.r.RouteDefinitionRouteLocator    : RouteDefinition ReactiveCompositeDiscoveryClient_REWARDS-SERVICE applying filter {regexp=/rewards-service/?(?<remaining>.*), replacement=/${remaining}} to RewritePath
2026-03-27T09:52:33.630+05:30 DEBUG 4660 --- [Api-Gateway] [ctor-http-nio-7] o.s.c.g.r.RouteDefinitionRouteLocator    : RouteDefinition matched: ReactiveCompositeDiscoveryClient_REWARDS-SERVICE
2026-03-27T09:52:33.631+05:30 DEBUG 4660 --- [Api-Gateway] [ctor-http-nio-7] o.s.c.g.r.RouteDefinitionRouteLocator    : RouteDefinition ReactiveCompositeDiscoveryClient_KYC-SERVICE applying {pattern=/kyc-service/**} to Path
2026-03-27T09:52:33.634+05:30 DEBUG 4660 --- [Api-Gateway] [ctor-http-nio-7] o.s.c.g.r.RouteDefinitionRouteLocator    : RouteDefinition ReactiveCompositeDiscoveryClient_KYC-SERVICE applying filter {regexp=/kyc-service/?(?<remaining>.*), replacement=/${remaining}} to RewritePath
2026-03-27T09:52:33.637+05:30 DEBUG 4660 --- [Api-Gateway] [ctor-http-nio-7] o.s.c.g.r.RouteDefinitionRouteLocator    : RouteDefinition matched: ReactiveCompositeDiscoveryClient_KYC-SERVICE
2026-03-27T09:52:33.638+05:30 DEBUG 4660 --- [Api-Gateway] [ctor-http-nio-7] o.s.c.g.r.RouteDefinitionRouteLocator    : RouteDefinition ReactiveCompositeDiscoveryClient_ADMIN-SERVICE applying {pattern=/admin-service/**} to Path
2026-03-27T09:52:33.640+05:30 DEBUG 4660 --- [Api-Gateway] [ctor-http-nio-7] o.s.c.g.r.RouteDefinitionRouteLocator    : RouteDefinition ReactiveCompositeDiscoveryClient_ADMIN-SERVICE applying filter {regexp=/admin-service/?(?<remaining>.*), replacement=/${remaining}} to RewritePath
2026-03-27T09:52:33.643+05:30 DEBUG 4660 --- [Api-Gateway] [ctor-http-nio-7] o.s.c.g.r.RouteDefinitionRouteLocator    : RouteDefinition matched: ReactiveCompositeDiscoveryClient_ADMIN-SERVICE
2026-03-27T09:52:33.644+05:30 DEBUG 4660 --- [Api-Gateway] [ctor-http-nio-7] o.s.c.g.r.RouteDefinitionRouteLocator    : RouteDefinition ReactiveCompositeDiscoveryClient_TRANSACTION-SERVICE applying {pattern=/transaction-service/**} to Path
2026-03-27T09:52:33.646+05:30 DEBUG 4660 --- [Api-Gateway] [ctor-http-nio-7] o.s.c.g.r.RouteDefinitionRouteLocator    : RouteDefinition ReactiveCompositeDiscoveryClient_TRANSACTION-SERVICE applying filter {regexp=/transaction-service/?(?<remaining>.*), replacement=/${remaining}} to RewritePath
2026-03-27T09:52:33.647+05:30 DEBUG 4660 --- [Api-Gateway] [ctor-http-nio-7] o.s.c.g.r.RouteDefinitionRouteLocator    : RouteDefinition matched: ReactiveCompositeDiscoveryClient_TRANSACTION-SERVICE
2026-03-27T09:52:33.648+05:30 DEBUG 4660 --- [Api-Gateway] [ctor-http-nio-7] o.s.c.g.r.RouteDefinitionRouteLocator    : RouteDefinition ReactiveCompositeDiscoveryClient_WALLET-SERVICE applying {pattern=/wallet-service/**} to Path
2026-03-27T09:52:33.650+05:30 DEBUG 4660 --- [Api-Gateway] [ctor-http-nio-7] o.s.c.g.r.RouteDefinitionRouteLocator    : RouteDefinition ReactiveCompositeDiscoveryClient_WALLET-SERVICE applying filter {regexp=/wallet-service/?(?<remaining>.*), replacement=/${remaining}} to RewritePath
2026-03-27T09:52:33.653+05:30 DEBUG 4660 --- [Api-Gateway] [ctor-http-nio-7] o.s.c.g.r.RouteDefinitionRouteLocator    : RouteDefinition matched: ReactiveCompositeDiscoveryClient_WALLET-SERVICE
2026-03-27T09:52:33.654+05:30 DEBUG 4660 --- [Api-Gateway] [ctor-http-nio-7] o.s.c.g.r.RouteDefinitionRouteLocator    : RouteDefinition ReactiveCompositeDiscoveryClient_NOTIFICATION-SERVICE applying {pattern=/notification-service/**} to Path
2026-03-27T09:52:33.656+05:30 DEBUG 4660 --- [Api-Gateway] [ctor-http-nio-7] o.s.c.g.r.RouteDefinitionRouteLocator    : RouteDefinition ReactiveCompositeDiscoveryClient_NOTIFICATION-SERVICE applying filter {regexp=/notification-service/?(?<remaining>.*), replacement=/${remaining}} to RewritePath
2026-03-27T09:52:33.658+05:30 DEBUG 4660 --- [Api-Gateway] [ctor-http-nio-7] o.s.c.g.r.RouteDefinitionRouteLocator    : RouteDefinition matched: ReactiveCompositeDiscoveryClient_NOTIFICATION-SERVICE
2026-03-27T09:52:33.659+05:30 DEBUG 4660 --- [Api-Gateway] [ctor-http-nio-7] o.s.c.g.r.RouteDefinitionRouteLocator    : RouteDefinition ReactiveCompositeDiscoveryClient_USER-SERVICE applying {pattern=/user-service/**} to Path
2026-03-27T09:52:33.660+05:30 DEBUG 4660 --- [Api-Gateway] [ctor-http-nio-7] o.s.c.g.r.RouteDefinitionRouteLocator    : RouteDefinition ReactiveCompositeDiscoveryClient_USER-SERVICE applying filter {regexp=/user-service/?(?<remaining>.*), replacement=/${remaining}} to RewritePath
2026-03-27T09:52:33.662+05:30 DEBUG 4660 --- [Api-Gateway] [ctor-http-nio-7] o.s.c.g.r.RouteDefinitionRouteLocator    : RouteDefinition matched: ReactiveCompositeDiscoveryClient_USER-SERVICE
2026-03-27T09:52:33.662+05:30 DEBUG 4660 --- [Api-Gateway] [ctor-http-nio-7] o.s.c.g.r.RouteDefinitionRouteLocator    : RouteDefinition ReactiveCompositeDiscoveryClient_PAYMENT-SERVICES applying {pattern=/payment-services/**} to Path
2026-03-27T09:52:33.664+05:30 DEBUG 4660 --- [Api-Gateway] [ctor-http-nio-7] o.s.c.g.r.RouteDefinitionRouteLocator    : RouteDefinition ReactiveCompositeDiscoveryClient_PAYMENT-SERVICES applying filter {regexp=/payment-services/?(?<remaining>.*), replacement=/${remaining}} to RewritePath
2026-03-27T09:52:33.665+05:30 DEBUG 4660 --- [Api-Gateway] [ctor-http-nio-7] o.s.c.g.r.RouteDefinitionRouteLocator    : RouteDefinition matched: ReactiveCompositeDiscoveryClient_PAYMENT-SERVICES
2026-03-27T09:52:33.666+05:30 DEBUG 4660 --- [Api-Gateway] [ctor-http-nio-7] o.s.c.g.r.RouteDefinitionRouteLocator    : RouteDefinition AUTH-SERVICE applying {_genkey_0=/auth/**} to Path
2026-03-27T09:52:33.668+05:30 DEBUG 4660 --- [Api-Gateway] [ctor-http-nio-7] o.s.c.g.r.RouteDefinitionRouteLocator    : RouteDefinition matched: AUTH-SERVICE
2026-03-27T09:52:33.669+05:30 DEBUG 4660 --- [Api-Gateway] [ctor-http-nio-7] o.s.c.g.r.RouteDefinitionRouteLocator    : RouteDefinition ADMIN-SERVICE applying {_genkey_0=/admin/**} to Path
2026-03-27T09:52:33.670+05:30 DEBUG 4660 --- [Api-Gateway] [ctor-http-nio-7] o.s.c.g.r.RouteDefinitionRouteLocator    : RouteDefinition matched: ADMIN-SERVICE
2026-03-27T09:52:33.670+05:30 DEBUG 4660 --- [Api-Gateway] [ctor-http-nio-7] o.s.c.g.r.RouteDefinitionRouteLocator    : RouteDefinition KYC-SERVICE applying {_genkey_0=/kyc/**} to Path
2026-03-27T09:52:33.672+05:30 DEBUG 4660 --- [Api-Gateway] [ctor-http-nio-7] o.s.c.g.r.RouteDefinitionRouteLocator    : RouteDefinition matched: KYC-SERVICE
2026-03-27T09:52:33.673+05:30 DEBUG 4660 --- [Api-Gateway] [ctor-http-nio-7] o.s.c.g.r.RouteDefinitionRouteLocator    : RouteDefinition PAYMENT-SERVICES applying {_genkey_0=/api/payments/**} to Path
2026-03-27T09:52:33.674+05:30 DEBUG 4660 --- [Api-Gateway] [ctor-http-nio-7] o.s.c.g.r.RouteDefinitionRouteLocator    : RouteDefinition PAYMENT-SERVICES applying filter {_genkey_0=name:paymentCircuitBreaker, _genkey_1=fallbackUri:forward:/fallback/payment} to CircuitBreaker
2026-03-27T09:52:33.675+05:30 DEBUG 4660 --- [Api-Gateway] [ctor-http-nio-7] o.s.c.g.r.RouteDefinitionRouteLocator    : RouteDefinition matched: PAYMENT-SERVICES
2026-03-27T09:52:33.675+05:30 DEBUG 4660 --- [Api-Gateway] [ctor-http-nio-7] o.s.c.g.r.RouteDefinitionRouteLocator    : RouteDefinition WALLET-SERVICE applying {_genkey_0=/api/wallets/**} to Path
2026-03-27T09:52:33.676+05:30 DEBUG 4660 --- [Api-Gateway] [ctor-http-nio-7] o.s.c.g.r.RouteDefinitionRouteLocator    : RouteDefinition WALLET-SERVICE applying filter {_genkey_0=name:walletCircuitBreaker, _genkey_1=fallbackUri:forward:/fallback/general} to CircuitBreaker
2026-03-27T09:52:33.677+05:30 DEBUG 4660 --- [Api-Gateway] [ctor-http-nio-7] o.s.c.g.r.RouteDefinitionRouteLocator    : RouteDefinition matched: WALLET-SERVICE
2026-03-27T09:52:33.678+05:30 DEBUG 4660 --- [Api-Gateway] [ctor-http-nio-7] o.s.c.g.r.RouteDefinitionRouteLocator    : RouteDefinition TRANSACTION-SERVICE applying {_genkey_0=/api/transaction/**} to Path
2026-03-27T09:52:33.678+05:30 DEBUG 4660 --- [Api-Gateway] [ctor-http-nio-7] o.s.c.g.r.RouteDefinitionRouteLocator    : RouteDefinition TRANSACTION-SERVICE applying filter {_genkey_0=name:transactionCircuitBreaker, _genkey_1=fallbackUri:forward:/fallback/general} to CircuitBreaker
2026-03-27T09:52:33.680+05:30 DEBUG 4660 --- [Api-Gateway] [ctor-http-nio-7] o.s.c.g.r.RouteDefinitionRouteLocator    : RouteDefinition matched: TRANSACTION-SERVICE
2026-03-27T09:52:33.680+05:30 DEBUG 4660 --- [Api-Gateway] [ctor-http-nio-7] o.s.c.g.r.RouteDefinitionRouteLocator    : RouteDefinition REWARDS-SERVICE applying {_genkey_0=/api/rewards/**} to Path
2026-03-27T09:52:33.681+05:30 DEBUG 4660 --- [Api-Gateway] [ctor-http-nio-7] o.s.c.g.r.RouteDefinitionRouteLocator    : RouteDefinition REWARDS-SERVICE applying filter {_genkey_0=name:rewardCircuitBreaker, _genkey_1=fallbackUri:forward:/fallback/reward} to CircuitBreaker
2026-03-27T09:52:33.683+05:30 DEBUG 4660 --- [Api-Gateway] [ctor-http-nio-7] o.s.c.g.r.RouteDefinitionRouteLocator    : RouteDefinition matched: REWARDS-SERVICE
2026-03-27T09:52:33.684+05:30 DEBUG 4660 --- [Api-Gateway] [ctor-http-nio-7] o.s.c.g.r.RouteDefinitionRouteLocator    : RouteDefinition NOTIFICATION-SERVICE applying {_genkey_0=/api/notifications/**} to Path
2026-03-27T09:52:33.685+05:30 DEBUG 4660 --- [Api-Gateway] [ctor-http-nio-7] o.s.c.g.r.RouteDefinitionRouteLocator    : RouteDefinition NOTIFICATION-SERVICE applying filter {_genkey_0=name:notificationCircuitBreaker, _genkey_1=fallbackUri:forward:/fallback/general} to CircuitBreaker
2026-03-27T09:52:33.686+05:30 DEBUG 4660 --- [Api-Gateway] [ctor-http-nio-7] o.s.c.g.r.RouteDefinitionRouteLocator    : RouteDefinition matched: NOTIFICATION-SERVICE
2026-03-27T09:52:33.687+05:30 DEBUG 4660 --- [Api-Gateway] [ctor-http-nio-7] o.s.c.g.r.RouteDefinitionRouteLocator    : RouteDefinition USER-SERVICE applying {_genkey_0=/users/**} to Path
2026-03-27T09:52:33.688+05:30 DEBUG 4660 --- [Api-Gateway] [ctor-http-nio-7] o.s.c.g.r.RouteDefinitionRouteLocator    : RouteDefinition matched: USER-SERVICE
2026-03-27T09:52:33.689+05:30 DEBUG 4660 --- [Api-Gateway] [ctor-http-nio-7] o.s.c.g.filter.GatewayMetricsFilter      : New routes count: 19
2026-03-27T09:52:33.702+05:30 DEBUG 4660 --- [Api-Gateway] [ctor-http-nio-7] g.f.h.o.ObservedRequestHttpHeadersFilter : Will instrument the HTTP request headers [Host:"localhost:7505", sec-ch-ua-platform:""Windows"", User-Agent:"Mozilla/5.0 (Windows NT 10.0; Win64; x64) AppleWebKit/537.36 (KHTML, like Gecko) Chrome/146.0.0.0 Safari/537.36", Accept:"application/json,*/*", sec-ch-ua:""Chromium";v="146", "Not-A.Brand";v="24", "Google Chrome";v="146"", sec-ch-ua-mobile:"?0", Sec-Fetch-Site:"same-origin", Sec-Fetch-Mode:"cors", Sec-Fetch-Dest:"empty", Referer:"http://localhost:7505/webjars/swagger-ui/index.html?urls.primaryName=Payment%20Service", Accept-Encoding:"gzip, deflate, br, zstd", Accept-Language:"en-US,en;q=0.9", Cookie:"m=", Forwarded:"proto=http;host="localhost:7505";for="[0:0:0:0:0:0:0:1]:64214"", X-Forwarded-For:"0:0:0:0:0:0:0:1", X-Forwarded-Proto:"http", X-Forwarded-Port:"7505", X-Forwarded-Host:"localhost:7505"]
2026-03-27T09:52:33.704+05:30 DEBUG 4660 --- [Api-Gateway] [ctor-http-nio-7] g.f.h.o.ObservedRequestHttpHeadersFilter : Client observation  {name=http.client.requests(null), error=null, context=name='http.client.requests', contextualName='null', error='null', lowCardinalityKeyValues=[http.method='GET', http.status_code='UNKNOWN', spring.cloud.gateway.route.id='PAYMENT-SERVICES', spring.cloud.gateway.route.uri='lb://PAYMENT-SERVICES'], highCardinalityKeyValues=[http.uri='http://localhost:7505/api/payments/v3/api-docs'], map=[class io.micrometer.core.instrument.Timer$Sample='io.micrometer.core.instrument.Timer$Sample@44302d72', class io.micrometer.core.instrument.LongTaskTimer$Sample='SampleImpl{duration(seconds)=1.591E-4, duration(nanos)=159100.0, startTimeNanos=87650690360700}'], parentObservation={name=http.server.requests(null), error=null, context=name='http.server.requests', contextualName='null', error='null', lowCardinalityKeyValues=[exception='none', method='GET', outcome='SUCCESS', status='200', uri='UNKNOWN'], highCardinalityKeyValues=[http.url='/api/payments/v3/api-docs'], map=[class io.micrometer.core.instrument.Timer$Sample='io.micrometer.core.instrument.Timer$Sample@f59ff72', class io.micrometer.core.instrument.LongTaskTimer$Sample='SampleImpl{duration(seconds)=0.1587772, duration(nanos)=1.587772E8, startTimeNanos=87650531910000}'], parentObservation=null}} created for the request. New headers are [Host:"localhost:7505", sec-ch-ua-platform:""Windows"", User-Agent:"Mozilla/5.0 (Windows NT 10.0; Win64; x64) AppleWebKit/537.36 (KHTML, like Gecko) Chrome/146.0.0.0 Safari/537.36", Accept:"application/json,*/*", sec-ch-ua:""Chromium";v="146", "Not-A.Brand";v="24", "Google Chrome";v="146"", sec-ch-ua-mobile:"?0", Sec-Fetch-Site:"same-origin", Sec-Fetch-Mode:"cors", Sec-Fetch-Dest:"empty", Referer:"http://localhost:7505/webjars/swagger-ui/index.html?urls.primaryName=Payment%20Service", Accept-Encoding:"gzip, deflate, br, zstd", Accept-Language:"en-US,en;q=0.9", Cookie:"m=", Forwarded:"proto=http;host="localhost:7505";for="[0:0:0:0:0:0:0:1]:64214"", X-Forwarded-For:"0:0:0:0:0:0:0:1", X-Forwarded-Proto:"http", X-Forwarded-Port:"7505", X-Forwarded-Host:"localhost:7505"]
2026-03-27T09:52:34.488+05:30 DEBUG 4660 --- [Api-Gateway] [ctor-http-nio-7] .f.h.o.ObservedResponseHttpHeadersFilter : Will instrument the response
2026-03-27T09:52:34.490+05:30 DEBUG 4660 --- [Api-Gateway] [ctor-http-nio-7] .f.h.o.ObservedResponseHttpHeadersFilter : The response was handled for observation {name=http.client.requests(null), error=null, context=name='http.client.requests', contextualName='null', error='null', lowCardinalityKeyValues=[http.method='GET', http.status_code='UNKNOWN', spring.cloud.gateway.route.id='PAYMENT-SERVICES', spring.cloud.gateway.route.uri='lb://PAYMENT-SERVICES'], highCardinalityKeyValues=[http.uri='http://localhost:7505/api/payments/v3/api-docs'], map=[class io.micrometer.core.instrument.Timer$Sample='io.micrometer.core.instrument.Timer$Sample@44302d72', class io.micrometer.core.instrument.LongTaskTimer$Sample='SampleImpl{duration(seconds)=0.7855719, duration(nanos)=7.855719E8, startTimeNanos=87650690360700}'], parentObservation={name=http.server.requests(null), error=null, context=name='http.server.requests', contextualName='null', error='null', lowCardinalityKeyValues=[exception='none', method='GET', outcome='SUCCESS', status='200', uri='UNKNOWN'], highCardinalityKeyValues=[http.url='/api/payments/v3/api-docs'], map=[class io.micrometer.core.instrument.Timer$Sample='io.micrometer.core.instrument.Timer$Sample@f59ff72', class io.micrometer.core.instrument.LongTaskTimer$Sample='SampleImpl{duration(seconds)=0.9442263, duration(nanos)=9.442263E8, startTimeNanos=87650531910000}'], parentObservation=null}}
2026-03-27T09:52:36.216+05:30 DEBUG 4660 --- [Api-Gateway] [ctor-http-nio-7] o.s.c.g.h.RoutePredicateHandlerMapping   : Route matched: REWARDS-SERVICE
2026-03-27T09:52:36.217+05:30 DEBUG 4660 --- [Api-Gateway] [ctor-http-nio-7] o.s.c.g.h.RoutePredicateHandlerMapping   : Mapping [Exchange: GET http://localhost:7505/api/rewards/v3/api-docs] to Route{id='REWARDS-SERVICE', uri=lb://REWARDS-SERVICE, order=0, predicate=Paths: [/api/rewards/**], match trailing slash: true, gatewayFilters=[[[SpringCloudCircuitBreakerResilience4JFilterFactory name = 'name:rewardCircuitBreaker', fallback = [null]], order = 1]], metadata={}}
2026-03-27T09:52:36.218+05:30 DEBUG 4660 --- [Api-Gateway] [ctor-http-nio-7] o.s.c.g.h.RoutePredicateHandlerMapping   : [799d025b-20] Mapped to org.springframework.cloud.gateway.handler.FilteringWebHandler@6394ca3c
2026-03-27T09:52:36.218+05:30 DEBUG 4660 --- [Api-Gateway] [ctor-http-nio-7] o.s.c.g.handler.FilteringWebHandler      : Sorted gatewayFilterFactories: [[GatewayFilterAdapter{delegate=org.springframework.cloud.gateway.filter.RemoveCachedBodyFilter@1edf71d9}, order = -2147483648], [GatewayFilterAdapter{delegate=org.springframework.cloud.gateway.filter.AdaptCachedBodyGlobalFilter@6ace919c}, order = -2147482648], [GatewayFilterAdapter{delegate=org.springframework.cloud.gateway.filter.NettyWriteResponseFilter@6f106af8}, order = -1], [GatewayFilterAdapter{delegate=org.springframework.cloud.gateway.filter.ForwardPathFilter@7f305f34}, order = 0], [GatewayFilterAdapter{delegate=org.springframework.cloud.gateway.filter.GatewayMetricsFilter@601d295}, order = 0], [[SpringCloudCircuitBreakerResilience4JFilterFactory name = 'name:rewardCircuitBreaker', fallback = [null]], order = 1], [GatewayFilterAdapter{delegate=org.springframework.cloud.gateway.filter.RouteToRequestUrlFilter@52d9d817}, order = 10000], [GatewayFilterAdapter{delegate=org.springframework.cloud.gateway.filter.ReactiveLoadBalancerClientFilter@3e39e0fb}, order = 10150], [GatewayFilterAdapter{delegate=org.springframework.cloud.gateway.filter.LoadBalancerServiceInstanceCookieFilter@260d48f5}, order = 10151], [GatewayFilterAdapter{delegate=org.springframework.cloud.gateway.filter.WebsocketRoutingFilter@1a84a8b2}, order = 2147483646], [GatewayFilterAdapter{delegate=org.springframework.cloud.gateway.filter.NettyRoutingFilter@148ab138}, order = 2147483647], [GatewayFilterAdapter{delegate=org.springframework.cloud.gateway.filter.ForwardRoutingFilter@131ba005}, order = 2147483647]]
2026-03-27T09:52:36.241+05:30 DEBUG 4660 --- [Api-Gateway] [ctor-http-nio-7] o.s.c.g.r.RouteDefinitionRouteLocator    : RouteDefinition ReactiveCompositeDiscoveryClient_CONFIG-SERVIER applying {pattern=/config-servier/**} to Path
2026-03-27T09:52:36.244+05:30 DEBUG 4660 --- [Api-Gateway] [ctor-http-nio-7] o.s.c.g.r.RouteDefinitionRouteLocator    : RouteDefinition ReactiveCompositeDiscoveryClient_CONFIG-SERVIER applying filter {regexp=/config-servier/?(?<remaining>.*), replacement=/${remaining}} to RewritePath
2026-03-27T09:52:36.245+05:30 DEBUG 4660 --- [Api-Gateway] [ctor-http-nio-7] o.s.c.g.r.RouteDefinitionRouteLocator    : RouteDefinition matched: ReactiveCompositeDiscoveryClient_CONFIG-SERVIER
2026-03-27T09:52:36.246+05:30 DEBUG 4660 --- [Api-Gateway] [ctor-http-nio-7] o.s.c.g.r.RouteDefinitionRouteLocator    : RouteDefinition ReactiveCompositeDiscoveryClient_API-GATEWAY applying {pattern=/api-gateway/**} to Path
2026-03-27T09:52:36.247+05:30 DEBUG 4660 --- [Api-Gateway] [ctor-http-nio-7] o.s.c.g.r.RouteDefinitionRouteLocator    : RouteDefinition ReactiveCompositeDiscoveryClient_API-GATEWAY applying filter {regexp=/api-gateway/?(?<remaining>.*), replacement=/${remaining}} to RewritePath
2026-03-27T09:52:36.250+05:30 DEBUG 4660 --- [Api-Gateway] [ctor-http-nio-7] o.s.c.g.r.RouteDefinitionRouteLocator    : RouteDefinition matched: ReactiveCompositeDiscoveryClient_API-GATEWAY
2026-03-27T09:52:36.250+05:30 DEBUG 4660 --- [Api-Gateway] [ctor-http-nio-7] o.s.c.g.r.RouteDefinitionRouteLocator    : RouteDefinition ReactiveCompositeDiscoveryClient_REWARDS-SERVICE applying {pattern=/rewards-service/**} to Path
2026-03-27T09:52:36.252+05:30 DEBUG 4660 --- [Api-Gateway] [ctor-http-nio-7] o.s.c.g.r.RouteDefinitionRouteLocator    : RouteDefinition ReactiveCompositeDiscoveryClient_REWARDS-SERVICE applying filter {regexp=/rewards-service/?(?<remaining>.*), replacement=/${remaining}} to RewritePath
2026-03-27T09:52:36.254+05:30 DEBUG 4660 --- [Api-Gateway] [ctor-http-nio-7] o.s.c.g.r.RouteDefinitionRouteLocator    : RouteDefinition matched: ReactiveCompositeDiscoveryClient_REWARDS-SERVICE
2026-03-27T09:52:36.254+05:30 DEBUG 4660 --- [Api-Gateway] [ctor-http-nio-7] o.s.c.g.r.RouteDefinitionRouteLocator    : RouteDefinition ReactiveCompositeDiscoveryClient_KYC-SERVICE applying {pattern=/kyc-service/**} to Path
2026-03-27T09:52:36.255+05:30 DEBUG 4660 --- [Api-Gateway] [ctor-http-nio-7] o.s.c.g.r.RouteDefinitionRouteLocator    : RouteDefinition ReactiveCompositeDiscoveryClient_KYC-SERVICE applying filter {regexp=/kyc-service/?(?<remaining>.*), replacement=/${remaining}} to RewritePath
2026-03-27T09:52:36.258+05:30 DEBUG 4660 --- [Api-Gateway] [ctor-http-nio-7] o.s.c.g.r.RouteDefinitionRouteLocator    : RouteDefinition matched: ReactiveCompositeDiscoveryClient_KYC-SERVICE
2026-03-27T09:52:36.259+05:30 DEBUG 4660 --- [Api-Gateway] [ctor-http-nio-7] o.s.c.g.r.RouteDefinitionRouteLocator    : RouteDefinition ReactiveCompositeDiscoveryClient_ADMIN-SERVICE applying {pattern=/admin-service/**} to Path
2026-03-27T09:52:36.261+05:30 DEBUG 4660 --- [Api-Gateway] [ctor-http-nio-7] o.s.c.g.r.RouteDefinitionRouteLocator    : RouteDefinition ReactiveCompositeDiscoveryClient_ADMIN-SERVICE applying filter {regexp=/admin-service/?(?<remaining>.*), replacement=/${remaining}} to RewritePath
2026-03-27T09:52:36.263+05:30 DEBUG 4660 --- [Api-Gateway] [ctor-http-nio-7] o.s.c.g.r.RouteDefinitionRouteLocator    : RouteDefinition matched: ReactiveCompositeDiscoveryClient_ADMIN-SERVICE
2026-03-27T09:52:36.264+05:30 DEBUG 4660 --- [Api-Gateway] [ctor-http-nio-7] o.s.c.g.r.RouteDefinitionRouteLocator    : RouteDefinition ReactiveCompositeDiscoveryClient_TRANSACTION-SERVICE applying {pattern=/transaction-service/**} to Path
2026-03-27T09:52:36.266+05:30 DEBUG 4660 --- [Api-Gateway] [ctor-http-nio-7] o.s.c.g.r.RouteDefinitionRouteLocator    : RouteDefinition ReactiveCompositeDiscoveryClient_TRANSACTION-SERVICE applying filter {regexp=/transaction-service/?(?<remaining>.*), replacement=/${remaining}} to RewritePath
2026-03-27T09:52:36.268+05:30 DEBUG 4660 --- [Api-Gateway] [ctor-http-nio-7] o.s.c.g.r.RouteDefinitionRouteLocator    : RouteDefinition matched: ReactiveCompositeDiscoveryClient_TRANSACTION-SERVICE
2026-03-27T09:52:36.269+05:30 DEBUG 4660 --- [Api-Gateway] [ctor-http-nio-7] o.s.c.g.r.RouteDefinitionRouteLocator    : RouteDefinition ReactiveCompositeDiscoveryClient_WALLET-SERVICE applying {pattern=/wallet-service/**} to Path
2026-03-27T09:52:36.272+05:30 DEBUG 4660 --- [Api-Gateway] [ctor-http-nio-7] o.s.c.g.r.RouteDefinitionRouteLocator    : RouteDefinition ReactiveCompositeDiscoveryClient_WALLET-SERVICE applying filter {regexp=/wallet-service/?(?<remaining>.*), replacement=/${remaining}} to RewritePath
2026-03-27T09:52:36.272+05:30 DEBUG 4660 --- [Api-Gateway] [ctor-http-nio-7] o.s.c.g.r.RouteDefinitionRouteLocator    : RouteDefinition matched: ReactiveCompositeDiscoveryClient_WALLET-SERVICE
2026-03-27T09:52:36.274+05:30 DEBUG 4660 --- [Api-Gateway] [ctor-http-nio-7] o.s.c.g.r.RouteDefinitionRouteLocator    : RouteDefinition ReactiveCompositeDiscoveryClient_NOTIFICATION-SERVICE applying {pattern=/notification-service/**} to Path
2026-03-27T09:52:36.277+05:30 DEBUG 4660 --- [Api-Gateway] [ctor-http-nio-7] o.s.c.g.r.RouteDefinitionRouteLocator    : RouteDefinition ReactiveCompositeDiscoveryClient_NOTIFICATION-SERVICE applying filter {regexp=/notification-service/?(?<remaining>.*), replacement=/${remaining}} to RewritePath
2026-03-27T09:52:36.278+05:30 DEBUG 4660 --- [Api-Gateway] [ctor-http-nio-7] o.s.c.g.r.RouteDefinitionRouteLocator    : RouteDefinition matched: ReactiveCompositeDiscoveryClient_NOTIFICATION-SERVICE
2026-03-27T09:52:36.279+05:30 DEBUG 4660 --- [Api-Gateway] [ctor-http-nio-7] o.s.c.g.r.RouteDefinitionRouteLocator    : RouteDefinition ReactiveCompositeDiscoveryClient_USER-SERVICE applying {pattern=/user-service/**} to Path
2026-03-27T09:52:36.281+05:30 DEBUG 4660 --- [Api-Gateway] [ctor-http-nio-7] o.s.c.g.r.RouteDefinitionRouteLocator    : RouteDefinition ReactiveCompositeDiscoveryClient_USER-SERVICE applying filter {regexp=/user-service/?(?<remaining>.*), replacement=/${remaining}} to RewritePath
2026-03-27T09:52:36.283+05:30 DEBUG 4660 --- [Api-Gateway] [ctor-http-nio-7] o.s.c.g.r.RouteDefinitionRouteLocator    : RouteDefinition matched: ReactiveCompositeDiscoveryClient_USER-SERVICE
2026-03-27T09:52:36.284+05:30 DEBUG 4660 --- [Api-Gateway] [ctor-http-nio-7] o.s.c.g.r.RouteDefinitionRouteLocator    : RouteDefinition ReactiveCompositeDiscoveryClient_PAYMENT-SERVICES applying {pattern=/payment-services/**} to Path
2026-03-27T09:52:36.286+05:30 DEBUG 4660 --- [Api-Gateway] [ctor-http-nio-7] o.s.c.g.r.RouteDefinitionRouteLocator    : RouteDefinition ReactiveCompositeDiscoveryClient_PAYMENT-SERVICES applying filter {regexp=/payment-services/?(?<remaining>.*), replacement=/${remaining}} to RewritePath
2026-03-27T09:52:36.288+05:30 DEBUG 4660 --- [Api-Gateway] [ctor-http-nio-7] o.s.c.g.r.RouteDefinitionRouteLocator    : RouteDefinition matched: ReactiveCompositeDiscoveryClient_PAYMENT-SERVICES
2026-03-27T09:52:36.289+05:30 DEBUG 4660 --- [Api-Gateway] [ctor-http-nio-7] o.s.c.g.r.RouteDefinitionRouteLocator    : RouteDefinition AUTH-SERVICE applying {_genkey_0=/auth/**} to Path
2026-03-27T09:52:36.291+05:30 DEBUG 4660 --- [Api-Gateway] [ctor-http-nio-7] o.s.c.g.r.RouteDefinitionRouteLocator    : RouteDefinition matched: AUTH-SERVICE
2026-03-27T09:52:36.292+05:30 DEBUG 4660 --- [Api-Gateway] [ctor-http-nio-7] o.s.c.g.r.RouteDefinitionRouteLocator    : RouteDefinition ADMIN-SERVICE applying {_genkey_0=/admin/**} to Path
2026-03-27T09:52:36.294+05:30 DEBUG 4660 --- [Api-Gateway] [ctor-http-nio-7] o.s.c.g.r.RouteDefinitionRouteLocator    : RouteDefinition matched: ADMIN-SERVICE
2026-03-27T09:52:36.294+05:30 DEBUG 4660 --- [Api-Gateway] [ctor-http-nio-7] o.s.c.g.r.RouteDefinitionRouteLocator    : RouteDefinition KYC-SERVICE applying {_genkey_0=/kyc/**} to Path
2026-03-27T09:52:36.296+05:30 DEBUG 4660 --- [Api-Gateway] [ctor-http-nio-7] o.s.c.g.r.RouteDefinitionRouteLocator    : RouteDefinition matched: KYC-SERVICE
2026-03-27T09:52:36.297+05:30 DEBUG 4660 --- [Api-Gateway] [ctor-http-nio-7] o.s.c.g.r.RouteDefinitionRouteLocator    : RouteDefinition PAYMENT-SERVICES applying {_genkey_0=/api/payments/**} to Path
2026-03-27T09:52:36.300+05:30 DEBUG 4660 --- [Api-Gateway] [ctor-http-nio-7] o.s.c.g.r.RouteDefinitionRouteLocator    : RouteDefinition PAYMENT-SERVICES applying filter {_genkey_0=name:paymentCircuitBreaker, _genkey_1=fallbackUri:forward:/fallback/payment} to CircuitBreaker
2026-03-27T09:52:36.302+05:30 DEBUG 4660 --- [Api-Gateway] [ctor-http-nio-7] o.s.c.g.r.RouteDefinitionRouteLocator    : RouteDefinition matched: PAYMENT-SERVICES
2026-03-27T09:52:36.303+05:30 DEBUG 4660 --- [Api-Gateway] [ctor-http-nio-7] o.s.c.g.r.RouteDefinitionRouteLocator    : RouteDefinition WALLET-SERVICE applying {_genkey_0=/api/wallets/**} to Path
2026-03-27T09:52:36.305+05:30 DEBUG 4660 --- [Api-Gateway] [ctor-http-nio-7] o.s.c.g.r.RouteDefinitionRouteLocator    : RouteDefinition WALLET-SERVICE applying filter {_genkey_0=name:walletCircuitBreaker, _genkey_1=fallbackUri:forward:/fallback/general} to CircuitBreaker
2026-03-27T09:52:36.307+05:30 DEBUG 4660 --- [Api-Gateway] [ctor-http-nio-7] o.s.c.g.r.RouteDefinitionRouteLocator    : RouteDefinition matched: WALLET-SERVICE
2026-03-27T09:52:36.307+05:30 DEBUG 4660 --- [Api-Gateway] [ctor-http-nio-7] o.s.c.g.r.RouteDefinitionRouteLocator    : RouteDefinition TRANSACTION-SERVICE applying {_genkey_0=/api/transaction/**} to Path
2026-03-27T09:52:36.310+05:30 DEBUG 4660 --- [Api-Gateway] [ctor-http-nio-7] o.s.c.g.r.RouteDefinitionRouteLocator    : RouteDefinition TRANSACTION-SERVICE applying filter {_genkey_0=name:transactionCircuitBreaker, _genkey_1=fallbackUri:forward:/fallback/general} to CircuitBreaker
2026-03-27T09:52:36.313+05:30 DEBUG 4660 --- [Api-Gateway] [ctor-http-nio-7] o.s.c.g.r.RouteDefinitionRouteLocator    : RouteDefinition matched: TRANSACTION-SERVICE
2026-03-27T09:52:36.313+05:30 DEBUG 4660 --- [Api-Gateway] [ctor-http-nio-7] o.s.c.g.r.RouteDefinitionRouteLocator    : RouteDefinition REWARDS-SERVICE applying {_genkey_0=/api/rewards/**} to Path
2026-03-27T09:52:36.315+05:30 DEBUG 4660 --- [Api-Gateway] [ctor-http-nio-7] o.s.c.g.r.RouteDefinitionRouteLocator    : RouteDefinition REWARDS-SERVICE applying filter {_genkey_0=name:rewardCircuitBreaker, _genkey_1=fallbackUri:forward:/fallback/reward} to CircuitBreaker
2026-03-27T09:52:36.316+05:30 DEBUG 4660 --- [Api-Gateway] [ctor-http-nio-7] o.s.c.g.r.RouteDefinitionRouteLocator    : RouteDefinition matched: REWARDS-SERVICE
2026-03-27T09:52:36.317+05:30 DEBUG 4660 --- [Api-Gateway] [ctor-http-nio-7] o.s.c.g.r.RouteDefinitionRouteLocator    : RouteDefinition NOTIFICATION-SERVICE applying {_genkey_0=/api/notifications/**} to Path
2026-03-27T09:52:36.318+05:30 DEBUG 4660 --- [Api-Gateway] [ctor-http-nio-7] o.s.c.g.r.RouteDefinitionRouteLocator    : RouteDefinition NOTIFICATION-SERVICE applying filter {_genkey_0=name:notificationCircuitBreaker, _genkey_1=fallbackUri:forward:/fallback/general} to CircuitBreaker
2026-03-27T09:52:36.320+05:30 DEBUG 4660 --- [Api-Gateway] [ctor-http-nio-7] o.s.c.g.r.RouteDefinitionRouteLocator    : RouteDefinition matched: NOTIFICATION-SERVICE
2026-03-27T09:52:36.320+05:30 DEBUG 4660 --- [Api-Gateway] [ctor-http-nio-7] o.s.c.g.r.RouteDefinitionRouteLocator    : RouteDefinition USER-SERVICE applying {_genkey_0=/users/**} to Path
2026-03-27T09:52:36.322+05:30 DEBUG 4660 --- [Api-Gateway] [ctor-http-nio-7] o.s.c.g.r.RouteDefinitionRouteLocator    : RouteDefinition matched: USER-SERVICE
2026-03-27T09:52:36.326+05:30 DEBUG 4660 --- [Api-Gateway] [ctor-http-nio-7] o.s.c.g.filter.GatewayMetricsFilter      : New routes count: 19
2026-03-27T09:52:36.328+05:30 DEBUG 4660 --- [Api-Gateway] [ctor-http-nio-7] g.f.h.o.ObservedRequestHttpHeadersFilter : Will instrument the HTTP request headers [Host:"localhost:7505", sec-ch-ua-platform:""Windows"", User-Agent:"Mozilla/5.0 (Windows NT 10.0; Win64; x64) AppleWebKit/537.36 (KHTML, like Gecko) Chrome/146.0.0.0 Safari/537.36", Accept:"application/json,*/*", sec-ch-ua:""Chromium";v="146", "Not-A.Brand";v="24", "Google Chrome";v="146"", sec-ch-ua-mobile:"?0", Sec-Fetch-Site:"same-origin", Sec-Fetch-Mode:"cors", Sec-Fetch-Dest:"empty", Referer:"http://localhost:7505/webjars/swagger-ui/index.html?urls.primaryName=Rewards%20Service", Accept-Encoding:"gzip, deflate, br, zstd", Accept-Language:"en-US,en;q=0.9", Cookie:"m=", Forwarded:"proto=http;host="localhost:7505";for="[0:0:0:0:0:0:0:1]:64214"", X-Forwarded-For:"0:0:0:0:0:0:0:1", X-Forwarded-Proto:"http", X-Forwarded-Port:"7505", X-Forwarded-Host:"localhost:7505"]
2026-03-27T09:52:36.331+05:30 DEBUG 4660 --- [Api-Gateway] [ctor-http-nio-7] g.f.h.o.ObservedRequestHttpHeadersFilter : Client observation  {name=http.client.requests(null), error=null, context=name='http.client.requests', contextualName='null', error='null', lowCardinalityKeyValues=[http.method='GET', http.status_code='UNKNOWN', spring.cloud.gateway.route.id='REWARDS-SERVICE', spring.cloud.gateway.route.uri='lb://REWARDS-SERVICE'], highCardinalityKeyValues=[http.uri='http://localhost:7505/api/rewards/v3/api-docs'], map=[class io.micrometer.core.instrument.Timer$Sample='io.micrometer.core.instrument.Timer$Sample@83fbb28', class io.micrometer.core.instrument.LongTaskTimer$Sample='SampleImpl{duration(seconds)=1.342E-4, duration(nanos)=134200.0, startTimeNanos=87653317226900}'], parentObservation={name=http.server.requests(null), error=null, context=name='http.server.requests', contextualName='null', error='null', lowCardinalityKeyValues=[exception='none', method='GET', outcome='SUCCESS', status='200', uri='UNKNOWN'], highCardinalityKeyValues=[http.url='/api/rewards/v3/api-docs'], map=[class io.micrometer.core.instrument.Timer$Sample='io.micrometer.core.instrument.Timer$Sample@6f2a64a7', class io.micrometer.core.instrument.LongTaskTimer$Sample='SampleImpl{duration(seconds)=0.1174514, duration(nanos)=1.174514E8, startTimeNanos=87653200013800}'], parentObservation=null}} created for the request. New headers are [Host:"localhost:7505", sec-ch-ua-platform:""Windows"", User-Agent:"Mozilla/5.0 (Windows NT 10.0; Win64; x64) AppleWebKit/537.36 (KHTML, like Gecko) Chrome/146.0.0.0 Safari/537.36", Accept:"application/json,*/*", sec-ch-ua:""Chromium";v="146", "Not-A.Brand";v="24", "Google Chrome";v="146"", sec-ch-ua-mobile:"?0", Sec-Fetch-Site:"same-origin", Sec-Fetch-Mode:"cors", Sec-Fetch-Dest:"empty", Referer:"http://localhost:7505/webjars/swagger-ui/index.html?urls.primaryName=Rewards%20Service", Accept-Encoding:"gzip, deflate, br, zstd", Accept-Language:"en-US,en;q=0.9", Cookie:"m=", Forwarded:"proto=http;host="localhost:7505";for="[0:0:0:0:0:0:0:1]:64214"", X-Forwarded-For:"0:0:0:0:0:0:0:1", X-Forwarded-Proto:"http", X-Forwarded-Port:"7505", X-Forwarded-Host:"localhost:7505"]
2026-03-27T09:52:37.342+05:30 DEBUG 4660 --- [Api-Gateway] [     parallel-7] .o.ObservationClosingWebExceptionHandler : An exception occurred and observation was not previously stopped, will stop it. The exception was [org.springframework.web.server.ResponseStatusException: 504 GATEWAY_TIMEOUT "Did not observe any item or terminal signal within 1000ms in 'circuitBreaker' (and no fallback has been configured)"]
2026-03-27T09:52:40.411+05:30 DEBUG 4660 --- [Api-Gateway] [ctor-http-nio-7] o.s.c.g.h.RoutePredicateHandlerMapping   : Route matched: PAYMENT-SERVICES
2026-03-27T09:52:40.414+05:30 DEBUG 4660 --- [Api-Gateway] [ctor-http-nio-7] o.s.c.g.h.RoutePredicateHandlerMapping   : Mapping [Exchange: GET http://localhost:7505/api/payments/v3/api-docs] to Route{id='PAYMENT-SERVICES', uri=lb://PAYMENT-SERVICES, order=0, predicate=Paths: [/api/payments/**], match trailing slash: true, gatewayFilters=[[[SpringCloudCircuitBreakerResilience4JFilterFactory name = 'name:paymentCircuitBreaker', fallback = [null]], order = 1]], metadata={}}
2026-03-27T09:52:40.416+05:30 DEBUG 4660 --- [Api-Gateway] [ctor-http-nio-7] o.s.c.g.h.RoutePredicateHandlerMapping   : [799d025b-21] Mapped to org.springframework.cloud.gateway.handler.FilteringWebHandler@6394ca3c
2026-03-27T09:52:40.416+05:30 DEBUG 4660 --- [Api-Gateway] [ctor-http-nio-7] o.s.c.g.handler.FilteringWebHandler      : Sorted gatewayFilterFactories: [[GatewayFilterAdapter{delegate=org.springframework.cloud.gateway.filter.RemoveCachedBodyFilter@1edf71d9}, order = -2147483648], [GatewayFilterAdapter{delegate=org.springframework.cloud.gateway.filter.AdaptCachedBodyGlobalFilter@6ace919c}, order = -2147482648], [GatewayFilterAdapter{delegate=org.springframework.cloud.gateway.filter.NettyWriteResponseFilter@6f106af8}, order = -1], [GatewayFilterAdapter{delegate=org.springframework.cloud.gateway.filter.ForwardPathFilter@7f305f34}, order = 0], [GatewayFilterAdapter{delegate=org.springframework.cloud.gateway.filter.GatewayMetricsFilter@601d295}, order = 0], [[SpringCloudCircuitBreakerResilience4JFilterFactory name = 'name:paymentCircuitBreaker', fallback = [null]], order = 1], [GatewayFilterAdapter{delegate=org.springframework.cloud.gateway.filter.RouteToRequestUrlFilter@52d9d817}, order = 10000], [GatewayFilterAdapter{delegate=org.springframework.cloud.gateway.filter.ReactiveLoadBalancerClientFilter@3e39e0fb}, order = 10150], [GatewayFilterAdapter{delegate=org.springframework.cloud.gateway.filter.LoadBalancerServiceInstanceCookieFilter@260d48f5}, order = 10151], [GatewayFilterAdapter{delegate=org.springframework.cloud.gateway.filter.WebsocketRoutingFilter@1a84a8b2}, order = 2147483646], [GatewayFilterAdapter{delegate=org.springframework.cloud.gateway.filter.NettyRoutingFilter@148ab138}, order = 2147483647], [GatewayFilterAdapter{delegate=org.springframework.cloud.gateway.filter.ForwardRoutingFilter@131ba005}, order = 2147483647]]
2026-03-27T09:52:40.423+05:30 DEBUG 4660 --- [Api-Gateway] [ctor-http-nio-7] g.f.h.o.ObservedRequestHttpHeadersFilter : Will instrument the HTTP request headers [Host:"localhost:7505", sec-ch-ua-platform:""Windows"", User-Agent:"Mozilla/5.0 (Windows NT 10.0; Win64; x64) AppleWebKit/537.36 (KHTML, like Gecko) Chrome/146.0.0.0 Safari/537.36", Accept:"application/json,*/*", sec-ch-ua:""Chromium";v="146", "Not-A.Brand";v="24", "Google Chrome";v="146"", sec-ch-ua-mobile:"?0", Sec-Fetch-Site:"same-origin", Sec-Fetch-Mode:"cors", Sec-Fetch-Dest:"empty", Referer:"http://localhost:7505/webjars/swagger-ui/index.html?urls.primaryName=Payment%20Service", Accept-Encoding:"gzip, deflate, br, zstd", Accept-Language:"en-US,en;q=0.9", Cookie:"m=", Forwarded:"proto=http;host="localhost:7505";for="[0:0:0:0:0:0:0:1]:64214"", X-Forwarded-For:"0:0:0:0:0:0:0:1", X-Forwarded-Proto:"http", X-Forwarded-Port:"7505", X-Forwarded-Host:"localhost:7505"]
2026-03-27T09:52:40.424+05:30 DEBUG 4660 --- [Api-Gateway] [ctor-http-nio-7] g.f.h.o.ObservedRequestHttpHeadersFilter : Client observation  {name=http.client.requests(null), error=null, context=name='http.client.requests', contextualName='null', error='null', lowCardinalityKeyValues=[http.method='GET', http.status_code='UNKNOWN', spring.cloud.gateway.route.id='PAYMENT-SERVICES', spring.cloud.gateway.route.uri='lb://PAYMENT-SERVICES'], highCardinalityKeyValues=[http.uri='http://localhost:7505/api/payments/v3/api-docs'], map=[class io.micrometer.core.instrument.Timer$Sample='io.micrometer.core.instrument.Timer$Sample@8ec7809', class io.micrometer.core.instrument.LongTaskTimer$Sample='SampleImpl{duration(seconds)=1.609E-4, duration(nanos)=160900.0, startTimeNanos=87657410387600}'], parentObservation={name=http.server.requests(null), error=null, context=name='http.server.requests', contextualName='null', error='null', lowCardinalityKeyValues=[exception='none', method='GET', outcome='SUCCESS', status='200', uri='UNKNOWN'], highCardinalityKeyValues=[http.url='/api/payments/v3/api-docs'], map=[class io.micrometer.core.instrument.Timer$Sample='io.micrometer.core.instrument.Timer$Sample@6bedbeef', class io.micrometer.core.instrument.LongTaskTimer$Sample='SampleImpl{duration(seconds)=0.0149064, duration(nanos)=1.49064E7, startTimeNanos=87657395804200}'], parentObservation=null}} created for the request. New headers are [Host:"localhost:7505", sec-ch-ua-platform:""Windows"", User-Agent:"Mozilla/5.0 (Windows NT 10.0; Win64; x64) AppleWebKit/537.36 (KHTML, like Gecko) Chrome/146.0.0.0 Safari/537.36", Accept:"application/json,*/*", sec-ch-ua:""Chromium";v="146", "Not-A.Brand";v="24", "Google Chrome";v="146"", sec-ch-ua-mobile:"?0", Sec-Fetch-Site:"same-origin", Sec-Fetch-Mode:"cors", Sec-Fetch-Dest:"empty", Referer:"http://localhost:7505/webjars/swagger-ui/index.html?urls.primaryName=Payment%20Service", Accept-Encoding:"gzip, deflate, br, zstd", Accept-Language:"en-US,en;q=0.9", Cookie:"m=", Forwarded:"proto=http;host="localhost:7505";for="[0:0:0:0:0:0:0:1]:64214"", X-Forwarded-For:"0:0:0:0:0:0:0:1", X-Forwarded-Proto:"http", X-Forwarded-Port:"7505", X-Forwarded-Host:"localhost:7505"]
2026-03-27T09:52:40.437+05:30 DEBUG 4660 --- [Api-Gateway] [ctor-http-nio-7] .f.h.o.ObservedResponseHttpHeadersFilter : Will instrument the response
2026-03-27T09:52:40.438+05:30 DEBUG 4660 --- [Api-Gateway] [ctor-http-nio-7] .f.h.o.ObservedResponseHttpHeadersFilter : The response was handled for observation {name=http.client.requests(null), error=null, context=name='http.client.requests', contextualName='null', error='null', lowCardinalityKeyValues=[http.method='GET', http.status_code='UNKNOWN', spring.cloud.gateway.route.id='PAYMENT-SERVICES', spring.cloud.gateway.route.uri='lb://PAYMENT-SERVICES'], highCardinalityKeyValues=[http.uri='http://localhost:7505/api/payments/v3/api-docs'], map=[class io.micrometer.core.instrument.Timer$Sample='io.micrometer.core.instrument.Timer$Sample@8ec7809', class io.micrometer.core.instrument.LongTaskTimer$Sample='SampleImpl{duration(seconds)=0.0140227, duration(nanos)=1.40227E7, startTimeNanos=87657410387600}'], parentObservation={name=http.server.requests(null), error=null, context=name='http.server.requests', contextualName='null', error='null', lowCardinalityKeyValues=[exception='none', method='GET', outcome='SUCCESS', status='200', uri='UNKNOWN'], highCardinalityKeyValues=[http.url='/api/payments/v3/api-docs'], map=[class io.micrometer.core.instrument.Timer$Sample='io.micrometer.core.instrument.Timer$Sample@6bedbeef', class io.micrometer.core.instrument.LongTaskTimer$Sample='SampleImpl{duration(seconds)=0.0287211, duration(nanos)=2.87211E7, startTimeNanos=87657395804200}'], parentObservation=null}}
2026-03-27T09:52:42.313+05:30 DEBUG 4660 --- [Api-Gateway] [ctor-http-nio-7] o.s.c.g.h.RoutePredicateHandlerMapping   : Route matched: TRANSACTION-SERVICE
2026-03-27T09:52:42.317+05:30 DEBUG 4660 --- [Api-Gateway] [ctor-http-nio-7] o.s.c.g.h.RoutePredicateHandlerMapping   : Mapping [Exchange: GET http://localhost:7505/api/transaction/v3/api-docs] to Route{id='TRANSACTION-SERVICE', uri=lb://TRANSACTION-SERVICE, order=0, predicate=Paths: [/api/transaction/**], match trailing slash: true, gatewayFilters=[[[SpringCloudCircuitBreakerResilience4JFilterFactory name = 'name:transactionCircuitBreaker', fallback = [null]], order = 1]], metadata={}}
2026-03-27T09:52:42.317+05:30 DEBUG 4660 --- [Api-Gateway] [ctor-http-nio-7] o.s.c.g.h.RoutePredicateHandlerMapping   : [799d025b-22] Mapped to org.springframework.cloud.gateway.handler.FilteringWebHandler@6394ca3c
2026-03-27T09:52:42.317+05:30 DEBUG 4660 --- [Api-Gateway] [ctor-http-nio-7] o.s.c.g.handler.FilteringWebHandler      : Sorted gatewayFilterFactories: [[GatewayFilterAdapter{delegate=org.springframework.cloud.gateway.filter.RemoveCachedBodyFilter@1edf71d9}, order = -2147483648], [GatewayFilterAdapter{delegate=org.springframework.cloud.gateway.filter.AdaptCachedBodyGlobalFilter@6ace919c}, order = -2147482648], [GatewayFilterAdapter{delegate=org.springframework.cloud.gateway.filter.NettyWriteResponseFilter@6f106af8}, order = -1], [GatewayFilterAdapter{delegate=org.springframework.cloud.gateway.filter.ForwardPathFilter@7f305f34}, order = 0], [GatewayFilterAdapter{delegate=org.springframework.cloud.gateway.filter.GatewayMetricsFilter@601d295}, order = 0], [[SpringCloudCircuitBreakerResilience4JFilterFactory name = 'name:transactionCircuitBreaker', fallback = [null]], order = 1], [GatewayFilterAdapter{delegate=org.springframework.cloud.gateway.filter.RouteToRequestUrlFilter@52d9d817}, order = 10000], [GatewayFilterAdapter{delegate=org.springframework.cloud.gateway.filter.ReactiveLoadBalancerClientFilter@3e39e0fb}, order = 10150], [GatewayFilterAdapter{delegate=org.springframework.cloud.gateway.filter.LoadBalancerServiceInstanceCookieFilter@260d48f5}, order = 10151], [GatewayFilterAdapter{delegate=org.springframework.cloud.gateway.filter.WebsocketRoutingFilter@1a84a8b2}, order = 2147483646], [GatewayFilterAdapter{delegate=org.springframework.cloud.gateway.filter.NettyRoutingFilter@148ab138}, order = 2147483647], [GatewayFilterAdapter{delegate=org.springframework.cloud.gateway.filter.ForwardRoutingFilter@131ba005}, order = 2147483647]]
2026-03-27T09:52:42.365+05:30 DEBUG 4660 --- [Api-Gateway] [ctor-http-nio-7] o.s.c.g.r.RouteDefinitionRouteLocator    : RouteDefinition ReactiveCompositeDiscoveryClient_CONFIG-SERVIER applying {pattern=/config-servier/**} to Path
2026-03-27T09:52:42.369+05:30 DEBUG 4660 --- [Api-Gateway] [ctor-http-nio-7] o.s.c.g.r.RouteDefinitionRouteLocator    : RouteDefinition ReactiveCompositeDiscoveryClient_CONFIG-SERVIER applying filter {regexp=/config-servier/?(?<remaining>.*), replacement=/${remaining}} to RewritePath
2026-03-27T09:52:42.371+05:30 DEBUG 4660 --- [Api-Gateway] [ctor-http-nio-7] o.s.c.g.r.RouteDefinitionRouteLocator    : RouteDefinition matched: ReactiveCompositeDiscoveryClient_CONFIG-SERVIER
2026-03-27T09:52:42.373+05:30 DEBUG 4660 --- [Api-Gateway] [ctor-http-nio-7] o.s.c.g.r.RouteDefinitionRouteLocator    : RouteDefinition ReactiveCompositeDiscoveryClient_API-GATEWAY applying {pattern=/api-gateway/**} to Path
2026-03-27T09:52:42.375+05:30 DEBUG 4660 --- [Api-Gateway] [ctor-http-nio-7] o.s.c.g.r.RouteDefinitionRouteLocator    : RouteDefinition ReactiveCompositeDiscoveryClient_API-GATEWAY applying filter {regexp=/api-gateway/?(?<remaining>.*), replacement=/${remaining}} to RewritePath
2026-03-27T09:52:42.376+05:30 DEBUG 4660 --- [Api-Gateway] [ctor-http-nio-7] o.s.c.g.r.RouteDefinitionRouteLocator    : RouteDefinition matched: ReactiveCompositeDiscoveryClient_API-GATEWAY
2026-03-27T09:52:42.377+05:30 DEBUG 4660 --- [Api-Gateway] [ctor-http-nio-7] o.s.c.g.r.RouteDefinitionRouteLocator    : RouteDefinition ReactiveCompositeDiscoveryClient_REWARDS-SERVICE applying {pattern=/rewards-service/**} to Path
2026-03-27T09:52:42.378+05:30 DEBUG 4660 --- [Api-Gateway] [ctor-http-nio-7] o.s.c.g.r.RouteDefinitionRouteLocator    : RouteDefinition ReactiveCompositeDiscoveryClient_REWARDS-SERVICE applying filter {regexp=/rewards-service/?(?<remaining>.*), replacement=/${remaining}} to RewritePath
2026-03-27T09:52:42.380+05:30 DEBUG 4660 --- [Api-Gateway] [ctor-http-nio-7] o.s.c.g.r.RouteDefinitionRouteLocator    : RouteDefinition matched: ReactiveCompositeDiscoveryClient_REWARDS-SERVICE
2026-03-27T09:52:42.381+05:30 DEBUG 4660 --- [Api-Gateway] [ctor-http-nio-7] o.s.c.g.r.RouteDefinitionRouteLocator    : RouteDefinition ReactiveCompositeDiscoveryClient_KYC-SERVICE applying {pattern=/kyc-service/**} to Path
2026-03-27T09:52:42.382+05:30 DEBUG 4660 --- [Api-Gateway] [ctor-http-nio-7] o.s.c.g.r.RouteDefinitionRouteLocator    : RouteDefinition ReactiveCompositeDiscoveryClient_KYC-SERVICE applying filter {regexp=/kyc-service/?(?<remaining>.*), replacement=/${remaining}} to RewritePath
2026-03-27T09:52:42.383+05:30 DEBUG 4660 --- [Api-Gateway] [ctor-http-nio-7] o.s.c.g.r.RouteDefinitionRouteLocator    : RouteDefinition matched: ReactiveCompositeDiscoveryClient_KYC-SERVICE
2026-03-27T09:52:42.384+05:30 DEBUG 4660 --- [Api-Gateway] [ctor-http-nio-7] o.s.c.g.r.RouteDefinitionRouteLocator    : RouteDefinition ReactiveCompositeDiscoveryClient_ADMIN-SERVICE applying {pattern=/admin-service/**} to Path
2026-03-27T09:52:42.386+05:30 DEBUG 4660 --- [Api-Gateway] [ctor-http-nio-7] o.s.c.g.r.RouteDefinitionRouteLocator    : RouteDefinition ReactiveCompositeDiscoveryClient_ADMIN-SERVICE applying filter {regexp=/admin-service/?(?<remaining>.*), replacement=/${remaining}} to RewritePath
2026-03-27T09:52:42.387+05:30 DEBUG 4660 --- [Api-Gateway] [ctor-http-nio-7] o.s.c.g.r.RouteDefinitionRouteLocator    : RouteDefinition matched: ReactiveCompositeDiscoveryClient_ADMIN-SERVICE
2026-03-27T09:52:42.388+05:30 DEBUG 4660 --- [Api-Gateway] [ctor-http-nio-7] o.s.c.g.r.RouteDefinitionRouteLocator    : RouteDefinition ReactiveCompositeDiscoveryClient_TRANSACTION-SERVICE applying {pattern=/transaction-service/**} to Path
2026-03-27T09:52:42.390+05:30 DEBUG 4660 --- [Api-Gateway] [ctor-http-nio-7] o.s.c.g.r.RouteDefinitionRouteLocator    : RouteDefinition ReactiveCompositeDiscoveryClient_TRANSACTION-SERVICE applying filter {regexp=/transaction-service/?(?<remaining>.*), replacement=/${remaining}} to RewritePath
2026-03-27T09:52:42.390+05:30 DEBUG 4660 --- [Api-Gateway] [ctor-http-nio-7] o.s.c.g.r.RouteDefinitionRouteLocator    : RouteDefinition matched: ReactiveCompositeDiscoveryClient_TRANSACTION-SERVICE
2026-03-27T09:52:42.392+05:30 DEBUG 4660 --- [Api-Gateway] [ctor-http-nio-7] o.s.c.g.r.RouteDefinitionRouteLocator    : RouteDefinition ReactiveCompositeDiscoveryClient_WALLET-SERVICE applying {pattern=/wallet-service/**} to Path
2026-03-27T09:52:42.393+05:30 DEBUG 4660 --- [Api-Gateway] [ctor-http-nio-7] o.s.c.g.r.RouteDefinitionRouteLocator    : RouteDefinition ReactiveCompositeDiscoveryClient_WALLET-SERVICE applying filter {regexp=/wallet-service/?(?<remaining>.*), replacement=/${remaining}} to RewritePath
2026-03-27T09:52:42.394+05:30 DEBUG 4660 --- [Api-Gateway] [ctor-http-nio-7] o.s.c.g.r.RouteDefinitionRouteLocator    : RouteDefinition matched: ReactiveCompositeDiscoveryClient_WALLET-SERVICE
2026-03-27T09:52:42.395+05:30 DEBUG 4660 --- [Api-Gateway] [ctor-http-nio-7] o.s.c.g.r.RouteDefinitionRouteLocator    : RouteDefinition ReactiveCompositeDiscoveryClient_NOTIFICATION-SERVICE applying {pattern=/notification-service/**} to Path
2026-03-27T09:52:42.397+05:30 DEBUG 4660 --- [Api-Gateway] [ctor-http-nio-7] o.s.c.g.r.RouteDefinitionRouteLocator    : RouteDefinition ReactiveCompositeDiscoveryClient_NOTIFICATION-SERVICE applying filter {regexp=/notification-service/?(?<remaining>.*), replacement=/${remaining}} to RewritePath
2026-03-27T09:52:42.398+05:30 DEBUG 4660 --- [Api-Gateway] [ctor-http-nio-7] o.s.c.g.r.RouteDefinitionRouteLocator    : RouteDefinition matched: ReactiveCompositeDiscoveryClient_NOTIFICATION-SERVICE
2026-03-27T09:52:42.399+05:30 DEBUG 4660 --- [Api-Gateway] [ctor-http-nio-7] o.s.c.g.r.RouteDefinitionRouteLocator    : RouteDefinition ReactiveCompositeDiscoveryClient_USER-SERVICE applying {pattern=/user-service/**} to Path
2026-03-27T09:52:42.400+05:30 DEBUG 4660 --- [Api-Gateway] [ctor-http-nio-7] o.s.c.g.r.RouteDefinitionRouteLocator    : RouteDefinition ReactiveCompositeDiscoveryClient_USER-SERVICE applying filter {regexp=/user-service/?(?<remaining>.*), replacement=/${remaining}} to RewritePath
2026-03-27T09:52:42.401+05:30 DEBUG 4660 --- [Api-Gateway] [ctor-http-nio-7] o.s.c.g.r.RouteDefinitionRouteLocator    : RouteDefinition matched: ReactiveCompositeDiscoveryClient_USER-SERVICE
2026-03-27T09:52:42.402+05:30 DEBUG 4660 --- [Api-Gateway] [ctor-http-nio-7] o.s.c.g.r.RouteDefinitionRouteLocator    : RouteDefinition ReactiveCompositeDiscoveryClient_PAYMENT-SERVICES applying {pattern=/payment-services/**} to Path
2026-03-27T09:52:42.403+05:30 DEBUG 4660 --- [Api-Gateway] [ctor-http-nio-7] o.s.c.g.r.RouteDefinitionRouteLocator    : RouteDefinition ReactiveCompositeDiscoveryClient_PAYMENT-SERVICES applying filter {regexp=/payment-services/?(?<remaining>.*), replacement=/${remaining}} to RewritePath
2026-03-27T09:52:42.404+05:30 DEBUG 4660 --- [Api-Gateway] [ctor-http-nio-7] o.s.c.g.r.RouteDefinitionRouteLocator    : RouteDefinition matched: ReactiveCompositeDiscoveryClient_PAYMENT-SERVICES
2026-03-27T09:52:42.405+05:30 DEBUG 4660 --- [Api-Gateway] [ctor-http-nio-7] o.s.c.g.r.RouteDefinitionRouteLocator    : RouteDefinition AUTH-SERVICE applying {_genkey_0=/auth/**} to Path
2026-03-27T09:52:42.406+05:30 DEBUG 4660 --- [Api-Gateway] [ctor-http-nio-7] o.s.c.g.r.RouteDefinitionRouteLocator    : RouteDefinition matched: AUTH-SERVICE
2026-03-27T09:52:42.407+05:30 DEBUG 4660 --- [Api-Gateway] [ctor-http-nio-7] o.s.c.g.r.RouteDefinitionRouteLocator    : RouteDefinition ADMIN-SERVICE applying {_genkey_0=/admin/**} to Path
2026-03-27T09:52:42.408+05:30 DEBUG 4660 --- [Api-Gateway] [ctor-http-nio-7] o.s.c.g.r.RouteDefinitionRouteLocator    : RouteDefinition matched: ADMIN-SERVICE
2026-03-27T09:52:42.408+05:30 DEBUG 4660 --- [Api-Gateway] [ctor-http-nio-7] o.s.c.g.r.RouteDefinitionRouteLocator    : RouteDefinition KYC-SERVICE applying {_genkey_0=/kyc/**} to Path
2026-03-27T09:52:42.409+05:30 DEBUG 4660 --- [Api-Gateway] [ctor-http-nio-7] o.s.c.g.r.RouteDefinitionRouteLocator    : RouteDefinition matched: KYC-SERVICE
2026-03-27T09:52:42.410+05:30 DEBUG 4660 --- [Api-Gateway] [ctor-http-nio-7] o.s.c.g.r.RouteDefinitionRouteLocator    : RouteDefinition PAYMENT-SERVICES applying {_genkey_0=/api/payments/**} to Path
2026-03-27T09:52:42.411+05:30 DEBUG 4660 --- [Api-Gateway] [ctor-http-nio-7] o.s.c.g.r.RouteDefinitionRouteLocator    : RouteDefinition PAYMENT-SERVICES applying filter {_genkey_0=name:paymentCircuitBreaker, _genkey_1=fallbackUri:forward:/fallback/payment} to CircuitBreaker
2026-03-27T09:52:42.412+05:30 DEBUG 4660 --- [Api-Gateway] [ctor-http-nio-7] o.s.c.g.r.RouteDefinitionRouteLocator    : RouteDefinition matched: PAYMENT-SERVICES
2026-03-27T09:52:42.412+05:30 DEBUG 4660 --- [Api-Gateway] [ctor-http-nio-7] o.s.c.g.r.RouteDefinitionRouteLocator    : RouteDefinition WALLET-SERVICE applying {_genkey_0=/api/wallets/**} to Path
2026-03-27T09:52:42.413+05:30 DEBUG 4660 --- [Api-Gateway] [ctor-http-nio-7] o.s.c.g.r.RouteDefinitionRouteLocator    : RouteDefinition WALLET-SERVICE applying filter {_genkey_0=name:walletCircuitBreaker, _genkey_1=fallbackUri:forward:/fallback/general} to CircuitBreaker
2026-03-27T09:52:42.416+05:30 DEBUG 4660 --- [Api-Gateway] [ctor-http-nio-7] o.s.c.g.r.RouteDefinitionRouteLocator    : RouteDefinition matched: WALLET-SERVICE
2026-03-27T09:52:42.416+05:30 DEBUG 4660 --- [Api-Gateway] [ctor-http-nio-7] o.s.c.g.r.RouteDefinitionRouteLocator    : RouteDefinition TRANSACTION-SERVICE applying {_genkey_0=/api/transaction/**} to Path
2026-03-27T09:52:42.417+05:30 DEBUG 4660 --- [Api-Gateway] [ctor-http-nio-7] o.s.c.g.r.RouteDefinitionRouteLocator    : RouteDefinition TRANSACTION-SERVICE applying filter {_genkey_0=name:transactionCircuitBreaker, _genkey_1=fallbackUri:forward:/fallback/general} to CircuitBreaker
2026-03-27T09:52:42.418+05:30 DEBUG 4660 --- [Api-Gateway] [ctor-http-nio-7] o.s.c.g.r.RouteDefinitionRouteLocator    : RouteDefinition matched: TRANSACTION-SERVICE
2026-03-27T09:52:42.419+05:30 DEBUG 4660 --- [Api-Gateway] [ctor-http-nio-7] o.s.c.g.r.RouteDefinitionRouteLocator    : RouteDefinition REWARDS-SERVICE applying {_genkey_0=/api/rewards/**} to Path
2026-03-27T09:52:42.420+05:30 DEBUG 4660 --- [Api-Gateway] [ctor-http-nio-7] o.s.c.g.r.RouteDefinitionRouteLocator    : RouteDefinition REWARDS-SERVICE applying filter {_genkey_0=name:rewardCircuitBreaker, _genkey_1=fallbackUri:forward:/fallback/reward} to CircuitBreaker
2026-03-27T09:52:42.421+05:30 DEBUG 4660 --- [Api-Gateway] [ctor-http-nio-7] o.s.c.g.r.RouteDefinitionRouteLocator    : RouteDefinition matched: REWARDS-SERVICE
2026-03-27T09:52:42.422+05:30 DEBUG 4660 --- [Api-Gateway] [ctor-http-nio-7] o.s.c.g.r.RouteDefinitionRouteLocator    : RouteDefinition NOTIFICATION-SERVICE applying {_genkey_0=/api/notifications/**} to Path
2026-03-27T09:52:42.422+05:30 DEBUG 4660 --- [Api-Gateway] [ctor-http-nio-7] o.s.c.g.r.RouteDefinitionRouteLocator    : RouteDefinition NOTIFICATION-SERVICE applying filter {_genkey_0=name:notificationCircuitBreaker, _genkey_1=fallbackUri:forward:/fallback/general} to CircuitBreaker
2026-03-27T09:52:42.423+05:30 DEBUG 4660 --- [Api-Gateway] [ctor-http-nio-7] o.s.c.g.r.RouteDefinitionRouteLocator    : RouteDefinition matched: NOTIFICATION-SERVICE
2026-03-27T09:52:42.424+05:30 DEBUG 4660 --- [Api-Gateway] [ctor-http-nio-7] o.s.c.g.r.RouteDefinitionRouteLocator    : RouteDefinition USER-SERVICE applying {_genkey_0=/users/**} to Path
2026-03-27T09:52:42.425+05:30 DEBUG 4660 --- [Api-Gateway] [ctor-http-nio-7] o.s.c.g.r.RouteDefinitionRouteLocator    : RouteDefinition matched: USER-SERVICE
2026-03-27T09:52:42.426+05:30 DEBUG 4660 --- [Api-Gateway] [ctor-http-nio-7] o.s.c.g.filter.GatewayMetricsFilter      : New routes count: 19
2026-03-27T09:52:42.429+05:30 DEBUG 4660 --- [Api-Gateway] [ctor-http-nio-7] g.f.h.o.ObservedRequestHttpHeadersFilter : Will instrument the HTTP request headers [Host:"localhost:7505", sec-ch-ua-platform:""Windows"", User-Agent:"Mozilla/5.0 (Windows NT 10.0; Win64; x64) AppleWebKit/537.36 (KHTML, like Gecko) Chrome/146.0.0.0 Safari/537.36", Accept:"application/json,*/*", sec-ch-ua:""Chromium";v="146", "Not-A.Brand";v="24", "Google Chrome";v="146"", sec-ch-ua-mobile:"?0", Sec-Fetch-Site:"same-origin", Sec-Fetch-Mode:"cors", Sec-Fetch-Dest:"empty", Referer:"http://localhost:7505/webjars/swagger-ui/index.html?urls.primaryName=Transaction%20Service", Accept-Encoding:"gzip, deflate, br, zstd", Accept-Language:"en-US,en;q=0.9", Cookie:"m=", Forwarded:"proto=http;host="localhost:7505";for="[0:0:0:0:0:0:0:1]:64214"", X-Forwarded-For:"0:0:0:0:0:0:0:1", X-Forwarded-Proto:"http", X-Forwarded-Port:"7505", X-Forwarded-Host:"localhost:7505"]
2026-03-27T09:52:42.431+05:30 DEBUG 4660 --- [Api-Gateway] [ctor-http-nio-7] g.f.h.o.ObservedRequestHttpHeadersFilter : Client observation  {name=http.client.requests(null), error=null, context=name='http.client.requests', contextualName='null', error='null', lowCardinalityKeyValues=[http.method='GET', http.status_code='UNKNOWN', spring.cloud.gateway.route.id='TRANSACTION-SERVICE', spring.cloud.gateway.route.uri='lb://TRANSACTION-SERVICE'], highCardinalityKeyValues=[http.uri='http://localhost:7505/api/transaction/v3/api-docs'], map=[class io.micrometer.core.instrument.Timer$Sample='io.micrometer.core.instrument.Timer$Sample@705efdc4', class io.micrometer.core.instrument.LongTaskTimer$Sample='SampleImpl{duration(seconds)=7.16E-5, duration(nanos)=71600.0, startTimeNanos=87659416694900}'], parentObservation={name=http.server.requests(null), error=null, context=name='http.server.requests', contextualName='null', error='null', lowCardinalityKeyValues=[exception='none', method='GET', outcome='SUCCESS', status='200', uri='UNKNOWN'], highCardinalityKeyValues=[http.url='/api/transaction/v3/api-docs'], map=[class io.micrometer.core.instrument.Timer$Sample='io.micrometer.core.instrument.Timer$Sample@5d8a2fa3', class io.micrometer.core.instrument.LongTaskTimer$Sample='SampleImpl{duration(seconds)=0.119034, duration(nanos)=1.19034E8, startTimeNanos=87659297822100}'], parentObservation=null}} created for the request. New headers are [Host:"localhost:7505", sec-ch-ua-platform:""Windows"", User-Agent:"Mozilla/5.0 (Windows NT 10.0; Win64; x64) AppleWebKit/537.36 (KHTML, like Gecko) Chrome/146.0.0.0 Safari/537.36", Accept:"application/json,*/*", sec-ch-ua:""Chromium";v="146", "Not-A.Brand";v="24", "Google Chrome";v="146"", sec-ch-ua-mobile:"?0", Sec-Fetch-Site:"same-origin", Sec-Fetch-Mode:"cors", Sec-Fetch-Dest:"empty", Referer:"http://localhost:7505/webjars/swagger-ui/index.html?urls.primaryName=Transaction%20Service", Accept-Encoding:"gzip, deflate, br, zstd", Accept-Language:"en-US,en;q=0.9", Cookie:"m=", Forwarded:"proto=http;host="localhost:7505";for="[0:0:0:0:0:0:0:1]:64214"", X-Forwarded-For:"0:0:0:0:0:0:0:1", X-Forwarded-Proto:"http", X-Forwarded-Port:"7505", X-Forwarded-Host:"localhost:7505"]
2026-03-27T09:52:43.433+05:30 DEBUG 4660 --- [Api-Gateway] [    parallel-10] .o.ObservationClosingWebExceptionHandler : An exception occurred and observation was not previously stopped, will stop it. The exception was [org.springframework.web.server.ResponseStatusException: 504 GATEWAY_TIMEOUT "Did not observe any item or terminal signal within 1000ms in 'circuitBreaker' (and no fallback has been configured)"]
2026-03-27T09:52:45.187+05:30 DEBUG 4660 --- [Api-Gateway] [ctor-http-nio-7] o.s.c.g.h.RoutePredicateHandlerMapping   : Route matched: USER-SERVICE
2026-03-27T09:52:45.189+05:30 DEBUG 4660 --- [Api-Gateway] [ctor-http-nio-7] o.s.c.g.h.RoutePredicateHandlerMapping   : Mapping [Exchange: GET http://localhost:7505/users/v3/api-docs] to Route{id='USER-SERVICE', uri=lb://USER-SERVICE, order=0, predicate=Paths: [/users/**], match trailing slash: true, gatewayFilters=[], metadata={}}
2026-03-27T09:52:45.191+05:30 DEBUG 4660 --- [Api-Gateway] [ctor-http-nio-7] o.s.c.g.h.RoutePredicateHandlerMapping   : [799d025b-23] Mapped to org.springframework.cloud.gateway.handler.FilteringWebHandler@6394ca3c
2026-03-27T09:52:45.192+05:30 DEBUG 4660 --- [Api-Gateway] [ctor-http-nio-7] o.s.c.g.handler.FilteringWebHandler      : Sorted gatewayFilterFactories: [[GatewayFilterAdapter{delegate=org.springframework.cloud.gateway.filter.RemoveCachedBodyFilter@1edf71d9}, order = -2147483648], [GatewayFilterAdapter{delegate=org.springframework.cloud.gateway.filter.AdaptCachedBodyGlobalFilter@6ace919c}, order = -2147482648], [GatewayFilterAdapter{delegate=org.springframework.cloud.gateway.filter.NettyWriteResponseFilter@6f106af8}, order = -1], [GatewayFilterAdapter{delegate=org.springframework.cloud.gateway.filter.ForwardPathFilter@7f305f34}, order = 0], [GatewayFilterAdapter{delegate=org.springframework.cloud.gateway.filter.GatewayMetricsFilter@601d295}, order = 0], [GatewayFilterAdapter{delegate=org.springframework.cloud.gateway.filter.RouteToRequestUrlFilter@52d9d817}, order = 10000], [GatewayFilterAdapter{delegate=org.springframework.cloud.gateway.filter.ReactiveLoadBalancerClientFilter@3e39e0fb}, order = 10150], [GatewayFilterAdapter{delegate=org.springframework.cloud.gateway.filter.LoadBalancerServiceInstanceCookieFilter@260d48f5}, order = 10151], [GatewayFilterAdapter{delegate=org.springframework.cloud.gateway.filter.WebsocketRoutingFilter@1a84a8b2}, order = 2147483646], [GatewayFilterAdapter{delegate=org.springframework.cloud.gateway.filter.NettyRoutingFilter@148ab138}, order = 2147483647], [GatewayFilterAdapter{delegate=org.springframework.cloud.gateway.filter.ForwardRoutingFilter@131ba005}, order = 2147483647]]
2026-03-27T09:52:45.233+05:30 DEBUG 4660 --- [Api-Gateway] [ctor-http-nio-7] o.s.c.g.r.RouteDefinitionRouteLocator    : RouteDefinition ReactiveCompositeDiscoveryClient_CONFIG-SERVIER applying {pattern=/config-servier/**} to Path
2026-03-27T09:52:45.235+05:30 DEBUG 4660 --- [Api-Gateway] [ctor-http-nio-7] o.s.c.g.r.RouteDefinitionRouteLocator    : RouteDefinition ReactiveCompositeDiscoveryClient_CONFIG-SERVIER applying filter {regexp=/config-servier/?(?<remaining>.*), replacement=/${remaining}} to RewritePath
2026-03-27T09:52:45.238+05:30 DEBUG 4660 --- [Api-Gateway] [ctor-http-nio-7] o.s.c.g.r.RouteDefinitionRouteLocator    : RouteDefinition matched: ReactiveCompositeDiscoveryClient_CONFIG-SERVIER
2026-03-27T09:52:45.239+05:30 DEBUG 4660 --- [Api-Gateway] [ctor-http-nio-7] o.s.c.g.r.RouteDefinitionRouteLocator    : RouteDefinition ReactiveCompositeDiscoveryClient_API-GATEWAY applying {pattern=/api-gateway/**} to Path
2026-03-27T09:52:45.242+05:30 DEBUG 4660 --- [Api-Gateway] [ctor-http-nio-7] o.s.c.g.r.RouteDefinitionRouteLocator    : RouteDefinition ReactiveCompositeDiscoveryClient_API-GATEWAY applying filter {regexp=/api-gateway/?(?<remaining>.*), replacement=/${remaining}} to RewritePath
2026-03-27T09:52:45.243+05:30 DEBUG 4660 --- [Api-Gateway] [ctor-http-nio-7] o.s.c.g.r.RouteDefinitionRouteLocator    : RouteDefinition matched: ReactiveCompositeDiscoveryClient_API-GATEWAY
2026-03-27T09:52:45.245+05:30 DEBUG 4660 --- [Api-Gateway] [ctor-http-nio-7] o.s.c.g.r.RouteDefinitionRouteLocator    : RouteDefinition ReactiveCompositeDiscoveryClient_REWARDS-SERVICE applying {pattern=/rewards-service/**} to Path
2026-03-27T09:52:45.247+05:30 DEBUG 4660 --- [Api-Gateway] [ctor-http-nio-7] o.s.c.g.r.RouteDefinitionRouteLocator    : RouteDefinition ReactiveCompositeDiscoveryClient_REWARDS-SERVICE applying filter {regexp=/rewards-service/?(?<remaining>.*), replacement=/${remaining}} to RewritePath
2026-03-27T09:52:45.249+05:30 DEBUG 4660 --- [Api-Gateway] [ctor-http-nio-7] o.s.c.g.r.RouteDefinitionRouteLocator    : RouteDefinition matched: ReactiveCompositeDiscoveryClient_REWARDS-SERVICE
2026-03-27T09:52:45.250+05:30 DEBUG 4660 --- [Api-Gateway] [ctor-http-nio-7] o.s.c.g.r.RouteDefinitionRouteLocator    : RouteDefinition ReactiveCompositeDiscoveryClient_KYC-SERVICE applying {pattern=/kyc-service/**} to Path
2026-03-27T09:52:45.252+05:30 DEBUG 4660 --- [Api-Gateway] [ctor-http-nio-7] o.s.c.g.r.RouteDefinitionRouteLocator    : RouteDefinition ReactiveCompositeDiscoveryClient_KYC-SERVICE applying filter {regexp=/kyc-service/?(?<remaining>.*), replacement=/${remaining}} to RewritePath
2026-03-27T09:52:45.254+05:30 DEBUG 4660 --- [Api-Gateway] [ctor-http-nio-7] o.s.c.g.r.RouteDefinitionRouteLocator    : RouteDefinition matched: ReactiveCompositeDiscoveryClient_KYC-SERVICE
2026-03-27T09:52:45.256+05:30 DEBUG 4660 --- [Api-Gateway] [ctor-http-nio-7] o.s.c.g.r.RouteDefinitionRouteLocator    : RouteDefinition ReactiveCompositeDiscoveryClient_ADMIN-SERVICE applying {pattern=/admin-service/**} to Path
2026-03-27T09:52:45.258+05:30 DEBUG 4660 --- [Api-Gateway] [ctor-http-nio-7] o.s.c.g.r.RouteDefinitionRouteLocator    : RouteDefinition ReactiveCompositeDiscoveryClient_ADMIN-SERVICE applying filter {regexp=/admin-service/?(?<remaining>.*), replacement=/${remaining}} to RewritePath
2026-03-27T09:52:45.259+05:30 DEBUG 4660 --- [Api-Gateway] [ctor-http-nio-7] o.s.c.g.r.RouteDefinitionRouteLocator    : RouteDefinition matched: ReactiveCompositeDiscoveryClient_ADMIN-SERVICE
2026-03-27T09:52:45.261+05:30 DEBUG 4660 --- [Api-Gateway] [ctor-http-nio-7] o.s.c.g.r.RouteDefinitionRouteLocator    : RouteDefinition ReactiveCompositeDiscoveryClient_TRANSACTION-SERVICE applying {pattern=/transaction-service/**} to Path
2026-03-27T09:52:45.263+05:30 DEBUG 4660 --- [Api-Gateway] [ctor-http-nio-7] o.s.c.g.r.RouteDefinitionRouteLocator    : RouteDefinition ReactiveCompositeDiscoveryClient_TRANSACTION-SERVICE applying filter {regexp=/transaction-service/?(?<remaining>.*), replacement=/${remaining}} to RewritePath
2026-03-27T09:52:45.264+05:30 DEBUG 4660 --- [Api-Gateway] [ctor-http-nio-7] o.s.c.g.r.RouteDefinitionRouteLocator    : RouteDefinition matched: ReactiveCompositeDiscoveryClient_TRANSACTION-SERVICE
2026-03-27T09:52:45.265+05:30 DEBUG 4660 --- [Api-Gateway] [ctor-http-nio-7] o.s.c.g.r.RouteDefinitionRouteLocator    : RouteDefinition ReactiveCompositeDiscoveryClient_WALLET-SERVICE applying {pattern=/wallet-service/**} to Path
2026-03-27T09:52:45.267+05:30 DEBUG 4660 --- [Api-Gateway] [ctor-http-nio-7] o.s.c.g.r.RouteDefinitionRouteLocator    : RouteDefinition ReactiveCompositeDiscoveryClient_WALLET-SERVICE applying filter {regexp=/wallet-service/?(?<remaining>.*), replacement=/${remaining}} to RewritePath
2026-03-27T09:52:45.269+05:30 DEBUG 4660 --- [Api-Gateway] [ctor-http-nio-7] o.s.c.g.r.RouteDefinitionRouteLocator    : RouteDefinition matched: ReactiveCompositeDiscoveryClient_WALLET-SERVICE
2026-03-27T09:52:45.269+05:30 DEBUG 4660 --- [Api-Gateway] [ctor-http-nio-7] o.s.c.g.r.RouteDefinitionRouteLocator    : RouteDefinition ReactiveCompositeDiscoveryClient_NOTIFICATION-SERVICE applying {pattern=/notification-service/**} to Path
2026-03-27T09:52:45.270+05:30 DEBUG 4660 --- [Api-Gateway] [ctor-http-nio-7] o.s.c.g.r.RouteDefinitionRouteLocator    : RouteDefinition ReactiveCompositeDiscoveryClient_NOTIFICATION-SERVICE applying filter {regexp=/notification-service/?(?<remaining>.*), replacement=/${remaining}} to RewritePath
2026-03-27T09:52:45.273+05:30 DEBUG 4660 --- [Api-Gateway] [ctor-http-nio-7] o.s.c.g.r.RouteDefinitionRouteLocator    : RouteDefinition matched: ReactiveCompositeDiscoveryClient_NOTIFICATION-SERVICE
2026-03-27T09:52:45.274+05:30 DEBUG 4660 --- [Api-Gateway] [ctor-http-nio-7] o.s.c.g.r.RouteDefinitionRouteLocator    : RouteDefinition ReactiveCompositeDiscoveryClient_USER-SERVICE applying {pattern=/user-service/**} to Path
2026-03-27T09:52:45.275+05:30 DEBUG 4660 --- [Api-Gateway] [ctor-http-nio-7] o.s.c.g.r.RouteDefinitionRouteLocator    : RouteDefinition ReactiveCompositeDiscoveryClient_USER-SERVICE applying filter {regexp=/user-service/?(?<remaining>.*), replacement=/${remaining}} to RewritePath
2026-03-27T09:52:45.277+05:30 DEBUG 4660 --- [Api-Gateway] [ctor-http-nio-7] o.s.c.g.r.RouteDefinitionRouteLocator    : RouteDefinition matched: ReactiveCompositeDiscoveryClient_USER-SERVICE
2026-03-27T09:52:45.277+05:30 DEBUG 4660 --- [Api-Gateway] [ctor-http-nio-7] o.s.c.g.r.RouteDefinitionRouteLocator    : RouteDefinition ReactiveCompositeDiscoveryClient_PAYMENT-SERVICES applying {pattern=/payment-services/**} to Path
2026-03-27T09:52:45.279+05:30 DEBUG 4660 --- [Api-Gateway] [ctor-http-nio-7] o.s.c.g.r.RouteDefinitionRouteLocator    : RouteDefinition ReactiveCompositeDiscoveryClient_PAYMENT-SERVICES applying filter {regexp=/payment-services/?(?<remaining>.*), replacement=/${remaining}} to RewritePath
2026-03-27T09:52:45.281+05:30 DEBUG 4660 --- [Api-Gateway] [ctor-http-nio-7] o.s.c.g.r.RouteDefinitionRouteLocator    : RouteDefinition matched: ReactiveCompositeDiscoveryClient_PAYMENT-SERVICES
2026-03-27T09:52:45.281+05:30 DEBUG 4660 --- [Api-Gateway] [ctor-http-nio-7] o.s.c.g.r.RouteDefinitionRouteLocator    : RouteDefinition AUTH-SERVICE applying {_genkey_0=/auth/**} to Path
2026-03-27T09:52:45.284+05:30 DEBUG 4660 --- [Api-Gateway] [ctor-http-nio-7] o.s.c.g.r.RouteDefinitionRouteLocator    : RouteDefinition matched: AUTH-SERVICE
2026-03-27T09:52:45.284+05:30 DEBUG 4660 --- [Api-Gateway] [ctor-http-nio-7] o.s.c.g.r.RouteDefinitionRouteLocator    : RouteDefinition ADMIN-SERVICE applying {_genkey_0=/admin/**} to Path
2026-03-27T09:52:45.286+05:30 DEBUG 4660 --- [Api-Gateway] [ctor-http-nio-7] o.s.c.g.r.RouteDefinitionRouteLocator    : RouteDefinition matched: ADMIN-SERVICE
2026-03-27T09:52:45.286+05:30 DEBUG 4660 --- [Api-Gateway] [ctor-http-nio-7] o.s.c.g.r.RouteDefinitionRouteLocator    : RouteDefinition KYC-SERVICE applying {_genkey_0=/kyc/**} to Path
2026-03-27T09:52:45.287+05:30 DEBUG 4660 --- [Api-Gateway] [ctor-http-nio-7] o.s.c.g.r.RouteDefinitionRouteLocator    : RouteDefinition matched: KYC-SERVICE
2026-03-27T09:52:45.288+05:30 DEBUG 4660 --- [Api-Gateway] [ctor-http-nio-7] o.s.c.g.r.RouteDefinitionRouteLocator    : RouteDefinition PAYMENT-SERVICES applying {_genkey_0=/api/payments/**} to Path
2026-03-27T09:52:45.289+05:30 DEBUG 4660 --- [Api-Gateway] [ctor-http-nio-7] o.s.c.g.r.RouteDefinitionRouteLocator    : RouteDefinition PAYMENT-SERVICES applying filter {_genkey_0=name:paymentCircuitBreaker, _genkey_1=fallbackUri:forward:/fallback/payment} to CircuitBreaker
2026-03-27T09:52:45.290+05:30 DEBUG 4660 --- [Api-Gateway] [ctor-http-nio-7] o.s.c.g.r.RouteDefinitionRouteLocator    : RouteDefinition matched: PAYMENT-SERVICES
2026-03-27T09:52:45.292+05:30 DEBUG 4660 --- [Api-Gateway] [ctor-http-nio-7] o.s.c.g.r.RouteDefinitionRouteLocator    : RouteDefinition WALLET-SERVICE applying {_genkey_0=/api/wallets/**} to Path
2026-03-27T09:52:45.293+05:30 DEBUG 4660 --- [Api-Gateway] [ctor-http-nio-7] o.s.c.g.r.RouteDefinitionRouteLocator    : RouteDefinition WALLET-SERVICE applying filter {_genkey_0=name:walletCircuitBreaker, _genkey_1=fallbackUri:forward:/fallback/general} to CircuitBreaker
2026-03-27T09:52:45.294+05:30 DEBUG 4660 --- [Api-Gateway] [ctor-http-nio-7] o.s.c.g.r.RouteDefinitionRouteLocator    : RouteDefinition matched: WALLET-SERVICE
2026-03-27T09:52:45.294+05:30 DEBUG 4660 --- [Api-Gateway] [ctor-http-nio-7] o.s.c.g.r.RouteDefinitionRouteLocator    : RouteDefinition TRANSACTION-SERVICE applying {_genkey_0=/api/transaction/**} to Path
2026-03-27T09:52:45.295+05:30 DEBUG 4660 --- [Api-Gateway] [ctor-http-nio-7] o.s.c.g.r.RouteDefinitionRouteLocator    : RouteDefinition TRANSACTION-SERVICE applying filter {_genkey_0=name:transactionCircuitBreaker, _genkey_1=fallbackUri:forward:/fallback/general} to CircuitBreaker
2026-03-27T09:52:45.296+05:30 DEBUG 4660 --- [Api-Gateway] [ctor-http-nio-7] o.s.c.g.r.RouteDefinitionRouteLocator    : RouteDefinition matched: TRANSACTION-SERVICE
2026-03-27T09:52:45.298+05:30 DEBUG 4660 --- [Api-Gateway] [ctor-http-nio-7] o.s.c.g.r.RouteDefinitionRouteLocator    : RouteDefinition REWARDS-SERVICE applying {_genkey_0=/api/rewards/**} to Path
2026-03-27T09:52:45.298+05:30 DEBUG 4660 --- [Api-Gateway] [ctor-http-nio-7] o.s.c.g.r.RouteDefinitionRouteLocator    : RouteDefinition REWARDS-SERVICE applying filter {_genkey_0=name:rewardCircuitBreaker, _genkey_1=fallbackUri:forward:/fallback/reward} to CircuitBreaker
2026-03-27T09:52:45.299+05:30 DEBUG 4660 --- [Api-Gateway] [ctor-http-nio-7] o.s.c.g.r.RouteDefinitionRouteLocator    : RouteDefinition matched: REWARDS-SERVICE
2026-03-27T09:52:45.300+05:30 DEBUG 4660 --- [Api-Gateway] [ctor-http-nio-7] o.s.c.g.r.RouteDefinitionRouteLocator    : RouteDefinition NOTIFICATION-SERVICE applying {_genkey_0=/api/notifications/**} to Path
2026-03-27T09:52:45.303+05:30 DEBUG 4660 --- [Api-Gateway] [ctor-http-nio-7] o.s.c.g.r.RouteDefinitionRouteLocator    : RouteDefinition NOTIFICATION-SERVICE applying filter {_genkey_0=name:notificationCircuitBreaker, _genkey_1=fallbackUri:forward:/fallback/general} to CircuitBreaker
2026-03-27T09:52:45.305+05:30 DEBUG 4660 --- [Api-Gateway] [ctor-http-nio-7] o.s.c.g.r.RouteDefinitionRouteLocator    : RouteDefinition matched: NOTIFICATION-SERVICE
2026-03-27T09:52:45.305+05:30 DEBUG 4660 --- [Api-Gateway] [ctor-http-nio-7] o.s.c.g.r.RouteDefinitionRouteLocator    : RouteDefinition USER-SERVICE applying {_genkey_0=/users/**} to Path
2026-03-27T09:52:45.307+05:30 DEBUG 4660 --- [Api-Gateway] [ctor-http-nio-7] o.s.c.g.r.RouteDefinitionRouteLocator    : RouteDefinition matched: USER-SERVICE
2026-03-27T09:52:45.308+05:30 DEBUG 4660 --- [Api-Gateway] [ctor-http-nio-7] o.s.c.g.filter.GatewayMetricsFilter      : New routes count: 19
2026-03-27T09:52:45.310+05:30 DEBUG 4660 --- [Api-Gateway] [ctor-http-nio-7] g.f.h.o.ObservedRequestHttpHeadersFilter : Will instrument the HTTP request headers [Host:"localhost:7505", sec-ch-ua-platform:""Windows"", User-Agent:"Mozilla/5.0 (Windows NT 10.0; Win64; x64) AppleWebKit/537.36 (KHTML, like Gecko) Chrome/146.0.0.0 Safari/537.36", Accept:"application/json,*/*", sec-ch-ua:""Chromium";v="146", "Not-A.Brand";v="24", "Google Chrome";v="146"", sec-ch-ua-mobile:"?0", Sec-Fetch-Site:"same-origin", Sec-Fetch-Mode:"cors", Sec-Fetch-Dest:"empty", Referer:"http://localhost:7505/webjars/swagger-ui/index.html?urls.primaryName=User%20Service", Accept-Encoding:"gzip, deflate, br, zstd", Accept-Language:"en-US,en;q=0.9", Cookie:"m=", Forwarded:"proto=http;host="localhost:7505";for="[0:0:0:0:0:0:0:1]:64214"", X-Forwarded-For:"0:0:0:0:0:0:0:1", X-Forwarded-Proto:"http", X-Forwarded-Port:"7505", X-Forwarded-Host:"localhost:7505"]
2026-03-27T09:52:45.312+05:30 DEBUG 4660 --- [Api-Gateway] [ctor-http-nio-7] g.f.h.o.ObservedRequestHttpHeadersFilter : Client observation  {name=http.client.requests(null), error=null, context=name='http.client.requests', contextualName='null', error='null', lowCardinalityKeyValues=[http.method='GET', http.status_code='UNKNOWN', spring.cloud.gateway.route.id='USER-SERVICE', spring.cloud.gateway.route.uri='lb://USER-SERVICE'], highCardinalityKeyValues=[http.uri='http://localhost:7505/users/v3/api-docs'], map=[class io.micrometer.core.instrument.Timer$Sample='io.micrometer.core.instrument.Timer$Sample@4301c720', class io.micrometer.core.instrument.LongTaskTimer$Sample='SampleImpl{duration(seconds)=7.56E-5, duration(nanos)=75600.0, startTimeNanos=87662297845200}'], parentObservation={name=http.server.requests(null), error=null, context=name='http.server.requests', contextualName='null', error='null', lowCardinalityKeyValues=[exception='none', method='GET', outcome='SUCCESS', status='200', uri='UNKNOWN'], highCardinalityKeyValues=[http.url='/users/v3/api-docs'], map=[class io.micrometer.core.instrument.Timer$Sample='io.micrometer.core.instrument.Timer$Sample@d29997a', class io.micrometer.core.instrument.LongTaskTimer$Sample='SampleImpl{duration(seconds)=0.1261777, duration(nanos)=1.261777E8, startTimeNanos=87662171834400}'], parentObservation=null}} created for the request. New headers are [Host:"localhost:7505", sec-ch-ua-platform:""Windows"", User-Agent:"Mozilla/5.0 (Windows NT 10.0; Win64; x64) AppleWebKit/537.36 (KHTML, like Gecko) Chrome/146.0.0.0 Safari/537.36", Accept:"application/json,*/*", sec-ch-ua:""Chromium";v="146", "Not-A.Brand";v="24", "Google Chrome";v="146"", sec-ch-ua-mobile:"?0", Sec-Fetch-Site:"same-origin", Sec-Fetch-Mode:"cors", Sec-Fetch-Dest:"empty", Referer:"http://localhost:7505/webjars/swagger-ui/index.html?urls.primaryName=User%20Service", Accept-Encoding:"gzip, deflate, br, zstd", Accept-Language:"en-US,en;q=0.9", Cookie:"m=", Forwarded:"proto=http;host="localhost:7505";for="[0:0:0:0:0:0:0:1]:64214"", X-Forwarded-For:"0:0:0:0:0:0:0:1", X-Forwarded-Proto:"http", X-Forwarded-Port:"7505", X-Forwarded-Host:"localhost:7505"]
2026-03-27T09:52:45.335+05:30 DEBUG 4660 --- [Api-Gateway] [ctor-http-nio-7] .f.h.o.ObservedResponseHttpHeadersFilter : Will instrument the response
2026-03-27T09:52:45.337+05:30 DEBUG 4660 --- [Api-Gateway] [ctor-http-nio-7] .f.h.o.ObservedResponseHttpHeadersFilter : The response was handled for observation {name=http.client.requests(null), error=null, context=name='http.client.requests', contextualName='null', error='null', lowCardinalityKeyValues=[http.method='GET', http.status_code='UNKNOWN', spring.cloud.gateway.route.id='USER-SERVICE', spring.cloud.gateway.route.uri='lb://USER-SERVICE'], highCardinalityKeyValues=[http.uri='http://localhost:7505/users/v3/api-docs'], map=[class io.micrometer.core.instrument.Timer$Sample='io.micrometer.core.instrument.Timer$Sample@4301c720', class io.micrometer.core.instrument.LongTaskTimer$Sample='SampleImpl{duration(seconds)=0.0258415, duration(nanos)=2.58415E7, startTimeNanos=87662297845200}'], parentObservation={name=http.server.requests(null), error=null, context=name='http.server.requests', contextualName='null', error='null', lowCardinalityKeyValues=[exception='none', method='GET', outcome='SUCCESS', status='200', uri='UNKNOWN'], highCardinalityKeyValues=[http.url='/users/v3/api-docs'], map=[class io.micrometer.core.instrument.Timer$Sample='io.micrometer.core.instrument.Timer$Sample@d29997a', class io.micrometer.core.instrument.LongTaskTimer$Sample='SampleImpl{duration(seconds)=0.1520215, duration(nanos)=1.520215E8, startTimeNanos=87662171834400}'], parentObservation=null}}
2026-03-27T09:52:47.299+05:30 DEBUG 4660 --- [Api-Gateway] [ctor-http-nio-7] o.s.c.g.h.RoutePredicateHandlerMapping   : Route matched: WALLET-SERVICE
2026-03-27T09:52:47.301+05:30 DEBUG 4660 --- [Api-Gateway] [ctor-http-nio-7] o.s.c.g.h.RoutePredicateHandlerMapping   : Mapping [Exchange: GET http://localhost:7505/api/wallets/v3/api-docs] to Route{id='WALLET-SERVICE', uri=lb://WALLET-SERVICE, order=0, predicate=Paths: [/api/wallets/**], match trailing slash: true, gatewayFilters=[[[SpringCloudCircuitBreakerResilience4JFilterFactory name = 'name:walletCircuitBreaker', fallback = [null]], order = 1]], metadata={}}
2026-03-27T09:52:47.302+05:30 DEBUG 4660 --- [Api-Gateway] [ctor-http-nio-7] o.s.c.g.h.RoutePredicateHandlerMapping   : [799d025b-24] Mapped to org.springframework.cloud.gateway.handler.FilteringWebHandler@6394ca3c
2026-03-27T09:52:47.303+05:30 DEBUG 4660 --- [Api-Gateway] [ctor-http-nio-7] o.s.c.g.handler.FilteringWebHandler      : Sorted gatewayFilterFactories: [[GatewayFilterAdapter{delegate=org.springframework.cloud.gateway.filter.RemoveCachedBodyFilter@1edf71d9}, order = -2147483648], [GatewayFilterAdapter{delegate=org.springframework.cloud.gateway.filter.AdaptCachedBodyGlobalFilter@6ace919c}, order = -2147482648], [GatewayFilterAdapter{delegate=org.springframework.cloud.gateway.filter.NettyWriteResponseFilter@6f106af8}, order = -1], [GatewayFilterAdapter{delegate=org.springframework.cloud.gateway.filter.ForwardPathFilter@7f305f34}, order = 0], [GatewayFilterAdapter{delegate=org.springframework.cloud.gateway.filter.GatewayMetricsFilter@601d295}, order = 0], [[SpringCloudCircuitBreakerResilience4JFilterFactory name = 'name:walletCircuitBreaker', fallback = [null]], order = 1], [GatewayFilterAdapter{delegate=org.springframework.cloud.gateway.filter.RouteToRequestUrlFilter@52d9d817}, order = 10000], [GatewayFilterAdapter{delegate=org.springframework.cloud.gateway.filter.ReactiveLoadBalancerClientFilter@3e39e0fb}, order = 10150], [GatewayFilterAdapter{delegate=org.springframework.cloud.gateway.filter.LoadBalancerServiceInstanceCookieFilter@260d48f5}, order = 10151], [GatewayFilterAdapter{delegate=org.springframework.cloud.gateway.filter.WebsocketRoutingFilter@1a84a8b2}, order = 2147483646], [GatewayFilterAdapter{delegate=org.springframework.cloud.gateway.filter.NettyRoutingFilter@148ab138}, order = 2147483647], [GatewayFilterAdapter{delegate=org.springframework.cloud.gateway.filter.ForwardRoutingFilter@131ba005}, order = 2147483647]]
2026-03-27T09:52:47.342+05:30 DEBUG 4660 --- [Api-Gateway] [ctor-http-nio-7] o.s.c.g.r.RouteDefinitionRouteLocator    : RouteDefinition ReactiveCompositeDiscoveryClient_CONFIG-SERVIER applying {pattern=/config-servier/**} to Path
2026-03-27T09:52:47.344+05:30 DEBUG 4660 --- [Api-Gateway] [ctor-http-nio-7] o.s.c.g.r.RouteDefinitionRouteLocator    : RouteDefinition ReactiveCompositeDiscoveryClient_CONFIG-SERVIER applying filter {regexp=/config-servier/?(?<remaining>.*), replacement=/${remaining}} to RewritePath
2026-03-27T09:52:47.345+05:30 DEBUG 4660 --- [Api-Gateway] [ctor-http-nio-7] o.s.c.g.r.RouteDefinitionRouteLocator    : RouteDefinition matched: ReactiveCompositeDiscoveryClient_CONFIG-SERVIER
2026-03-27T09:52:47.347+05:30 DEBUG 4660 --- [Api-Gateway] [ctor-http-nio-7] o.s.c.g.r.RouteDefinitionRouteLocator    : RouteDefinition ReactiveCompositeDiscoveryClient_API-GATEWAY applying {pattern=/api-gateway/**} to Path
2026-03-27T09:52:47.347+05:30 DEBUG 4660 --- [Api-Gateway] [ctor-http-nio-7] o.s.c.g.r.RouteDefinitionRouteLocator    : RouteDefinition ReactiveCompositeDiscoveryClient_API-GATEWAY applying filter {regexp=/api-gateway/?(?<remaining>.*), replacement=/${remaining}} to RewritePath
2026-03-27T09:52:47.350+05:30 DEBUG 4660 --- [Api-Gateway] [ctor-http-nio-7] o.s.c.g.r.RouteDefinitionRouteLocator    : RouteDefinition matched: ReactiveCompositeDiscoveryClient_API-GATEWAY
2026-03-27T09:52:47.350+05:30 DEBUG 4660 --- [Api-Gateway] [ctor-http-nio-7] o.s.c.g.r.RouteDefinitionRouteLocator    : RouteDefinition ReactiveCompositeDiscoveryClient_REWARDS-SERVICE applying {pattern=/rewards-service/**} to Path
2026-03-27T09:52:47.352+05:30 DEBUG 4660 --- [Api-Gateway] [ctor-http-nio-7] o.s.c.g.r.RouteDefinitionRouteLocator    : RouteDefinition ReactiveCompositeDiscoveryClient_REWARDS-SERVICE applying filter {regexp=/rewards-service/?(?<remaining>.*), replacement=/${remaining}} to RewritePath
2026-03-27T09:52:47.352+05:30 DEBUG 4660 --- [Api-Gateway] [ctor-http-nio-7] o.s.c.g.r.RouteDefinitionRouteLocator    : RouteDefinition matched: ReactiveCompositeDiscoveryClient_REWARDS-SERVICE
2026-03-27T09:52:47.353+05:30 DEBUG 4660 --- [Api-Gateway] [ctor-http-nio-7] o.s.c.g.r.RouteDefinitionRouteLocator    : RouteDefinition ReactiveCompositeDiscoveryClient_KYC-SERVICE applying {pattern=/kyc-service/**} to Path
2026-03-27T09:52:47.355+05:30 DEBUG 4660 --- [Api-Gateway] [ctor-http-nio-7] o.s.c.g.r.RouteDefinitionRouteLocator    : RouteDefinition ReactiveCompositeDiscoveryClient_KYC-SERVICE applying filter {regexp=/kyc-service/?(?<remaining>.*), replacement=/${remaining}} to RewritePath
2026-03-27T09:52:47.356+05:30 DEBUG 4660 --- [Api-Gateway] [ctor-http-nio-7] o.s.c.g.r.RouteDefinitionRouteLocator    : RouteDefinition matched: ReactiveCompositeDiscoveryClient_KYC-SERVICE
2026-03-27T09:52:47.357+05:30 DEBUG 4660 --- [Api-Gateway] [ctor-http-nio-7] o.s.c.g.r.RouteDefinitionRouteLocator    : RouteDefinition ReactiveCompositeDiscoveryClient_ADMIN-SERVICE applying {pattern=/admin-service/**} to Path
2026-03-27T09:52:47.359+05:30 DEBUG 4660 --- [Api-Gateway] [ctor-http-nio-7] o.s.c.g.r.RouteDefinitionRouteLocator    : RouteDefinition ReactiveCompositeDiscoveryClient_ADMIN-SERVICE applying filter {regexp=/admin-service/?(?<remaining>.*), replacement=/${remaining}} to RewritePath
2026-03-27T09:52:47.360+05:30 DEBUG 4660 --- [Api-Gateway] [ctor-http-nio-7] o.s.c.g.r.RouteDefinitionRouteLocator    : RouteDefinition matched: ReactiveCompositeDiscoveryClient_ADMIN-SERVICE
2026-03-27T09:52:47.360+05:30 DEBUG 4660 --- [Api-Gateway] [ctor-http-nio-7] o.s.c.g.r.RouteDefinitionRouteLocator    : RouteDefinition ReactiveCompositeDiscoveryClient_TRANSACTION-SERVICE applying {pattern=/transaction-service/**} to Path
2026-03-27T09:52:47.362+05:30 DEBUG 4660 --- [Api-Gateway] [ctor-http-nio-7] o.s.c.g.r.RouteDefinitionRouteLocator    : RouteDefinition ReactiveCompositeDiscoveryClient_TRANSACTION-SERVICE applying filter {regexp=/transaction-service/?(?<remaining>.*), replacement=/${remaining}} to RewritePath
2026-03-27T09:52:47.363+05:30 DEBUG 4660 --- [Api-Gateway] [ctor-http-nio-7] o.s.c.g.r.RouteDefinitionRouteLocator    : RouteDefinition matched: ReactiveCompositeDiscoveryClient_TRANSACTION-SERVICE
2026-03-27T09:52:47.363+05:30 DEBUG 4660 --- [Api-Gateway] [ctor-http-nio-7] o.s.c.g.r.RouteDefinitionRouteLocator    : RouteDefinition ReactiveCompositeDiscoveryClient_WALLET-SERVICE applying {pattern=/wallet-service/**} to Path
2026-03-27T09:52:47.365+05:30 DEBUG 4660 --- [Api-Gateway] [ctor-http-nio-7] o.s.c.g.r.RouteDefinitionRouteLocator    : RouteDefinition ReactiveCompositeDiscoveryClient_WALLET-SERVICE applying filter {regexp=/wallet-service/?(?<remaining>.*), replacement=/${remaining}} to RewritePath
2026-03-27T09:52:47.366+05:30 DEBUG 4660 --- [Api-Gateway] [ctor-http-nio-7] o.s.c.g.r.RouteDefinitionRouteLocator    : RouteDefinition matched: ReactiveCompositeDiscoveryClient_WALLET-SERVICE
2026-03-27T09:52:47.367+05:30 DEBUG 4660 --- [Api-Gateway] [ctor-http-nio-7] o.s.c.g.r.RouteDefinitionRouteLocator    : RouteDefinition ReactiveCompositeDiscoveryClient_NOTIFICATION-SERVICE applying {pattern=/notification-service/**} to Path
2026-03-27T09:52:47.368+05:30 DEBUG 4660 --- [Api-Gateway] [ctor-http-nio-7] o.s.c.g.r.RouteDefinitionRouteLocator    : RouteDefinition ReactiveCompositeDiscoveryClient_NOTIFICATION-SERVICE applying filter {regexp=/notification-service/?(?<remaining>.*), replacement=/${remaining}} to RewritePath
2026-03-27T09:52:47.370+05:30 DEBUG 4660 --- [Api-Gateway] [ctor-http-nio-7] o.s.c.g.r.RouteDefinitionRouteLocator    : RouteDefinition matched: ReactiveCompositeDiscoveryClient_NOTIFICATION-SERVICE
2026-03-27T09:52:47.371+05:30 DEBUG 4660 --- [Api-Gateway] [ctor-http-nio-7] o.s.c.g.r.RouteDefinitionRouteLocator    : RouteDefinition ReactiveCompositeDiscoveryClient_USER-SERVICE applying {pattern=/user-service/**} to Path
2026-03-27T09:52:47.372+05:30 DEBUG 4660 --- [Api-Gateway] [ctor-http-nio-7] o.s.c.g.r.RouteDefinitionRouteLocator    : RouteDefinition ReactiveCompositeDiscoveryClient_USER-SERVICE applying filter {regexp=/user-service/?(?<remaining>.*), replacement=/${remaining}} to RewritePath
2026-03-27T09:52:47.373+05:30 DEBUG 4660 --- [Api-Gateway] [ctor-http-nio-7] o.s.c.g.r.RouteDefinitionRouteLocator    : RouteDefinition matched: ReactiveCompositeDiscoveryClient_USER-SERVICE
2026-03-27T09:52:47.374+05:30 DEBUG 4660 --- [Api-Gateway] [ctor-http-nio-7] o.s.c.g.r.RouteDefinitionRouteLocator    : RouteDefinition ReactiveCompositeDiscoveryClient_PAYMENT-SERVICES applying {pattern=/payment-services/**} to Path
2026-03-27T09:52:47.375+05:30 DEBUG 4660 --- [Api-Gateway] [ctor-http-nio-7] o.s.c.g.r.RouteDefinitionRouteLocator    : RouteDefinition ReactiveCompositeDiscoveryClient_PAYMENT-SERVICES applying filter {regexp=/payment-services/?(?<remaining>.*), replacement=/${remaining}} to RewritePath
2026-03-27T09:52:47.376+05:30 DEBUG 4660 --- [Api-Gateway] [ctor-http-nio-7] o.s.c.g.r.RouteDefinitionRouteLocator    : RouteDefinition matched: ReactiveCompositeDiscoveryClient_PAYMENT-SERVICES
2026-03-27T09:52:47.377+05:30 DEBUG 4660 --- [Api-Gateway] [ctor-http-nio-7] o.s.c.g.r.RouteDefinitionRouteLocator    : RouteDefinition AUTH-SERVICE applying {_genkey_0=/auth/**} to Path
2026-03-27T09:52:47.378+05:30 DEBUG 4660 --- [Api-Gateway] [ctor-http-nio-7] o.s.c.g.r.RouteDefinitionRouteLocator    : RouteDefinition matched: AUTH-SERVICE
2026-03-27T09:52:47.378+05:30 DEBUG 4660 --- [Api-Gateway] [ctor-http-nio-7] o.s.c.g.r.RouteDefinitionRouteLocator    : RouteDefinition ADMIN-SERVICE applying {_genkey_0=/admin/**} to Path
2026-03-27T09:52:47.380+05:30 DEBUG 4660 --- [Api-Gateway] [ctor-http-nio-7] o.s.c.g.r.RouteDefinitionRouteLocator    : RouteDefinition matched: ADMIN-SERVICE
2026-03-27T09:52:47.381+05:30 DEBUG 4660 --- [Api-Gateway] [ctor-http-nio-7] o.s.c.g.r.RouteDefinitionRouteLocator    : RouteDefinition KYC-SERVICE applying {_genkey_0=/kyc/**} to Path
2026-03-27T09:52:47.382+05:30 DEBUG 4660 --- [Api-Gateway] [ctor-http-nio-7] o.s.c.g.r.RouteDefinitionRouteLocator    : RouteDefinition matched: KYC-SERVICE
2026-03-27T09:52:47.383+05:30 DEBUG 4660 --- [Api-Gateway] [ctor-http-nio-7] o.s.c.g.r.RouteDefinitionRouteLocator    : RouteDefinition PAYMENT-SERVICES applying {_genkey_0=/api/payments/**} to Path
2026-03-27T09:52:47.384+05:30 DEBUG 4660 --- [Api-Gateway] [ctor-http-nio-7] o.s.c.g.r.RouteDefinitionRouteLocator    : RouteDefinition PAYMENT-SERVICES applying filter {_genkey_0=name:paymentCircuitBreaker, _genkey_1=fallbackUri:forward:/fallback/payment} to CircuitBreaker
2026-03-27T09:52:47.387+05:30 DEBUG 4660 --- [Api-Gateway] [ctor-http-nio-7] o.s.c.g.r.RouteDefinitionRouteLocator    : RouteDefinition matched: PAYMENT-SERVICES
2026-03-27T09:52:47.387+05:30 DEBUG 4660 --- [Api-Gateway] [ctor-http-nio-7] o.s.c.g.r.RouteDefinitionRouteLocator    : RouteDefinition WALLET-SERVICE applying {_genkey_0=/api/wallets/**} to Path
2026-03-27T09:52:47.389+05:30 DEBUG 4660 --- [Api-Gateway] [ctor-http-nio-7] o.s.c.g.r.RouteDefinitionRouteLocator    : RouteDefinition WALLET-SERVICE applying filter {_genkey_0=name:walletCircuitBreaker, _genkey_1=fallbackUri:forward:/fallback/general} to CircuitBreaker
2026-03-27T09:52:47.391+05:30 DEBUG 4660 --- [Api-Gateway] [ctor-http-nio-7] o.s.c.g.r.RouteDefinitionRouteLocator    : RouteDefinition matched: WALLET-SERVICE
2026-03-27T09:52:47.391+05:30 DEBUG 4660 --- [Api-Gateway] [ctor-http-nio-7] o.s.c.g.r.RouteDefinitionRouteLocator    : RouteDefinition TRANSACTION-SERVICE applying {_genkey_0=/api/transaction/**} to Path
2026-03-27T09:52:47.392+05:30 DEBUG 4660 --- [Api-Gateway] [ctor-http-nio-7] o.s.c.g.r.RouteDefinitionRouteLocator    : RouteDefinition TRANSACTION-SERVICE applying filter {_genkey_0=name:transactionCircuitBreaker, _genkey_1=fallbackUri:forward:/fallback/general} to CircuitBreaker
2026-03-27T09:52:47.394+05:30 DEBUG 4660 --- [Api-Gateway] [ctor-http-nio-7] o.s.c.g.r.RouteDefinitionRouteLocator    : RouteDefinition matched: TRANSACTION-SERVICE
2026-03-27T09:52:47.394+05:30 DEBUG 4660 --- [Api-Gateway] [ctor-http-nio-7] o.s.c.g.r.RouteDefinitionRouteLocator    : RouteDefinition REWARDS-SERVICE applying {_genkey_0=/api/rewards/**} to Path
2026-03-27T09:52:47.395+05:30 DEBUG 4660 --- [Api-Gateway] [ctor-http-nio-7] o.s.c.g.r.RouteDefinitionRouteLocator    : RouteDefinition REWARDS-SERVICE applying filter {_genkey_0=name:rewardCircuitBreaker, _genkey_1=fallbackUri:forward:/fallback/reward} to CircuitBreaker
2026-03-27T09:52:47.397+05:30 DEBUG 4660 --- [Api-Gateway] [ctor-http-nio-7] o.s.c.g.r.RouteDefinitionRouteLocator    : RouteDefinition matched: REWARDS-SERVICE
2026-03-27T09:52:47.398+05:30 DEBUG 4660 --- [Api-Gateway] [ctor-http-nio-7] o.s.c.g.r.RouteDefinitionRouteLocator    : RouteDefinition NOTIFICATION-SERVICE applying {_genkey_0=/api/notifications/**} to Path
2026-03-27T09:52:47.399+05:30 DEBUG 4660 --- [Api-Gateway] [ctor-http-nio-7] o.s.c.g.r.RouteDefinitionRouteLocator    : RouteDefinition NOTIFICATION-SERVICE applying filter {_genkey_0=name:notificationCircuitBreaker, _genkey_1=fallbackUri:forward:/fallback/general} to CircuitBreaker
2026-03-27T09:52:47.400+05:30 DEBUG 4660 --- [Api-Gateway] [ctor-http-nio-7] o.s.c.g.r.RouteDefinitionRouteLocator    : RouteDefinition matched: NOTIFICATION-SERVICE
2026-03-27T09:52:47.401+05:30 DEBUG 4660 --- [Api-Gateway] [ctor-http-nio-7] o.s.c.g.r.RouteDefinitionRouteLocator    : RouteDefinition USER-SERVICE applying {_genkey_0=/users/**} to Path
2026-03-27T09:52:47.402+05:30 DEBUG 4660 --- [Api-Gateway] [ctor-http-nio-7] o.s.c.g.r.RouteDefinitionRouteLocator    : RouteDefinition matched: USER-SERVICE
2026-03-27T09:52:47.405+05:30 DEBUG 4660 --- [Api-Gateway] [ctor-http-nio-7] o.s.c.g.filter.GatewayMetricsFilter      : New routes count: 19
2026-03-27T09:52:47.408+05:30 DEBUG 4660 --- [Api-Gateway] [ctor-http-nio-7] g.f.h.o.ObservedRequestHttpHeadersFilter : Will instrument the HTTP request headers [Host:"localhost:7505", sec-ch-ua-platform:""Windows"", User-Agent:"Mozilla/5.0 (Windows NT 10.0; Win64; x64) AppleWebKit/537.36 (KHTML, like Gecko) Chrome/146.0.0.0 Safari/537.36", Accept:"application/json,*/*", sec-ch-ua:""Chromium";v="146", "Not-A.Brand";v="24", "Google Chrome";v="146"", sec-ch-ua-mobile:"?0", Sec-Fetch-Site:"same-origin", Sec-Fetch-Mode:"cors", Sec-Fetch-Dest:"empty", Referer:"http://localhost:7505/webjars/swagger-ui/index.html?urls.primaryName=Wallet%20Service", Accept-Encoding:"gzip, deflate, br, zstd", Accept-Language:"en-US,en;q=0.9", Cookie:"m=", Forwarded:"proto=http;host="localhost:7505";for="[0:0:0:0:0:0:0:1]:64214"", X-Forwarded-For:"0:0:0:0:0:0:0:1", X-Forwarded-Proto:"http", X-Forwarded-Port:"7505", X-Forwarded-Host:"localhost:7505"]
2026-03-27T09:52:47.409+05:30 DEBUG 4660 --- [Api-Gateway] [ctor-http-nio-7] g.f.h.o.ObservedRequestHttpHeadersFilter : Client observation  {name=http.client.requests(null), error=null, context=name='http.client.requests', contextualName='null', error='null', lowCardinalityKeyValues=[http.method='GET', http.status_code='UNKNOWN', spring.cloud.gateway.route.id='WALLET-SERVICE', spring.cloud.gateway.route.uri='lb://WALLET-SERVICE'], highCardinalityKeyValues=[http.uri='http://localhost:7505/api/wallets/v3/api-docs'], map=[class io.micrometer.core.instrument.Timer$Sample='io.micrometer.core.instrument.Timer$Sample@1cc28ddb', class io.micrometer.core.instrument.LongTaskTimer$Sample='SampleImpl{duration(seconds)=1.064E-4, duration(nanos)=106400.0, startTimeNanos=87664395444900}'], parentObservation={name=http.server.requests(null), error=null, context=name='http.server.requests', contextualName='null', error='null', lowCardinalityKeyValues=[exception='none', method='GET', outcome='SUCCESS', status='200', uri='UNKNOWN'], highCardinalityKeyValues=[http.url='/api/wallets/v3/api-docs'], map=[class io.micrometer.core.instrument.Timer$Sample='io.micrometer.core.instrument.Timer$Sample@fac283', class io.micrometer.core.instrument.LongTaskTimer$Sample='SampleImpl{duration(seconds)=0.1109964, duration(nanos)=1.109964E8, startTimeNanos=87664284670700}'], parentObservation=null}} created for the request. New headers are [Host:"localhost:7505", sec-ch-ua-platform:""Windows"", User-Agent:"Mozilla/5.0 (Windows NT 10.0; Win64; x64) AppleWebKit/537.36 (KHTML, like Gecko) Chrome/146.0.0.0 Safari/537.36", Accept:"application/json,*/*", sec-ch-ua:""Chromium";v="146", "Not-A.Brand";v="24", "Google Chrome";v="146"", sec-ch-ua-mobile:"?0", Sec-Fetch-Site:"same-origin", Sec-Fetch-Mode:"cors", Sec-Fetch-Dest:"empty", Referer:"http://localhost:7505/webjars/swagger-ui/index.html?urls.primaryName=Wallet%20Service", Accept-Encoding:"gzip, deflate, br, zstd", Accept-Language:"en-US,en;q=0.9", Cookie:"m=", Forwarded:"proto=http;host="localhost:7505";for="[0:0:0:0:0:0:0:1]:64214"", X-Forwarded-For:"0:0:0:0:0:0:0:1", X-Forwarded-Proto:"http", X-Forwarded-Port:"7505", X-Forwarded-Host:"localhost:7505"]
2026-03-27T09:52:48.421+05:30 DEBUG 4660 --- [Api-Gateway] [    parallel-13] .o.ObservationClosingWebExceptionHandler : An exception occurred and observation was not previously stopped, will stop it. The exception was [org.springframework.web.server.ResponseStatusException: 504 GATEWAY_TIMEOUT "Did not observe any item or terminal signal within 1000ms in 'circuitBreaker' (and no fallback has been configured)"]
2026-03-27T09:52:50.777+05:30 DEBUG 4660 --- [Api-Gateway] [ctor-http-nio-7] o.s.c.g.h.RoutePredicateHandlerMapping   : Route matched: NOTIFICATION-SERVICE
2026-03-27T09:52:50.781+05:30 DEBUG 4660 --- [Api-Gateway] [ctor-http-nio-7] o.s.c.g.h.RoutePredicateHandlerMapping   : Mapping [Exchange: GET http://localhost:7505/api/notifications/v3/api-docs] to Route{id='NOTIFICATION-SERVICE', uri=lb://NOTIFICATION-SERVICE, order=0, predicate=Paths: [/api/notifications/**], match trailing slash: true, gatewayFilters=[[[SpringCloudCircuitBreakerResilience4JFilterFactory name = 'name:notificationCircuitBreaker', fallback = [null]], order = 1]], metadata={}}
2026-03-27T09:52:50.782+05:30 DEBUG 4660 --- [Api-Gateway] [ctor-http-nio-7] o.s.c.g.h.RoutePredicateHandlerMapping   : [799d025b-25] Mapped to org.springframework.cloud.gateway.handler.FilteringWebHandler@6394ca3c
2026-03-27T09:52:50.782+05:30 DEBUG 4660 --- [Api-Gateway] [ctor-http-nio-7] o.s.c.g.handler.FilteringWebHandler      : Sorted gatewayFilterFactories: [[GatewayFilterAdapter{delegate=org.springframework.cloud.gateway.filter.RemoveCachedBodyFilter@1edf71d9}, order = -2147483648], [GatewayFilterAdapter{delegate=org.springframework.cloud.gateway.filter.AdaptCachedBodyGlobalFilter@6ace919c}, order = -2147482648], [GatewayFilterAdapter{delegate=org.springframework.cloud.gateway.filter.NettyWriteResponseFilter@6f106af8}, order = -1], [GatewayFilterAdapter{delegate=org.springframework.cloud.gateway.filter.ForwardPathFilter@7f305f34}, order = 0], [GatewayFilterAdapter{delegate=org.springframework.cloud.gateway.filter.GatewayMetricsFilter@601d295}, order = 0], [[SpringCloudCircuitBreakerResilience4JFilterFactory name = 'name:notificationCircuitBreaker', fallback = [null]], order = 1], [GatewayFilterAdapter{delegate=org.springframework.cloud.gateway.filter.RouteToRequestUrlFilter@52d9d817}, order = 10000], [GatewayFilterAdapter{delegate=org.springframework.cloud.gateway.filter.ReactiveLoadBalancerClientFilter@3e39e0fb}, order = 10150], [GatewayFilterAdapter{delegate=org.springframework.cloud.gateway.filter.LoadBalancerServiceInstanceCookieFilter@260d48f5}, order = 10151], [GatewayFilterAdapter{delegate=org.springframework.cloud.gateway.filter.WebsocketRoutingFilter@1a84a8b2}, order = 2147483646], [GatewayFilterAdapter{delegate=org.springframework.cloud.gateway.filter.NettyRoutingFilter@148ab138}, order = 2147483647], [GatewayFilterAdapter{delegate=org.springframework.cloud.gateway.filter.ForwardRoutingFilter@131ba005}, order = 2147483647]]
2026-03-27T09:52:50.786+05:30 DEBUG 4660 --- [Api-Gateway] [ctor-http-nio-7] g.f.h.o.ObservedRequestHttpHeadersFilter : Will instrument the HTTP request headers [Host:"localhost:7505", sec-ch-ua-platform:""Windows"", User-Agent:"Mozilla/5.0 (Windows NT 10.0; Win64; x64) AppleWebKit/537.36 (KHTML, like Gecko) Chrome/146.0.0.0 Safari/537.36", Accept:"application/json,*/*", sec-ch-ua:""Chromium";v="146", "Not-A.Brand";v="24", "Google Chrome";v="146"", sec-ch-ua-mobile:"?0", Sec-Fetch-Site:"same-origin", Sec-Fetch-Mode:"cors", Sec-Fetch-Dest:"empty", Referer:"http://localhost:7505/webjars/swagger-ui/index.html?urls.primaryName=Notification%20Service", Accept-Encoding:"gzip, deflate, br, zstd", Accept-Language:"en-US,en;q=0.9", Cookie:"m=", Forwarded:"proto=http;host="localhost:7505";for="[0:0:0:0:0:0:0:1]:64214"", X-Forwarded-For:"0:0:0:0:0:0:0:1", X-Forwarded-Proto:"http", X-Forwarded-Port:"7505", X-Forwarded-Host:"localhost:7505"]
2026-03-27T09:52:50.789+05:30 DEBUG 4660 --- [Api-Gateway] [ctor-http-nio-7] g.f.h.o.ObservedRequestHttpHeadersFilter : Client observation  {name=http.client.requests(null), error=null, context=name='http.client.requests', contextualName='null', error='null', lowCardinalityKeyValues=[http.method='GET', http.status_code='UNKNOWN', spring.cloud.gateway.route.id='NOTIFICATION-SERVICE', spring.cloud.gateway.route.uri='lb://NOTIFICATION-SERVICE'], highCardinalityKeyValues=[http.uri='http://localhost:7505/api/notifications/v3/api-docs'], map=[class io.micrometer.core.instrument.Timer$Sample='io.micrometer.core.instrument.Timer$Sample@7229c35', class io.micrometer.core.instrument.LongTaskTimer$Sample='SampleImpl{duration(seconds)=3.611E-4, duration(nanos)=361100.0, startTimeNanos=87667774733200}'], parentObservation={name=http.server.requests(null), error=null, context=name='http.server.requests', contextualName='null', error='null', lowCardinalityKeyValues=[exception='none', method='GET', outcome='SUCCESS', status='200', uri='UNKNOWN'], highCardinalityKeyValues=[http.url='/api/notifications/v3/api-docs'], map=[class io.micrometer.core.instrument.Timer$Sample='io.micrometer.core.instrument.Timer$Sample@7c682084', class io.micrometer.core.instrument.LongTaskTimer$Sample='SampleImpl{duration(seconds)=0.0143263, duration(nanos)=1.43263E7, startTimeNanos=87667760909100}'], parentObservation=null}} created for the request. New headers are [Host:"localhost:7505", sec-ch-ua-platform:""Windows"", User-Agent:"Mozilla/5.0 (Windows NT 10.0; Win64; x64) AppleWebKit/537.36 (KHTML, like Gecko) Chrome/146.0.0.0 Safari/537.36", Accept:"application/json,*/*", sec-ch-ua:""Chromium";v="146", "Not-A.Brand";v="24", "Google Chrome";v="146"", sec-ch-ua-mobile:"?0", Sec-Fetch-Site:"same-origin", Sec-Fetch-Mode:"cors", Sec-Fetch-Dest:"empty", Referer:"http://localhost:7505/webjars/swagger-ui/index.html?urls.primaryName=Notification%20Service", Accept-Encoding:"gzip, deflate, br, zstd", Accept-Language:"en-US,en;q=0.9", Cookie:"m=", Forwarded:"proto=http;host="localhost:7505";for="[0:0:0:0:0:0:0:1]:64214"", X-Forwarded-For:"0:0:0:0:0:0:0:1", X-Forwarded-Proto:"http", X-Forwarded-Port:"7505", X-Forwarded-Host:"localhost:7505"]
2026-03-27T09:52:50.802+05:30 DEBUG 4660 --- [Api-Gateway] [ctor-http-nio-7] .f.h.o.ObservedResponseHttpHeadersFilter : Will instrument the response
2026-03-27T09:52:50.804+05:30 DEBUG 4660 --- [Api-Gateway] [ctor-http-nio-7] .f.h.o.ObservedResponseHttpHeadersFilter : The response was handled for observation {name=http.client.requests(null), error=null, context=name='http.client.requests', contextualName='null', error='null', lowCardinalityKeyValues=[http.method='GET', http.status_code='UNKNOWN', spring.cloud.gateway.route.id='NOTIFICATION-SERVICE', spring.cloud.gateway.route.uri='lb://NOTIFICATION-SERVICE'], highCardinalityKeyValues=[http.uri='http://localhost:7505/api/notifications/v3/api-docs'], map=[class io.micrometer.core.instrument.Timer$Sample='io.micrometer.core.instrument.Timer$Sample@7229c35', class io.micrometer.core.instrument.LongTaskTimer$Sample='SampleImpl{duration(seconds)=0.0150207, duration(nanos)=1.50207E7, startTimeNanos=87667774733200}'], parentObservation={name=http.server.requests(null), error=null, context=name='http.server.requests', contextualName='null', error='null', lowCardinalityKeyValues=[exception='none', method='GET', outcome='SUCCESS', status='200', uri='UNKNOWN'], highCardinalityKeyValues=[http.url='/api/notifications/v3/api-docs'], map=[class io.micrometer.core.instrument.Timer$Sample='io.micrometer.core.instrument.Timer$Sample@7c682084', class io.micrometer.core.instrument.LongTaskTimer$Sample='SampleImpl{duration(seconds)=0.0289775, duration(nanos)=2.89775E7, startTimeNanos=87667760909100}'], parentObservation=null}}
2026-03-27T09:52:53.319+05:30 DEBUG 4660 --- [Api-Gateway] [ctor-http-nio-7] o.s.c.g.h.RoutePredicateHandlerMapping   : Route matched: TRANSACTION-SERVICE
2026-03-27T09:52:53.322+05:30 DEBUG 4660 --- [Api-Gateway] [ctor-http-nio-7] o.s.c.g.h.RoutePredicateHandlerMapping   : Mapping [Exchange: GET http://localhost:7505/api/transaction/v3/api-docs] to Route{id='TRANSACTION-SERVICE', uri=lb://TRANSACTION-SERVICE, order=0, predicate=Paths: [/api/transaction/**], match trailing slash: true, gatewayFilters=[[[SpringCloudCircuitBreakerResilience4JFilterFactory name = 'name:transactionCircuitBreaker', fallback = [null]], order = 1]], metadata={}}
2026-03-27T09:52:53.323+05:30 DEBUG 4660 --- [Api-Gateway] [ctor-http-nio-7] o.s.c.g.h.RoutePredicateHandlerMapping   : [799d025b-26] Mapped to org.springframework.cloud.gateway.handler.FilteringWebHandler@6394ca3c
2026-03-27T09:52:53.325+05:30 DEBUG 4660 --- [Api-Gateway] [ctor-http-nio-7] o.s.c.g.handler.FilteringWebHandler      : Sorted gatewayFilterFactories: [[GatewayFilterAdapter{delegate=org.springframework.cloud.gateway.filter.RemoveCachedBodyFilter@1edf71d9}, order = -2147483648], [GatewayFilterAdapter{delegate=org.springframework.cloud.gateway.filter.AdaptCachedBodyGlobalFilter@6ace919c}, order = -2147482648], [GatewayFilterAdapter{delegate=org.springframework.cloud.gateway.filter.NettyWriteResponseFilter@6f106af8}, order = -1], [GatewayFilterAdapter{delegate=org.springframework.cloud.gateway.filter.ForwardPathFilter@7f305f34}, order = 0], [GatewayFilterAdapter{delegate=org.springframework.cloud.gateway.filter.GatewayMetricsFilter@601d295}, order = 0], [[SpringCloudCircuitBreakerResilience4JFilterFactory name = 'name:transactionCircuitBreaker', fallback = [null]], order = 1], [GatewayFilterAdapter{delegate=org.springframework.cloud.gateway.filter.RouteToRequestUrlFilter@52d9d817}, order = 10000], [GatewayFilterAdapter{delegate=org.springframework.cloud.gateway.filter.ReactiveLoadBalancerClientFilter@3e39e0fb}, order = 10150], [GatewayFilterAdapter{delegate=org.springframework.cloud.gateway.filter.LoadBalancerServiceInstanceCookieFilter@260d48f5}, order = 10151], [GatewayFilterAdapter{delegate=org.springframework.cloud.gateway.filter.WebsocketRoutingFilter@1a84a8b2}, order = 2147483646], [GatewayFilterAdapter{delegate=org.springframework.cloud.gateway.filter.NettyRoutingFilter@148ab138}, order = 2147483647], [GatewayFilterAdapter{delegate=org.springframework.cloud.gateway.filter.ForwardRoutingFilter@131ba005}, order = 2147483647]]
2026-03-27T09:52:53.327+05:30 DEBUG 4660 --- [Api-Gateway] [ctor-http-nio-7] g.f.h.o.ObservedRequestHttpHeadersFilter : Will instrument the HTTP request headers [Host:"localhost:7505", sec-ch-ua-platform:""Windows"", User-Agent:"Mozilla/5.0 (Windows NT 10.0; Win64; x64) AppleWebKit/537.36 (KHTML, like Gecko) Chrome/146.0.0.0 Safari/537.36", Accept:"application/json,*/*", sec-ch-ua:""Chromium";v="146", "Not-A.Brand";v="24", "Google Chrome";v="146"", sec-ch-ua-mobile:"?0", Sec-Fetch-Site:"same-origin", Sec-Fetch-Mode:"cors", Sec-Fetch-Dest:"empty", Referer:"http://localhost:7505/webjars/swagger-ui/index.html?urls.primaryName=Transaction%20Service", Accept-Encoding:"gzip, deflate, br, zstd", Accept-Language:"en-US,en;q=0.9", Cookie:"m=", Forwarded:"proto=http;host="localhost:7505";for="[0:0:0:0:0:0:0:1]:64214"", X-Forwarded-For:"0:0:0:0:0:0:0:1", X-Forwarded-Proto:"http", X-Forwarded-Port:"7505", X-Forwarded-Host:"localhost:7505"]
2026-03-27T09:52:53.333+05:30 DEBUG 4660 --- [Api-Gateway] [ctor-http-nio-7] g.f.h.o.ObservedRequestHttpHeadersFilter : Client observation  {name=http.client.requests(null), error=null, context=name='http.client.requests', contextualName='null', error='null', lowCardinalityKeyValues=[http.method='GET', http.status_code='UNKNOWN', spring.cloud.gateway.route.id='TRANSACTION-SERVICE', spring.cloud.gateway.route.uri='lb://TRANSACTION-SERVICE'], highCardinalityKeyValues=[http.uri='http://localhost:7505/api/transaction/v3/api-docs'], map=[class io.micrometer.core.instrument.Timer$Sample='io.micrometer.core.instrument.Timer$Sample@6becace6', class io.micrometer.core.instrument.LongTaskTimer$Sample='SampleImpl{duration(seconds)=1.69E-4, duration(nanos)=169000.0, startTimeNanos=87670318688900}'], parentObservation={name=http.server.requests(null), error=null, context=name='http.server.requests', contextualName='null', error='null', lowCardinalityKeyValues=[exception='none', method='GET', outcome='SUCCESS', status='200', uri='UNKNOWN'], highCardinalityKeyValues=[http.url='/api/transaction/v3/api-docs'], map=[class io.micrometer.core.instrument.Timer$Sample='io.micrometer.core.instrument.Timer$Sample@783c469a', class io.micrometer.core.instrument.LongTaskTimer$Sample='SampleImpl{duration(seconds)=0.015455, duration(nanos)=1.5455E7, startTimeNanos=87670303540200}'], parentObservation=null}} created for the request. New headers are [Host:"localhost:7505", sec-ch-ua-platform:""Windows"", User-Agent:"Mozilla/5.0 (Windows NT 10.0; Win64; x64) AppleWebKit/537.36 (KHTML, like Gecko) Chrome/146.0.0.0 Safari/537.36", Accept:"application/json,*/*", sec-ch-ua:""Chromium";v="146", "Not-A.Brand";v="24", "Google Chrome";v="146"", sec-ch-ua-mobile:"?0", Sec-Fetch-Site:"same-origin", Sec-Fetch-Mode:"cors", Sec-Fetch-Dest:"empty", Referer:"http://localhost:7505/webjars/swagger-ui/index.html?urls.primaryName=Transaction%20Service", Accept-Encoding:"gzip, deflate, br, zstd", Accept-Language:"en-US,en;q=0.9", Cookie:"m=", Forwarded:"proto=http;host="localhost:7505";for="[0:0:0:0:0:0:0:1]:64214"", X-Forwarded-For:"0:0:0:0:0:0:0:1", X-Forwarded-Proto:"http", X-Forwarded-Port:"7505", X-Forwarded-Host:"localhost:7505"]
2026-03-27T09:52:53.356+05:30 DEBUG 4660 --- [Api-Gateway] [ctor-http-nio-7] .f.h.o.ObservedResponseHttpHeadersFilter : Will instrument the response
2026-03-27T09:52:53.358+05:30 DEBUG 4660 --- [Api-Gateway] [ctor-http-nio-7] .f.h.o.ObservedResponseHttpHeadersFilter : The response was handled for observation {name=http.client.requests(null), error=null, context=name='http.client.requests', contextualName='null', error='null', lowCardinalityKeyValues=[http.method='GET', http.status_code='UNKNOWN', spring.cloud.gateway.route.id='TRANSACTION-SERVICE', spring.cloud.gateway.route.uri='lb://TRANSACTION-SERVICE'], highCardinalityKeyValues=[http.uri='http://localhost:7505/api/transaction/v3/api-docs'], map=[class io.micrometer.core.instrument.Timer$Sample='io.micrometer.core.instrument.Timer$Sample@6becace6', class io.micrometer.core.instrument.LongTaskTimer$Sample='SampleImpl{duration(seconds)=0.0251886, duration(nanos)=2.51886E7, startTimeNanos=87670318688900}'], parentObservation={name=http.server.requests(null), error=null, context=name='http.server.requests', contextualName='null', error='null', lowCardinalityKeyValues=[exception='none', method='GET', outcome='SUCCESS', status='200', uri='UNKNOWN'], highCardinalityKeyValues=[http.url='/api/transaction/v3/api-docs'], map=[class io.micrometer.core.instrument.Timer$Sample='io.micrometer.core.instrument.Timer$Sample@783c469a', class io.micrometer.core.instrument.LongTaskTimer$Sample='SampleImpl{duration(seconds)=0.0404563, duration(nanos)=4.04563E7, startTimeNanos=87670303540200}'], parentObservation=null}}
2026-03-27T09:52:55.549+05:30 DEBUG 4660 --- [Api-Gateway] [ctor-http-nio-7] o.s.c.g.h.RoutePredicateHandlerMapping   : Route matched: REWARDS-SERVICE
2026-03-27T09:52:55.550+05:30 DEBUG 4660 --- [Api-Gateway] [ctor-http-nio-7] o.s.c.g.h.RoutePredicateHandlerMapping   : Mapping [Exchange: GET http://localhost:7505/api/rewards/v3/api-docs] to Route{id='REWARDS-SERVICE', uri=lb://REWARDS-SERVICE, order=0, predicate=Paths: [/api/rewards/**], match trailing slash: true, gatewayFilters=[[[SpringCloudCircuitBreakerResilience4JFilterFactory name = 'name:rewardCircuitBreaker', fallback = [null]], order = 1]], metadata={}}
2026-03-27T09:52:55.551+05:30 DEBUG 4660 --- [Api-Gateway] [ctor-http-nio-7] o.s.c.g.h.RoutePredicateHandlerMapping   : [799d025b-27] Mapped to org.springframework.cloud.gateway.handler.FilteringWebHandler@6394ca3c
2026-03-27T09:52:55.553+05:30 DEBUG 4660 --- [Api-Gateway] [ctor-http-nio-7] o.s.c.g.handler.FilteringWebHandler      : Sorted gatewayFilterFactories: [[GatewayFilterAdapter{delegate=org.springframework.cloud.gateway.filter.RemoveCachedBodyFilter@1edf71d9}, order = -2147483648], [GatewayFilterAdapter{delegate=org.springframework.cloud.gateway.filter.AdaptCachedBodyGlobalFilter@6ace919c}, order = -2147482648], [GatewayFilterAdapter{delegate=org.springframework.cloud.gateway.filter.NettyWriteResponseFilter@6f106af8}, order = -1], [GatewayFilterAdapter{delegate=org.springframework.cloud.gateway.filter.ForwardPathFilter@7f305f34}, order = 0], [GatewayFilterAdapter{delegate=org.springframework.cloud.gateway.filter.GatewayMetricsFilter@601d295}, order = 0], [[SpringCloudCircuitBreakerResilience4JFilterFactory name = 'name:rewardCircuitBreaker', fallback = [null]], order = 1], [GatewayFilterAdapter{delegate=org.springframework.cloud.gateway.filter.RouteToRequestUrlFilter@52d9d817}, order = 10000], [GatewayFilterAdapter{delegate=org.springframework.cloud.gateway.filter.ReactiveLoadBalancerClientFilter@3e39e0fb}, order = 10150], [GatewayFilterAdapter{delegate=org.springframework.cloud.gateway.filter.LoadBalancerServiceInstanceCookieFilter@260d48f5}, order = 10151], [GatewayFilterAdapter{delegate=org.springframework.cloud.gateway.filter.WebsocketRoutingFilter@1a84a8b2}, order = 2147483646], [GatewayFilterAdapter{delegate=org.springframework.cloud.gateway.filter.NettyRoutingFilter@148ab138}, order = 2147483647], [GatewayFilterAdapter{delegate=org.springframework.cloud.gateway.filter.ForwardRoutingFilter@131ba005}, order = 2147483647]]
2026-03-27T09:52:55.557+05:30 DEBUG 4660 --- [Api-Gateway] [ctor-http-nio-7] g.f.h.o.ObservedRequestHttpHeadersFilter : Will instrument the HTTP request headers [Host:"localhost:7505", sec-ch-ua-platform:""Windows"", User-Agent:"Mozilla/5.0 (Windows NT 10.0; Win64; x64) AppleWebKit/537.36 (KHTML, like Gecko) Chrome/146.0.0.0 Safari/537.36", Accept:"application/json,*/*", sec-ch-ua:""Chromium";v="146", "Not-A.Brand";v="24", "Google Chrome";v="146"", sec-ch-ua-mobile:"?0", Sec-Fetch-Site:"same-origin", Sec-Fetch-Mode:"cors", Sec-Fetch-Dest:"empty", Referer:"http://localhost:7505/webjars/swagger-ui/index.html?urls.primaryName=Rewards%20Service", Accept-Encoding:"gzip, deflate, br, zstd", Accept-Language:"en-US,en;q=0.9", Cookie:"m=", Forwarded:"proto=http;host="localhost:7505";for="[0:0:0:0:0:0:0:1]:64214"", X-Forwarded-For:"0:0:0:0:0:0:0:1", X-Forwarded-Proto:"http", X-Forwarded-Port:"7505", X-Forwarded-Host:"localhost:7505"]
2026-03-27T09:52:55.559+05:30 DEBUG 4660 --- [Api-Gateway] [ctor-http-nio-7] g.f.h.o.ObservedRequestHttpHeadersFilter : Client observation  {name=http.client.requests(null), error=null, context=name='http.client.requests', contextualName='null', error='null', lowCardinalityKeyValues=[http.method='GET', http.status_code='UNKNOWN', spring.cloud.gateway.route.id='REWARDS-SERVICE', spring.cloud.gateway.route.uri='lb://REWARDS-SERVICE'], highCardinalityKeyValues=[http.uri='http://localhost:7505/api/rewards/v3/api-docs'], map=[class io.micrometer.core.instrument.Timer$Sample='io.micrometer.core.instrument.Timer$Sample@74a7503c', class io.micrometer.core.instrument.LongTaskTimer$Sample='SampleImpl{duration(seconds)=1.976E-4, duration(nanos)=197600.0, startTimeNanos=87672544301500}'], parentObservation={name=http.server.requests(null), error=null, context=name='http.server.requests', contextualName='null', error='null', lowCardinalityKeyValues=[exception='none', method='GET', outcome='SUCCESS', status='200', uri='UNKNOWN'], highCardinalityKeyValues=[http.url='/api/rewards/v3/api-docs'], map=[class io.micrometer.core.instrument.Timer$Sample='io.micrometer.core.instrument.Timer$Sample@77a68f8c', class io.micrometer.core.instrument.LongTaskTimer$Sample='SampleImpl{duration(seconds)=0.0111467, duration(nanos)=1.11467E7, startTimeNanos=87672533626900}'], parentObservation=null}} created for the request. New headers are [Host:"localhost:7505", sec-ch-ua-platform:""Windows"", User-Agent:"Mozilla/5.0 (Windows NT 10.0; Win64; x64) AppleWebKit/537.36 (KHTML, like Gecko) Chrome/146.0.0.0 Safari/537.36", Accept:"application/json,*/*", sec-ch-ua:""Chromium";v="146", "Not-A.Brand";v="24", "Google Chrome";v="146"", sec-ch-ua-mobile:"?0", Sec-Fetch-Site:"same-origin", Sec-Fetch-Mode:"cors", Sec-Fetch-Dest:"empty", Referer:"http://localhost:7505/webjars/swagger-ui/index.html?urls.primaryName=Rewards%20Service", Accept-Encoding:"gzip, deflate, br, zstd", Accept-Language:"en-US,en;q=0.9", Cookie:"m=", Forwarded:"proto=http;host="localhost:7505";for="[0:0:0:0:0:0:0:1]:64214"", X-Forwarded-For:"0:0:0:0:0:0:0:1", X-Forwarded-Proto:"http", X-Forwarded-Port:"7505", X-Forwarded-Host:"localhost:7505"]
2026-03-27T09:52:55.582+05:30 DEBUG 4660 --- [Api-Gateway] [ctor-http-nio-7] .f.h.o.ObservedResponseHttpHeadersFilter : Will instrument the response
2026-03-27T09:52:55.584+05:30 DEBUG 4660 --- [Api-Gateway] [ctor-http-nio-7] .f.h.o.ObservedResponseHttpHeadersFilter : The response was handled for observation {name=http.client.requests(null), error=null, context=name='http.client.requests', contextualName='null', error='null', lowCardinalityKeyValues=[http.method='GET', http.status_code='UNKNOWN', spring.cloud.gateway.route.id='REWARDS-SERVICE', spring.cloud.gateway.route.uri='lb://REWARDS-SERVICE'], highCardinalityKeyValues=[http.uri='http://localhost:7505/api/rewards/v3/api-docs'], map=[class io.micrometer.core.instrument.Timer$Sample='io.micrometer.core.instrument.Timer$Sample@74a7503c', class io.micrometer.core.instrument.LongTaskTimer$Sample='SampleImpl{duration(seconds)=0.0263464, duration(nanos)=2.63464E7, startTimeNanos=87672544301500}'], parentObservation={name=http.server.requests(null), error=null, context=name='http.server.requests', contextualName='null', error='null', lowCardinalityKeyValues=[exception='none', method='GET', outcome='SUCCESS', status='200', uri='UNKNOWN'], highCardinalityKeyValues=[http.url='/api/rewards/v3/api-docs'], map=[class io.micrometer.core.instrument.Timer$Sample='io.micrometer.core.instrument.Timer$Sample@77a68f8c', class io.micrometer.core.instrument.LongTaskTimer$Sample='SampleImpl{duration(seconds)=0.0372332, duration(nanos)=3.72332E7, startTimeNanos=87672533626900}'], parentObservation=null}}
2026-03-27T09:52:58.399+05:30 DEBUG 4660 --- [Api-Gateway] [ctor-http-nio-7] o.s.c.g.h.RoutePredicateHandlerMapping   : Route matched: USER-SERVICE
2026-03-27T09:52:58.403+05:30 DEBUG 4660 --- [Api-Gateway] [ctor-http-nio-7] o.s.c.g.h.RoutePredicateHandlerMapping   : Mapping [Exchange: GET http://localhost:7505/users/v3/api-docs] to Route{id='USER-SERVICE', uri=lb://USER-SERVICE, order=0, predicate=Paths: [/users/**], match trailing slash: true, gatewayFilters=[], metadata={}}
2026-03-27T09:52:58.405+05:30 DEBUG 4660 --- [Api-Gateway] [ctor-http-nio-7] o.s.c.g.h.RoutePredicateHandlerMapping   : [799d025b-28] Mapped to org.springframework.cloud.gateway.handler.FilteringWebHandler@6394ca3c
2026-03-27T09:52:58.407+05:30 DEBUG 4660 --- [Api-Gateway] [ctor-http-nio-7] o.s.c.g.handler.FilteringWebHandler      : Sorted gatewayFilterFactories: [[GatewayFilterAdapter{delegate=org.springframework.cloud.gateway.filter.RemoveCachedBodyFilter@1edf71d9}, order = -2147483648], [GatewayFilterAdapter{delegate=org.springframework.cloud.gateway.filter.AdaptCachedBodyGlobalFilter@6ace919c}, order = -2147482648], [GatewayFilterAdapter{delegate=org.springframework.cloud.gateway.filter.NettyWriteResponseFilter@6f106af8}, order = -1], [GatewayFilterAdapter{delegate=org.springframework.cloud.gateway.filter.ForwardPathFilter@7f305f34}, order = 0], [GatewayFilterAdapter{delegate=org.springframework.cloud.gateway.filter.GatewayMetricsFilter@601d295}, order = 0], [GatewayFilterAdapter{delegate=org.springframework.cloud.gateway.filter.RouteToRequestUrlFilter@52d9d817}, order = 10000], [GatewayFilterAdapter{delegate=org.springframework.cloud.gateway.filter.ReactiveLoadBalancerClientFilter@3e39e0fb}, order = 10150], [GatewayFilterAdapter{delegate=org.springframework.cloud.gateway.filter.LoadBalancerServiceInstanceCookieFilter@260d48f5}, order = 10151], [GatewayFilterAdapter{delegate=org.springframework.cloud.gateway.filter.WebsocketRoutingFilter@1a84a8b2}, order = 2147483646], [GatewayFilterAdapter{delegate=org.springframework.cloud.gateway.filter.NettyRoutingFilter@148ab138}, order = 2147483647], [GatewayFilterAdapter{delegate=org.springframework.cloud.gateway.filter.ForwardRoutingFilter@131ba005}, order = 2147483647]]
2026-03-27T09:52:58.411+05:30 DEBUG 4660 --- [Api-Gateway] [ctor-http-nio-7] g.f.h.o.ObservedRequestHttpHeadersFilter : Will instrument the HTTP request headers [Host:"localhost:7505", sec-ch-ua-platform:""Windows"", User-Agent:"Mozilla/5.0 (Windows NT 10.0; Win64; x64) AppleWebKit/537.36 (KHTML, like Gecko) Chrome/146.0.0.0 Safari/537.36", Accept:"application/json,*/*", sec-ch-ua:""Chromium";v="146", "Not-A.Brand";v="24", "Google Chrome";v="146"", sec-ch-ua-mobile:"?0", Sec-Fetch-Site:"same-origin", Sec-Fetch-Mode:"cors", Sec-Fetch-Dest:"empty", Referer:"http://localhost:7505/webjars/swagger-ui/index.html?urls.primaryName=User%20Service", Accept-Encoding:"gzip, deflate, br, zstd", Accept-Language:"en-US,en;q=0.9", Cookie:"m=", Forwarded:"proto=http;host="localhost:7505";for="[0:0:0:0:0:0:0:1]:64214"", X-Forwarded-For:"0:0:0:0:0:0:0:1", X-Forwarded-Proto:"http", X-Forwarded-Port:"7505", X-Forwarded-Host:"localhost:7505"]
2026-03-27T09:52:58.414+05:30 DEBUG 4660 --- [Api-Gateway] [ctor-http-nio-7] g.f.h.o.ObservedRequestHttpHeadersFilter : Client observation  {name=http.client.requests(null), error=null, context=name='http.client.requests', contextualName='null', error='null', lowCardinalityKeyValues=[http.method='GET', http.status_code='UNKNOWN', spring.cloud.gateway.route.id='USER-SERVICE', spring.cloud.gateway.route.uri='lb://USER-SERVICE'], highCardinalityKeyValues=[http.uri='http://localhost:7505/users/v3/api-docs'], map=[class io.micrometer.core.instrument.Timer$Sample='io.micrometer.core.instrument.Timer$Sample@74793f6d', class io.micrometer.core.instrument.LongTaskTimer$Sample='SampleImpl{duration(seconds)=2.761E-4, duration(nanos)=276100.0, startTimeNanos=87675399487400}'], parentObservation={name=http.server.requests(null), error=null, context=name='http.server.requests', contextualName='null', error='null', lowCardinalityKeyValues=[exception='none', method='GET', outcome='SUCCESS', status='200', uri='UNKNOWN'], highCardinalityKeyValues=[http.url='/users/v3/api-docs'], map=[class io.micrometer.core.instrument.Timer$Sample='io.micrometer.core.instrument.Timer$Sample@3be00bb5', class io.micrometer.core.instrument.LongTaskTimer$Sample='SampleImpl{duration(seconds)=0.0158198, duration(nanos)=1.58198E7, startTimeNanos=87675384130400}'], parentObservation=null}} created for the request. New headers are [Host:"localhost:7505", sec-ch-ua-platform:""Windows"", User-Agent:"Mozilla/5.0 (Windows NT 10.0; Win64; x64) AppleWebKit/537.36 (KHTML, like Gecko) Chrome/146.0.0.0 Safari/537.36", Accept:"application/json,*/*", sec-ch-ua:""Chromium";v="146", "Not-A.Brand";v="24", "Google Chrome";v="146"", sec-ch-ua-mobile:"?0", Sec-Fetch-Site:"same-origin", Sec-Fetch-Mode:"cors", Sec-Fetch-Dest:"empty", Referer:"http://localhost:7505/webjars/swagger-ui/index.html?urls.primaryName=User%20Service", Accept-Encoding:"gzip, deflate, br, zstd", Accept-Language:"en-US,en;q=0.9", Cookie:"m=", Forwarded:"proto=http;host="localhost:7505";for="[0:0:0:0:0:0:0:1]:64214"", X-Forwarded-For:"0:0:0:0:0:0:0:1", X-Forwarded-Proto:"http", X-Forwarded-Port:"7505", X-Forwarded-Host:"localhost:7505"]
2026-03-27T09:52:58.430+05:30 DEBUG 4660 --- [Api-Gateway] [ctor-http-nio-7] .f.h.o.ObservedResponseHttpHeadersFilter : Will instrument the response
2026-03-27T09:52:58.432+05:30 DEBUG 4660 --- [Api-Gateway] [ctor-http-nio-7] .f.h.o.ObservedResponseHttpHeadersFilter : The response was handled for observation {name=http.client.requests(null), error=null, context=name='http.client.requests', contextualName='null', error='null', lowCardinalityKeyValues=[http.method='GET', http.status_code='UNKNOWN', spring.cloud.gateway.route.id='USER-SERVICE', spring.cloud.gateway.route.uri='lb://USER-SERVICE'], highCardinalityKeyValues=[http.uri='http://localhost:7505/users/v3/api-docs'], map=[class io.micrometer.core.instrument.Timer$Sample='io.micrometer.core.instrument.Timer$Sample@74793f6d', class io.micrometer.core.instrument.LongTaskTimer$Sample='SampleImpl{duration(seconds)=0.0186985, duration(nanos)=1.86985E7, startTimeNanos=87675399487400}'], parentObservation={name=http.server.requests(null), error=null, context=name='http.server.requests', contextualName='null', error='null', lowCardinalityKeyValues=[exception='none', method='GET', outcome='SUCCESS', status='200', uri='UNKNOWN'], highCardinalityKeyValues=[http.url='/users/v3/api-docs'], map=[class io.micrometer.core.instrument.Timer$Sample='io.micrometer.core.instrument.Timer$Sample@3be00bb5', class io.micrometer.core.instrument.LongTaskTimer$Sample='SampleImpl{duration(seconds)=0.0342238, duration(nanos)=3.42238E7, startTimeNanos=87675384130400}'], parentObservation=null}}
2026-03-27T09:53:01.216+05:30 DEBUG 4660 --- [Api-Gateway] [ctor-http-nio-7] o.s.c.g.h.RoutePredicateHandlerMapping   : Route matched: WALLET-SERVICE
2026-03-27T09:53:01.220+05:30 DEBUG 4660 --- [Api-Gateway] [ctor-http-nio-7] o.s.c.g.h.RoutePredicateHandlerMapping   : Mapping [Exchange: GET http://localhost:7505/api/wallets/v3/api-docs] to Route{id='WALLET-SERVICE', uri=lb://WALLET-SERVICE, order=0, predicate=Paths: [/api/wallets/**], match trailing slash: true, gatewayFilters=[[[SpringCloudCircuitBreakerResilience4JFilterFactory name = 'name:walletCircuitBreaker', fallback = [null]], order = 1]], metadata={}}
2026-03-27T09:53:01.221+05:30 DEBUG 4660 --- [Api-Gateway] [ctor-http-nio-7] o.s.c.g.h.RoutePredicateHandlerMapping   : [799d025b-29] Mapped to org.springframework.cloud.gateway.handler.FilteringWebHandler@6394ca3c
2026-03-27T09:53:01.222+05:30 DEBUG 4660 --- [Api-Gateway] [ctor-http-nio-7] o.s.c.g.handler.FilteringWebHandler      : Sorted gatewayFilterFactories: [[GatewayFilterAdapter{delegate=org.springframework.cloud.gateway.filter.RemoveCachedBodyFilter@1edf71d9}, order = -2147483648], [GatewayFilterAdapter{delegate=org.springframework.cloud.gateway.filter.AdaptCachedBodyGlobalFilter@6ace919c}, order = -2147482648], [GatewayFilterAdapter{delegate=org.springframework.cloud.gateway.filter.NettyWriteResponseFilter@6f106af8}, order = -1], [GatewayFilterAdapter{delegate=org.springframework.cloud.gateway.filter.ForwardPathFilter@7f305f34}, order = 0], [GatewayFilterAdapter{delegate=org.springframework.cloud.gateway.filter.GatewayMetricsFilter@601d295}, order = 0], [[SpringCloudCircuitBreakerResilience4JFilterFactory name = 'name:walletCircuitBreaker', fallback = [null]], order = 1], [GatewayFilterAdapter{delegate=org.springframework.cloud.gateway.filter.RouteToRequestUrlFilter@52d9d817}, order = 10000], [GatewayFilterAdapter{delegate=org.springframework.cloud.gateway.filter.ReactiveLoadBalancerClientFilter@3e39e0fb}, order = 10150], [GatewayFilterAdapter{delegate=org.springframework.cloud.gateway.filter.LoadBalancerServiceInstanceCookieFilter@260d48f5}, order = 10151], [GatewayFilterAdapter{delegate=org.springframework.cloud.gateway.filter.WebsocketRoutingFilter@1a84a8b2}, order = 2147483646], [GatewayFilterAdapter{delegate=org.springframework.cloud.gateway.filter.NettyRoutingFilter@148ab138}, order = 2147483647], [GatewayFilterAdapter{delegate=org.springframework.cloud.gateway.filter.ForwardRoutingFilter@131ba005}, order = 2147483647]]
2026-03-27T09:53:01.225+05:30 DEBUG 4660 --- [Api-Gateway] [ctor-http-nio-7] g.f.h.o.ObservedRequestHttpHeadersFilter : Will instrument the HTTP request headers [Host:"localhost:7505", sec-ch-ua-platform:""Windows"", User-Agent:"Mozilla/5.0 (Windows NT 10.0; Win64; x64) AppleWebKit/537.36 (KHTML, like Gecko) Chrome/146.0.0.0 Safari/537.36", Accept:"application/json,*/*", sec-ch-ua:""Chromium";v="146", "Not-A.Brand";v="24", "Google Chrome";v="146"", sec-ch-ua-mobile:"?0", Sec-Fetch-Site:"same-origin", Sec-Fetch-Mode:"cors", Sec-Fetch-Dest:"empty", Referer:"http://localhost:7505/webjars/swagger-ui/index.html?urls.primaryName=Wallet%20Service", Accept-Encoding:"gzip, deflate, br, zstd", Accept-Language:"en-US,en;q=0.9", Cookie:"m=", Forwarded:"proto=http;host="localhost:7505";for="[0:0:0:0:0:0:0:1]:64214"", X-Forwarded-For:"0:0:0:0:0:0:0:1", X-Forwarded-Proto:"http", X-Forwarded-Port:"7505", X-Forwarded-Host:"localhost:7505"]
2026-03-27T09:53:01.226+05:30 DEBUG 4660 --- [Api-Gateway] [ctor-http-nio-7] g.f.h.o.ObservedRequestHttpHeadersFilter : Client observation  {name=http.client.requests(null), error=null, context=name='http.client.requests', contextualName='null', error='null', lowCardinalityKeyValues=[http.method='GET', http.status_code='UNKNOWN', spring.cloud.gateway.route.id='WALLET-SERVICE', spring.cloud.gateway.route.uri='lb://WALLET-SERVICE'], highCardinalityKeyValues=[http.uri='http://localhost:7505/api/wallets/v3/api-docs'], map=[class io.micrometer.core.instrument.Timer$Sample='io.micrometer.core.instrument.Timer$Sample@314f585a', class io.micrometer.core.instrument.LongTaskTimer$Sample='SampleImpl{duration(seconds)=1.412E-4, duration(nanos)=141200.0, startTimeNanos=87678212554600}'], parentObservation={name=http.server.requests(null), error=null, context=name='http.server.requests', contextualName='null', error='null', lowCardinalityKeyValues=[exception='none', method='GET', outcome='SUCCESS', status='200', uri='UNKNOWN'], highCardinalityKeyValues=[http.url='/api/wallets/v3/api-docs'], map=[class io.micrometer.core.instrument.Timer$Sample='io.micrometer.core.instrument.Timer$Sample@cf09b49', class io.micrometer.core.instrument.LongTaskTimer$Sample='SampleImpl{duration(seconds)=0.0128221, duration(nanos)=1.28221E7, startTimeNanos=87678199956600}'], parentObservation=null}} created for the request. New headers are [Host:"localhost:7505", sec-ch-ua-platform:""Windows"", User-Agent:"Mozilla/5.0 (Windows NT 10.0; Win64; x64) AppleWebKit/537.36 (KHTML, like Gecko) Chrome/146.0.0.0 Safari/537.36", Accept:"application/json,*/*", sec-ch-ua:""Chromium";v="146", "Not-A.Brand";v="24", "Google Chrome";v="146"", sec-ch-ua-mobile:"?0", Sec-Fetch-Site:"same-origin", Sec-Fetch-Mode:"cors", Sec-Fetch-Dest:"empty", Referer:"http://localhost:7505/webjars/swagger-ui/index.html?urls.primaryName=Wallet%20Service", Accept-Encoding:"gzip, deflate, br, zstd", Accept-Language:"en-US,en;q=0.9", Cookie:"m=", Forwarded:"proto=http;host="localhost:7505";for="[0:0:0:0:0:0:0:1]:64214"", X-Forwarded-For:"0:0:0:0:0:0:0:1", X-Forwarded-Proto:"http", X-Forwarded-Port:"7505", X-Forwarded-Host:"localhost:7505"]
2026-03-27T09:53:01.268+05:30 DEBUG 4660 --- [Api-Gateway] [ctor-http-nio-7] .f.h.o.ObservedResponseHttpHeadersFilter : Will instrument the response
2026-03-27T09:53:01.270+05:30 DEBUG 4660 --- [Api-Gateway] [ctor-http-nio-7] .f.h.o.ObservedResponseHttpHeadersFilter : The response was handled for observation {name=http.client.requests(null), error=null, context=name='http.client.requests', contextualName='null', error='null', lowCardinalityKeyValues=[http.method='GET', http.status_code='UNKNOWN', spring.cloud.gateway.route.id='WALLET-SERVICE', spring.cloud.gateway.route.uri='lb://WALLET-SERVICE'], highCardinalityKeyValues=[http.uri='http://localhost:7505/api/wallets/v3/api-docs'], map=[class io.micrometer.core.instrument.Timer$Sample='io.micrometer.core.instrument.Timer$Sample@314f585a', class io.micrometer.core.instrument.LongTaskTimer$Sample='SampleImpl{duration(seconds)=0.0432746, duration(nanos)=4.32746E7, startTimeNanos=87678212554600}'], parentObservation={name=http.server.requests(null), error=null, context=name='http.server.requests', contextualName='null', error='null', lowCardinalityKeyValues=[exception='none', method='GET', outcome='SUCCESS', status='200', uri='UNKNOWN'], highCardinalityKeyValues=[http.url='/api/wallets/v3/api-docs'], map=[class io.micrometer.core.instrument.Timer$Sample='io.micrometer.core.instrument.Timer$Sample@cf09b49', class io.micrometer.core.instrument.LongTaskTimer$Sample='SampleImpl{duration(seconds)=0.0559828, duration(nanos)=5.59828E7, startTimeNanos=87678199956600}'], parentObservation=null}}
2026-03-27T09:53:01.310+05:30 DEBUG 4660 --- [Api-Gateway] [reshExecutor-%d] o.s.c.g.r.RouteDefinitionRouteLocator    : RouteDefinition ReactiveCompositeDiscoveryClient_CONFIG-SERVIER applying {pattern=/config-servier/**} to Path
2026-03-27T09:53:01.313+05:30 DEBUG 4660 --- [Api-Gateway] [reshExecutor-%d] o.s.c.g.r.RouteDefinitionRouteLocator    : RouteDefinition ReactiveCompositeDiscoveryClient_CONFIG-SERVIER applying filter {regexp=/config-servier/?(?<remaining>.*), replacement=/${remaining}} to RewritePath
2026-03-27T09:53:01.315+05:30 DEBUG 4660 --- [Api-Gateway] [reshExecutor-%d] o.s.c.g.r.RouteDefinitionRouteLocator    : RouteDefinition matched: ReactiveCompositeDiscoveryClient_CONFIG-SERVIER
2026-03-27T09:53:01.316+05:30 DEBUG 4660 --- [Api-Gateway] [reshExecutor-%d] o.s.c.g.r.RouteDefinitionRouteLocator    : RouteDefinition ReactiveCompositeDiscoveryClient_API-GATEWAY applying {pattern=/api-gateway/**} to Path
2026-03-27T09:53:01.318+05:30 DEBUG 4660 --- [Api-Gateway] [reshExecutor-%d] o.s.c.g.r.RouteDefinitionRouteLocator    : RouteDefinition ReactiveCompositeDiscoveryClient_API-GATEWAY applying filter {regexp=/api-gateway/?(?<remaining>.*), replacement=/${remaining}} to RewritePath
2026-03-27T09:53:01.320+05:30 DEBUG 4660 --- [Api-Gateway] [reshExecutor-%d] o.s.c.g.r.RouteDefinitionRouteLocator    : RouteDefinition matched: ReactiveCompositeDiscoveryClient_API-GATEWAY
2026-03-27T09:53:01.321+05:30 DEBUG 4660 --- [Api-Gateway] [reshExecutor-%d] o.s.c.g.r.RouteDefinitionRouteLocator    : RouteDefinition ReactiveCompositeDiscoveryClient_REWARDS-SERVICE applying {pattern=/rewards-service/**} to Path
2026-03-27T09:53:01.323+05:30 DEBUG 4660 --- [Api-Gateway] [reshExecutor-%d] o.s.c.g.r.RouteDefinitionRouteLocator    : RouteDefinition ReactiveCompositeDiscoveryClient_REWARDS-SERVICE applying filter {regexp=/rewards-service/?(?<remaining>.*), replacement=/${remaining}} to RewritePath
2026-03-27T09:53:01.324+05:30 DEBUG 4660 --- [Api-Gateway] [reshExecutor-%d] o.s.c.g.r.RouteDefinitionRouteLocator    : RouteDefinition matched: ReactiveCompositeDiscoveryClient_REWARDS-SERVICE
2026-03-27T09:53:01.326+05:30 DEBUG 4660 --- [Api-Gateway] [reshExecutor-%d] o.s.c.g.r.RouteDefinitionRouteLocator    : RouteDefinition ReactiveCompositeDiscoveryClient_KYC-SERVICE applying {pattern=/kyc-service/**} to Path
2026-03-27T09:53:01.329+05:30 DEBUG 4660 --- [Api-Gateway] [reshExecutor-%d] o.s.c.g.r.RouteDefinitionRouteLocator    : RouteDefinition ReactiveCompositeDiscoveryClient_KYC-SERVICE applying filter {regexp=/kyc-service/?(?<remaining>.*), replacement=/${remaining}} to RewritePath
2026-03-27T09:53:01.330+05:30 DEBUG 4660 --- [Api-Gateway] [reshExecutor-%d] o.s.c.g.r.RouteDefinitionRouteLocator    : RouteDefinition matched: ReactiveCompositeDiscoveryClient_KYC-SERVICE
2026-03-27T09:53:01.330+05:30 DEBUG 4660 --- [Api-Gateway] [reshExecutor-%d] o.s.c.g.r.RouteDefinitionRouteLocator    : RouteDefinition ReactiveCompositeDiscoveryClient_ADMIN-SERVICE applying {pattern=/admin-service/**} to Path
2026-03-27T09:53:01.332+05:30 DEBUG 4660 --- [Api-Gateway] [reshExecutor-%d] o.s.c.g.r.RouteDefinitionRouteLocator    : RouteDefinition ReactiveCompositeDiscoveryClient_ADMIN-SERVICE applying filter {regexp=/admin-service/?(?<remaining>.*), replacement=/${remaining}} to RewritePath
2026-03-27T09:53:01.335+05:30 DEBUG 4660 --- [Api-Gateway] [reshExecutor-%d] o.s.c.g.r.RouteDefinitionRouteLocator    : RouteDefinition matched: ReactiveCompositeDiscoveryClient_ADMIN-SERVICE
2026-03-27T09:53:01.336+05:30 DEBUG 4660 --- [Api-Gateway] [reshExecutor-%d] o.s.c.g.r.RouteDefinitionRouteLocator    : RouteDefinition ReactiveCompositeDiscoveryClient_TRANSACTION-SERVICE applying {pattern=/transaction-service/**} to Path
2026-03-27T09:53:01.338+05:30 DEBUG 4660 --- [Api-Gateway] [reshExecutor-%d] o.s.c.g.r.RouteDefinitionRouteLocator    : RouteDefinition ReactiveCompositeDiscoveryClient_TRANSACTION-SERVICE applying filter {regexp=/transaction-service/?(?<remaining>.*), replacement=/${remaining}} to RewritePath
2026-03-27T09:53:01.341+05:30 DEBUG 4660 --- [Api-Gateway] [reshExecutor-%d] o.s.c.g.r.RouteDefinitionRouteLocator    : RouteDefinition matched: ReactiveCompositeDiscoveryClient_TRANSACTION-SERVICE
2026-03-27T09:53:01.343+05:30 DEBUG 4660 --- [Api-Gateway] [reshExecutor-%d] o.s.c.g.r.RouteDefinitionRouteLocator    : RouteDefinition ReactiveCompositeDiscoveryClient_WALLET-SERVICE applying {pattern=/wallet-service/**} to Path
2026-03-27T09:53:01.345+05:30 DEBUG 4660 --- [Api-Gateway] [reshExecutor-%d] o.s.c.g.r.RouteDefinitionRouteLocator    : RouteDefinition ReactiveCompositeDiscoveryClient_WALLET-SERVICE applying filter {regexp=/wallet-service/?(?<remaining>.*), replacement=/${remaining}} to RewritePath
2026-03-27T09:53:01.346+05:30 DEBUG 4660 --- [Api-Gateway] [reshExecutor-%d] o.s.c.g.r.RouteDefinitionRouteLocator    : RouteDefinition matched: ReactiveCompositeDiscoveryClient_WALLET-SERVICE
2026-03-27T09:53:01.347+05:30 DEBUG 4660 --- [Api-Gateway] [reshExecutor-%d] o.s.c.g.r.RouteDefinitionRouteLocator    : RouteDefinition ReactiveCompositeDiscoveryClient_NOTIFICATION-SERVICE applying {pattern=/notification-service/**} to Path
2026-03-27T09:53:01.349+05:30 DEBUG 4660 --- [Api-Gateway] [reshExecutor-%d] o.s.c.g.r.RouteDefinitionRouteLocator    : RouteDefinition ReactiveCompositeDiscoveryClient_NOTIFICATION-SERVICE applying filter {regexp=/notification-service/?(?<remaining>.*), replacement=/${remaining}} to RewritePath
2026-03-27T09:53:01.351+05:30 DEBUG 4660 --- [Api-Gateway] [reshExecutor-%d] o.s.c.g.r.RouteDefinitionRouteLocator    : RouteDefinition matched: ReactiveCompositeDiscoveryClient_NOTIFICATION-SERVICE
2026-03-27T09:53:01.352+05:30 DEBUG 4660 --- [Api-Gateway] [reshExecutor-%d] o.s.c.g.r.RouteDefinitionRouteLocator    : RouteDefinition ReactiveCompositeDiscoveryClient_USER-SERVICE applying {pattern=/user-service/**} to Path
2026-03-27T09:53:01.354+05:30 DEBUG 4660 --- [Api-Gateway] [reshExecutor-%d] o.s.c.g.r.RouteDefinitionRouteLocator    : RouteDefinition ReactiveCompositeDiscoveryClient_USER-SERVICE applying filter {regexp=/user-service/?(?<remaining>.*), replacement=/${remaining}} to RewritePath
2026-03-27T09:53:01.355+05:30 DEBUG 4660 --- [Api-Gateway] [reshExecutor-%d] o.s.c.g.r.RouteDefinitionRouteLocator    : RouteDefinition matched: ReactiveCompositeDiscoveryClient_USER-SERVICE
2026-03-27T09:53:01.356+05:30 DEBUG 4660 --- [Api-Gateway] [reshExecutor-%d] o.s.c.g.r.RouteDefinitionRouteLocator    : RouteDefinition ReactiveCompositeDiscoveryClient_PAYMENT-SERVICES applying {pattern=/payment-services/**} to Path
2026-03-27T09:53:01.358+05:30 DEBUG 4660 --- [Api-Gateway] [reshExecutor-%d] o.s.c.g.r.RouteDefinitionRouteLocator    : RouteDefinition ReactiveCompositeDiscoveryClient_PAYMENT-SERVICES applying filter {regexp=/payment-services/?(?<remaining>.*), replacement=/${remaining}} to RewritePath
2026-03-27T09:53:01.359+05:30 DEBUG 4660 --- [Api-Gateway] [reshExecutor-%d] o.s.c.g.r.RouteDefinitionRouteLocator    : RouteDefinition matched: ReactiveCompositeDiscoveryClient_PAYMENT-SERVICES
2026-03-27T09:53:01.360+05:30 DEBUG 4660 --- [Api-Gateway] [reshExecutor-%d] o.s.c.g.r.RouteDefinitionRouteLocator    : RouteDefinition AUTH-SERVICE applying {_genkey_0=/auth/**} to Path
2026-03-27T09:53:01.362+05:30 DEBUG 4660 --- [Api-Gateway] [reshExecutor-%d] o.s.c.g.r.RouteDefinitionRouteLocator    : RouteDefinition matched: AUTH-SERVICE
2026-03-27T09:53:01.362+05:30 DEBUG 4660 --- [Api-Gateway] [reshExecutor-%d] o.s.c.g.r.RouteDefinitionRouteLocator    : RouteDefinition ADMIN-SERVICE applying {_genkey_0=/admin/**} to Path
2026-03-27T09:53:01.365+05:30 DEBUG 4660 --- [Api-Gateway] [reshExecutor-%d] o.s.c.g.r.RouteDefinitionRouteLocator    : RouteDefinition matched: ADMIN-SERVICE
2026-03-27T09:53:01.365+05:30 DEBUG 4660 --- [Api-Gateway] [reshExecutor-%d] o.s.c.g.r.RouteDefinitionRouteLocator    : RouteDefinition KYC-SERVICE applying {_genkey_0=/kyc/**} to Path
2026-03-27T09:53:01.366+05:30 DEBUG 4660 --- [Api-Gateway] [reshExecutor-%d] o.s.c.g.r.RouteDefinitionRouteLocator    : RouteDefinition matched: KYC-SERVICE
2026-03-27T09:53:01.367+05:30 DEBUG 4660 --- [Api-Gateway] [reshExecutor-%d] o.s.c.g.r.RouteDefinitionRouteLocator    : RouteDefinition PAYMENT-SERVICES applying {_genkey_0=/api/payments/**} to Path
2026-03-27T09:53:01.368+05:30 DEBUG 4660 --- [Api-Gateway] [reshExecutor-%d] o.s.c.g.r.RouteDefinitionRouteLocator    : RouteDefinition PAYMENT-SERVICES applying filter {_genkey_0=name:paymentCircuitBreaker, _genkey_1=fallbackUri:forward:/fallback/payment} to CircuitBreaker
2026-03-27T09:53:01.370+05:30 DEBUG 4660 --- [Api-Gateway] [reshExecutor-%d] o.s.c.g.r.RouteDefinitionRouteLocator    : RouteDefinition matched: PAYMENT-SERVICES
2026-03-27T09:53:01.371+05:30 DEBUG 4660 --- [Api-Gateway] [reshExecutor-%d] o.s.c.g.r.RouteDefinitionRouteLocator    : RouteDefinition WALLET-SERVICE applying {_genkey_0=/api/wallets/**} to Path
2026-03-27T09:53:01.372+05:30 DEBUG 4660 --- [Api-Gateway] [reshExecutor-%d] o.s.c.g.r.RouteDefinitionRouteLocator    : RouteDefinition WALLET-SERVICE applying filter {_genkey_0=name:walletCircuitBreaker, _genkey_1=fallbackUri:forward:/fallback/general} to CircuitBreaker
2026-03-27T09:53:01.372+05:30 DEBUG 4660 --- [Api-Gateway] [reshExecutor-%d] o.s.c.g.r.RouteDefinitionRouteLocator    : RouteDefinition matched: WALLET-SERVICE
2026-03-27T09:53:01.374+05:30 DEBUG 4660 --- [Api-Gateway] [reshExecutor-%d] o.s.c.g.r.RouteDefinitionRouteLocator    : RouteDefinition TRANSACTION-SERVICE applying {_genkey_0=/api/transaction/**} to Path
2026-03-27T09:53:01.375+05:30 DEBUG 4660 --- [Api-Gateway] [reshExecutor-%d] o.s.c.g.r.RouteDefinitionRouteLocator    : RouteDefinition TRANSACTION-SERVICE applying filter {_genkey_0=name:transactionCircuitBreaker, _genkey_1=fallbackUri:forward:/fallback/general} to CircuitBreaker
2026-03-27T09:53:01.376+05:30 DEBUG 4660 --- [Api-Gateway] [reshExecutor-%d] o.s.c.g.r.RouteDefinitionRouteLocator    : RouteDefinition matched: TRANSACTION-SERVICE
2026-03-27T09:53:01.377+05:30 DEBUG 4660 --- [Api-Gateway] [reshExecutor-%d] o.s.c.g.r.RouteDefinitionRouteLocator    : RouteDefinition REWARDS-SERVICE applying {_genkey_0=/api/rewards/**} to Path
2026-03-27T09:53:01.378+05:30 DEBUG 4660 --- [Api-Gateway] [reshExecutor-%d] o.s.c.g.r.RouteDefinitionRouteLocator    : RouteDefinition REWARDS-SERVICE applying filter {_genkey_0=name:rewardCircuitBreaker, _genkey_1=fallbackUri:forward:/fallback/reward} to CircuitBreaker
2026-03-27T09:53:01.379+05:30 DEBUG 4660 --- [Api-Gateway] [reshExecutor-%d] o.s.c.g.r.RouteDefinitionRouteLocator    : RouteDefinition matched: REWARDS-SERVICE
2026-03-27T09:53:01.380+05:30 DEBUG 4660 --- [Api-Gateway] [reshExecutor-%d] o.s.c.g.r.RouteDefinitionRouteLocator    : RouteDefinition NOTIFICATION-SERVICE applying {_genkey_0=/api/notifications/**} to Path
2026-03-27T09:53:01.381+05:30 DEBUG 4660 --- [Api-Gateway] [reshExecutor-%d] o.s.c.g.r.RouteDefinitionRouteLocator    : RouteDefinition NOTIFICATION-SERVICE applying filter {_genkey_0=name:notificationCircuitBreaker, _genkey_1=fallbackUri:forward:/fallback/general} to CircuitBreaker
2026-03-27T09:53:01.383+05:30 DEBUG 4660 --- [Api-Gateway] [reshExecutor-%d] o.s.c.g.r.RouteDefinitionRouteLocator    : RouteDefinition matched: NOTIFICATION-SERVICE
2026-03-27T09:53:01.384+05:30 DEBUG 4660 --- [Api-Gateway] [reshExecutor-%d] o.s.c.g.r.RouteDefinitionRouteLocator    : RouteDefinition USER-SERVICE applying {_genkey_0=/users/**} to Path
2026-03-27T09:53:01.385+05:30 DEBUG 4660 --- [Api-Gateway] [reshExecutor-%d] o.s.c.g.r.RouteDefinitionRouteLocator    : RouteDefinition matched: USER-SERVICE
2026-03-27T09:53:01.387+05:30 DEBUG 4660 --- [Api-Gateway] [reshExecutor-%d] o.s.c.g.filter.GatewayMetricsFilter      : New routes count: 19
2026-03-27T09:53:31.411+05:30 DEBUG 4660 --- [Api-Gateway] [reshExecutor-%d] o.s.c.g.r.RouteDefinitionRouteLocator    : RouteDefinition ReactiveCompositeDiscoveryClient_CONFIG-SERVIER applying {pattern=/config-servier/**} to Path
2026-03-27T09:53:31.512+05:30 DEBUG 4660 --- [Api-Gateway] [reshExecutor-%d] o.s.c.g.r.RouteDefinitionRouteLocator    : RouteDefinition ReactiveCompositeDiscoveryClient_CONFIG-SERVIER applying filter {regexp=/config-servier/?(?<remaining>.*), replacement=/${remaining}} to RewritePath
2026-03-27T09:53:31.515+05:30 DEBUG 4660 --- [Api-Gateway] [reshExecutor-%d] o.s.c.g.r.RouteDefinitionRouteLocator    : RouteDefinition matched: ReactiveCompositeDiscoveryClient_CONFIG-SERVIER
2026-03-27T09:53:31.516+05:30 DEBUG 4660 --- [Api-Gateway] [reshExecutor-%d] o.s.c.g.r.RouteDefinitionRouteLocator    : RouteDefinition ReactiveCompositeDiscoveryClient_API-GATEWAY applying {pattern=/api-gateway/**} to Path
2026-03-27T09:53:31.519+05:30 DEBUG 4660 --- [Api-Gateway] [reshExecutor-%d] o.s.c.g.r.RouteDefinitionRouteLocator    : RouteDefinition ReactiveCompositeDiscoveryClient_API-GATEWAY applying filter {regexp=/api-gateway/?(?<remaining>.*), replacement=/${remaining}} to RewritePath
2026-03-27T09:53:31.520+05:30 DEBUG 4660 --- [Api-Gateway] [reshExecutor-%d] o.s.c.g.r.RouteDefinitionRouteLocator    : RouteDefinition matched: ReactiveCompositeDiscoveryClient_API-GATEWAY
2026-03-27T09:53:31.522+05:30 DEBUG 4660 --- [Api-Gateway] [reshExecutor-%d] o.s.c.g.r.RouteDefinitionRouteLocator    : RouteDefinition ReactiveCompositeDiscoveryClient_REWARDS-SERVICE applying {pattern=/rewards-service/**} to Path
2026-03-27T09:53:31.524+05:30 DEBUG 4660 --- [Api-Gateway] [reshExecutor-%d] o.s.c.g.r.RouteDefinitionRouteLocator    : RouteDefinition ReactiveCompositeDiscoveryClient_REWARDS-SERVICE applying filter {regexp=/rewards-service/?(?<remaining>.*), replacement=/${remaining}} to RewritePath
2026-03-27T09:53:31.525+05:30 DEBUG 4660 --- [Api-Gateway] [reshExecutor-%d] o.s.c.g.r.RouteDefinitionRouteLocator    : RouteDefinition matched: ReactiveCompositeDiscoveryClient_REWARDS-SERVICE
2026-03-27T09:53:31.526+05:30 DEBUG 4660 --- [Api-Gateway] [reshExecutor-%d] o.s.c.g.r.RouteDefinitionRouteLocator    : RouteDefinition ReactiveCompositeDiscoveryClient_KYC-SERVICE applying {pattern=/kyc-service/**} to Path
2026-03-27T09:53:31.528+05:30 DEBUG 4660 --- [Api-Gateway] [reshExecutor-%d] o.s.c.g.r.RouteDefinitionRouteLocator    : RouteDefinition ReactiveCompositeDiscoveryClient_KYC-SERVICE applying filter {regexp=/kyc-service/?(?<remaining>.*), replacement=/${remaining}} to RewritePath
2026-03-27T09:53:31.725+05:30 DEBUG 4660 --- [Api-Gateway] [reshExecutor-%d] o.s.c.g.r.RouteDefinitionRouteLocator    : RouteDefinition matched: ReactiveCompositeDiscoveryClient_KYC-SERVICE
2026-03-27T09:53:31.727+05:30 DEBUG 4660 --- [Api-Gateway] [reshExecutor-%d] o.s.c.g.r.RouteDefinitionRouteLocator    : RouteDefinition ReactiveCompositeDiscoveryClient_ADMIN-SERVICE applying {pattern=/admin-service/**} to Path
2026-03-27T09:53:31.729+05:30 DEBUG 4660 --- [Api-Gateway] [reshExecutor-%d] o.s.c.g.r.RouteDefinitionRouteLocator    : RouteDefinition ReactiveCompositeDiscoveryClient_ADMIN-SERVICE applying filter {regexp=/admin-service/?(?<remaining>.*), replacement=/${remaining}} to RewritePath
2026-03-27T09:53:31.730+05:30 DEBUG 4660 --- [Api-Gateway] [reshExecutor-%d] o.s.c.g.r.RouteDefinitionRouteLocator    : RouteDefinition matched: ReactiveCompositeDiscoveryClient_ADMIN-SERVICE
2026-03-27T09:53:31.731+05:30 DEBUG 4660 --- [Api-Gateway] [reshExecutor-%d] o.s.c.g.r.RouteDefinitionRouteLocator    : RouteDefinition ReactiveCompositeDiscoveryClient_TRANSACTION-SERVICE applying {pattern=/transaction-service/**} to Path
2026-03-27T09:53:31.733+05:30 DEBUG 4660 --- [Api-Gateway] [reshExecutor-%d] o.s.c.g.r.RouteDefinitionRouteLocator    : RouteDefinition ReactiveCompositeDiscoveryClient_TRANSACTION-SERVICE applying filter {regexp=/transaction-service/?(?<remaining>.*), replacement=/${remaining}} to RewritePath
2026-03-27T09:53:31.734+05:30 DEBUG 4660 --- [Api-Gateway] [reshExecutor-%d] o.s.c.g.r.RouteDefinitionRouteLocator    : RouteDefinition matched: ReactiveCompositeDiscoveryClient_TRANSACTION-SERVICE
2026-03-27T09:53:31.735+05:30 DEBUG 4660 --- [Api-Gateway] [reshExecutor-%d] o.s.c.g.r.RouteDefinitionRouteLocator    : RouteDefinition ReactiveCompositeDiscoveryClient_WALLET-SERVICE applying {pattern=/wallet-service/**} to Path
2026-03-27T09:53:31.835+05:30 DEBUG 4660 --- [Api-Gateway] [reshExecutor-%d] o.s.c.g.r.RouteDefinitionRouteLocator    : RouteDefinition ReactiveCompositeDiscoveryClient_WALLET-SERVICE applying filter {regexp=/wallet-service/?(?<remaining>.*), replacement=/${remaining}} to RewritePath
2026-03-27T09:53:31.947+05:30 DEBUG 4660 --- [Api-Gateway] [reshExecutor-%d] o.s.c.g.r.RouteDefinitionRouteLocator    : RouteDefinition matched: ReactiveCompositeDiscoveryClient_WALLET-SERVICE
2026-03-27T09:53:32.047+05:30 DEBUG 4660 --- [Api-Gateway] [reshExecutor-%d] o.s.c.g.r.RouteDefinitionRouteLocator    : RouteDefinition ReactiveCompositeDiscoveryClient_NOTIFICATION-SERVICE applying {pattern=/notification-service/**} to Path
2026-03-27T09:53:32.049+05:30 DEBUG 4660 --- [Api-Gateway] [reshExecutor-%d] o.s.c.g.r.RouteDefinitionRouteLocator    : RouteDefinition ReactiveCompositeDiscoveryClient_NOTIFICATION-SERVICE applying filter {regexp=/notification-service/?(?<remaining>.*), replacement=/${remaining}} to RewritePath
2026-03-27T09:53:32.050+05:30 DEBUG 4660 --- [Api-Gateway] [reshExecutor-%d] o.s.c.g.r.RouteDefinitionRouteLocator    : RouteDefinition matched: ReactiveCompositeDiscoveryClient_NOTIFICATION-SERVICE
2026-03-27T09:53:32.050+05:30 DEBUG 4660 --- [Api-Gateway] [reshExecutor-%d] o.s.c.g.r.RouteDefinitionRouteLocator    : RouteDefinition ReactiveCompositeDiscoveryClient_USER-SERVICE applying {pattern=/user-service/**} to Path
2026-03-27T09:53:32.052+05:30 DEBUG 4660 --- [Api-Gateway] [reshExecutor-%d] o.s.c.g.r.RouteDefinitionRouteLocator    : RouteDefinition ReactiveCompositeDiscoveryClient_USER-SERVICE applying filter {regexp=/user-service/?(?<remaining>.*), replacement=/${remaining}} to RewritePath
2026-03-27T09:53:32.053+05:30 DEBUG 4660 --- [Api-Gateway] [reshExecutor-%d] o.s.c.g.r.RouteDefinitionRouteLocator    : RouteDefinition matched: ReactiveCompositeDiscoveryClient_USER-SERVICE
2026-03-27T09:53:32.053+05:30 DEBUG 4660 --- [Api-Gateway] [reshExecutor-%d] o.s.c.g.r.RouteDefinitionRouteLocator    : RouteDefinition ReactiveCompositeDiscoveryClient_PAYMENT-SERVICES applying {pattern=/payment-services/**} to Path
2026-03-27T09:53:32.054+05:30 DEBUG 4660 --- [Api-Gateway] [reshExecutor-%d] o.s.c.g.r.RouteDefinitionRouteLocator    : RouteDefinition ReactiveCompositeDiscoveryClient_PAYMENT-SERVICES applying filter {regexp=/payment-services/?(?<remaining>.*), replacement=/${remaining}} to RewritePath
2026-03-27T09:53:32.056+05:30 DEBUG 4660 --- [Api-Gateway] [reshExecutor-%d] o.s.c.g.r.RouteDefinitionRouteLocator    : RouteDefinition matched: ReactiveCompositeDiscoveryClient_PAYMENT-SERVICES
2026-03-27T09:53:32.251+05:30 DEBUG 4660 --- [Api-Gateway] [reshExecutor-%d] o.s.c.g.r.RouteDefinitionRouteLocator    : RouteDefinition AUTH-SERVICE applying {_genkey_0=/auth/**} to Path
2026-03-27T09:53:32.364+05:30 DEBUG 4660 --- [Api-Gateway] [reshExecutor-%d] o.s.c.g.r.RouteDefinitionRouteLocator    : RouteDefinition matched: AUTH-SERVICE
2026-03-27T09:53:32.452+05:30 DEBUG 4660 --- [Api-Gateway] [reshExecutor-%d] o.s.c.g.r.RouteDefinitionRouteLocator    : RouteDefinition ADMIN-SERVICE applying {_genkey_0=/admin/**} to Path
2026-03-27T09:53:32.456+05:30 DEBUG 4660 --- [Api-Gateway] [reshExecutor-%d] o.s.c.g.r.RouteDefinitionRouteLocator    : RouteDefinition matched: ADMIN-SERVICE
2026-03-27T09:53:32.457+05:30 DEBUG 4660 --- [Api-Gateway] [reshExecutor-%d] o.s.c.g.r.RouteDefinitionRouteLocator    : RouteDefinition KYC-SERVICE applying {_genkey_0=/kyc/**} to Path
2026-03-27T09:53:32.459+05:30 DEBUG 4660 --- [Api-Gateway] [reshExecutor-%d] o.s.c.g.r.RouteDefinitionRouteLocator    : RouteDefinition matched: KYC-SERVICE
2026-03-27T09:53:32.461+05:30 DEBUG 4660 --- [Api-Gateway] [reshExecutor-%d] o.s.c.g.r.RouteDefinitionRouteLocator    : RouteDefinition PAYMENT-SERVICES applying {_genkey_0=/api/payments/**} to Path
2026-03-27T09:53:32.565+05:30 DEBUG 4660 --- [Api-Gateway] [reshExecutor-%d] o.s.c.g.r.RouteDefinitionRouteLocator    : RouteDefinition PAYMENT-SERVICES applying filter {_genkey_0=name:paymentCircuitBreaker, _genkey_1=fallbackUri:forward:/fallback/payment} to CircuitBreaker
2026-03-27T09:53:32.576+05:30 DEBUG 4660 --- [Api-Gateway] [reshExecutor-%d] o.s.c.g.r.RouteDefinitionRouteLocator    : RouteDefinition matched: PAYMENT-SERVICES
2026-03-27T09:53:32.676+05:30 DEBUG 4660 --- [Api-Gateway] [reshExecutor-%d] o.s.c.g.r.RouteDefinitionRouteLocator    : RouteDefinition WALLET-SERVICE applying {_genkey_0=/api/wallets/**} to Path
2026-03-27T09:53:32.680+05:30 DEBUG 4660 --- [Api-Gateway] [reshExecutor-%d] o.s.c.g.r.RouteDefinitionRouteLocator    : RouteDefinition WALLET-SERVICE applying filter {_genkey_0=name:walletCircuitBreaker, _genkey_1=fallbackUri:forward:/fallback/general} to CircuitBreaker
2026-03-27T09:53:32.682+05:30 DEBUG 4660 --- [Api-Gateway] [reshExecutor-%d] o.s.c.g.r.RouteDefinitionRouteLocator    : RouteDefinition matched: WALLET-SERVICE
2026-03-27T09:53:32.683+05:30 DEBUG 4660 --- [Api-Gateway] [reshExecutor-%d] o.s.c.g.r.RouteDefinitionRouteLocator    : RouteDefinition TRANSACTION-SERVICE applying {_genkey_0=/api/transaction/**} to Path
2026-03-27T09:53:32.684+05:30 DEBUG 4660 --- [Api-Gateway] [reshExecutor-%d] o.s.c.g.r.RouteDefinitionRouteLocator    : RouteDefinition TRANSACTION-SERVICE applying filter {_genkey_0=name:transactionCircuitBreaker, _genkey_1=fallbackUri:forward:/fallback/general} to CircuitBreaker
2026-03-27T09:53:32.686+05:30 DEBUG 4660 --- [Api-Gateway] [reshExecutor-%d] o.s.c.g.r.RouteDefinitionRouteLocator    : RouteDefinition matched: TRANSACTION-SERVICE
2026-03-27T09:53:32.687+05:30 DEBUG 4660 --- [Api-Gateway] [reshExecutor-%d] o.s.c.g.r.RouteDefinitionRouteLocator    : RouteDefinition REWARDS-SERVICE applying {_genkey_0=/api/rewards/**} to Path
2026-03-27T09:53:32.689+05:30 DEBUG 4660 --- [Api-Gateway] [reshExecutor-%d] o.s.c.g.r.RouteDefinitionRouteLocator    : RouteDefinition REWARDS-SERVICE applying filter {_genkey_0=name:rewardCircuitBreaker, _genkey_1=fallbackUri:forward:/fallback/reward} to CircuitBreaker
2026-03-27T09:53:32.791+05:30 DEBUG 4660 --- [Api-Gateway] [reshExecutor-%d] o.s.c.g.r.RouteDefinitionRouteLocator    : RouteDefinition matched: REWARDS-SERVICE
2026-03-27T09:53:32.792+05:30 DEBUG 4660 --- [Api-Gateway] [reshExecutor-%d] o.s.c.g.r.RouteDefinitionRouteLocator    : RouteDefinition NOTIFICATION-SERVICE applying {_genkey_0=/api/notifications/**} to Path
2026-03-27T09:53:32.793+05:30 DEBUG 4660 --- [Api-Gateway] [reshExecutor-%d] o.s.c.g.r.RouteDefinitionRouteLocator    : RouteDefinition NOTIFICATION-SERVICE applying filter {_genkey_0=name:notificationCircuitBreaker, _genkey_1=fallbackUri:forward:/fallback/general} to CircuitBreaker
2026-03-27T09:53:32.795+05:30 DEBUG 4660 --- [Api-Gateway] [reshExecutor-%d] o.s.c.g.r.RouteDefinitionRouteLocator    : RouteDefinition matched: NOTIFICATION-SERVICE
2026-03-27T09:53:32.795+05:30 DEBUG 4660 --- [Api-Gateway] [reshExecutor-%d] o.s.c.g.r.RouteDefinitionRouteLocator    : RouteDefinition USER-SERVICE applying {_genkey_0=/users/**} to Path
2026-03-27T09:53:32.797+05:30 DEBUG 4660 --- [Api-Gateway] [reshExecutor-%d] o.s.c.g.r.RouteDefinitionRouteLocator    : RouteDefinition matched: USER-SERVICE
2026-03-27T09:53:32.800+05:30 DEBUG 4660 --- [Api-Gateway] [reshExecutor-%d] o.s.c.g.filter.GatewayMetricsFilter      : New routes count: 19
2026-03-27T09:54:00.210+05:30  INFO 4660 --- [Api-Gateway] [rap-executor-%d] c.n.d.s.r.aws.ConfigClusterResolver      : Resolving eureka endpoints via configuration
2026-03-27T09:54:02.836+05:30 DEBUG 4660 --- [Api-Gateway] [reshExecutor-%d] o.s.c.g.r.RouteDefinitionRouteLocator    : RouteDefinition ReactiveCompositeDiscoveryClient_CONFIG-SERVIER applying {pattern=/config-servier/**} to Path
2026-03-27T09:54:02.840+05:30 DEBUG 4660 --- [Api-Gateway] [reshExecutor-%d] o.s.c.g.r.RouteDefinitionRouteLocator    : RouteDefinition ReactiveCompositeDiscoveryClient_CONFIG-SERVIER applying filter {regexp=/config-servier/?(?<remaining>.*), replacement=/${remaining}} to RewritePath
2026-03-27T09:54:02.842+05:30 DEBUG 4660 --- [Api-Gateway] [reshExecutor-%d] o.s.c.g.r.RouteDefinitionRouteLocator    : RouteDefinition matched: ReactiveCompositeDiscoveryClient_CONFIG-SERVIER
2026-03-27T09:54:02.843+05:30 DEBUG 4660 --- [Api-Gateway] [reshExecutor-%d] o.s.c.g.r.RouteDefinitionRouteLocator    : RouteDefinition ReactiveCompositeDiscoveryClient_API-GATEWAY applying {pattern=/api-gateway/**} to Path
2026-03-27T09:54:02.844+05:30 DEBUG 4660 --- [Api-Gateway] [reshExecutor-%d] o.s.c.g.r.RouteDefinitionRouteLocator    : RouteDefinition ReactiveCompositeDiscoveryClient_API-GATEWAY applying filter {regexp=/api-gateway/?(?<remaining>.*), replacement=/${remaining}} to RewritePath
2026-03-27T09:54:02.845+05:30 DEBUG 4660 --- [Api-Gateway] [reshExecutor-%d] o.s.c.g.r.RouteDefinitionRouteLocator    : RouteDefinition matched: ReactiveCompositeDiscoveryClient_API-GATEWAY
2026-03-27T09:54:02.845+05:30 DEBUG 4660 --- [Api-Gateway] [reshExecutor-%d] o.s.c.g.r.RouteDefinitionRouteLocator    : RouteDefinition ReactiveCompositeDiscoveryClient_REWARDS-SERVICE applying {pattern=/rewards-service/**} to Path
2026-03-27T09:54:02.845+05:30 DEBUG 4660 --- [Api-Gateway] [reshExecutor-%d] o.s.c.g.r.RouteDefinitionRouteLocator    : RouteDefinition ReactiveCompositeDiscoveryClient_REWARDS-SERVICE applying filter {regexp=/rewards-service/?(?<remaining>.*), replacement=/${remaining}} to RewritePath
2026-03-27T09:54:02.846+05:30 DEBUG 4660 --- [Api-Gateway] [reshExecutor-%d] o.s.c.g.r.RouteDefinitionRouteLocator    : RouteDefinition matched: ReactiveCompositeDiscoveryClient_REWARDS-SERVICE
2026-03-27T09:54:02.846+05:30 DEBUG 4660 --- [Api-Gateway] [reshExecutor-%d] o.s.c.g.r.RouteDefinitionRouteLocator    : RouteDefinition ReactiveCompositeDiscoveryClient_KYC-SERVICE applying {pattern=/kyc-service/**} to Path
2026-03-27T09:54:02.847+05:30 DEBUG 4660 --- [Api-Gateway] [reshExecutor-%d] o.s.c.g.r.RouteDefinitionRouteLocator    : RouteDefinition ReactiveCompositeDiscoveryClient_KYC-SERVICE applying filter {regexp=/kyc-service/?(?<remaining>.*), replacement=/${remaining}} to RewritePath
2026-03-27T09:54:02.847+05:30 DEBUG 4660 --- [Api-Gateway] [reshExecutor-%d] o.s.c.g.r.RouteDefinitionRouteLocator    : RouteDefinition matched: ReactiveCompositeDiscoveryClient_KYC-SERVICE
2026-03-27T09:54:02.849+05:30 DEBUG 4660 --- [Api-Gateway] [reshExecutor-%d] o.s.c.g.r.RouteDefinitionRouteLocator    : RouteDefinition ReactiveCompositeDiscoveryClient_ADMIN-SERVICE applying {pattern=/admin-service/**} to Path
2026-03-27T09:54:02.849+05:30 DEBUG 4660 --- [Api-Gateway] [reshExecutor-%d] o.s.c.g.r.RouteDefinitionRouteLocator    : RouteDefinition ReactiveCompositeDiscoveryClient_ADMIN-SERVICE applying filter {regexp=/admin-service/?(?<remaining>.*), replacement=/${remaining}} to RewritePath
2026-03-27T09:54:02.850+05:30 DEBUG 4660 --- [Api-Gateway] [reshExecutor-%d] o.s.c.g.r.RouteDefinitionRouteLocator    : RouteDefinition matched: ReactiveCompositeDiscoveryClient_ADMIN-SERVICE
2026-03-27T09:54:02.850+05:30 DEBUG 4660 --- [Api-Gateway] [reshExecutor-%d] o.s.c.g.r.RouteDefinitionRouteLocator    : RouteDefinition ReactiveCompositeDiscoveryClient_TRANSACTION-SERVICE applying {pattern=/transaction-service/**} to Path
2026-03-27T09:54:02.851+05:30 DEBUG 4660 --- [Api-Gateway] [reshExecutor-%d] o.s.c.g.r.RouteDefinitionRouteLocator    : RouteDefinition ReactiveCompositeDiscoveryClient_TRANSACTION-SERVICE applying filter {regexp=/transaction-service/?(?<remaining>.*), replacement=/${remaining}} to RewritePath
2026-03-27T09:54:02.851+05:30 DEBUG 4660 --- [Api-Gateway] [reshExecutor-%d] o.s.c.g.r.RouteDefinitionRouteLocator    : RouteDefinition matched: ReactiveCompositeDiscoveryClient_TRANSACTION-SERVICE
2026-03-27T09:54:02.852+05:30 DEBUG 4660 --- [Api-Gateway] [reshExecutor-%d] o.s.c.g.r.RouteDefinitionRouteLocator    : RouteDefinition ReactiveCompositeDiscoveryClient_WALLET-SERVICE applying {pattern=/wallet-service/**} to Path
2026-03-27T09:54:02.852+05:30 DEBUG 4660 --- [Api-Gateway] [reshExecutor-%d] o.s.c.g.r.RouteDefinitionRouteLocator    : RouteDefinition ReactiveCompositeDiscoveryClient_WALLET-SERVICE applying filter {regexp=/wallet-service/?(?<remaining>.*), replacement=/${remaining}} to RewritePath
2026-03-27T09:54:02.852+05:30 DEBUG 4660 --- [Api-Gateway] [reshExecutor-%d] o.s.c.g.r.RouteDefinitionRouteLocator    : RouteDefinition matched: ReactiveCompositeDiscoveryClient_WALLET-SERVICE
2026-03-27T09:54:02.853+05:30 DEBUG 4660 --- [Api-Gateway] [reshExecutor-%d] o.s.c.g.r.RouteDefinitionRouteLocator    : RouteDefinition ReactiveCompositeDiscoveryClient_NOTIFICATION-SERVICE applying {pattern=/notification-service/**} to Path
2026-03-27T09:54:02.853+05:30 DEBUG 4660 --- [Api-Gateway] [reshExecutor-%d] o.s.c.g.r.RouteDefinitionRouteLocator    : RouteDefinition ReactiveCompositeDiscoveryClient_NOTIFICATION-SERVICE applying filter {regexp=/notification-service/?(?<remaining>.*), replacement=/${remaining}} to RewritePath
2026-03-27T09:54:02.853+05:30 DEBUG 4660 --- [Api-Gateway] [reshExecutor-%d] o.s.c.g.r.RouteDefinitionRouteLocator    : RouteDefinition matched: ReactiveCompositeDiscoveryClient_NOTIFICATION-SERVICE
2026-03-27T09:54:02.854+05:30 DEBUG 4660 --- [Api-Gateway] [reshExecutor-%d] o.s.c.g.r.RouteDefinitionRouteLocator    : RouteDefinition ReactiveCompositeDiscoveryClient_USER-SERVICE applying {pattern=/user-service/**} to Path
2026-03-27T09:54:02.854+05:30 DEBUG 4660 --- [Api-Gateway] [reshExecutor-%d] o.s.c.g.r.RouteDefinitionRouteLocator    : RouteDefinition ReactiveCompositeDiscoveryClient_USER-SERVICE applying filter {regexp=/user-service/?(?<remaining>.*), replacement=/${remaining}} to RewritePath
2026-03-27T09:54:02.855+05:30 DEBUG 4660 --- [Api-Gateway] [reshExecutor-%d] o.s.c.g.r.RouteDefinitionRouteLocator    : RouteDefinition matched: ReactiveCompositeDiscoveryClient_USER-SERVICE
2026-03-27T09:54:02.855+05:30 DEBUG 4660 --- [Api-Gateway] [reshExecutor-%d] o.s.c.g.r.RouteDefinitionRouteLocator    : RouteDefinition ReactiveCompositeDiscoveryClient_PAYMENT-SERVICES applying {pattern=/payment-services/**} to Path
2026-03-27T09:54:02.855+05:30 DEBUG 4660 --- [Api-Gateway] [reshExecutor-%d] o.s.c.g.r.RouteDefinitionRouteLocator    : RouteDefinition ReactiveCompositeDiscoveryClient_PAYMENT-SERVICES applying filter {regexp=/payment-services/?(?<remaining>.*), replacement=/${remaining}} to RewritePath
2026-03-27T09:54:02.855+05:30 DEBUG 4660 --- [Api-Gateway] [reshExecutor-%d] o.s.c.g.r.RouteDefinitionRouteLocator    : RouteDefinition matched: ReactiveCompositeDiscoveryClient_PAYMENT-SERVICES
2026-03-27T09:54:02.856+05:30 DEBUG 4660 --- [Api-Gateway] [reshExecutor-%d] o.s.c.g.r.RouteDefinitionRouteLocator    : RouteDefinition AUTH-SERVICE applying {_genkey_0=/auth/**} to Path
2026-03-27T09:54:02.856+05:30 DEBUG 4660 --- [Api-Gateway] [reshExecutor-%d] o.s.c.g.r.RouteDefinitionRouteLocator    : RouteDefinition matched: AUTH-SERVICE
2026-03-27T09:54:02.856+05:30 DEBUG 4660 --- [Api-Gateway] [reshExecutor-%d] o.s.c.g.r.RouteDefinitionRouteLocator    : RouteDefinition ADMIN-SERVICE applying {_genkey_0=/admin/**} to Path
2026-03-27T09:54:02.857+05:30 DEBUG 4660 --- [Api-Gateway] [reshExecutor-%d] o.s.c.g.r.RouteDefinitionRouteLocator    : RouteDefinition matched: ADMIN-SERVICE
2026-03-27T09:54:02.857+05:30 DEBUG 4660 --- [Api-Gateway] [reshExecutor-%d] o.s.c.g.r.RouteDefinitionRouteLocator    : RouteDefinition KYC-SERVICE applying {_genkey_0=/kyc/**} to Path
2026-03-27T09:54:02.857+05:30 DEBUG 4660 --- [Api-Gateway] [reshExecutor-%d] o.s.c.g.r.RouteDefinitionRouteLocator    : RouteDefinition matched: KYC-SERVICE
2026-03-27T09:54:02.857+05:30 DEBUG 4660 --- [Api-Gateway] [reshExecutor-%d] o.s.c.g.r.RouteDefinitionRouteLocator    : RouteDefinition PAYMENT-SERVICES applying {_genkey_0=/api/payments/**} to Path
2026-03-27T09:54:02.857+05:30 DEBUG 4660 --- [Api-Gateway] [reshExecutor-%d] o.s.c.g.r.RouteDefinitionRouteLocator    : RouteDefinition PAYMENT-SERVICES applying filter {_genkey_0=name:paymentCircuitBreaker, _genkey_1=fallbackUri:forward:/fallback/payment} to CircuitBreaker
2026-03-27T09:54:02.859+05:30 DEBUG 4660 --- [Api-Gateway] [reshExecutor-%d] o.s.c.g.r.RouteDefinitionRouteLocator    : RouteDefinition matched: PAYMENT-SERVICES
2026-03-27T09:54:02.859+05:30 DEBUG 4660 --- [Api-Gateway] [reshExecutor-%d] o.s.c.g.r.RouteDefinitionRouteLocator    : RouteDefinition WALLET-SERVICE applying {_genkey_0=/api/wallets/**} to Path
2026-03-27T09:54:02.859+05:30 DEBUG 4660 --- [Api-Gateway] [reshExecutor-%d] o.s.c.g.r.RouteDefinitionRouteLocator    : RouteDefinition WALLET-SERVICE applying filter {_genkey_0=name:walletCircuitBreaker, _genkey_1=fallbackUri:forward:/fallback/general} to CircuitBreaker
2026-03-27T09:54:02.860+05:30 DEBUG 4660 --- [Api-Gateway] [reshExecutor-%d] o.s.c.g.r.RouteDefinitionRouteLocator    : RouteDefinition matched: WALLET-SERVICE
2026-03-27T09:54:02.860+05:30 DEBUG 4660 --- [Api-Gateway] [reshExecutor-%d] o.s.c.g.r.RouteDefinitionRouteLocator    : RouteDefinition TRANSACTION-SERVICE applying {_genkey_0=/api/transaction/**} to Path
2026-03-27T09:54:02.860+05:30 DEBUG 4660 --- [Api-Gateway] [reshExecutor-%d] o.s.c.g.r.RouteDefinitionRouteLocator    : RouteDefinition TRANSACTION-SERVICE applying filter {_genkey_0=name:transactionCircuitBreaker, _genkey_1=fallbackUri:forward:/fallback/general} to CircuitBreaker
2026-03-27T09:54:02.861+05:30 DEBUG 4660 --- [Api-Gateway] [reshExecutor-%d] o.s.c.g.r.RouteDefinitionRouteLocator    : RouteDefinition matched: TRANSACTION-SERVICE
2026-03-27T09:54:02.861+05:30 DEBUG 4660 --- [Api-Gateway] [reshExecutor-%d] o.s.c.g.r.RouteDefinitionRouteLocator    : RouteDefinition REWARDS-SERVICE applying {_genkey_0=/api/rewards/**} to Path
2026-03-27T09:54:02.861+05:30 DEBUG 4660 --- [Api-Gateway] [reshExecutor-%d] o.s.c.g.r.RouteDefinitionRouteLocator    : RouteDefinition REWARDS-SERVICE applying filter {_genkey_0=name:rewardCircuitBreaker, _genkey_1=fallbackUri:forward:/fallback/reward} to CircuitBreaker
2026-03-27T09:54:02.862+05:30 DEBUG 4660 --- [Api-Gateway] [reshExecutor-%d] o.s.c.g.r.RouteDefinitionRouteLocator    : RouteDefinition matched: REWARDS-SERVICE
2026-03-27T09:54:02.862+05:30 DEBUG 4660 --- [Api-Gateway] [reshExecutor-%d] o.s.c.g.r.RouteDefinitionRouteLocator    : RouteDefinition NOTIFICATION-SERVICE applying {_genkey_0=/api/notifications/**} to Path
2026-03-27T09:54:02.862+05:30 DEBUG 4660 --- [Api-Gateway] [reshExecutor-%d] o.s.c.g.r.RouteDefinitionRouteLocator    : RouteDefinition NOTIFICATION-SERVICE applying filter {_genkey_0=name:notificationCircuitBreaker, _genkey_1=fallbackUri:forward:/fallback/general} to CircuitBreaker
2026-03-27T09:54:02.863+05:30 DEBUG 4660 --- [Api-Gateway] [reshExecutor-%d] o.s.c.g.r.RouteDefinitionRouteLocator    : RouteDefinition matched: NOTIFICATION-SERVICE
2026-03-27T09:54:02.863+05:30 DEBUG 4660 --- [Api-Gateway] [reshExecutor-%d] o.s.c.g.r.RouteDefinitionRouteLocator    : RouteDefinition USER-SERVICE applying {_genkey_0=/users/**} to Path
2026-03-27T09:54:02.864+05:30 DEBUG 4660 --- [Api-Gateway] [reshExecutor-%d] o.s.c.g.r.RouteDefinitionRouteLocator    : RouteDefinition matched: USER-SERVICE
2026-03-27T09:54:02.865+05:30 DEBUG 4660 --- [Api-Gateway] [reshExecutor-%d] o.s.c.g.filter.GatewayMetricsFilter      : New routes count: 19
2026-03-27T09:54:32.892+05:30 DEBUG 4660 --- [Api-Gateway] [reshExecutor-%d] o.s.c.g.r.RouteDefinitionRouteLocator    : RouteDefinition ReactiveCompositeDiscoveryClient_CONFIG-SERVIER applying {pattern=/config-servier/**} to Path
2026-03-27T09:54:32.898+05:30 DEBUG 4660 --- [Api-Gateway] [reshExecutor-%d] o.s.c.g.r.RouteDefinitionRouteLocator    : RouteDefinition ReactiveCompositeDiscoveryClient_CONFIG-SERVIER applying filter {regexp=/config-servier/?(?<remaining>.*), replacement=/${remaining}} to RewritePath
2026-03-27T09:54:32.898+05:30 DEBUG 4660 --- [Api-Gateway] [reshExecutor-%d] o.s.c.g.r.RouteDefinitionRouteLocator    : RouteDefinition matched: ReactiveCompositeDiscoveryClient_CONFIG-SERVIER
2026-03-27T09:54:32.900+05:30 DEBUG 4660 --- [Api-Gateway] [reshExecutor-%d] o.s.c.g.r.RouteDefinitionRouteLocator    : RouteDefinition ReactiveCompositeDiscoveryClient_API-GATEWAY applying {pattern=/api-gateway/**} to Path
2026-03-27T09:54:32.901+05:30 DEBUG 4660 --- [Api-Gateway] [reshExecutor-%d] o.s.c.g.r.RouteDefinitionRouteLocator    : RouteDefinition ReactiveCompositeDiscoveryClient_API-GATEWAY applying filter {regexp=/api-gateway/?(?<remaining>.*), replacement=/${remaining}} to RewritePath
2026-03-27T09:54:32.903+05:30 DEBUG 4660 --- [Api-Gateway] [reshExecutor-%d] o.s.c.g.r.RouteDefinitionRouteLocator    : RouteDefinition matched: ReactiveCompositeDiscoveryClient_API-GATEWAY
2026-03-27T09:54:32.904+05:30 DEBUG 4660 --- [Api-Gateway] [reshExecutor-%d] o.s.c.g.r.RouteDefinitionRouteLocator    : RouteDefinition ReactiveCompositeDiscoveryClient_REWARDS-SERVICE applying {pattern=/rewards-service/**} to Path
2026-03-27T09:54:32.905+05:30 DEBUG 4660 --- [Api-Gateway] [reshExecutor-%d] o.s.c.g.r.RouteDefinitionRouteLocator    : RouteDefinition ReactiveCompositeDiscoveryClient_REWARDS-SERVICE applying filter {regexp=/rewards-service/?(?<remaining>.*), replacement=/${remaining}} to RewritePath
2026-03-27T09:54:32.906+05:30 DEBUG 4660 --- [Api-Gateway] [reshExecutor-%d] o.s.c.g.r.RouteDefinitionRouteLocator    : RouteDefinition matched: ReactiveCompositeDiscoveryClient_REWARDS-SERVICE
2026-03-27T09:54:32.907+05:30 DEBUG 4660 --- [Api-Gateway] [reshExecutor-%d] o.s.c.g.r.RouteDefinitionRouteLocator    : RouteDefinition ReactiveCompositeDiscoveryClient_KYC-SERVICE applying {pattern=/kyc-service/**} to Path
2026-03-27T09:54:32.908+05:30 DEBUG 4660 --- [Api-Gateway] [reshExecutor-%d] o.s.c.g.r.RouteDefinitionRouteLocator    : RouteDefinition ReactiveCompositeDiscoveryClient_KYC-SERVICE applying filter {regexp=/kyc-service/?(?<remaining>.*), replacement=/${remaining}} to RewritePath
2026-03-27T09:54:32.909+05:30 DEBUG 4660 --- [Api-Gateway] [reshExecutor-%d] o.s.c.g.r.RouteDefinitionRouteLocator    : RouteDefinition matched: ReactiveCompositeDiscoveryClient_KYC-SERVICE
2026-03-27T09:54:32.910+05:30 DEBUG 4660 --- [Api-Gateway] [reshExecutor-%d] o.s.c.g.r.RouteDefinitionRouteLocator    : RouteDefinition ReactiveCompositeDiscoveryClient_ADMIN-SERVICE applying {pattern=/admin-service/**} to Path
2026-03-27T09:54:32.911+05:30 DEBUG 4660 --- [Api-Gateway] [reshExecutor-%d] o.s.c.g.r.RouteDefinitionRouteLocator    : RouteDefinition ReactiveCompositeDiscoveryClient_ADMIN-SERVICE applying filter {regexp=/admin-service/?(?<remaining>.*), replacement=/${remaining}} to RewritePath
2026-03-27T09:54:32.912+05:30 DEBUG 4660 --- [Api-Gateway] [reshExecutor-%d] o.s.c.g.r.RouteDefinitionRouteLocator    : RouteDefinition matched: ReactiveCompositeDiscoveryClient_ADMIN-SERVICE
2026-03-27T09:54:32.912+05:30 DEBUG 4660 --- [Api-Gateway] [reshExecutor-%d] o.s.c.g.r.RouteDefinitionRouteLocator    : RouteDefinition ReactiveCompositeDiscoveryClient_TRANSACTION-SERVICE applying {pattern=/transaction-service/**} to Path
2026-03-27T09:54:32.913+05:30 DEBUG 4660 --- [Api-Gateway] [reshExecutor-%d] o.s.c.g.r.RouteDefinitionRouteLocator    : RouteDefinition ReactiveCompositeDiscoveryClient_TRANSACTION-SERVICE applying filter {regexp=/transaction-service/?(?<remaining>.*), replacement=/${remaining}} to RewritePath
2026-03-27T09:54:32.915+05:30 DEBUG 4660 --- [Api-Gateway] [reshExecutor-%d] o.s.c.g.r.RouteDefinitionRouteLocator    : RouteDefinition matched: ReactiveCompositeDiscoveryClient_TRANSACTION-SERVICE
2026-03-27T09:54:32.915+05:30 DEBUG 4660 --- [Api-Gateway] [reshExecutor-%d] o.s.c.g.r.RouteDefinitionRouteLocator    : RouteDefinition ReactiveCompositeDiscoveryClient_WALLET-SERVICE applying {pattern=/wallet-service/**} to Path
2026-03-27T09:54:32.916+05:30 DEBUG 4660 --- [Api-Gateway] [reshExecutor-%d] o.s.c.g.r.RouteDefinitionRouteLocator    : RouteDefinition ReactiveCompositeDiscoveryClient_WALLET-SERVICE applying filter {regexp=/wallet-service/?(?<remaining>.*), replacement=/${remaining}} to RewritePath
2026-03-27T09:54:32.918+05:30 DEBUG 4660 --- [Api-Gateway] [reshExecutor-%d] o.s.c.g.r.RouteDefinitionRouteLocator    : RouteDefinition matched: ReactiveCompositeDiscoveryClient_WALLET-SERVICE
2026-03-27T09:54:32.918+05:30 DEBUG 4660 --- [Api-Gateway] [reshExecutor-%d] o.s.c.g.r.RouteDefinitionRouteLocator    : RouteDefinition ReactiveCompositeDiscoveryClient_NOTIFICATION-SERVICE applying {pattern=/notification-service/**} to Path
2026-03-27T09:54:32.919+05:30 DEBUG 4660 --- [Api-Gateway] [reshExecutor-%d] o.s.c.g.r.RouteDefinitionRouteLocator    : RouteDefinition ReactiveCompositeDiscoveryClient_NOTIFICATION-SERVICE applying filter {regexp=/notification-service/?(?<remaining>.*), replacement=/${remaining}} to RewritePath
2026-03-27T09:54:32.920+05:30 DEBUG 4660 --- [Api-Gateway] [reshExecutor-%d] o.s.c.g.r.RouteDefinitionRouteLocator    : RouteDefinition matched: ReactiveCompositeDiscoveryClient_NOTIFICATION-SERVICE
2026-03-27T09:54:32.922+05:30 DEBUG 4660 --- [Api-Gateway] [reshExecutor-%d] o.s.c.g.r.RouteDefinitionRouteLocator    : RouteDefinition ReactiveCompositeDiscoveryClient_USER-SERVICE applying {pattern=/user-service/**} to Path
2026-03-27T09:54:32.922+05:30 DEBUG 4660 --- [Api-Gateway] [reshExecutor-%d] o.s.c.g.r.RouteDefinitionRouteLocator    : RouteDefinition ReactiveCompositeDiscoveryClient_USER-SERVICE applying filter {regexp=/user-service/?(?<remaining>.*), replacement=/${remaining}} to RewritePath
2026-03-27T09:54:32.924+05:30 DEBUG 4660 --- [Api-Gateway] [reshExecutor-%d] o.s.c.g.r.RouteDefinitionRouteLocator    : RouteDefinition matched: ReactiveCompositeDiscoveryClient_USER-SERVICE
2026-03-27T09:54:32.925+05:30 DEBUG 4660 --- [Api-Gateway] [reshExecutor-%d] o.s.c.g.r.RouteDefinitionRouteLocator    : RouteDefinition ReactiveCompositeDiscoveryClient_PAYMENT-SERVICES applying {pattern=/payment-services/**} to Path
2026-03-27T09:54:32.926+05:30 DEBUG 4660 --- [Api-Gateway] [reshExecutor-%d] o.s.c.g.r.RouteDefinitionRouteLocator    : RouteDefinition ReactiveCompositeDiscoveryClient_PAYMENT-SERVICES applying filter {regexp=/payment-services/?(?<remaining>.*), replacement=/${remaining}} to RewritePath
2026-03-27T09:54:32.927+05:30 DEBUG 4660 --- [Api-Gateway] [reshExecutor-%d] o.s.c.g.r.RouteDefinitionRouteLocator    : RouteDefinition matched: ReactiveCompositeDiscoveryClient_PAYMENT-SERVICES
2026-03-27T09:54:32.928+05:30 DEBUG 4660 --- [Api-Gateway] [reshExecutor-%d] o.s.c.g.r.RouteDefinitionRouteLocator    : RouteDefinition AUTH-SERVICE applying {_genkey_0=/auth/**} to Path
2026-03-27T09:54:32.928+05:30 DEBUG 4660 --- [Api-Gateway] [reshExecutor-%d] o.s.c.g.r.RouteDefinitionRouteLocator    : RouteDefinition matched: AUTH-SERVICE
2026-03-27T09:54:32.929+05:30 DEBUG 4660 --- [Api-Gateway] [reshExecutor-%d] o.s.c.g.r.RouteDefinitionRouteLocator    : RouteDefinition ADMIN-SERVICE applying {_genkey_0=/admin/**} to Path
2026-03-27T09:54:32.930+05:30 DEBUG 4660 --- [Api-Gateway] [reshExecutor-%d] o.s.c.g.r.RouteDefinitionRouteLocator    : RouteDefinition matched: ADMIN-SERVICE
2026-03-27T09:54:32.930+05:30 DEBUG 4660 --- [Api-Gateway] [reshExecutor-%d] o.s.c.g.r.RouteDefinitionRouteLocator    : RouteDefinition KYC-SERVICE applying {_genkey_0=/kyc/**} to Path
2026-03-27T09:54:32.930+05:30 DEBUG 4660 --- [Api-Gateway] [reshExecutor-%d] o.s.c.g.r.RouteDefinitionRouteLocator    : RouteDefinition matched: KYC-SERVICE
2026-03-27T09:54:32.931+05:30 DEBUG 4660 --- [Api-Gateway] [reshExecutor-%d] o.s.c.g.r.RouteDefinitionRouteLocator    : RouteDefinition PAYMENT-SERVICES applying {_genkey_0=/api/payments/**} to Path
2026-03-27T09:54:32.931+05:30 DEBUG 4660 --- [Api-Gateway] [reshExecutor-%d] o.s.c.g.r.RouteDefinitionRouteLocator    : RouteDefinition PAYMENT-SERVICES applying filter {_genkey_0=name:paymentCircuitBreaker, _genkey_1=fallbackUri:forward:/fallback/payment} to CircuitBreaker
2026-03-27T09:54:32.932+05:30 DEBUG 4660 --- [Api-Gateway] [reshExecutor-%d] o.s.c.g.r.RouteDefinitionRouteLocator    : RouteDefinition matched: PAYMENT-SERVICES
2026-03-27T09:54:32.932+05:30 DEBUG 4660 --- [Api-Gateway] [reshExecutor-%d] o.s.c.g.r.RouteDefinitionRouteLocator    : RouteDefinition WALLET-SERVICE applying {_genkey_0=/api/wallets/**} to Path
2026-03-27T09:54:32.933+05:30 DEBUG 4660 --- [Api-Gateway] [reshExecutor-%d] o.s.c.g.r.RouteDefinitionRouteLocator    : RouteDefinition WALLET-SERVICE applying filter {_genkey_0=name:walletCircuitBreaker, _genkey_1=fallbackUri:forward:/fallback/general} to CircuitBreaker
2026-03-27T09:54:32.934+05:30 DEBUG 4660 --- [Api-Gateway] [reshExecutor-%d] o.s.c.g.r.RouteDefinitionRouteLocator    : RouteDefinition matched: WALLET-SERVICE
2026-03-27T09:54:32.934+05:30 DEBUG 4660 --- [Api-Gateway] [reshExecutor-%d] o.s.c.g.r.RouteDefinitionRouteLocator    : RouteDefinition TRANSACTION-SERVICE applying {_genkey_0=/api/transaction/**} to Path
2026-03-27T09:54:32.935+05:30 DEBUG 4660 --- [Api-Gateway] [reshExecutor-%d] o.s.c.g.r.RouteDefinitionRouteLocator    : RouteDefinition TRANSACTION-SERVICE applying filter {_genkey_0=name:transactionCircuitBreaker, _genkey_1=fallbackUri:forward:/fallback/general} to CircuitBreaker
2026-03-27T09:54:32.935+05:30 DEBUG 4660 --- [Api-Gateway] [reshExecutor-%d] o.s.c.g.r.RouteDefinitionRouteLocator    : RouteDefinition matched: TRANSACTION-SERVICE
2026-03-27T09:54:32.935+05:30 DEBUG 4660 --- [Api-Gateway] [reshExecutor-%d] o.s.c.g.r.RouteDefinitionRouteLocator    : RouteDefinition REWARDS-SERVICE applying {_genkey_0=/api/rewards/**} to Path
2026-03-27T09:54:32.936+05:30 DEBUG 4660 --- [Api-Gateway] [reshExecutor-%d] o.s.c.g.r.RouteDefinitionRouteLocator    : RouteDefinition REWARDS-SERVICE applying filter {_genkey_0=name:rewardCircuitBreaker, _genkey_1=fallbackUri:forward:/fallback/reward} to CircuitBreaker
2026-03-27T09:54:32.936+05:30 DEBUG 4660 --- [Api-Gateway] [reshExecutor-%d] o.s.c.g.r.RouteDefinitionRouteLocator    : RouteDefinition matched: REWARDS-SERVICE
2026-03-27T09:54:32.936+05:30 DEBUG 4660 --- [Api-Gateway] [reshExecutor-%d] o.s.c.g.r.RouteDefinitionRouteLocator    : RouteDefinition NOTIFICATION-SERVICE applying {_genkey_0=/api/notifications/**} to Path
2026-03-27T09:54:32.937+05:30 DEBUG 4660 --- [Api-Gateway] [reshExecutor-%d] o.s.c.g.r.RouteDefinitionRouteLocator    : RouteDefinition NOTIFICATION-SERVICE applying filter {_genkey_0=name:notificationCircuitBreaker, _genkey_1=fallbackUri:forward:/fallback/general} to CircuitBreaker
2026-03-27T09:54:32.937+05:30 DEBUG 4660 --- [Api-Gateway] [reshExecutor-%d] o.s.c.g.r.RouteDefinitionRouteLocator    : RouteDefinition matched: NOTIFICATION-SERVICE
2026-03-27T09:54:32.938+05:30 DEBUG 4660 --- [Api-Gateway] [reshExecutor-%d] o.s.c.g.r.RouteDefinitionRouteLocator    : RouteDefinition USER-SERVICE applying {_genkey_0=/users/**} to Path
2026-03-27T09:54:32.938+05:30 DEBUG 4660 --- [Api-Gateway] [reshExecutor-%d] o.s.c.g.r.RouteDefinitionRouteLocator    : RouteDefinition matched: USER-SERVICE
2026-03-27T09:54:32.939+05:30 DEBUG 4660 --- [Api-Gateway] [reshExecutor-%d] o.s.c.g.filter.GatewayMetricsFilter      : New routes count: 19
2026-03-27T09:55:02.964+05:30 DEBUG 4660 --- [Api-Gateway] [reshExecutor-%d] o.s.c.g.r.RouteDefinitionRouteLocator    : RouteDefinition ReactiveCompositeDiscoveryClient_CONFIG-SERVIER applying {pattern=/config-servier/**} to Path
2026-03-27T09:55:02.967+05:30 DEBUG 4660 --- [Api-Gateway] [reshExecutor-%d] o.s.c.g.r.RouteDefinitionRouteLocator    : RouteDefinition ReactiveCompositeDiscoveryClient_CONFIG-SERVIER applying filter {regexp=/config-servier/?(?<remaining>.*), replacement=/${remaining}} to RewritePath
2026-03-27T09:55:02.969+05:30 DEBUG 4660 --- [Api-Gateway] [reshExecutor-%d] o.s.c.g.r.RouteDefinitionRouteLocator    : RouteDefinition matched: ReactiveCompositeDiscoveryClient_CONFIG-SERVIER
2026-03-27T09:55:02.970+05:30 DEBUG 4660 --- [Api-Gateway] [reshExecutor-%d] o.s.c.g.r.RouteDefinitionRouteLocator    : RouteDefinition ReactiveCompositeDiscoveryClient_API-GATEWAY applying {pattern=/api-gateway/**} to Path
2026-03-27T09:55:02.972+05:30 DEBUG 4660 --- [Api-Gateway] [reshExecutor-%d] o.s.c.g.r.RouteDefinitionRouteLocator    : RouteDefinition ReactiveCompositeDiscoveryClient_API-GATEWAY applying filter {regexp=/api-gateway/?(?<remaining>.*), replacement=/${remaining}} to RewritePath
2026-03-27T09:55:02.972+05:30 DEBUG 4660 --- [Api-Gateway] [reshExecutor-%d] o.s.c.g.r.RouteDefinitionRouteLocator    : RouteDefinition matched: ReactiveCompositeDiscoveryClient_API-GATEWAY
2026-03-27T09:55:02.974+05:30 DEBUG 4660 --- [Api-Gateway] [reshExecutor-%d] o.s.c.g.r.RouteDefinitionRouteLocator    : RouteDefinition ReactiveCompositeDiscoveryClient_REWARDS-SERVICE applying {pattern=/rewards-service/**} to Path
2026-03-27T09:55:02.975+05:30 DEBUG 4660 --- [Api-Gateway] [reshExecutor-%d] o.s.c.g.r.RouteDefinitionRouteLocator    : RouteDefinition ReactiveCompositeDiscoveryClient_REWARDS-SERVICE applying filter {regexp=/rewards-service/?(?<remaining>.*), replacement=/${remaining}} to RewritePath
2026-03-27T09:55:02.975+05:30 DEBUG 4660 --- [Api-Gateway] [reshExecutor-%d] o.s.c.g.r.RouteDefinitionRouteLocator    : RouteDefinition matched: ReactiveCompositeDiscoveryClient_REWARDS-SERVICE
2026-03-27T09:55:02.976+05:30 DEBUG 4660 --- [Api-Gateway] [reshExecutor-%d] o.s.c.g.r.RouteDefinitionRouteLocator    : RouteDefinition ReactiveCompositeDiscoveryClient_KYC-SERVICE applying {pattern=/kyc-service/**} to Path
2026-03-27T09:55:02.977+05:30 DEBUG 4660 --- [Api-Gateway] [reshExecutor-%d] o.s.c.g.r.RouteDefinitionRouteLocator    : RouteDefinition ReactiveCompositeDiscoveryClient_KYC-SERVICE applying filter {regexp=/kyc-service/?(?<remaining>.*), replacement=/${remaining}} to RewritePath
2026-03-27T09:55:02.978+05:30 DEBUG 4660 --- [Api-Gateway] [reshExecutor-%d] o.s.c.g.r.RouteDefinitionRouteLocator    : RouteDefinition matched: ReactiveCompositeDiscoveryClient_KYC-SERVICE
2026-03-27T09:55:02.980+05:30 DEBUG 4660 --- [Api-Gateway] [reshExecutor-%d] o.s.c.g.r.RouteDefinitionRouteLocator    : RouteDefinition ReactiveCompositeDiscoveryClient_ADMIN-SERVICE applying {pattern=/admin-service/**} to Path
2026-03-27T09:55:02.981+05:30 DEBUG 4660 --- [Api-Gateway] [reshExecutor-%d] o.s.c.g.r.RouteDefinitionRouteLocator    : RouteDefinition ReactiveCompositeDiscoveryClient_ADMIN-SERVICE applying filter {regexp=/admin-service/?(?<remaining>.*), replacement=/${remaining}} to RewritePath
2026-03-27T09:55:02.982+05:30 DEBUG 4660 --- [Api-Gateway] [reshExecutor-%d] o.s.c.g.r.RouteDefinitionRouteLocator    : RouteDefinition matched: ReactiveCompositeDiscoveryClient_ADMIN-SERVICE
2026-03-27T09:55:02.983+05:30 DEBUG 4660 --- [Api-Gateway] [reshExecutor-%d] o.s.c.g.r.RouteDefinitionRouteLocator    : RouteDefinition ReactiveCompositeDiscoveryClient_TRANSACTION-SERVICE applying {pattern=/transaction-service/**} to Path
2026-03-27T09:55:02.984+05:30 DEBUG 4660 --- [Api-Gateway] [reshExecutor-%d] o.s.c.g.r.RouteDefinitionRouteLocator    : RouteDefinition ReactiveCompositeDiscoveryClient_TRANSACTION-SERVICE applying filter {regexp=/transaction-service/?(?<remaining>.*), replacement=/${remaining}} to RewritePath
2026-03-27T09:55:02.985+05:30 DEBUG 4660 --- [Api-Gateway] [reshExecutor-%d] o.s.c.g.r.RouteDefinitionRouteLocator    : RouteDefinition matched: ReactiveCompositeDiscoveryClient_TRANSACTION-SERVICE
2026-03-27T09:55:02.985+05:30 DEBUG 4660 --- [Api-Gateway] [reshExecutor-%d] o.s.c.g.r.RouteDefinitionRouteLocator    : RouteDefinition ReactiveCompositeDiscoveryClient_WALLET-SERVICE applying {pattern=/wallet-service/**} to Path
2026-03-27T09:55:02.986+05:30 DEBUG 4660 --- [Api-Gateway] [reshExecutor-%d] o.s.c.g.r.RouteDefinitionRouteLocator    : RouteDefinition ReactiveCompositeDiscoveryClient_WALLET-SERVICE applying filter {regexp=/wallet-service/?(?<remaining>.*), replacement=/${remaining}} to RewritePath
2026-03-27T09:55:02.987+05:30 DEBUG 4660 --- [Api-Gateway] [reshExecutor-%d] o.s.c.g.r.RouteDefinitionRouteLocator    : RouteDefinition matched: ReactiveCompositeDiscoveryClient_WALLET-SERVICE
2026-03-27T09:55:02.987+05:30 DEBUG 4660 --- [Api-Gateway] [reshExecutor-%d] o.s.c.g.r.RouteDefinitionRouteLocator    : RouteDefinition ReactiveCompositeDiscoveryClient_NOTIFICATION-SERVICE applying {pattern=/notification-service/**} to Path
2026-03-27T09:55:02.988+05:30 DEBUG 4660 --- [Api-Gateway] [reshExecutor-%d] o.s.c.g.r.RouteDefinitionRouteLocator    : RouteDefinition ReactiveCompositeDiscoveryClient_NOTIFICATION-SERVICE applying filter {regexp=/notification-service/?(?<remaining>.*), replacement=/${remaining}} to RewritePath
2026-03-27T09:55:02.989+05:30 DEBUG 4660 --- [Api-Gateway] [reshExecutor-%d] o.s.c.g.r.RouteDefinitionRouteLocator    : RouteDefinition matched: ReactiveCompositeDiscoveryClient_NOTIFICATION-SERVICE
2026-03-27T09:55:02.989+05:30 DEBUG 4660 --- [Api-Gateway] [reshExecutor-%d] o.s.c.g.r.RouteDefinitionRouteLocator    : RouteDefinition ReactiveCompositeDiscoveryClient_USER-SERVICE applying {pattern=/user-service/**} to Path
2026-03-27T09:55:02.990+05:30 DEBUG 4660 --- [Api-Gateway] [reshExecutor-%d] o.s.c.g.r.RouteDefinitionRouteLocator    : RouteDefinition ReactiveCompositeDiscoveryClient_USER-SERVICE applying filter {regexp=/user-service/?(?<remaining>.*), replacement=/${remaining}} to RewritePath
2026-03-27T09:55:02.991+05:30 DEBUG 4660 --- [Api-Gateway] [reshExecutor-%d] o.s.c.g.r.RouteDefinitionRouteLocator    : RouteDefinition matched: ReactiveCompositeDiscoveryClient_USER-SERVICE
2026-03-27T09:55:02.991+05:30 DEBUG 4660 --- [Api-Gateway] [reshExecutor-%d] o.s.c.g.r.RouteDefinitionRouteLocator    : RouteDefinition ReactiveCompositeDiscoveryClient_PAYMENT-SERVICES applying {pattern=/payment-services/**} to Path
2026-03-27T09:55:02.992+05:30 DEBUG 4660 --- [Api-Gateway] [reshExecutor-%d] o.s.c.g.r.RouteDefinitionRouteLocator    : RouteDefinition ReactiveCompositeDiscoveryClient_PAYMENT-SERVICES applying filter {regexp=/payment-services/?(?<remaining>.*), replacement=/${remaining}} to RewritePath
2026-03-27T09:55:02.992+05:30 DEBUG 4660 --- [Api-Gateway] [reshExecutor-%d] o.s.c.g.r.RouteDefinitionRouteLocator    : RouteDefinition matched: ReactiveCompositeDiscoveryClient_PAYMENT-SERVICES
2026-03-27T09:55:02.992+05:30 DEBUG 4660 --- [Api-Gateway] [reshExecutor-%d] o.s.c.g.r.RouteDefinitionRouteLocator    : RouteDefinition AUTH-SERVICE applying {_genkey_0=/auth/**} to Path
2026-03-27T09:55:02.993+05:30 DEBUG 4660 --- [Api-Gateway] [reshExecutor-%d] o.s.c.g.r.RouteDefinitionRouteLocator    : RouteDefinition matched: AUTH-SERVICE
2026-03-27T09:55:02.993+05:30 DEBUG 4660 --- [Api-Gateway] [reshExecutor-%d] o.s.c.g.r.RouteDefinitionRouteLocator    : RouteDefinition ADMIN-SERVICE applying {_genkey_0=/admin/**} to Path
2026-03-27T09:55:02.993+05:30 DEBUG 4660 --- [Api-Gateway] [reshExecutor-%d] o.s.c.g.r.RouteDefinitionRouteLocator    : RouteDefinition matched: ADMIN-SERVICE
2026-03-27T09:55:02.994+05:30 DEBUG 4660 --- [Api-Gateway] [reshExecutor-%d] o.s.c.g.r.RouteDefinitionRouteLocator    : RouteDefinition KYC-SERVICE applying {_genkey_0=/kyc/**} to Path
2026-03-27T09:55:02.994+05:30 DEBUG 4660 --- [Api-Gateway] [reshExecutor-%d] o.s.c.g.r.RouteDefinitionRouteLocator    : RouteDefinition matched: KYC-SERVICE
2026-03-27T09:55:02.994+05:30 DEBUG 4660 --- [Api-Gateway] [reshExecutor-%d] o.s.c.g.r.RouteDefinitionRouteLocator    : RouteDefinition PAYMENT-SERVICES applying {_genkey_0=/api/payments/**} to Path
2026-03-27T09:55:02.995+05:30 DEBUG 4660 --- [Api-Gateway] [reshExecutor-%d] o.s.c.g.r.RouteDefinitionRouteLocator    : RouteDefinition PAYMENT-SERVICES applying filter {_genkey_0=name:paymentCircuitBreaker, _genkey_1=fallbackUri:forward:/fallback/payment} to CircuitBreaker
2026-03-27T09:55:02.995+05:30 DEBUG 4660 --- [Api-Gateway] [reshExecutor-%d] o.s.c.g.r.RouteDefinitionRouteLocator    : RouteDefinition matched: PAYMENT-SERVICES
2026-03-27T09:55:02.995+05:30 DEBUG 4660 --- [Api-Gateway] [reshExecutor-%d] o.s.c.g.r.RouteDefinitionRouteLocator    : RouteDefinition WALLET-SERVICE applying {_genkey_0=/api/wallets/**} to Path
2026-03-27T09:55:02.995+05:30 DEBUG 4660 --- [Api-Gateway] [reshExecutor-%d] o.s.c.g.r.RouteDefinitionRouteLocator    : RouteDefinition WALLET-SERVICE applying filter {_genkey_0=name:walletCircuitBreaker, _genkey_1=fallbackUri:forward:/fallback/general} to CircuitBreaker
2026-03-27T09:55:02.996+05:30 DEBUG 4660 --- [Api-Gateway] [reshExecutor-%d] o.s.c.g.r.RouteDefinitionRouteLocator    : RouteDefinition matched: WALLET-SERVICE
2026-03-27T09:55:02.996+05:30 DEBUG 4660 --- [Api-Gateway] [reshExecutor-%d] o.s.c.g.r.RouteDefinitionRouteLocator    : RouteDefinition TRANSACTION-SERVICE applying {_genkey_0=/api/transaction/**} to Path
2026-03-27T09:55:02.996+05:30 DEBUG 4660 --- [Api-Gateway] [reshExecutor-%d] o.s.c.g.r.RouteDefinitionRouteLocator    : RouteDefinition TRANSACTION-SERVICE applying filter {_genkey_0=name:transactionCircuitBreaker, _genkey_1=fallbackUri:forward:/fallback/general} to CircuitBreaker
2026-03-27T09:55:02.997+05:30 DEBUG 4660 --- [Api-Gateway] [reshExecutor-%d] o.s.c.g.r.RouteDefinitionRouteLocator    : RouteDefinition matched: TRANSACTION-SERVICE
2026-03-27T09:55:02.997+05:30 DEBUG 4660 --- [Api-Gateway] [reshExecutor-%d] o.s.c.g.r.RouteDefinitionRouteLocator    : RouteDefinition REWARDS-SERVICE applying {_genkey_0=/api/rewards/**} to Path
2026-03-27T09:55:02.998+05:30 DEBUG 4660 --- [Api-Gateway] [reshExecutor-%d] o.s.c.g.r.RouteDefinitionRouteLocator    : RouteDefinition REWARDS-SERVICE applying filter {_genkey_0=name:rewardCircuitBreaker, _genkey_1=fallbackUri:forward:/fallback/reward} to CircuitBreaker
2026-03-27T09:55:02.998+05:30 DEBUG 4660 --- [Api-Gateway] [reshExecutor-%d] o.s.c.g.r.RouteDefinitionRouteLocator    : RouteDefinition matched: REWARDS-SERVICE
2026-03-27T09:55:02.998+05:30 DEBUG 4660 --- [Api-Gateway] [reshExecutor-%d] o.s.c.g.r.RouteDefinitionRouteLocator    : RouteDefinition NOTIFICATION-SERVICE applying {_genkey_0=/api/notifications/**} to Path
2026-03-27T09:55:03.000+05:30 DEBUG 4660 --- [Api-Gateway] [reshExecutor-%d] o.s.c.g.r.RouteDefinitionRouteLocator    : RouteDefinition NOTIFICATION-SERVICE applying filter {_genkey_0=name:notificationCircuitBreaker, _genkey_1=fallbackUri:forward:/fallback/general} to CircuitBreaker
2026-03-27T09:55:03.000+05:30 DEBUG 4660 --- [Api-Gateway] [reshExecutor-%d] o.s.c.g.r.RouteDefinitionRouteLocator    : RouteDefinition matched: NOTIFICATION-SERVICE
2026-03-27T09:55:03.000+05:30 DEBUG 4660 --- [Api-Gateway] [reshExecutor-%d] o.s.c.g.r.RouteDefinitionRouteLocator    : RouteDefinition USER-SERVICE applying {_genkey_0=/users/**} to Path
2026-03-27T09:55:03.001+05:30 DEBUG 4660 --- [Api-Gateway] [reshExecutor-%d] o.s.c.g.r.RouteDefinitionRouteLocator    : RouteDefinition matched: USER-SERVICE
2026-03-27T09:55:03.001+05:30 DEBUG 4660 --- [Api-Gateway] [reshExecutor-%d] o.s.c.g.filter.GatewayMetricsFilter      : New routes count: 19
2026-03-27T09:55:33.038+05:30 DEBUG 4660 --- [Api-Gateway] [reshExecutor-%d] o.s.c.g.r.RouteDefinitionRouteLocator    : RouteDefinition ReactiveCompositeDiscoveryClient_CONFIG-SERVIER applying {pattern=/config-servier/**} to Path
2026-03-27T09:55:33.043+05:30 DEBUG 4660 --- [Api-Gateway] [reshExecutor-%d] o.s.c.g.r.RouteDefinitionRouteLocator    : RouteDefinition ReactiveCompositeDiscoveryClient_CONFIG-SERVIER applying filter {regexp=/config-servier/?(?<remaining>.*), replacement=/${remaining}} to RewritePath
2026-03-27T09:55:33.044+05:30 DEBUG 4660 --- [Api-Gateway] [reshExecutor-%d] o.s.c.g.r.RouteDefinitionRouteLocator    : RouteDefinition matched: ReactiveCompositeDiscoveryClient_CONFIG-SERVIER
2026-03-27T09:55:33.045+05:30 DEBUG 4660 --- [Api-Gateway] [reshExecutor-%d] o.s.c.g.r.RouteDefinitionRouteLocator    : RouteDefinition ReactiveCompositeDiscoveryClient_API-GATEWAY applying {pattern=/api-gateway/**} to Path
2026-03-27T09:55:33.047+05:30 DEBUG 4660 --- [Api-Gateway] [reshExecutor-%d] o.s.c.g.r.RouteDefinitionRouteLocator    : RouteDefinition ReactiveCompositeDiscoveryClient_API-GATEWAY applying filter {regexp=/api-gateway/?(?<remaining>.*), replacement=/${remaining}} to RewritePath
2026-03-27T09:55:33.048+05:30 DEBUG 4660 --- [Api-Gateway] [reshExecutor-%d] o.s.c.g.r.RouteDefinitionRouteLocator    : RouteDefinition matched: ReactiveCompositeDiscoveryClient_API-GATEWAY
2026-03-27T09:55:33.049+05:30 DEBUG 4660 --- [Api-Gateway] [reshExecutor-%d] o.s.c.g.r.RouteDefinitionRouteLocator    : RouteDefinition ReactiveCompositeDiscoveryClient_REWARDS-SERVICE applying {pattern=/rewards-service/**} to Path
2026-03-27T09:55:33.050+05:30 DEBUG 4660 --- [Api-Gateway] [reshExecutor-%d] o.s.c.g.r.RouteDefinitionRouteLocator    : RouteDefinition ReactiveCompositeDiscoveryClient_REWARDS-SERVICE applying filter {regexp=/rewards-service/?(?<remaining>.*), replacement=/${remaining}} to RewritePath
2026-03-27T09:55:33.052+05:30 DEBUG 4660 --- [Api-Gateway] [reshExecutor-%d] o.s.c.g.r.RouteDefinitionRouteLocator    : RouteDefinition matched: ReactiveCompositeDiscoveryClient_REWARDS-SERVICE
2026-03-27T09:55:33.053+05:30 DEBUG 4660 --- [Api-Gateway] [reshExecutor-%d] o.s.c.g.r.RouteDefinitionRouteLocator    : RouteDefinition ReactiveCompositeDiscoveryClient_KYC-SERVICE applying {pattern=/kyc-service/**} to Path
2026-03-27T09:55:33.054+05:30 DEBUG 4660 --- [Api-Gateway] [reshExecutor-%d] o.s.c.g.r.RouteDefinitionRouteLocator    : RouteDefinition ReactiveCompositeDiscoveryClient_KYC-SERVICE applying filter {regexp=/kyc-service/?(?<remaining>.*), replacement=/${remaining}} to RewritePath
2026-03-27T09:55:33.055+05:30 DEBUG 4660 --- [Api-Gateway] [reshExecutor-%d] o.s.c.g.r.RouteDefinitionRouteLocator    : RouteDefinition matched: ReactiveCompositeDiscoveryClient_KYC-SERVICE
2026-03-27T09:55:33.056+05:30 DEBUG 4660 --- [Api-Gateway] [reshExecutor-%d] o.s.c.g.r.RouteDefinitionRouteLocator    : RouteDefinition ReactiveCompositeDiscoveryClient_ADMIN-SERVICE applying {pattern=/admin-service/**} to Path
2026-03-27T09:55:33.056+05:30 DEBUG 4660 --- [Api-Gateway] [reshExecutor-%d] o.s.c.g.r.RouteDefinitionRouteLocator    : RouteDefinition ReactiveCompositeDiscoveryClient_ADMIN-SERVICE applying filter {regexp=/admin-service/?(?<remaining>.*), replacement=/${remaining}} to RewritePath
2026-03-27T09:55:33.058+05:30 DEBUG 4660 --- [Api-Gateway] [reshExecutor-%d] o.s.c.g.r.RouteDefinitionRouteLocator    : RouteDefinition matched: ReactiveCompositeDiscoveryClient_ADMIN-SERVICE
2026-03-27T09:55:33.060+05:30 DEBUG 4660 --- [Api-Gateway] [reshExecutor-%d] o.s.c.g.r.RouteDefinitionRouteLocator    : RouteDefinition ReactiveCompositeDiscoveryClient_TRANSACTION-SERVICE applying {pattern=/transaction-service/**} to Path
2026-03-27T09:55:33.061+05:30 DEBUG 4660 --- [Api-Gateway] [reshExecutor-%d] o.s.c.g.r.RouteDefinitionRouteLocator    : RouteDefinition ReactiveCompositeDiscoveryClient_TRANSACTION-SERVICE applying filter {regexp=/transaction-service/?(?<remaining>.*), replacement=/${remaining}} to RewritePath
2026-03-27T09:55:33.062+05:30 DEBUG 4660 --- [Api-Gateway] [reshExecutor-%d] o.s.c.g.r.RouteDefinitionRouteLocator    : RouteDefinition matched: ReactiveCompositeDiscoveryClient_TRANSACTION-SERVICE
2026-03-27T09:55:33.063+05:30 DEBUG 4660 --- [Api-Gateway] [reshExecutor-%d] o.s.c.g.r.RouteDefinitionRouteLocator    : RouteDefinition ReactiveCompositeDiscoveryClient_WALLET-SERVICE applying {pattern=/wallet-service/**} to Path
2026-03-27T09:55:33.064+05:30 DEBUG 4660 --- [Api-Gateway] [reshExecutor-%d] o.s.c.g.r.RouteDefinitionRouteLocator    : RouteDefinition ReactiveCompositeDiscoveryClient_WALLET-SERVICE applying filter {regexp=/wallet-service/?(?<remaining>.*), replacement=/${remaining}} to RewritePath
2026-03-27T09:55:33.064+05:30 DEBUG 4660 --- [Api-Gateway] [reshExecutor-%d] o.s.c.g.r.RouteDefinitionRouteLocator    : RouteDefinition matched: ReactiveCompositeDiscoveryClient_WALLET-SERVICE
2026-03-27T09:55:33.065+05:30 DEBUG 4660 --- [Api-Gateway] [reshExecutor-%d] o.s.c.g.r.RouteDefinitionRouteLocator    : RouteDefinition ReactiveCompositeDiscoveryClient_NOTIFICATION-SERVICE applying {pattern=/notification-service/**} to Path
2026-03-27T09:55:33.066+05:30 DEBUG 4660 --- [Api-Gateway] [reshExecutor-%d] o.s.c.g.r.RouteDefinitionRouteLocator    : RouteDefinition ReactiveCompositeDiscoveryClient_NOTIFICATION-SERVICE applying filter {regexp=/notification-service/?(?<remaining>.*), replacement=/${remaining}} to RewritePath
2026-03-27T09:55:33.067+05:30 DEBUG 4660 --- [Api-Gateway] [reshExecutor-%d] o.s.c.g.r.RouteDefinitionRouteLocator    : RouteDefinition matched: ReactiveCompositeDiscoveryClient_NOTIFICATION-SERVICE
2026-03-27T09:55:33.068+05:30 DEBUG 4660 --- [Api-Gateway] [reshExecutor-%d] o.s.c.g.r.RouteDefinitionRouteLocator    : RouteDefinition ReactiveCompositeDiscoveryClient_USER-SERVICE applying {pattern=/user-service/**} to Path
2026-03-27T09:55:33.069+05:30 DEBUG 4660 --- [Api-Gateway] [reshExecutor-%d] o.s.c.g.r.RouteDefinitionRouteLocator    : RouteDefinition ReactiveCompositeDiscoveryClient_USER-SERVICE applying filter {regexp=/user-service/?(?<remaining>.*), replacement=/${remaining}} to RewritePath
2026-03-27T09:55:33.070+05:30 DEBUG 4660 --- [Api-Gateway] [reshExecutor-%d] o.s.c.g.r.RouteDefinitionRouteLocator    : RouteDefinition matched: ReactiveCompositeDiscoveryClient_USER-SERVICE
2026-03-27T09:55:33.070+05:30 DEBUG 4660 --- [Api-Gateway] [reshExecutor-%d] o.s.c.g.r.RouteDefinitionRouteLocator    : RouteDefinition ReactiveCompositeDiscoveryClient_PAYMENT-SERVICES applying {pattern=/payment-services/**} to Path
2026-03-27T09:55:33.071+05:30 DEBUG 4660 --- [Api-Gateway] [reshExecutor-%d] o.s.c.g.r.RouteDefinitionRouteLocator    : RouteDefinition ReactiveCompositeDiscoveryClient_PAYMENT-SERVICES applying filter {regexp=/payment-services/?(?<remaining>.*), replacement=/${remaining}} to RewritePath
2026-03-27T09:55:33.071+05:30 DEBUG 4660 --- [Api-Gateway] [reshExecutor-%d] o.s.c.g.r.RouteDefinitionRouteLocator    : RouteDefinition matched: ReactiveCompositeDiscoveryClient_PAYMENT-SERVICES
2026-03-27T09:55:33.071+05:30 DEBUG 4660 --- [Api-Gateway] [reshExecutor-%d] o.s.c.g.r.RouteDefinitionRouteLocator    : RouteDefinition AUTH-SERVICE applying {_genkey_0=/auth/**} to Path
2026-03-27T09:55:33.072+05:30 DEBUG 4660 --- [Api-Gateway] [reshExecutor-%d] o.s.c.g.r.RouteDefinitionRouteLocator    : RouteDefinition matched: AUTH-SERVICE
2026-03-27T09:55:33.072+05:30 DEBUG 4660 --- [Api-Gateway] [reshExecutor-%d] o.s.c.g.r.RouteDefinitionRouteLocator    : RouteDefinition ADMIN-SERVICE applying {_genkey_0=/admin/**} to Path
2026-03-27T09:55:33.073+05:30 DEBUG 4660 --- [Api-Gateway] [reshExecutor-%d] o.s.c.g.r.RouteDefinitionRouteLocator    : RouteDefinition matched: ADMIN-SERVICE
2026-03-27T09:55:33.074+05:30 DEBUG 4660 --- [Api-Gateway] [reshExecutor-%d] o.s.c.g.r.RouteDefinitionRouteLocator    : RouteDefinition KYC-SERVICE applying {_genkey_0=/kyc/**} to Path
2026-03-27T09:55:33.074+05:30 DEBUG 4660 --- [Api-Gateway] [reshExecutor-%d] o.s.c.g.r.RouteDefinitionRouteLocator    : RouteDefinition matched: KYC-SERVICE
2026-03-27T09:55:33.074+05:30 DEBUG 4660 --- [Api-Gateway] [reshExecutor-%d] o.s.c.g.r.RouteDefinitionRouteLocator    : RouteDefinition PAYMENT-SERVICES applying {_genkey_0=/api/payments/**} to Path
2026-03-27T09:55:33.075+05:30 DEBUG 4660 --- [Api-Gateway] [reshExecutor-%d] o.s.c.g.r.RouteDefinitionRouteLocator    : RouteDefinition PAYMENT-SERVICES applying filter {_genkey_0=name:paymentCircuitBreaker, _genkey_1=fallbackUri:forward:/fallback/payment} to CircuitBreaker
2026-03-27T09:55:33.075+05:30 DEBUG 4660 --- [Api-Gateway] [reshExecutor-%d] o.s.c.g.r.RouteDefinitionRouteLocator    : RouteDefinition matched: PAYMENT-SERVICES
2026-03-27T09:55:33.075+05:30 DEBUG 4660 --- [Api-Gateway] [reshExecutor-%d] o.s.c.g.r.RouteDefinitionRouteLocator    : RouteDefinition WALLET-SERVICE applying {_genkey_0=/api/wallets/**} to Path
2026-03-27T09:55:33.076+05:30 DEBUG 4660 --- [Api-Gateway] [reshExecutor-%d] o.s.c.g.r.RouteDefinitionRouteLocator    : RouteDefinition WALLET-SERVICE applying filter {_genkey_0=name:walletCircuitBreaker, _genkey_1=fallbackUri:forward:/fallback/general} to CircuitBreaker
2026-03-27T09:55:33.076+05:30 DEBUG 4660 --- [Api-Gateway] [reshExecutor-%d] o.s.c.g.r.RouteDefinitionRouteLocator    : RouteDefinition matched: WALLET-SERVICE
2026-03-27T09:55:33.077+05:30 DEBUG 4660 --- [Api-Gateway] [reshExecutor-%d] o.s.c.g.r.RouteDefinitionRouteLocator    : RouteDefinition TRANSACTION-SERVICE applying {_genkey_0=/api/transaction/**} to Path
2026-03-27T09:55:33.077+05:30 DEBUG 4660 --- [Api-Gateway] [reshExecutor-%d] o.s.c.g.r.RouteDefinitionRouteLocator    : RouteDefinition TRANSACTION-SERVICE applying filter {_genkey_0=name:transactionCircuitBreaker, _genkey_1=fallbackUri:forward:/fallback/general} to CircuitBreaker
2026-03-27T09:55:33.078+05:30 DEBUG 4660 --- [Api-Gateway] [reshExecutor-%d] o.s.c.g.r.RouteDefinitionRouteLocator    : RouteDefinition matched: TRANSACTION-SERVICE
2026-03-27T09:55:33.078+05:30 DEBUG 4660 --- [Api-Gateway] [reshExecutor-%d] o.s.c.g.r.RouteDefinitionRouteLocator    : RouteDefinition REWARDS-SERVICE applying {_genkey_0=/api/rewards/**} to Path
2026-03-27T09:55:33.080+05:30 DEBUG 4660 --- [Api-Gateway] [reshExecutor-%d] o.s.c.g.r.RouteDefinitionRouteLocator    : RouteDefinition REWARDS-SERVICE applying filter {_genkey_0=name:rewardCircuitBreaker, _genkey_1=fallbackUri:forward:/fallback/reward} to CircuitBreaker
2026-03-27T09:55:33.081+05:30 DEBUG 4660 --- [Api-Gateway] [reshExecutor-%d] o.s.c.g.r.RouteDefinitionRouteLocator    : RouteDefinition matched: REWARDS-SERVICE
2026-03-27T09:55:33.081+05:30 DEBUG 4660 --- [Api-Gateway] [reshExecutor-%d] o.s.c.g.r.RouteDefinitionRouteLocator    : RouteDefinition NOTIFICATION-SERVICE applying {_genkey_0=/api/notifications/**} to Path
2026-03-27T09:55:33.081+05:30 DEBUG 4660 --- [Api-Gateway] [reshExecutor-%d] o.s.c.g.r.RouteDefinitionRouteLocator    : RouteDefinition NOTIFICATION-SERVICE applying filter {_genkey_0=name:notificationCircuitBreaker, _genkey_1=fallbackUri:forward:/fallback/general} to CircuitBreaker
2026-03-27T09:55:33.082+05:30 DEBUG 4660 --- [Api-Gateway] [reshExecutor-%d] o.s.c.g.r.RouteDefinitionRouteLocator    : RouteDefinition matched: NOTIFICATION-SERVICE
2026-03-27T09:55:33.082+05:30 DEBUG 4660 --- [Api-Gateway] [reshExecutor-%d] o.s.c.g.r.RouteDefinitionRouteLocator    : RouteDefinition USER-SERVICE applying {_genkey_0=/users/**} to Path
2026-03-27T09:55:33.082+05:30 DEBUG 4660 --- [Api-Gateway] [reshExecutor-%d] o.s.c.g.r.RouteDefinitionRouteLocator    : RouteDefinition matched: USER-SERVICE
2026-03-27T09:55:33.083+05:30 DEBUG 4660 --- [Api-Gateway] [reshExecutor-%d] o.s.c.g.filter.GatewayMetricsFilter      : New routes count: 19
2026-03-27T09:56:03.106+05:30 DEBUG 4660 --- [Api-Gateway] [reshExecutor-%d] o.s.c.g.r.RouteDefinitionRouteLocator    : RouteDefinition ReactiveCompositeDiscoveryClient_CONFIG-SERVIER applying {pattern=/config-servier/**} to Path
2026-03-27T09:56:03.108+05:30 DEBUG 4660 --- [Api-Gateway] [reshExecutor-%d] o.s.c.g.r.RouteDefinitionRouteLocator    : RouteDefinition ReactiveCompositeDiscoveryClient_CONFIG-SERVIER applying filter {regexp=/config-servier/?(?<remaining>.*), replacement=/${remaining}} to RewritePath
2026-03-27T09:56:03.110+05:30 DEBUG 4660 --- [Api-Gateway] [reshExecutor-%d] o.s.c.g.r.RouteDefinitionRouteLocator    : RouteDefinition matched: ReactiveCompositeDiscoveryClient_CONFIG-SERVIER
2026-03-27T09:56:03.111+05:30 DEBUG 4660 --- [Api-Gateway] [reshExecutor-%d] o.s.c.g.r.RouteDefinitionRouteLocator    : RouteDefinition ReactiveCompositeDiscoveryClient_API-GATEWAY applying {pattern=/api-gateway/**} to Path
2026-03-27T09:56:03.111+05:30 DEBUG 4660 --- [Api-Gateway] [reshExecutor-%d] o.s.c.g.r.RouteDefinitionRouteLocator    : RouteDefinition ReactiveCompositeDiscoveryClient_API-GATEWAY applying filter {regexp=/api-gateway/?(?<remaining>.*), replacement=/${remaining}} to RewritePath
2026-03-27T09:56:03.113+05:30 DEBUG 4660 --- [Api-Gateway] [reshExecutor-%d] o.s.c.g.r.RouteDefinitionRouteLocator    : RouteDefinition matched: ReactiveCompositeDiscoveryClient_API-GATEWAY
2026-03-27T09:56:03.114+05:30 DEBUG 4660 --- [Api-Gateway] [reshExecutor-%d] o.s.c.g.r.RouteDefinitionRouteLocator    : RouteDefinition ReactiveCompositeDiscoveryClient_REWARDS-SERVICE applying {pattern=/rewards-service/**} to Path
2026-03-27T09:56:03.115+05:30 DEBUG 4660 --- [Api-Gateway] [reshExecutor-%d] o.s.c.g.r.RouteDefinitionRouteLocator    : RouteDefinition ReactiveCompositeDiscoveryClient_REWARDS-SERVICE applying filter {regexp=/rewards-service/?(?<remaining>.*), replacement=/${remaining}} to RewritePath
2026-03-27T09:56:03.117+05:30 DEBUG 4660 --- [Api-Gateway] [reshExecutor-%d] o.s.c.g.r.RouteDefinitionRouteLocator    : RouteDefinition matched: ReactiveCompositeDiscoveryClient_REWARDS-SERVICE
2026-03-27T09:56:03.120+05:30 DEBUG 4660 --- [Api-Gateway] [reshExecutor-%d] o.s.c.g.r.RouteDefinitionRouteLocator    : RouteDefinition ReactiveCompositeDiscoveryClient_KYC-SERVICE applying {pattern=/kyc-service/**} to Path
2026-03-27T09:56:03.121+05:30 DEBUG 4660 --- [Api-Gateway] [reshExecutor-%d] o.s.c.g.r.RouteDefinitionRouteLocator    : RouteDefinition ReactiveCompositeDiscoveryClient_KYC-SERVICE applying filter {regexp=/kyc-service/?(?<remaining>.*), replacement=/${remaining}} to RewritePath
2026-03-27T09:56:03.122+05:30 DEBUG 4660 --- [Api-Gateway] [reshExecutor-%d] o.s.c.g.r.RouteDefinitionRouteLocator    : RouteDefinition matched: ReactiveCompositeDiscoveryClient_KYC-SERVICE
2026-03-27T09:56:03.123+05:30 DEBUG 4660 --- [Api-Gateway] [reshExecutor-%d] o.s.c.g.r.RouteDefinitionRouteLocator    : RouteDefinition ReactiveCompositeDiscoveryClient_ADMIN-SERVICE applying {pattern=/admin-service/**} to Path
2026-03-27T09:56:03.124+05:30 DEBUG 4660 --- [Api-Gateway] [reshExecutor-%d] o.s.c.g.r.RouteDefinitionRouteLocator    : RouteDefinition ReactiveCompositeDiscoveryClient_ADMIN-SERVICE applying filter {regexp=/admin-service/?(?<remaining>.*), replacement=/${remaining}} to RewritePath
2026-03-27T09:56:03.125+05:30 DEBUG 4660 --- [Api-Gateway] [reshExecutor-%d] o.s.c.g.r.RouteDefinitionRouteLocator    : RouteDefinition matched: ReactiveCompositeDiscoveryClient_ADMIN-SERVICE
2026-03-27T09:56:03.127+05:30 DEBUG 4660 --- [Api-Gateway] [reshExecutor-%d] o.s.c.g.r.RouteDefinitionRouteLocator    : RouteDefinition ReactiveCompositeDiscoveryClient_TRANSACTION-SERVICE applying {pattern=/transaction-service/**} to Path
2026-03-27T09:56:03.128+05:30 DEBUG 4660 --- [Api-Gateway] [reshExecutor-%d] o.s.c.g.r.RouteDefinitionRouteLocator    : RouteDefinition ReactiveCompositeDiscoveryClient_TRANSACTION-SERVICE applying filter {regexp=/transaction-service/?(?<remaining>.*), replacement=/${remaining}} to RewritePath
2026-03-27T09:56:03.130+05:30 DEBUG 4660 --- [Api-Gateway] [reshExecutor-%d] o.s.c.g.r.RouteDefinitionRouteLocator    : RouteDefinition matched: ReactiveCompositeDiscoveryClient_TRANSACTION-SERVICE
2026-03-27T09:56:03.130+05:30 DEBUG 4660 --- [Api-Gateway] [reshExecutor-%d] o.s.c.g.r.RouteDefinitionRouteLocator    : RouteDefinition ReactiveCompositeDiscoveryClient_WALLET-SERVICE applying {pattern=/wallet-service/**} to Path
2026-03-27T09:56:03.132+05:30 DEBUG 4660 --- [Api-Gateway] [reshExecutor-%d] o.s.c.g.r.RouteDefinitionRouteLocator    : RouteDefinition ReactiveCompositeDiscoveryClient_WALLET-SERVICE applying filter {regexp=/wallet-service/?(?<remaining>.*), replacement=/${remaining}} to RewritePath
2026-03-27T09:56:03.132+05:30 DEBUG 4660 --- [Api-Gateway] [reshExecutor-%d] o.s.c.g.r.RouteDefinitionRouteLocator    : RouteDefinition matched: ReactiveCompositeDiscoveryClient_WALLET-SERVICE
2026-03-27T09:56:03.133+05:30 DEBUG 4660 --- [Api-Gateway] [reshExecutor-%d] o.s.c.g.r.RouteDefinitionRouteLocator    : RouteDefinition ReactiveCompositeDiscoveryClient_NOTIFICATION-SERVICE applying {pattern=/notification-service/**} to Path
2026-03-27T09:56:03.134+05:30 DEBUG 4660 --- [Api-Gateway] [reshExecutor-%d] o.s.c.g.r.RouteDefinitionRouteLocator    : RouteDefinition ReactiveCompositeDiscoveryClient_NOTIFICATION-SERVICE applying filter {regexp=/notification-service/?(?<remaining>.*), replacement=/${remaining}} to RewritePath
2026-03-27T09:56:03.135+05:30 DEBUG 4660 --- [Api-Gateway] [reshExecutor-%d] o.s.c.g.r.RouteDefinitionRouteLocator    : RouteDefinition matched: ReactiveCompositeDiscoveryClient_NOTIFICATION-SERVICE
2026-03-27T09:56:03.136+05:30 DEBUG 4660 --- [Api-Gateway] [reshExecutor-%d] o.s.c.g.r.RouteDefinitionRouteLocator    : RouteDefinition ReactiveCompositeDiscoveryClient_USER-SERVICE applying {pattern=/user-service/**} to Path
2026-03-27T09:56:03.137+05:30 DEBUG 4660 --- [Api-Gateway] [reshExecutor-%d] o.s.c.g.r.RouteDefinitionRouteLocator    : RouteDefinition ReactiveCompositeDiscoveryClient_USER-SERVICE applying filter {regexp=/user-service/?(?<remaining>.*), replacement=/${remaining}} to RewritePath
2026-03-27T09:56:03.138+05:30 DEBUG 4660 --- [Api-Gateway] [reshExecutor-%d] o.s.c.g.r.RouteDefinitionRouteLocator    : RouteDefinition matched: ReactiveCompositeDiscoveryClient_USER-SERVICE
2026-03-27T09:56:03.138+05:30 DEBUG 4660 --- [Api-Gateway] [reshExecutor-%d] o.s.c.g.r.RouteDefinitionRouteLocator    : RouteDefinition ReactiveCompositeDiscoveryClient_PAYMENT-SERVICES applying {pattern=/payment-services/**} to Path
2026-03-27T09:56:03.139+05:30 DEBUG 4660 --- [Api-Gateway] [reshExecutor-%d] o.s.c.g.r.RouteDefinitionRouteLocator    : RouteDefinition ReactiveCompositeDiscoveryClient_PAYMENT-SERVICES applying filter {regexp=/payment-services/?(?<remaining>.*), replacement=/${remaining}} to RewritePath
2026-03-27T09:56:03.140+05:30 DEBUG 4660 --- [Api-Gateway] [reshExecutor-%d] o.s.c.g.r.RouteDefinitionRouteLocator    : RouteDefinition matched: ReactiveCompositeDiscoveryClient_PAYMENT-SERVICES
2026-03-27T09:56:03.140+05:30 DEBUG 4660 --- [Api-Gateway] [reshExecutor-%d] o.s.c.g.r.RouteDefinitionRouteLocator    : RouteDefinition AUTH-SERVICE applying {_genkey_0=/auth/**} to Path
2026-03-27T09:56:03.140+05:30 DEBUG 4660 --- [Api-Gateway] [reshExecutor-%d] o.s.c.g.r.RouteDefinitionRouteLocator    : RouteDefinition matched: AUTH-SERVICE
2026-03-27T09:56:03.140+05:30 DEBUG 4660 --- [Api-Gateway] [reshExecutor-%d] o.s.c.g.r.RouteDefinitionRouteLocator    : RouteDefinition ADMIN-SERVICE applying {_genkey_0=/admin/**} to Path
2026-03-27T09:56:03.142+05:30 DEBUG 4660 --- [Api-Gateway] [reshExecutor-%d] o.s.c.g.r.RouteDefinitionRouteLocator    : RouteDefinition matched: ADMIN-SERVICE
2026-03-27T09:56:03.142+05:30 DEBUG 4660 --- [Api-Gateway] [reshExecutor-%d] o.s.c.g.r.RouteDefinitionRouteLocator    : RouteDefinition KYC-SERVICE applying {_genkey_0=/kyc/**} to Path
2026-03-27T09:56:03.142+05:30 DEBUG 4660 --- [Api-Gateway] [reshExecutor-%d] o.s.c.g.r.RouteDefinitionRouteLocator    : RouteDefinition matched: KYC-SERVICE
2026-03-27T09:56:03.142+05:30 DEBUG 4660 --- [Api-Gateway] [reshExecutor-%d] o.s.c.g.r.RouteDefinitionRouteLocator    : RouteDefinition PAYMENT-SERVICES applying {_genkey_0=/api/payments/**} to Path
2026-03-27T09:56:03.143+05:30 DEBUG 4660 --- [Api-Gateway] [reshExecutor-%d] o.s.c.g.r.RouteDefinitionRouteLocator    : RouteDefinition PAYMENT-SERVICES applying filter {_genkey_0=name:paymentCircuitBreaker, _genkey_1=fallbackUri:forward:/fallback/payment} to CircuitBreaker
2026-03-27T09:56:03.143+05:30 DEBUG 4660 --- [Api-Gateway] [reshExecutor-%d] o.s.c.g.r.RouteDefinitionRouteLocator    : RouteDefinition matched: PAYMENT-SERVICES
2026-03-27T09:56:03.143+05:30 DEBUG 4660 --- [Api-Gateway] [reshExecutor-%d] o.s.c.g.r.RouteDefinitionRouteLocator    : RouteDefinition WALLET-SERVICE applying {_genkey_0=/api/wallets/**} to Path
2026-03-27T09:56:03.144+05:30 DEBUG 4660 --- [Api-Gateway] [reshExecutor-%d] o.s.c.g.r.RouteDefinitionRouteLocator    : RouteDefinition WALLET-SERVICE applying filter {_genkey_0=name:walletCircuitBreaker, _genkey_1=fallbackUri:forward:/fallback/general} to CircuitBreaker
2026-03-27T09:56:03.144+05:30 DEBUG 4660 --- [Api-Gateway] [reshExecutor-%d] o.s.c.g.r.RouteDefinitionRouteLocator    : RouteDefinition matched: WALLET-SERVICE
2026-03-27T09:56:03.144+05:30 DEBUG 4660 --- [Api-Gateway] [reshExecutor-%d] o.s.c.g.r.RouteDefinitionRouteLocator    : RouteDefinition TRANSACTION-SERVICE applying {_genkey_0=/api/transaction/**} to Path
2026-03-27T09:56:03.145+05:30 DEBUG 4660 --- [Api-Gateway] [reshExecutor-%d] o.s.c.g.r.RouteDefinitionRouteLocator    : RouteDefinition TRANSACTION-SERVICE applying filter {_genkey_0=name:transactionCircuitBreaker, _genkey_1=fallbackUri:forward:/fallback/general} to CircuitBreaker
2026-03-27T09:56:03.145+05:30 DEBUG 4660 --- [Api-Gateway] [reshExecutor-%d] o.s.c.g.r.RouteDefinitionRouteLocator    : RouteDefinition matched: TRANSACTION-SERVICE
2026-03-27T09:56:03.145+05:30 DEBUG 4660 --- [Api-Gateway] [reshExecutor-%d] o.s.c.g.r.RouteDefinitionRouteLocator    : RouteDefinition REWARDS-SERVICE applying {_genkey_0=/api/rewards/**} to Path
2026-03-27T09:56:03.146+05:30 DEBUG 4660 --- [Api-Gateway] [reshExecutor-%d] o.s.c.g.r.RouteDefinitionRouteLocator    : RouteDefinition REWARDS-SERVICE applying filter {_genkey_0=name:rewardCircuitBreaker, _genkey_1=fallbackUri:forward:/fallback/reward} to CircuitBreaker
2026-03-27T09:56:03.146+05:30 DEBUG 4660 --- [Api-Gateway] [reshExecutor-%d] o.s.c.g.r.RouteDefinitionRouteLocator    : RouteDefinition matched: REWARDS-SERVICE
2026-03-27T09:56:03.146+05:30 DEBUG 4660 --- [Api-Gateway] [reshExecutor-%d] o.s.c.g.r.RouteDefinitionRouteLocator    : RouteDefinition NOTIFICATION-SERVICE applying {_genkey_0=/api/notifications/**} to Path
2026-03-27T09:56:03.147+05:30 DEBUG 4660 --- [Api-Gateway] [reshExecutor-%d] o.s.c.g.r.RouteDefinitionRouteLocator    : RouteDefinition NOTIFICATION-SERVICE applying filter {_genkey_0=name:notificationCircuitBreaker, _genkey_1=fallbackUri:forward:/fallback/general} to CircuitBreaker
2026-03-27T09:56:03.148+05:30 DEBUG 4660 --- [Api-Gateway] [reshExecutor-%d] o.s.c.g.r.RouteDefinitionRouteLocator    : RouteDefinition matched: NOTIFICATION-SERVICE
2026-03-27T09:56:03.148+05:30 DEBUG 4660 --- [Api-Gateway] [reshExecutor-%d] o.s.c.g.r.RouteDefinitionRouteLocator    : RouteDefinition USER-SERVICE applying {_genkey_0=/users/**} to Path
2026-03-27T09:56:03.149+05:30 DEBUG 4660 --- [Api-Gateway] [reshExecutor-%d] o.s.c.g.r.RouteDefinitionRouteLocator    : RouteDefinition matched: USER-SERVICE
2026-03-27T09:56:03.150+05:30 DEBUG 4660 --- [Api-Gateway] [reshExecutor-%d] o.s.c.g.filter.GatewayMetricsFilter      : New routes count: 19
2026-03-27T09:56:33.181+05:30 DEBUG 4660 --- [Api-Gateway] [reshExecutor-%d] o.s.c.g.r.RouteDefinitionRouteLocator    : RouteDefinition ReactiveCompositeDiscoveryClient_CONFIG-SERVIER applying {pattern=/config-servier/**} to Path
2026-03-27T09:56:33.186+05:30 DEBUG 4660 --- [Api-Gateway] [reshExecutor-%d] o.s.c.g.r.RouteDefinitionRouteLocator    : RouteDefinition ReactiveCompositeDiscoveryClient_CONFIG-SERVIER applying filter {regexp=/config-servier/?(?<remaining>.*), replacement=/${remaining}} to RewritePath
2026-03-27T09:56:33.188+05:30 DEBUG 4660 --- [Api-Gateway] [reshExecutor-%d] o.s.c.g.r.RouteDefinitionRouteLocator    : RouteDefinition matched: ReactiveCompositeDiscoveryClient_CONFIG-SERVIER
2026-03-27T09:56:33.189+05:30 DEBUG 4660 --- [Api-Gateway] [reshExecutor-%d] o.s.c.g.r.RouteDefinitionRouteLocator    : RouteDefinition ReactiveCompositeDiscoveryClient_API-GATEWAY applying {pattern=/api-gateway/**} to Path
2026-03-27T09:56:33.189+05:30 DEBUG 4660 --- [Api-Gateway] [reshExecutor-%d] o.s.c.g.r.RouteDefinitionRouteLocator    : RouteDefinition ReactiveCompositeDiscoveryClient_API-GATEWAY applying filter {regexp=/api-gateway/?(?<remaining>.*), replacement=/${remaining}} to RewritePath
2026-03-27T09:56:33.191+05:30 DEBUG 4660 --- [Api-Gateway] [reshExecutor-%d] o.s.c.g.r.RouteDefinitionRouteLocator    : RouteDefinition matched: ReactiveCompositeDiscoveryClient_API-GATEWAY
2026-03-27T09:56:33.192+05:30 DEBUG 4660 --- [Api-Gateway] [reshExecutor-%d] o.s.c.g.r.RouteDefinitionRouteLocator    : RouteDefinition ReactiveCompositeDiscoveryClient_REWARDS-SERVICE applying {pattern=/rewards-service/**} to Path
2026-03-27T09:56:33.194+05:30 DEBUG 4660 --- [Api-Gateway] [reshExecutor-%d] o.s.c.g.r.RouteDefinitionRouteLocator    : RouteDefinition ReactiveCompositeDiscoveryClient_REWARDS-SERVICE applying filter {regexp=/rewards-service/?(?<remaining>.*), replacement=/${remaining}} to RewritePath
2026-03-27T09:56:33.195+05:30 DEBUG 4660 --- [Api-Gateway] [reshExecutor-%d] o.s.c.g.r.RouteDefinitionRouteLocator    : RouteDefinition matched: ReactiveCompositeDiscoveryClient_REWARDS-SERVICE
2026-03-27T09:56:33.196+05:30 DEBUG 4660 --- [Api-Gateway] [reshExecutor-%d] o.s.c.g.r.RouteDefinitionRouteLocator    : RouteDefinition ReactiveCompositeDiscoveryClient_KYC-SERVICE applying {pattern=/kyc-service/**} to Path
2026-03-27T09:56:33.197+05:30 DEBUG 4660 --- [Api-Gateway] [reshExecutor-%d] o.s.c.g.r.RouteDefinitionRouteLocator    : RouteDefinition ReactiveCompositeDiscoveryClient_KYC-SERVICE applying filter {regexp=/kyc-service/?(?<remaining>.*), replacement=/${remaining}} to RewritePath
2026-03-27T09:56:33.197+05:30 DEBUG 4660 --- [Api-Gateway] [reshExecutor-%d] o.s.c.g.r.RouteDefinitionRouteLocator    : RouteDefinition matched: ReactiveCompositeDiscoveryClient_KYC-SERVICE
2026-03-27T09:56:33.197+05:30 DEBUG 4660 --- [Api-Gateway] [reshExecutor-%d] o.s.c.g.r.RouteDefinitionRouteLocator    : RouteDefinition ReactiveCompositeDiscoveryClient_ADMIN-SERVICE applying {pattern=/admin-service/**} to Path
2026-03-27T09:56:33.199+05:30 DEBUG 4660 --- [Api-Gateway] [reshExecutor-%d] o.s.c.g.r.RouteDefinitionRouteLocator    : RouteDefinition ReactiveCompositeDiscoveryClient_ADMIN-SERVICE applying filter {regexp=/admin-service/?(?<remaining>.*), replacement=/${remaining}} to RewritePath
2026-03-27T09:56:33.200+05:30 DEBUG 4660 --- [Api-Gateway] [reshExecutor-%d] o.s.c.g.r.RouteDefinitionRouteLocator    : RouteDefinition matched: ReactiveCompositeDiscoveryClient_ADMIN-SERVICE
2026-03-27T09:56:33.201+05:30 DEBUG 4660 --- [Api-Gateway] [reshExecutor-%d] o.s.c.g.r.RouteDefinitionRouteLocator    : RouteDefinition ReactiveCompositeDiscoveryClient_TRANSACTION-SERVICE applying {pattern=/transaction-service/**} to Path
2026-03-27T09:56:33.201+05:30 DEBUG 4660 --- [Api-Gateway] [reshExecutor-%d] o.s.c.g.r.RouteDefinitionRouteLocator    : RouteDefinition ReactiveCompositeDiscoveryClient_TRANSACTION-SERVICE applying filter {regexp=/transaction-service/?(?<remaining>.*), replacement=/${remaining}} to RewritePath
2026-03-27T09:56:33.202+05:30 DEBUG 4660 --- [Api-Gateway] [reshExecutor-%d] o.s.c.g.r.RouteDefinitionRouteLocator    : RouteDefinition matched: ReactiveCompositeDiscoveryClient_TRANSACTION-SERVICE
2026-03-27T09:56:33.202+05:30 DEBUG 4660 --- [Api-Gateway] [reshExecutor-%d] o.s.c.g.r.RouteDefinitionRouteLocator    : RouteDefinition ReactiveCompositeDiscoveryClient_WALLET-SERVICE applying {pattern=/wallet-service/**} to Path
2026-03-27T09:56:33.203+05:30 DEBUG 4660 --- [Api-Gateway] [reshExecutor-%d] o.s.c.g.r.RouteDefinitionRouteLocator    : RouteDefinition ReactiveCompositeDiscoveryClient_WALLET-SERVICE applying filter {regexp=/wallet-service/?(?<remaining>.*), replacement=/${remaining}} to RewritePath
2026-03-27T09:56:33.203+05:30 DEBUG 4660 --- [Api-Gateway] [reshExecutor-%d] o.s.c.g.r.RouteDefinitionRouteLocator    : RouteDefinition matched: ReactiveCompositeDiscoveryClient_WALLET-SERVICE
2026-03-27T09:56:33.204+05:30 DEBUG 4660 --- [Api-Gateway] [reshExecutor-%d] o.s.c.g.r.RouteDefinitionRouteLocator    : RouteDefinition ReactiveCompositeDiscoveryClient_NOTIFICATION-SERVICE applying {pattern=/notification-service/**} to Path
2026-03-27T09:56:33.204+05:30 DEBUG 4660 --- [Api-Gateway] [reshExecutor-%d] o.s.c.g.r.RouteDefinitionRouteLocator    : RouteDefinition ReactiveCompositeDiscoveryClient_NOTIFICATION-SERVICE applying filter {regexp=/notification-service/?(?<remaining>.*), replacement=/${remaining}} to RewritePath
2026-03-27T09:56:33.205+05:30 DEBUG 4660 --- [Api-Gateway] [reshExecutor-%d] o.s.c.g.r.RouteDefinitionRouteLocator    : RouteDefinition matched: ReactiveCompositeDiscoveryClient_NOTIFICATION-SERVICE
2026-03-27T09:56:33.205+05:30 DEBUG 4660 --- [Api-Gateway] [reshExecutor-%d] o.s.c.g.r.RouteDefinitionRouteLocator    : RouteDefinition ReactiveCompositeDiscoveryClient_USER-SERVICE applying {pattern=/user-service/**} to Path
2026-03-27T09:56:33.206+05:30 DEBUG 4660 --- [Api-Gateway] [reshExecutor-%d] o.s.c.g.r.RouteDefinitionRouteLocator    : RouteDefinition ReactiveCompositeDiscoveryClient_USER-SERVICE applying filter {regexp=/user-service/?(?<remaining>.*), replacement=/${remaining}} to RewritePath
2026-03-27T09:56:33.207+05:30 DEBUG 4660 --- [Api-Gateway] [reshExecutor-%d] o.s.c.g.r.RouteDefinitionRouteLocator    : RouteDefinition matched: ReactiveCompositeDiscoveryClient_USER-SERVICE
2026-03-27T09:56:33.207+05:30 DEBUG 4660 --- [Api-Gateway] [reshExecutor-%d] o.s.c.g.r.RouteDefinitionRouteLocator    : RouteDefinition ReactiveCompositeDiscoveryClient_PAYMENT-SERVICES applying {pattern=/payment-services/**} to Path
2026-03-27T09:56:33.208+05:30 DEBUG 4660 --- [Api-Gateway] [reshExecutor-%d] o.s.c.g.r.RouteDefinitionRouteLocator    : RouteDefinition ReactiveCompositeDiscoveryClient_PAYMENT-SERVICES applying filter {regexp=/payment-services/?(?<remaining>.*), replacement=/${remaining}} to RewritePath
2026-03-27T09:56:33.209+05:30 DEBUG 4660 --- [Api-Gateway] [reshExecutor-%d] o.s.c.g.r.RouteDefinitionRouteLocator    : RouteDefinition matched: ReactiveCompositeDiscoveryClient_PAYMENT-SERVICES
2026-03-27T09:56:33.209+05:30 DEBUG 4660 --- [Api-Gateway] [reshExecutor-%d] o.s.c.g.r.RouteDefinitionRouteLocator    : RouteDefinition AUTH-SERVICE applying {_genkey_0=/auth/**} to Path
2026-03-27T09:56:33.210+05:30 DEBUG 4660 --- [Api-Gateway] [reshExecutor-%d] o.s.c.g.r.RouteDefinitionRouteLocator    : RouteDefinition matched: AUTH-SERVICE
2026-03-27T09:56:33.210+05:30 DEBUG 4660 --- [Api-Gateway] [reshExecutor-%d] o.s.c.g.r.RouteDefinitionRouteLocator    : RouteDefinition ADMIN-SERVICE applying {_genkey_0=/admin/**} to Path
2026-03-27T09:56:33.211+05:30 DEBUG 4660 --- [Api-Gateway] [reshExecutor-%d] o.s.c.g.r.RouteDefinitionRouteLocator    : RouteDefinition matched: ADMIN-SERVICE
2026-03-27T09:56:33.211+05:30 DEBUG 4660 --- [Api-Gateway] [reshExecutor-%d] o.s.c.g.r.RouteDefinitionRouteLocator    : RouteDefinition KYC-SERVICE applying {_genkey_0=/kyc/**} to Path
2026-03-27T09:56:33.211+05:30 DEBUG 4660 --- [Api-Gateway] [reshExecutor-%d] o.s.c.g.r.RouteDefinitionRouteLocator    : RouteDefinition matched: KYC-SERVICE
2026-03-27T09:56:33.211+05:30 DEBUG 4660 --- [Api-Gateway] [reshExecutor-%d] o.s.c.g.r.RouteDefinitionRouteLocator    : RouteDefinition PAYMENT-SERVICES applying {_genkey_0=/api/payments/**} to Path
2026-03-27T09:56:33.212+05:30 DEBUG 4660 --- [Api-Gateway] [reshExecutor-%d] o.s.c.g.r.RouteDefinitionRouteLocator    : RouteDefinition PAYMENT-SERVICES applying filter {_genkey_0=name:paymentCircuitBreaker, _genkey_1=fallbackUri:forward:/fallback/payment} to CircuitBreaker
2026-03-27T09:56:33.212+05:30 DEBUG 4660 --- [Api-Gateway] [reshExecutor-%d] o.s.c.g.r.RouteDefinitionRouteLocator    : RouteDefinition matched: PAYMENT-SERVICES
2026-03-27T09:56:33.212+05:30 DEBUG 4660 --- [Api-Gateway] [reshExecutor-%d] o.s.c.g.r.RouteDefinitionRouteLocator    : RouteDefinition WALLET-SERVICE applying {_genkey_0=/api/wallets/**} to Path
2026-03-27T09:56:33.213+05:30 DEBUG 4660 --- [Api-Gateway] [reshExecutor-%d] o.s.c.g.r.RouteDefinitionRouteLocator    : RouteDefinition WALLET-SERVICE applying filter {_genkey_0=name:walletCircuitBreaker, _genkey_1=fallbackUri:forward:/fallback/general} to CircuitBreaker
2026-03-27T09:56:33.213+05:30 DEBUG 4660 --- [Api-Gateway] [reshExecutor-%d] o.s.c.g.r.RouteDefinitionRouteLocator    : RouteDefinition matched: WALLET-SERVICE
2026-03-27T09:56:33.213+05:30 DEBUG 4660 --- [Api-Gateway] [reshExecutor-%d] o.s.c.g.r.RouteDefinitionRouteLocator    : RouteDefinition TRANSACTION-SERVICE applying {_genkey_0=/api/transaction/**} to Path
2026-03-27T09:56:33.214+05:30 DEBUG 4660 --- [Api-Gateway] [reshExecutor-%d] o.s.c.g.r.RouteDefinitionRouteLocator    : RouteDefinition TRANSACTION-SERVICE applying filter {_genkey_0=name:transactionCircuitBreaker, _genkey_1=fallbackUri:forward:/fallback/general} to CircuitBreaker
2026-03-27T09:56:33.214+05:30 DEBUG 4660 --- [Api-Gateway] [reshExecutor-%d] o.s.c.g.r.RouteDefinitionRouteLocator    : RouteDefinition matched: TRANSACTION-SERVICE
2026-03-27T09:56:33.215+05:30 DEBUG 4660 --- [Api-Gateway] [reshExecutor-%d] o.s.c.g.r.RouteDefinitionRouteLocator    : RouteDefinition REWARDS-SERVICE applying {_genkey_0=/api/rewards/**} to Path
2026-03-27T09:56:33.215+05:30 DEBUG 4660 --- [Api-Gateway] [reshExecutor-%d] o.s.c.g.r.RouteDefinitionRouteLocator    : RouteDefinition REWARDS-SERVICE applying filter {_genkey_0=name:rewardCircuitBreaker, _genkey_1=fallbackUri:forward:/fallback/reward} to CircuitBreaker
2026-03-27T09:56:33.215+05:30 DEBUG 4660 --- [Api-Gateway] [reshExecutor-%d] o.s.c.g.r.RouteDefinitionRouteLocator    : RouteDefinition matched: REWARDS-SERVICE
2026-03-27T09:56:33.216+05:30 DEBUG 4660 --- [Api-Gateway] [reshExecutor-%d] o.s.c.g.r.RouteDefinitionRouteLocator    : RouteDefinition NOTIFICATION-SERVICE applying {_genkey_0=/api/notifications/**} to Path
2026-03-27T09:56:33.216+05:30 DEBUG 4660 --- [Api-Gateway] [reshExecutor-%d] o.s.c.g.r.RouteDefinitionRouteLocator    : RouteDefinition NOTIFICATION-SERVICE applying filter {_genkey_0=name:notificationCircuitBreaker, _genkey_1=fallbackUri:forward:/fallback/general} to CircuitBreaker
2026-03-27T09:56:33.216+05:30 DEBUG 4660 --- [Api-Gateway] [reshExecutor-%d] o.s.c.g.r.RouteDefinitionRouteLocator    : RouteDefinition matched: NOTIFICATION-SERVICE
2026-03-27T09:56:33.217+05:30 DEBUG 4660 --- [Api-Gateway] [reshExecutor-%d] o.s.c.g.r.RouteDefinitionRouteLocator    : RouteDefinition USER-SERVICE applying {_genkey_0=/users/**} to Path
2026-03-27T09:56:33.217+05:30 DEBUG 4660 --- [Api-Gateway] [reshExecutor-%d] o.s.c.g.r.RouteDefinitionRouteLocator    : RouteDefinition matched: USER-SERVICE
2026-03-27T09:56:33.218+05:30 DEBUG 4660 --- [Api-Gateway] [reshExecutor-%d] o.s.c.g.filter.GatewayMetricsFilter      : New routes count: 19
2026-03-27T09:57:03.246+05:30 DEBUG 4660 --- [Api-Gateway] [reshExecutor-%d] o.s.c.g.r.RouteDefinitionRouteLocator    : RouteDefinition ReactiveCompositeDiscoveryClient_CONFIG-SERVIER applying {pattern=/config-servier/**} to Path
2026-03-27T09:57:03.250+05:30 DEBUG 4660 --- [Api-Gateway] [reshExecutor-%d] o.s.c.g.r.RouteDefinitionRouteLocator    : RouteDefinition ReactiveCompositeDiscoveryClient_CONFIG-SERVIER applying filter {regexp=/config-servier/?(?<remaining>.*), replacement=/${remaining}} to RewritePath
2026-03-27T09:57:03.251+05:30 DEBUG 4660 --- [Api-Gateway] [reshExecutor-%d] o.s.c.g.r.RouteDefinitionRouteLocator    : RouteDefinition matched: ReactiveCompositeDiscoveryClient_CONFIG-SERVIER
2026-03-27T09:57:03.252+05:30 DEBUG 4660 --- [Api-Gateway] [reshExecutor-%d] o.s.c.g.r.RouteDefinitionRouteLocator    : RouteDefinition ReactiveCompositeDiscoveryClient_API-GATEWAY applying {pattern=/api-gateway/**} to Path
2026-03-27T09:57:03.252+05:30 DEBUG 4660 --- [Api-Gateway] [reshExecutor-%d] o.s.c.g.r.RouteDefinitionRouteLocator    : RouteDefinition ReactiveCompositeDiscoveryClient_API-GATEWAY applying filter {regexp=/api-gateway/?(?<remaining>.*), replacement=/${remaining}} to RewritePath
2026-03-27T09:57:03.253+05:30 DEBUG 4660 --- [Api-Gateway] [reshExecutor-%d] o.s.c.g.r.RouteDefinitionRouteLocator    : RouteDefinition matched: ReactiveCompositeDiscoveryClient_API-GATEWAY
2026-03-27T09:57:03.253+05:30 DEBUG 4660 --- [Api-Gateway] [reshExecutor-%d] o.s.c.g.r.RouteDefinitionRouteLocator    : RouteDefinition ReactiveCompositeDiscoveryClient_REWARDS-SERVICE applying {pattern=/rewards-service/**} to Path
2026-03-27T09:57:03.254+05:30 DEBUG 4660 --- [Api-Gateway] [reshExecutor-%d] o.s.c.g.r.RouteDefinitionRouteLocator    : RouteDefinition ReactiveCompositeDiscoveryClient_REWARDS-SERVICE applying filter {regexp=/rewards-service/?(?<remaining>.*), replacement=/${remaining}} to RewritePath
2026-03-27T09:57:03.255+05:30 DEBUG 4660 --- [Api-Gateway] [reshExecutor-%d] o.s.c.g.r.RouteDefinitionRouteLocator    : RouteDefinition matched: ReactiveCompositeDiscoveryClient_REWARDS-SERVICE
2026-03-27T09:57:03.255+05:30 DEBUG 4660 --- [Api-Gateway] [reshExecutor-%d] o.s.c.g.r.RouteDefinitionRouteLocator    : RouteDefinition ReactiveCompositeDiscoveryClient_KYC-SERVICE applying {pattern=/kyc-service/**} to Path
2026-03-27T09:57:03.256+05:30 DEBUG 4660 --- [Api-Gateway] [reshExecutor-%d] o.s.c.g.r.RouteDefinitionRouteLocator    : RouteDefinition ReactiveCompositeDiscoveryClient_KYC-SERVICE applying filter {regexp=/kyc-service/?(?<remaining>.*), replacement=/${remaining}} to RewritePath
2026-03-27T09:57:03.256+05:30 DEBUG 4660 --- [Api-Gateway] [reshExecutor-%d] o.s.c.g.r.RouteDefinitionRouteLocator    : RouteDefinition matched: ReactiveCompositeDiscoveryClient_KYC-SERVICE
2026-03-27T09:57:03.257+05:30 DEBUG 4660 --- [Api-Gateway] [reshExecutor-%d] o.s.c.g.r.RouteDefinitionRouteLocator    : RouteDefinition ReactiveCompositeDiscoveryClient_ADMIN-SERVICE applying {pattern=/admin-service/**} to Path
2026-03-27T09:57:03.257+05:30 DEBUG 4660 --- [Api-Gateway] [reshExecutor-%d] o.s.c.g.r.RouteDefinitionRouteLocator    : RouteDefinition ReactiveCompositeDiscoveryClient_ADMIN-SERVICE applying filter {regexp=/admin-service/?(?<remaining>.*), replacement=/${remaining}} to RewritePath
2026-03-27T09:57:03.257+05:30 DEBUG 4660 --- [Api-Gateway] [reshExecutor-%d] o.s.c.g.r.RouteDefinitionRouteLocator    : RouteDefinition matched: ReactiveCompositeDiscoveryClient_ADMIN-SERVICE
2026-03-27T09:57:03.257+05:30 DEBUG 4660 --- [Api-Gateway] [reshExecutor-%d] o.s.c.g.r.RouteDefinitionRouteLocator    : RouteDefinition ReactiveCompositeDiscoveryClient_TRANSACTION-SERVICE applying {pattern=/transaction-service/**} to Path
2026-03-27T09:57:03.257+05:30 DEBUG 4660 --- [Api-Gateway] [reshExecutor-%d] o.s.c.g.r.RouteDefinitionRouteLocator    : RouteDefinition ReactiveCompositeDiscoveryClient_TRANSACTION-SERVICE applying filter {regexp=/transaction-service/?(?<remaining>.*), replacement=/${remaining}} to RewritePath
2026-03-27T09:57:03.259+05:30 DEBUG 4660 --- [Api-Gateway] [reshExecutor-%d] o.s.c.g.r.RouteDefinitionRouteLocator    : RouteDefinition matched: ReactiveCompositeDiscoveryClient_TRANSACTION-SERVICE
2026-03-27T09:57:03.259+05:30 DEBUG 4660 --- [Api-Gateway] [reshExecutor-%d] o.s.c.g.r.RouteDefinitionRouteLocator    : RouteDefinition ReactiveCompositeDiscoveryClient_WALLET-SERVICE applying {pattern=/wallet-service/**} to Path
2026-03-27T09:57:03.260+05:30 DEBUG 4660 --- [Api-Gateway] [reshExecutor-%d] o.s.c.g.r.RouteDefinitionRouteLocator    : RouteDefinition ReactiveCompositeDiscoveryClient_WALLET-SERVICE applying filter {regexp=/wallet-service/?(?<remaining>.*), replacement=/${remaining}} to RewritePath
2026-03-27T09:57:03.261+05:30 DEBUG 4660 --- [Api-Gateway] [reshExecutor-%d] o.s.c.g.r.RouteDefinitionRouteLocator    : RouteDefinition matched: ReactiveCompositeDiscoveryClient_WALLET-SERVICE
2026-03-27T09:57:03.261+05:30 DEBUG 4660 --- [Api-Gateway] [reshExecutor-%d] o.s.c.g.r.RouteDefinitionRouteLocator    : RouteDefinition ReactiveCompositeDiscoveryClient_NOTIFICATION-SERVICE applying {pattern=/notification-service/**} to Path
2026-03-27T09:57:03.261+05:30 DEBUG 4660 --- [Api-Gateway] [reshExecutor-%d] o.s.c.g.r.RouteDefinitionRouteLocator    : RouteDefinition ReactiveCompositeDiscoveryClient_NOTIFICATION-SERVICE applying filter {regexp=/notification-service/?(?<remaining>.*), replacement=/${remaining}} to RewritePath
2026-03-27T09:57:03.262+05:30 DEBUG 4660 --- [Api-Gateway] [reshExecutor-%d] o.s.c.g.r.RouteDefinitionRouteLocator    : RouteDefinition matched: ReactiveCompositeDiscoveryClient_NOTIFICATION-SERVICE
2026-03-27T09:57:03.262+05:30 DEBUG 4660 --- [Api-Gateway] [reshExecutor-%d] o.s.c.g.r.RouteDefinitionRouteLocator    : RouteDefinition ReactiveCompositeDiscoveryClient_USER-SERVICE applying {pattern=/user-service/**} to Path
2026-03-27T09:57:03.263+05:30 DEBUG 4660 --- [Api-Gateway] [reshExecutor-%d] o.s.c.g.r.RouteDefinitionRouteLocator    : RouteDefinition ReactiveCompositeDiscoveryClient_USER-SERVICE applying filter {regexp=/user-service/?(?<remaining>.*), replacement=/${remaining}} to RewritePath
2026-03-27T09:57:03.263+05:30 DEBUG 4660 --- [Api-Gateway] [reshExecutor-%d] o.s.c.g.r.RouteDefinitionRouteLocator    : RouteDefinition matched: ReactiveCompositeDiscoveryClient_USER-SERVICE
2026-03-27T09:57:03.263+05:30 DEBUG 4660 --- [Api-Gateway] [reshExecutor-%d] o.s.c.g.r.RouteDefinitionRouteLocator    : RouteDefinition ReactiveCompositeDiscoveryClient_PAYMENT-SERVICES applying {pattern=/payment-services/**} to Path
2026-03-27T09:57:03.264+05:30 DEBUG 4660 --- [Api-Gateway] [reshExecutor-%d] o.s.c.g.r.RouteDefinitionRouteLocator    : RouteDefinition ReactiveCompositeDiscoveryClient_PAYMENT-SERVICES applying filter {regexp=/payment-services/?(?<remaining>.*), replacement=/${remaining}} to RewritePath
2026-03-27T09:57:03.264+05:30 DEBUG 4660 --- [Api-Gateway] [reshExecutor-%d] o.s.c.g.r.RouteDefinitionRouteLocator    : RouteDefinition matched: ReactiveCompositeDiscoveryClient_PAYMENT-SERVICES
2026-03-27T09:57:03.264+05:30 DEBUG 4660 --- [Api-Gateway] [reshExecutor-%d] o.s.c.g.r.RouteDefinitionRouteLocator    : RouteDefinition AUTH-SERVICE applying {_genkey_0=/auth/**} to Path
2026-03-27T09:57:03.265+05:30 DEBUG 4660 --- [Api-Gateway] [reshExecutor-%d] o.s.c.g.r.RouteDefinitionRouteLocator    : RouteDefinition matched: AUTH-SERVICE
2026-03-27T09:57:03.265+05:30 DEBUG 4660 --- [Api-Gateway] [reshExecutor-%d] o.s.c.g.r.RouteDefinitionRouteLocator    : RouteDefinition ADMIN-SERVICE applying {_genkey_0=/admin/**} to Path
2026-03-27T09:57:03.266+05:30 DEBUG 4660 --- [Api-Gateway] [reshExecutor-%d] o.s.c.g.r.RouteDefinitionRouteLocator    : RouteDefinition matched: ADMIN-SERVICE
2026-03-27T09:57:03.266+05:30 DEBUG 4660 --- [Api-Gateway] [reshExecutor-%d] o.s.c.g.r.RouteDefinitionRouteLocator    : RouteDefinition KYC-SERVICE applying {_genkey_0=/kyc/**} to Path
2026-03-27T09:57:03.267+05:30 DEBUG 4660 --- [Api-Gateway] [reshExecutor-%d] o.s.c.g.r.RouteDefinitionRouteLocator    : RouteDefinition matched: KYC-SERVICE
2026-03-27T09:57:03.267+05:30 DEBUG 4660 --- [Api-Gateway] [reshExecutor-%d] o.s.c.g.r.RouteDefinitionRouteLocator    : RouteDefinition PAYMENT-SERVICES applying {_genkey_0=/api/payments/**} to Path
2026-03-27T09:57:03.268+05:30 DEBUG 4660 --- [Api-Gateway] [reshExecutor-%d] o.s.c.g.r.RouteDefinitionRouteLocator    : RouteDefinition PAYMENT-SERVICES applying filter {_genkey_0=name:paymentCircuitBreaker, _genkey_1=fallbackUri:forward:/fallback/payment} to CircuitBreaker
2026-03-27T09:57:03.268+05:30 DEBUG 4660 --- [Api-Gateway] [reshExecutor-%d] o.s.c.g.r.RouteDefinitionRouteLocator    : RouteDefinition matched: PAYMENT-SERVICES
2026-03-27T09:57:03.269+05:30 DEBUG 4660 --- [Api-Gateway] [reshExecutor-%d] o.s.c.g.r.RouteDefinitionRouteLocator    : RouteDefinition WALLET-SERVICE applying {_genkey_0=/api/wallets/**} to Path
2026-03-27T09:57:03.269+05:30 DEBUG 4660 --- [Api-Gateway] [reshExecutor-%d] o.s.c.g.r.RouteDefinitionRouteLocator    : RouteDefinition WALLET-SERVICE applying filter {_genkey_0=name:walletCircuitBreaker, _genkey_1=fallbackUri:forward:/fallback/general} to CircuitBreaker
2026-03-27T09:57:03.269+05:30 DEBUG 4660 --- [Api-Gateway] [reshExecutor-%d] o.s.c.g.r.RouteDefinitionRouteLocator    : RouteDefinition matched: WALLET-SERVICE
2026-03-27T09:57:03.270+05:30 DEBUG 4660 --- [Api-Gateway] [reshExecutor-%d] o.s.c.g.r.RouteDefinitionRouteLocator    : RouteDefinition TRANSACTION-SERVICE applying {_genkey_0=/api/transaction/**} to Path
2026-03-27T09:57:03.270+05:30 DEBUG 4660 --- [Api-Gateway] [reshExecutor-%d] o.s.c.g.r.RouteDefinitionRouteLocator    : RouteDefinition TRANSACTION-SERVICE applying filter {_genkey_0=name:transactionCircuitBreaker, _genkey_1=fallbackUri:forward:/fallback/general} to CircuitBreaker
2026-03-27T09:57:03.272+05:30 DEBUG 4660 --- [Api-Gateway] [reshExecutor-%d] o.s.c.g.r.RouteDefinitionRouteLocator    : RouteDefinition matched: TRANSACTION-SERVICE
2026-03-27T09:57:03.272+05:30 DEBUG 4660 --- [Api-Gateway] [reshExecutor-%d] o.s.c.g.r.RouteDefinitionRouteLocator    : RouteDefinition REWARDS-SERVICE applying {_genkey_0=/api/rewards/**} to Path
2026-03-27T09:57:03.273+05:30 DEBUG 4660 --- [Api-Gateway] [reshExecutor-%d] o.s.c.g.r.RouteDefinitionRouteLocator    : RouteDefinition REWARDS-SERVICE applying filter {_genkey_0=name:rewardCircuitBreaker, _genkey_1=fallbackUri:forward:/fallback/reward} to CircuitBreaker
2026-03-27T09:57:03.273+05:30 DEBUG 4660 --- [Api-Gateway] [reshExecutor-%d] o.s.c.g.r.RouteDefinitionRouteLocator    : RouteDefinition matched: REWARDS-SERVICE
2026-03-27T09:57:03.273+05:30 DEBUG 4660 --- [Api-Gateway] [reshExecutor-%d] o.s.c.g.r.RouteDefinitionRouteLocator    : RouteDefinition NOTIFICATION-SERVICE applying {_genkey_0=/api/notifications/**} to Path
2026-03-27T09:57:03.274+05:30 DEBUG 4660 --- [Api-Gateway] [reshExecutor-%d] o.s.c.g.r.RouteDefinitionRouteLocator    : RouteDefinition NOTIFICATION-SERVICE applying filter {_genkey_0=name:notificationCircuitBreaker, _genkey_1=fallbackUri:forward:/fallback/general} to CircuitBreaker
2026-03-27T09:57:03.275+05:30 DEBUG 4660 --- [Api-Gateway] [reshExecutor-%d] o.s.c.g.r.RouteDefinitionRouteLocator    : RouteDefinition matched: NOTIFICATION-SERVICE
2026-03-27T09:57:03.275+05:30 DEBUG 4660 --- [Api-Gateway] [reshExecutor-%d] o.s.c.g.r.RouteDefinitionRouteLocator    : RouteDefinition USER-SERVICE applying {_genkey_0=/users/**} to Path
2026-03-27T09:57:03.276+05:30 DEBUG 4660 --- [Api-Gateway] [reshExecutor-%d] o.s.c.g.r.RouteDefinitionRouteLocator    : RouteDefinition matched: USER-SERVICE
2026-03-27T09:57:03.277+05:30 DEBUG 4660 --- [Api-Gateway] [reshExecutor-%d] o.s.c.g.filter.GatewayMetricsFilter      : New routes count: 19
2026-03-27T09:57:33.301+05:30 DEBUG 4660 --- [Api-Gateway] [reshExecutor-%d] o.s.c.g.r.RouteDefinitionRouteLocator    : RouteDefinition ReactiveCompositeDiscoveryClient_CONFIG-SERVIER applying {pattern=/config-servier/**} to Path
2026-03-27T09:57:33.305+05:30 DEBUG 4660 --- [Api-Gateway] [reshExecutor-%d] o.s.c.g.r.RouteDefinitionRouteLocator    : RouteDefinition ReactiveCompositeDiscoveryClient_CONFIG-SERVIER applying filter {regexp=/config-servier/?(?<remaining>.*), replacement=/${remaining}} to RewritePath
2026-03-27T09:57:33.306+05:30 DEBUG 4660 --- [Api-Gateway] [reshExecutor-%d] o.s.c.g.r.RouteDefinitionRouteLocator    : RouteDefinition matched: ReactiveCompositeDiscoveryClient_CONFIG-SERVIER
2026-03-27T09:57:33.306+05:30 DEBUG 4660 --- [Api-Gateway] [reshExecutor-%d] o.s.c.g.r.RouteDefinitionRouteLocator    : RouteDefinition ReactiveCompositeDiscoveryClient_API-GATEWAY applying {pattern=/api-gateway/**} to Path
2026-03-27T09:57:33.307+05:30 DEBUG 4660 --- [Api-Gateway] [reshExecutor-%d] o.s.c.g.r.RouteDefinitionRouteLocator    : RouteDefinition ReactiveCompositeDiscoveryClient_API-GATEWAY applying filter {regexp=/api-gateway/?(?<remaining>.*), replacement=/${remaining}} to RewritePath
2026-03-27T09:57:33.309+05:30 DEBUG 4660 --- [Api-Gateway] [reshExecutor-%d] o.s.c.g.r.RouteDefinitionRouteLocator    : RouteDefinition matched: ReactiveCompositeDiscoveryClient_API-GATEWAY
2026-03-27T09:57:33.309+05:30 DEBUG 4660 --- [Api-Gateway] [reshExecutor-%d] o.s.c.g.r.RouteDefinitionRouteLocator    : RouteDefinition ReactiveCompositeDiscoveryClient_REWARDS-SERVICE applying {pattern=/rewards-service/**} to Path
2026-03-27T09:57:33.310+05:30 DEBUG 4660 --- [Api-Gateway] [reshExecutor-%d] o.s.c.g.r.RouteDefinitionRouteLocator    : RouteDefinition ReactiveCompositeDiscoveryClient_REWARDS-SERVICE applying filter {regexp=/rewards-service/?(?<remaining>.*), replacement=/${remaining}} to RewritePath
2026-03-27T09:57:33.311+05:30 DEBUG 4660 --- [Api-Gateway] [reshExecutor-%d] o.s.c.g.r.RouteDefinitionRouteLocator    : RouteDefinition matched: ReactiveCompositeDiscoveryClient_REWARDS-SERVICE
2026-03-27T09:57:33.311+05:30 DEBUG 4660 --- [Api-Gateway] [reshExecutor-%d] o.s.c.g.r.RouteDefinitionRouteLocator    : RouteDefinition ReactiveCompositeDiscoveryClient_KYC-SERVICE applying {pattern=/kyc-service/**} to Path
2026-03-27T09:57:33.311+05:30 DEBUG 4660 --- [Api-Gateway] [reshExecutor-%d] o.s.c.g.r.RouteDefinitionRouteLocator    : RouteDefinition ReactiveCompositeDiscoveryClient_KYC-SERVICE applying filter {regexp=/kyc-service/?(?<remaining>.*), replacement=/${remaining}} to RewritePath
2026-03-27T09:57:33.311+05:30 DEBUG 4660 --- [Api-Gateway] [reshExecutor-%d] o.s.c.g.r.RouteDefinitionRouteLocator    : RouteDefinition matched: ReactiveCompositeDiscoveryClient_KYC-SERVICE
2026-03-27T09:57:33.312+05:30 DEBUG 4660 --- [Api-Gateway] [reshExecutor-%d] o.s.c.g.r.RouteDefinitionRouteLocator    : RouteDefinition ReactiveCompositeDiscoveryClient_ADMIN-SERVICE applying {pattern=/admin-service/**} to Path
2026-03-27T09:57:33.312+05:30 DEBUG 4660 --- [Api-Gateway] [reshExecutor-%d] o.s.c.g.r.RouteDefinitionRouteLocator    : RouteDefinition ReactiveCompositeDiscoveryClient_ADMIN-SERVICE applying filter {regexp=/admin-service/?(?<remaining>.*), replacement=/${remaining}} to RewritePath
2026-03-27T09:57:33.313+05:30 DEBUG 4660 --- [Api-Gateway] [reshExecutor-%d] o.s.c.g.r.RouteDefinitionRouteLocator    : RouteDefinition matched: ReactiveCompositeDiscoveryClient_ADMIN-SERVICE
2026-03-27T09:57:33.313+05:30 DEBUG 4660 --- [Api-Gateway] [reshExecutor-%d] o.s.c.g.r.RouteDefinitionRouteLocator    : RouteDefinition ReactiveCompositeDiscoveryClient_TRANSACTION-SERVICE applying {pattern=/transaction-service/**} to Path
2026-03-27T09:57:33.313+05:30 DEBUG 4660 --- [Api-Gateway] [reshExecutor-%d] o.s.c.g.r.RouteDefinitionRouteLocator    : RouteDefinition ReactiveCompositeDiscoveryClient_TRANSACTION-SERVICE applying filter {regexp=/transaction-service/?(?<remaining>.*), replacement=/${remaining}} to RewritePath
2026-03-27T09:57:33.313+05:30 DEBUG 4660 --- [Api-Gateway] [reshExecutor-%d] o.s.c.g.r.RouteDefinitionRouteLocator    : RouteDefinition matched: ReactiveCompositeDiscoveryClient_TRANSACTION-SERVICE
2026-03-27T09:57:33.313+05:30 DEBUG 4660 --- [Api-Gateway] [reshExecutor-%d] o.s.c.g.r.RouteDefinitionRouteLocator    : RouteDefinition ReactiveCompositeDiscoveryClient_WALLET-SERVICE applying {pattern=/wallet-service/**} to Path
2026-03-27T09:57:33.315+05:30 DEBUG 4660 --- [Api-Gateway] [reshExecutor-%d] o.s.c.g.r.RouteDefinitionRouteLocator    : RouteDefinition ReactiveCompositeDiscoveryClient_WALLET-SERVICE applying filter {regexp=/wallet-service/?(?<remaining>.*), replacement=/${remaining}} to RewritePath
2026-03-27T09:57:33.316+05:30 DEBUG 4660 --- [Api-Gateway] [reshExecutor-%d] o.s.c.g.r.RouteDefinitionRouteLocator    : RouteDefinition matched: ReactiveCompositeDiscoveryClient_WALLET-SERVICE
2026-03-27T09:57:33.316+05:30 DEBUG 4660 --- [Api-Gateway] [reshExecutor-%d] o.s.c.g.r.RouteDefinitionRouteLocator    : RouteDefinition ReactiveCompositeDiscoveryClient_NOTIFICATION-SERVICE applying {pattern=/notification-service/**} to Path
2026-03-27T09:57:33.316+05:30 DEBUG 4660 --- [Api-Gateway] [reshExecutor-%d] o.s.c.g.r.RouteDefinitionRouteLocator    : RouteDefinition ReactiveCompositeDiscoveryClient_NOTIFICATION-SERVICE applying filter {regexp=/notification-service/?(?<remaining>.*), replacement=/${remaining}} to RewritePath
2026-03-27T09:57:33.317+05:30 DEBUG 4660 --- [Api-Gateway] [reshExecutor-%d] o.s.c.g.r.RouteDefinitionRouteLocator    : RouteDefinition matched: ReactiveCompositeDiscoveryClient_NOTIFICATION-SERVICE
2026-03-27T09:57:33.317+05:30 DEBUG 4660 --- [Api-Gateway] [reshExecutor-%d] o.s.c.g.r.RouteDefinitionRouteLocator    : RouteDefinition ReactiveCompositeDiscoveryClient_USER-SERVICE applying {pattern=/user-service/**} to Path
2026-03-27T09:57:33.318+05:30 DEBUG 4660 --- [Api-Gateway] [reshExecutor-%d] o.s.c.g.r.RouteDefinitionRouteLocator    : RouteDefinition ReactiveCompositeDiscoveryClient_USER-SERVICE applying filter {regexp=/user-service/?(?<remaining>.*), replacement=/${remaining}} to RewritePath
2026-03-27T09:57:33.318+05:30 DEBUG 4660 --- [Api-Gateway] [reshExecutor-%d] o.s.c.g.r.RouteDefinitionRouteLocator    : RouteDefinition matched: ReactiveCompositeDiscoveryClient_USER-SERVICE
2026-03-27T09:57:33.318+05:30 DEBUG 4660 --- [Api-Gateway] [reshExecutor-%d] o.s.c.g.r.RouteDefinitionRouteLocator    : RouteDefinition ReactiveCompositeDiscoveryClient_PAYMENT-SERVICES applying {pattern=/payment-services/**} to Path
2026-03-27T09:57:33.319+05:30 DEBUG 4660 --- [Api-Gateway] [reshExecutor-%d] o.s.c.g.r.RouteDefinitionRouteLocator    : RouteDefinition ReactiveCompositeDiscoveryClient_PAYMENT-SERVICES applying filter {regexp=/payment-services/?(?<remaining>.*), replacement=/${remaining}} to RewritePath
2026-03-27T09:57:33.319+05:30 DEBUG 4660 --- [Api-Gateway] [reshExecutor-%d] o.s.c.g.r.RouteDefinitionRouteLocator    : RouteDefinition matched: ReactiveCompositeDiscoveryClient_PAYMENT-SERVICES
2026-03-27T09:57:33.319+05:30 DEBUG 4660 --- [Api-Gateway] [reshExecutor-%d] o.s.c.g.r.RouteDefinitionRouteLocator    : RouteDefinition AUTH-SERVICE applying {_genkey_0=/auth/**} to Path
2026-03-27T09:57:33.320+05:30 DEBUG 4660 --- [Api-Gateway] [reshExecutor-%d] o.s.c.g.r.RouteDefinitionRouteLocator    : RouteDefinition matched: AUTH-SERVICE
2026-03-27T09:57:33.320+05:30 DEBUG 4660 --- [Api-Gateway] [reshExecutor-%d] o.s.c.g.r.RouteDefinitionRouteLocator    : RouteDefinition ADMIN-SERVICE applying {_genkey_0=/admin/**} to Path
2026-03-27T09:57:33.320+05:30 DEBUG 4660 --- [Api-Gateway] [reshExecutor-%d] o.s.c.g.r.RouteDefinitionRouteLocator    : RouteDefinition matched: ADMIN-SERVICE
2026-03-27T09:57:33.320+05:30 DEBUG 4660 --- [Api-Gateway] [reshExecutor-%d] o.s.c.g.r.RouteDefinitionRouteLocator    : RouteDefinition KYC-SERVICE applying {_genkey_0=/kyc/**} to Path
2026-03-27T09:57:33.321+05:30 DEBUG 4660 --- [Api-Gateway] [reshExecutor-%d] o.s.c.g.r.RouteDefinitionRouteLocator    : RouteDefinition matched: KYC-SERVICE
2026-03-27T09:57:33.321+05:30 DEBUG 4660 --- [Api-Gateway] [reshExecutor-%d] o.s.c.g.r.RouteDefinitionRouteLocator    : RouteDefinition PAYMENT-SERVICES applying {_genkey_0=/api/payments/**} to Path
2026-03-27T09:57:33.321+05:30 DEBUG 4660 --- [Api-Gateway] [reshExecutor-%d] o.s.c.g.r.RouteDefinitionRouteLocator    : RouteDefinition PAYMENT-SERVICES applying filter {_genkey_0=name:paymentCircuitBreaker, _genkey_1=fallbackUri:forward:/fallback/payment} to CircuitBreaker
2026-03-27T09:57:33.322+05:30 DEBUG 4660 --- [Api-Gateway] [reshExecutor-%d] o.s.c.g.r.RouteDefinitionRouteLocator    : RouteDefinition matched: PAYMENT-SERVICES
2026-03-27T09:57:33.322+05:30 DEBUG 4660 --- [Api-Gateway] [reshExecutor-%d] o.s.c.g.r.RouteDefinitionRouteLocator    : RouteDefinition WALLET-SERVICE applying {_genkey_0=/api/wallets/**} to Path
2026-03-27T09:57:33.322+05:30 DEBUG 4660 --- [Api-Gateway] [reshExecutor-%d] o.s.c.g.r.RouteDefinitionRouteLocator    : RouteDefinition WALLET-SERVICE applying filter {_genkey_0=name:walletCircuitBreaker, _genkey_1=fallbackUri:forward:/fallback/general} to CircuitBreaker
2026-03-27T09:57:33.322+05:30 DEBUG 4660 --- [Api-Gateway] [reshExecutor-%d] o.s.c.g.r.RouteDefinitionRouteLocator    : RouteDefinition matched: WALLET-SERVICE
2026-03-27T09:57:33.323+05:30 DEBUG 4660 --- [Api-Gateway] [reshExecutor-%d] o.s.c.g.r.RouteDefinitionRouteLocator    : RouteDefinition TRANSACTION-SERVICE applying {_genkey_0=/api/transaction/**} to Path
2026-03-27T09:57:33.323+05:30 DEBUG 4660 --- [Api-Gateway] [reshExecutor-%d] o.s.c.g.r.RouteDefinitionRouteLocator    : RouteDefinition TRANSACTION-SERVICE applying filter {_genkey_0=name:transactionCircuitBreaker, _genkey_1=fallbackUri:forward:/fallback/general} to CircuitBreaker
2026-03-27T09:57:33.323+05:30 DEBUG 4660 --- [Api-Gateway] [reshExecutor-%d] o.s.c.g.r.RouteDefinitionRouteLocator    : RouteDefinition matched: TRANSACTION-SERVICE
2026-03-27T09:57:33.324+05:30 DEBUG 4660 --- [Api-Gateway] [reshExecutor-%d] o.s.c.g.r.RouteDefinitionRouteLocator    : RouteDefinition REWARDS-SERVICE applying {_genkey_0=/api/rewards/**} to Path
2026-03-27T09:57:33.324+05:30 DEBUG 4660 --- [Api-Gateway] [reshExecutor-%d] o.s.c.g.r.RouteDefinitionRouteLocator    : RouteDefinition REWARDS-SERVICE applying filter {_genkey_0=name:rewardCircuitBreaker, _genkey_1=fallbackUri:forward:/fallback/reward} to CircuitBreaker
2026-03-27T09:57:33.325+05:30 DEBUG 4660 --- [Api-Gateway] [reshExecutor-%d] o.s.c.g.r.RouteDefinitionRouteLocator    : RouteDefinition matched: REWARDS-SERVICE
2026-03-27T09:57:33.325+05:30 DEBUG 4660 --- [Api-Gateway] [reshExecutor-%d] o.s.c.g.r.RouteDefinitionRouteLocator    : RouteDefinition NOTIFICATION-SERVICE applying {_genkey_0=/api/notifications/**} to Path
2026-03-27T09:57:33.326+05:30 DEBUG 4660 --- [Api-Gateway] [reshExecutor-%d] o.s.c.g.r.RouteDefinitionRouteLocator    : RouteDefinition NOTIFICATION-SERVICE applying filter {_genkey_0=name:notificationCircuitBreaker, _genkey_1=fallbackUri:forward:/fallback/general} to CircuitBreaker
2026-03-27T09:57:33.326+05:30 DEBUG 4660 --- [Api-Gateway] [reshExecutor-%d] o.s.c.g.r.RouteDefinitionRouteLocator    : RouteDefinition matched: NOTIFICATION-SERVICE
2026-03-27T09:57:33.326+05:30 DEBUG 4660 --- [Api-Gateway] [reshExecutor-%d] o.s.c.g.r.RouteDefinitionRouteLocator    : RouteDefinition USER-SERVICE applying {_genkey_0=/users/**} to Path
2026-03-27T09:57:33.327+05:30 DEBUG 4660 --- [Api-Gateway] [reshExecutor-%d] o.s.c.g.r.RouteDefinitionRouteLocator    : RouteDefinition matched: USER-SERVICE
2026-03-27T09:57:33.328+05:30 DEBUG 4660 --- [Api-Gateway] [reshExecutor-%d] o.s.c.g.filter.GatewayMetricsFilter      : New routes count: 19
2026-03-27T09:58:03.352+05:30 DEBUG 4660 --- [Api-Gateway] [reshExecutor-%d] o.s.c.g.r.RouteDefinitionRouteLocator    : RouteDefinition ReactiveCompositeDiscoveryClient_CONFIG-SERVIER applying {pattern=/config-servier/**} to Path
2026-03-27T09:58:03.358+05:30 DEBUG 4660 --- [Api-Gateway] [reshExecutor-%d] o.s.c.g.r.RouteDefinitionRouteLocator    : RouteDefinition ReactiveCompositeDiscoveryClient_CONFIG-SERVIER applying filter {regexp=/config-servier/?(?<remaining>.*), replacement=/${remaining}} to RewritePath
2026-03-27T09:58:03.359+05:30 DEBUG 4660 --- [Api-Gateway] [reshExecutor-%d] o.s.c.g.r.RouteDefinitionRouteLocator    : RouteDefinition matched: ReactiveCompositeDiscoveryClient_CONFIG-SERVIER
2026-03-27T09:58:03.360+05:30 DEBUG 4660 --- [Api-Gateway] [reshExecutor-%d] o.s.c.g.r.RouteDefinitionRouteLocator    : RouteDefinition ReactiveCompositeDiscoveryClient_API-GATEWAY applying {pattern=/api-gateway/**} to Path
2026-03-27T09:58:03.361+05:30 DEBUG 4660 --- [Api-Gateway] [reshExecutor-%d] o.s.c.g.r.RouteDefinitionRouteLocator    : RouteDefinition ReactiveCompositeDiscoveryClient_API-GATEWAY applying filter {regexp=/api-gateway/?(?<remaining>.*), replacement=/${remaining}} to RewritePath
2026-03-27T09:58:03.362+05:30 DEBUG 4660 --- [Api-Gateway] [reshExecutor-%d] o.s.c.g.r.RouteDefinitionRouteLocator    : RouteDefinition matched: ReactiveCompositeDiscoveryClient_API-GATEWAY
2026-03-27T09:58:03.363+05:30 DEBUG 4660 --- [Api-Gateway] [reshExecutor-%d] o.s.c.g.r.RouteDefinitionRouteLocator    : RouteDefinition ReactiveCompositeDiscoveryClient_REWARDS-SERVICE applying {pattern=/rewards-service/**} to Path
2026-03-27T09:58:03.364+05:30 DEBUG 4660 --- [Api-Gateway] [reshExecutor-%d] o.s.c.g.r.RouteDefinitionRouteLocator    : RouteDefinition ReactiveCompositeDiscoveryClient_REWARDS-SERVICE applying filter {regexp=/rewards-service/?(?<remaining>.*), replacement=/${remaining}} to RewritePath
2026-03-27T09:58:03.366+05:30 DEBUG 4660 --- [Api-Gateway] [reshExecutor-%d] o.s.c.g.r.RouteDefinitionRouteLocator    : RouteDefinition matched: ReactiveCompositeDiscoveryClient_REWARDS-SERVICE
2026-03-27T09:58:03.366+05:30 DEBUG 4660 --- [Api-Gateway] [reshExecutor-%d] o.s.c.g.r.RouteDefinitionRouteLocator    : RouteDefinition ReactiveCompositeDiscoveryClient_KYC-SERVICE applying {pattern=/kyc-service/**} to Path
2026-03-27T09:58:03.367+05:30 DEBUG 4660 --- [Api-Gateway] [reshExecutor-%d] o.s.c.g.r.RouteDefinitionRouteLocator    : RouteDefinition ReactiveCompositeDiscoveryClient_KYC-SERVICE applying filter {regexp=/kyc-service/?(?<remaining>.*), replacement=/${remaining}} to RewritePath
2026-03-27T09:58:03.368+05:30 DEBUG 4660 --- [Api-Gateway] [reshExecutor-%d] o.s.c.g.r.RouteDefinitionRouteLocator    : RouteDefinition matched: ReactiveCompositeDiscoveryClient_KYC-SERVICE
2026-03-27T09:58:03.369+05:30 DEBUG 4660 --- [Api-Gateway] [reshExecutor-%d] o.s.c.g.r.RouteDefinitionRouteLocator    : RouteDefinition ReactiveCompositeDiscoveryClient_ADMIN-SERVICE applying {pattern=/admin-service/**} to Path
2026-03-27T09:58:03.370+05:30 DEBUG 4660 --- [Api-Gateway] [reshExecutor-%d] o.s.c.g.r.RouteDefinitionRouteLocator    : RouteDefinition ReactiveCompositeDiscoveryClient_ADMIN-SERVICE applying filter {regexp=/admin-service/?(?<remaining>.*), replacement=/${remaining}} to RewritePath
2026-03-27T09:58:03.372+05:30 DEBUG 4660 --- [Api-Gateway] [reshExecutor-%d] o.s.c.g.r.RouteDefinitionRouteLocator    : RouteDefinition matched: ReactiveCompositeDiscoveryClient_ADMIN-SERVICE
2026-03-27T09:58:03.372+05:30 DEBUG 4660 --- [Api-Gateway] [reshExecutor-%d] o.s.c.g.r.RouteDefinitionRouteLocator    : RouteDefinition ReactiveCompositeDiscoveryClient_TRANSACTION-SERVICE applying {pattern=/transaction-service/**} to Path
2026-03-27T09:58:03.375+05:30 DEBUG 4660 --- [Api-Gateway] [reshExecutor-%d] o.s.c.g.r.RouteDefinitionRouteLocator    : RouteDefinition ReactiveCompositeDiscoveryClient_TRANSACTION-SERVICE applying filter {regexp=/transaction-service/?(?<remaining>.*), replacement=/${remaining}} to RewritePath
2026-03-27T09:58:03.376+05:30 DEBUG 4660 --- [Api-Gateway] [reshExecutor-%d] o.s.c.g.r.RouteDefinitionRouteLocator    : RouteDefinition matched: ReactiveCompositeDiscoveryClient_TRANSACTION-SERVICE
2026-03-27T09:58:03.377+05:30 DEBUG 4660 --- [Api-Gateway] [reshExecutor-%d] o.s.c.g.r.RouteDefinitionRouteLocator    : RouteDefinition ReactiveCompositeDiscoveryClient_WALLET-SERVICE applying {pattern=/wallet-service/**} to Path
2026-03-27T09:58:03.378+05:30 DEBUG 4660 --- [Api-Gateway] [reshExecutor-%d] o.s.c.g.r.RouteDefinitionRouteLocator    : RouteDefinition ReactiveCompositeDiscoveryClient_WALLET-SERVICE applying filter {regexp=/wallet-service/?(?<remaining>.*), replacement=/${remaining}} to RewritePath
2026-03-27T09:58:03.379+05:30 DEBUG 4660 --- [Api-Gateway] [reshExecutor-%d] o.s.c.g.r.RouteDefinitionRouteLocator    : RouteDefinition matched: ReactiveCompositeDiscoveryClient_WALLET-SERVICE
2026-03-27T09:58:03.380+05:30 DEBUG 4660 --- [Api-Gateway] [reshExecutor-%d] o.s.c.g.r.RouteDefinitionRouteLocator    : RouteDefinition ReactiveCompositeDiscoveryClient_NOTIFICATION-SERVICE applying {pattern=/notification-service/**} to Path
2026-03-27T09:58:03.381+05:30 DEBUG 4660 --- [Api-Gateway] [reshExecutor-%d] o.s.c.g.r.RouteDefinitionRouteLocator    : RouteDefinition ReactiveCompositeDiscoveryClient_NOTIFICATION-SERVICE applying filter {regexp=/notification-service/?(?<remaining>.*), replacement=/${remaining}} to RewritePath
2026-03-27T09:58:03.382+05:30 DEBUG 4660 --- [Api-Gateway] [reshExecutor-%d] o.s.c.g.r.RouteDefinitionRouteLocator    : RouteDefinition matched: ReactiveCompositeDiscoveryClient_NOTIFICATION-SERVICE
2026-03-27T09:58:03.382+05:30 DEBUG 4660 --- [Api-Gateway] [reshExecutor-%d] o.s.c.g.r.RouteDefinitionRouteLocator    : RouteDefinition ReactiveCompositeDiscoveryClient_USER-SERVICE applying {pattern=/user-service/**} to Path
2026-03-27T09:58:03.383+05:30 DEBUG 4660 --- [Api-Gateway] [reshExecutor-%d] o.s.c.g.r.RouteDefinitionRouteLocator    : RouteDefinition ReactiveCompositeDiscoveryClient_USER-SERVICE applying filter {regexp=/user-service/?(?<remaining>.*), replacement=/${remaining}} to RewritePath
2026-03-27T09:58:03.384+05:30 DEBUG 4660 --- [Api-Gateway] [reshExecutor-%d] o.s.c.g.r.RouteDefinitionRouteLocator    : RouteDefinition matched: ReactiveCompositeDiscoveryClient_USER-SERVICE
2026-03-27T09:58:03.385+05:30 DEBUG 4660 --- [Api-Gateway] [reshExecutor-%d] o.s.c.g.r.RouteDefinitionRouteLocator    : RouteDefinition ReactiveCompositeDiscoveryClient_PAYMENT-SERVICES applying {pattern=/payment-services/**} to Path
2026-03-27T09:58:03.385+05:30 DEBUG 4660 --- [Api-Gateway] [reshExecutor-%d] o.s.c.g.r.RouteDefinitionRouteLocator    : RouteDefinition ReactiveCompositeDiscoveryClient_PAYMENT-SERVICES applying filter {regexp=/payment-services/?(?<remaining>.*), replacement=/${remaining}} to RewritePath
2026-03-27T09:58:03.387+05:30 DEBUG 4660 --- [Api-Gateway] [reshExecutor-%d] o.s.c.g.r.RouteDefinitionRouteLocator    : RouteDefinition matched: ReactiveCompositeDiscoveryClient_PAYMENT-SERVICES
2026-03-27T09:58:03.387+05:30 DEBUG 4660 --- [Api-Gateway] [reshExecutor-%d] o.s.c.g.r.RouteDefinitionRouteLocator    : RouteDefinition AUTH-SERVICE applying {_genkey_0=/auth/**} to Path
2026-03-27T09:58:03.388+05:30 DEBUG 4660 --- [Api-Gateway] [reshExecutor-%d] o.s.c.g.r.RouteDefinitionRouteLocator    : RouteDefinition matched: AUTH-SERVICE
2026-03-27T09:58:03.389+05:30 DEBUG 4660 --- [Api-Gateway] [reshExecutor-%d] o.s.c.g.r.RouteDefinitionRouteLocator    : RouteDefinition ADMIN-SERVICE applying {_genkey_0=/admin/**} to Path
2026-03-27T09:58:03.390+05:30 DEBUG 4660 --- [Api-Gateway] [reshExecutor-%d] o.s.c.g.r.RouteDefinitionRouteLocator    : RouteDefinition matched: ADMIN-SERVICE
2026-03-27T09:58:03.391+05:30 DEBUG 4660 --- [Api-Gateway] [reshExecutor-%d] o.s.c.g.r.RouteDefinitionRouteLocator    : RouteDefinition KYC-SERVICE applying {_genkey_0=/kyc/**} to Path
2026-03-27T09:58:03.391+05:30 DEBUG 4660 --- [Api-Gateway] [reshExecutor-%d] o.s.c.g.r.RouteDefinitionRouteLocator    : RouteDefinition matched: KYC-SERVICE
2026-03-27T09:58:03.392+05:30 DEBUG 4660 --- [Api-Gateway] [reshExecutor-%d] o.s.c.g.r.RouteDefinitionRouteLocator    : RouteDefinition PAYMENT-SERVICES applying {_genkey_0=/api/payments/**} to Path
2026-03-27T09:58:03.392+05:30 DEBUG 4660 --- [Api-Gateway] [reshExecutor-%d] o.s.c.g.r.RouteDefinitionRouteLocator    : RouteDefinition PAYMENT-SERVICES applying filter {_genkey_0=name:paymentCircuitBreaker, _genkey_1=fallbackUri:forward:/fallback/payment} to CircuitBreaker
2026-03-27T09:58:03.393+05:30 DEBUG 4660 --- [Api-Gateway] [reshExecutor-%d] o.s.c.g.r.RouteDefinitionRouteLocator    : RouteDefinition matched: PAYMENT-SERVICES
2026-03-27T09:58:03.394+05:30 DEBUG 4660 --- [Api-Gateway] [reshExecutor-%d] o.s.c.g.r.RouteDefinitionRouteLocator    : RouteDefinition WALLET-SERVICE applying {_genkey_0=/api/wallets/**} to Path
2026-03-27T09:58:03.394+05:30 DEBUG 4660 --- [Api-Gateway] [reshExecutor-%d] o.s.c.g.r.RouteDefinitionRouteLocator    : RouteDefinition WALLET-SERVICE applying filter {_genkey_0=name:walletCircuitBreaker, _genkey_1=fallbackUri:forward:/fallback/general} to CircuitBreaker
2026-03-27T09:58:03.395+05:30 DEBUG 4660 --- [Api-Gateway] [reshExecutor-%d] o.s.c.g.r.RouteDefinitionRouteLocator    : RouteDefinition matched: WALLET-SERVICE
2026-03-27T09:58:03.395+05:30 DEBUG 4660 --- [Api-Gateway] [reshExecutor-%d] o.s.c.g.r.RouteDefinitionRouteLocator    : RouteDefinition TRANSACTION-SERVICE applying {_genkey_0=/api/transaction/**} to Path
2026-03-27T09:58:03.396+05:30 DEBUG 4660 --- [Api-Gateway] [reshExecutor-%d] o.s.c.g.r.RouteDefinitionRouteLocator    : RouteDefinition TRANSACTION-SERVICE applying filter {_genkey_0=name:transactionCircuitBreaker, _genkey_1=fallbackUri:forward:/fallback/general} to CircuitBreaker
2026-03-27T09:58:03.397+05:30 DEBUG 4660 --- [Api-Gateway] [reshExecutor-%d] o.s.c.g.r.RouteDefinitionRouteLocator    : RouteDefinition matched: TRANSACTION-SERVICE
2026-03-27T09:58:03.397+05:30 DEBUG 4660 --- [Api-Gateway] [reshExecutor-%d] o.s.c.g.r.RouteDefinitionRouteLocator    : RouteDefinition REWARDS-SERVICE applying {_genkey_0=/api/rewards/**} to Path
2026-03-27T09:58:03.398+05:30 DEBUG 4660 --- [Api-Gateway] [reshExecutor-%d] o.s.c.g.r.RouteDefinitionRouteLocator    : RouteDefinition REWARDS-SERVICE applying filter {_genkey_0=name:rewardCircuitBreaker, _genkey_1=fallbackUri:forward:/fallback/reward} to CircuitBreaker
2026-03-27T09:58:03.398+05:30 DEBUG 4660 --- [Api-Gateway] [reshExecutor-%d] o.s.c.g.r.RouteDefinitionRouteLocator    : RouteDefinition matched: REWARDS-SERVICE
2026-03-27T09:58:03.398+05:30 DEBUG 4660 --- [Api-Gateway] [reshExecutor-%d] o.s.c.g.r.RouteDefinitionRouteLocator    : RouteDefinition NOTIFICATION-SERVICE applying {_genkey_0=/api/notifications/**} to Path
2026-03-27T09:58:03.399+05:30 DEBUG 4660 --- [Api-Gateway] [reshExecutor-%d] o.s.c.g.r.RouteDefinitionRouteLocator    : RouteDefinition NOTIFICATION-SERVICE applying filter {_genkey_0=name:notificationCircuitBreaker, _genkey_1=fallbackUri:forward:/fallback/general} to CircuitBreaker
2026-03-27T09:58:03.400+05:30 DEBUG 4660 --- [Api-Gateway] [reshExecutor-%d] o.s.c.g.r.RouteDefinitionRouteLocator    : RouteDefinition matched: NOTIFICATION-SERVICE
2026-03-27T09:58:03.400+05:30 DEBUG 4660 --- [Api-Gateway] [reshExecutor-%d] o.s.c.g.r.RouteDefinitionRouteLocator    : RouteDefinition USER-SERVICE applying {_genkey_0=/users/**} to Path
2026-03-27T09:58:03.400+05:30 DEBUG 4660 --- [Api-Gateway] [reshExecutor-%d] o.s.c.g.r.RouteDefinitionRouteLocator    : RouteDefinition matched: USER-SERVICE
2026-03-27T09:58:03.401+05:30 DEBUG 4660 --- [Api-Gateway] [reshExecutor-%d] o.s.c.g.filter.GatewayMetricsFilter      : New routes count: 19
2026-03-27T09:58:33.439+05:30 DEBUG 4660 --- [Api-Gateway] [reshExecutor-%d] o.s.c.g.r.RouteDefinitionRouteLocator    : RouteDefinition ReactiveCompositeDiscoveryClient_CONFIG-SERVIER applying {pattern=/config-servier/**} to Path
2026-03-27T09:58:33.444+05:30 DEBUG 4660 --- [Api-Gateway] [reshExecutor-%d] o.s.c.g.r.RouteDefinitionRouteLocator    : RouteDefinition ReactiveCompositeDiscoveryClient_CONFIG-SERVIER applying filter {regexp=/config-servier/?(?<remaining>.*), replacement=/${remaining}} to RewritePath
2026-03-27T09:58:33.445+05:30 DEBUG 4660 --- [Api-Gateway] [reshExecutor-%d] o.s.c.g.r.RouteDefinitionRouteLocator    : RouteDefinition matched: ReactiveCompositeDiscoveryClient_CONFIG-SERVIER
2026-03-27T09:58:33.446+05:30 DEBUG 4660 --- [Api-Gateway] [reshExecutor-%d] o.s.c.g.r.RouteDefinitionRouteLocator    : RouteDefinition ReactiveCompositeDiscoveryClient_API-GATEWAY applying {pattern=/api-gateway/**} to Path
2026-03-27T09:58:33.448+05:30 DEBUG 4660 --- [Api-Gateway] [reshExecutor-%d] o.s.c.g.r.RouteDefinitionRouteLocator    : RouteDefinition ReactiveCompositeDiscoveryClient_API-GATEWAY applying filter {regexp=/api-gateway/?(?<remaining>.*), replacement=/${remaining}} to RewritePath
2026-03-27T09:58:33.448+05:30 DEBUG 4660 --- [Api-Gateway] [reshExecutor-%d] o.s.c.g.r.RouteDefinitionRouteLocator    : RouteDefinition matched: ReactiveCompositeDiscoveryClient_API-GATEWAY
2026-03-27T09:58:33.450+05:30 DEBUG 4660 --- [Api-Gateway] [reshExecutor-%d] o.s.c.g.r.RouteDefinitionRouteLocator    : RouteDefinition ReactiveCompositeDiscoveryClient_REWARDS-SERVICE applying {pattern=/rewards-service/**} to Path
2026-03-27T09:58:33.451+05:30 DEBUG 4660 --- [Api-Gateway] [reshExecutor-%d] o.s.c.g.r.RouteDefinitionRouteLocator    : RouteDefinition ReactiveCompositeDiscoveryClient_REWARDS-SERVICE applying filter {regexp=/rewards-service/?(?<remaining>.*), replacement=/${remaining}} to RewritePath
2026-03-27T09:58:33.452+05:30 DEBUG 4660 --- [Api-Gateway] [reshExecutor-%d] o.s.c.g.r.RouteDefinitionRouteLocator    : RouteDefinition matched: ReactiveCompositeDiscoveryClient_REWARDS-SERVICE
2026-03-27T09:58:33.453+05:30 DEBUG 4660 --- [Api-Gateway] [reshExecutor-%d] o.s.c.g.r.RouteDefinitionRouteLocator    : RouteDefinition ReactiveCompositeDiscoveryClient_KYC-SERVICE applying {pattern=/kyc-service/**} to Path
2026-03-27T09:58:33.454+05:30 DEBUG 4660 --- [Api-Gateway] [reshExecutor-%d] o.s.c.g.r.RouteDefinitionRouteLocator    : RouteDefinition ReactiveCompositeDiscoveryClient_KYC-SERVICE applying filter {regexp=/kyc-service/?(?<remaining>.*), replacement=/${remaining}} to RewritePath
2026-03-27T09:58:33.455+05:30 DEBUG 4660 --- [Api-Gateway] [reshExecutor-%d] o.s.c.g.r.RouteDefinitionRouteLocator    : RouteDefinition matched: ReactiveCompositeDiscoveryClient_KYC-SERVICE
2026-03-27T09:58:33.455+05:30 DEBUG 4660 --- [Api-Gateway] [reshExecutor-%d] o.s.c.g.r.RouteDefinitionRouteLocator    : RouteDefinition ReactiveCompositeDiscoveryClient_ADMIN-SERVICE applying {pattern=/admin-service/**} to Path
2026-03-27T09:58:33.456+05:30 DEBUG 4660 --- [Api-Gateway] [reshExecutor-%d] o.s.c.g.r.RouteDefinitionRouteLocator    : RouteDefinition ReactiveCompositeDiscoveryClient_ADMIN-SERVICE applying filter {regexp=/admin-service/?(?<remaining>.*), replacement=/${remaining}} to RewritePath
2026-03-27T09:58:33.458+05:30 DEBUG 4660 --- [Api-Gateway] [reshExecutor-%d] o.s.c.g.r.RouteDefinitionRouteLocator    : RouteDefinition matched: ReactiveCompositeDiscoveryClient_ADMIN-SERVICE
2026-03-27T09:58:33.458+05:30 DEBUG 4660 --- [Api-Gateway] [reshExecutor-%d] o.s.c.g.r.RouteDefinitionRouteLocator    : RouteDefinition ReactiveCompositeDiscoveryClient_TRANSACTION-SERVICE applying {pattern=/transaction-service/**} to Path
2026-03-27T09:58:33.460+05:30 DEBUG 4660 --- [Api-Gateway] [reshExecutor-%d] o.s.c.g.r.RouteDefinitionRouteLocator    : RouteDefinition ReactiveCompositeDiscoveryClient_TRANSACTION-SERVICE applying filter {regexp=/transaction-service/?(?<remaining>.*), replacement=/${remaining}} to RewritePath
2026-03-27T09:58:33.461+05:30 DEBUG 4660 --- [Api-Gateway] [reshExecutor-%d] o.s.c.g.r.RouteDefinitionRouteLocator    : RouteDefinition matched: ReactiveCompositeDiscoveryClient_TRANSACTION-SERVICE
2026-03-27T09:58:33.461+05:30 DEBUG 4660 --- [Api-Gateway] [reshExecutor-%d] o.s.c.g.r.RouteDefinitionRouteLocator    : RouteDefinition ReactiveCompositeDiscoveryClient_WALLET-SERVICE applying {pattern=/wallet-service/**} to Path
2026-03-27T09:58:33.462+05:30 DEBUG 4660 --- [Api-Gateway] [reshExecutor-%d] o.s.c.g.r.RouteDefinitionRouteLocator    : RouteDefinition ReactiveCompositeDiscoveryClient_WALLET-SERVICE applying filter {regexp=/wallet-service/?(?<remaining>.*), replacement=/${remaining}} to RewritePath
2026-03-27T09:58:33.463+05:30 DEBUG 4660 --- [Api-Gateway] [reshExecutor-%d] o.s.c.g.r.RouteDefinitionRouteLocator    : RouteDefinition matched: ReactiveCompositeDiscoveryClient_WALLET-SERVICE
2026-03-27T09:58:33.464+05:30 DEBUG 4660 --- [Api-Gateway] [reshExecutor-%d] o.s.c.g.r.RouteDefinitionRouteLocator    : RouteDefinition ReactiveCompositeDiscoveryClient_NOTIFICATION-SERVICE applying {pattern=/notification-service/**} to Path
2026-03-27T09:58:33.464+05:30 DEBUG 4660 --- [Api-Gateway] [reshExecutor-%d] o.s.c.g.r.RouteDefinitionRouteLocator    : RouteDefinition ReactiveCompositeDiscoveryClient_NOTIFICATION-SERVICE applying filter {regexp=/notification-service/?(?<remaining>.*), replacement=/${remaining}} to RewritePath
2026-03-27T09:58:33.466+05:30 DEBUG 4660 --- [Api-Gateway] [reshExecutor-%d] o.s.c.g.r.RouteDefinitionRouteLocator    : RouteDefinition matched: ReactiveCompositeDiscoveryClient_NOTIFICATION-SERVICE
2026-03-27T09:58:33.467+05:30 DEBUG 4660 --- [Api-Gateway] [reshExecutor-%d] o.s.c.g.r.RouteDefinitionRouteLocator    : RouteDefinition ReactiveCompositeDiscoveryClient_USER-SERVICE applying {pattern=/user-service/**} to Path
2026-03-27T09:58:33.468+05:30 DEBUG 4660 --- [Api-Gateway] [reshExecutor-%d] o.s.c.g.r.RouteDefinitionRouteLocator    : RouteDefinition ReactiveCompositeDiscoveryClient_USER-SERVICE applying filter {regexp=/user-service/?(?<remaining>.*), replacement=/${remaining}} to RewritePath
2026-03-27T09:58:33.469+05:30 DEBUG 4660 --- [Api-Gateway] [reshExecutor-%d] o.s.c.g.r.RouteDefinitionRouteLocator    : RouteDefinition matched: ReactiveCompositeDiscoveryClient_USER-SERVICE
2026-03-27T09:58:33.470+05:30 DEBUG 4660 --- [Api-Gateway] [reshExecutor-%d] o.s.c.g.r.RouteDefinitionRouteLocator    : RouteDefinition ReactiveCompositeDiscoveryClient_PAYMENT-SERVICES applying {pattern=/payment-services/**} to Path
2026-03-27T09:58:33.471+05:30 DEBUG 4660 --- [Api-Gateway] [reshExecutor-%d] o.s.c.g.r.RouteDefinitionRouteLocator    : RouteDefinition ReactiveCompositeDiscoveryClient_PAYMENT-SERVICES applying filter {regexp=/payment-services/?(?<remaining>.*), replacement=/${remaining}} to RewritePath
2026-03-27T09:58:33.472+05:30 DEBUG 4660 --- [Api-Gateway] [reshExecutor-%d] o.s.c.g.r.RouteDefinitionRouteLocator    : RouteDefinition matched: ReactiveCompositeDiscoveryClient_PAYMENT-SERVICES
2026-03-27T09:58:33.472+05:30 DEBUG 4660 --- [Api-Gateway] [reshExecutor-%d] o.s.c.g.r.RouteDefinitionRouteLocator    : RouteDefinition AUTH-SERVICE applying {_genkey_0=/auth/**} to Path
2026-03-27T09:58:33.474+05:30 DEBUG 4660 --- [Api-Gateway] [reshExecutor-%d] o.s.c.g.r.RouteDefinitionRouteLocator    : RouteDefinition matched: AUTH-SERVICE
2026-03-27T09:58:33.474+05:30 DEBUG 4660 --- [Api-Gateway] [reshExecutor-%d] o.s.c.g.r.RouteDefinitionRouteLocator    : RouteDefinition ADMIN-SERVICE applying {_genkey_0=/admin/**} to Path
2026-03-27T09:58:33.476+05:30 DEBUG 4660 --- [Api-Gateway] [reshExecutor-%d] o.s.c.g.r.RouteDefinitionRouteLocator    : RouteDefinition matched: ADMIN-SERVICE
2026-03-27T09:58:33.476+05:30 DEBUG 4660 --- [Api-Gateway] [reshExecutor-%d] o.s.c.g.r.RouteDefinitionRouteLocator    : RouteDefinition KYC-SERVICE applying {_genkey_0=/kyc/**} to Path
2026-03-27T09:58:33.477+05:30 DEBUG 4660 --- [Api-Gateway] [reshExecutor-%d] o.s.c.g.r.RouteDefinitionRouteLocator    : RouteDefinition matched: KYC-SERVICE
2026-03-27T09:58:33.478+05:30 DEBUG 4660 --- [Api-Gateway] [reshExecutor-%d] o.s.c.g.r.RouteDefinitionRouteLocator    : RouteDefinition PAYMENT-SERVICES applying {_genkey_0=/api/payments/**} to Path
2026-03-27T09:58:33.479+05:30 DEBUG 4660 --- [Api-Gateway] [reshExecutor-%d] o.s.c.g.r.RouteDefinitionRouteLocator    : RouteDefinition PAYMENT-SERVICES applying filter {_genkey_0=name:paymentCircuitBreaker, _genkey_1=fallbackUri:forward:/fallback/payment} to CircuitBreaker
2026-03-27T09:58:33.480+05:30 DEBUG 4660 --- [Api-Gateway] [reshExecutor-%d] o.s.c.g.r.RouteDefinitionRouteLocator    : RouteDefinition matched: PAYMENT-SERVICES
2026-03-27T09:58:33.481+05:30 DEBUG 4660 --- [Api-Gateway] [reshExecutor-%d] o.s.c.g.r.RouteDefinitionRouteLocator    : RouteDefinition WALLET-SERVICE applying {_genkey_0=/api/wallets/**} to Path
2026-03-27T09:58:33.481+05:30 DEBUG 4660 --- [Api-Gateway] [reshExecutor-%d] o.s.c.g.r.RouteDefinitionRouteLocator    : RouteDefinition WALLET-SERVICE applying filter {_genkey_0=name:walletCircuitBreaker, _genkey_1=fallbackUri:forward:/fallback/general} to CircuitBreaker
2026-03-27T09:58:33.482+05:30 DEBUG 4660 --- [Api-Gateway] [reshExecutor-%d] o.s.c.g.r.RouteDefinitionRouteLocator    : RouteDefinition matched: WALLET-SERVICE
2026-03-27T09:58:33.482+05:30 DEBUG 4660 --- [Api-Gateway] [reshExecutor-%d] o.s.c.g.r.RouteDefinitionRouteLocator    : RouteDefinition TRANSACTION-SERVICE applying {_genkey_0=/api/transaction/**} to Path
2026-03-27T09:58:33.482+05:30 DEBUG 4660 --- [Api-Gateway] [reshExecutor-%d] o.s.c.g.r.RouteDefinitionRouteLocator    : RouteDefinition TRANSACTION-SERVICE applying filter {_genkey_0=name:transactionCircuitBreaker, _genkey_1=fallbackUri:forward:/fallback/general} to CircuitBreaker
2026-03-27T09:58:33.482+05:30 DEBUG 4660 --- [Api-Gateway] [reshExecutor-%d] o.s.c.g.r.RouteDefinitionRouteLocator    : RouteDefinition matched: TRANSACTION-SERVICE
2026-03-27T09:58:33.482+05:30 DEBUG 4660 --- [Api-Gateway] [reshExecutor-%d] o.s.c.g.r.RouteDefinitionRouteLocator    : RouteDefinition REWARDS-SERVICE applying {_genkey_0=/api/rewards/**} to Path
2026-03-27T09:58:33.484+05:30 DEBUG 4660 --- [Api-Gateway] [reshExecutor-%d] o.s.c.g.r.RouteDefinitionRouteLocator    : RouteDefinition REWARDS-SERVICE applying filter {_genkey_0=name:rewardCircuitBreaker, _genkey_1=fallbackUri:forward:/fallback/reward} to CircuitBreaker
2026-03-27T09:58:33.484+05:30 DEBUG 4660 --- [Api-Gateway] [reshExecutor-%d] o.s.c.g.r.RouteDefinitionRouteLocator    : RouteDefinition matched: REWARDS-SERVICE
2026-03-27T09:58:33.484+05:30 DEBUG 4660 --- [Api-Gateway] [reshExecutor-%d] o.s.c.g.r.RouteDefinitionRouteLocator    : RouteDefinition NOTIFICATION-SERVICE applying {_genkey_0=/api/notifications/**} to Path
2026-03-27T09:58:33.484+05:30 DEBUG 4660 --- [Api-Gateway] [reshExecutor-%d] o.s.c.g.r.RouteDefinitionRouteLocator    : RouteDefinition NOTIFICATION-SERVICE applying filter {_genkey_0=name:notificationCircuitBreaker, _genkey_1=fallbackUri:forward:/fallback/general} to CircuitBreaker
2026-03-27T09:58:33.485+05:30 DEBUG 4660 --- [Api-Gateway] [reshExecutor-%d] o.s.c.g.r.RouteDefinitionRouteLocator    : RouteDefinition matched: NOTIFICATION-SERVICE
2026-03-27T09:58:33.485+05:30 DEBUG 4660 --- [Api-Gateway] [reshExecutor-%d] o.s.c.g.r.RouteDefinitionRouteLocator    : RouteDefinition USER-SERVICE applying {_genkey_0=/users/**} to Path
2026-03-27T09:58:33.486+05:30 DEBUG 4660 --- [Api-Gateway] [reshExecutor-%d] o.s.c.g.r.RouteDefinitionRouteLocator    : RouteDefinition matched: USER-SERVICE
2026-03-27T09:58:33.487+05:30 DEBUG 4660 --- [Api-Gateway] [reshExecutor-%d] o.s.c.g.filter.GatewayMetricsFilter      : New routes count: 19
2026-03-27T09:59:00.225+05:30  INFO 4660 --- [Api-Gateway] [rap-executor-%d] c.n.d.s.r.aws.ConfigClusterResolver      : Resolving eureka endpoints via configuration
2026-03-27T09:59:03.510+05:30 DEBUG 4660 --- [Api-Gateway] [reshExecutor-%d] o.s.c.g.r.RouteDefinitionRouteLocator    : RouteDefinition ReactiveCompositeDiscoveryClient_CONFIG-SERVIER applying {pattern=/config-servier/**} to Path
2026-03-27T09:59:03.514+05:30 DEBUG 4660 --- [Api-Gateway] [reshExecutor-%d] o.s.c.g.r.RouteDefinitionRouteLocator    : RouteDefinition ReactiveCompositeDiscoveryClient_CONFIG-SERVIER applying filter {regexp=/config-servier/?(?<remaining>.*), replacement=/${remaining}} to RewritePath
2026-03-27T09:59:03.516+05:30 DEBUG 4660 --- [Api-Gateway] [reshExecutor-%d] o.s.c.g.r.RouteDefinitionRouteLocator    : RouteDefinition matched: ReactiveCompositeDiscoveryClient_CONFIG-SERVIER
2026-03-27T09:59:03.516+05:30 DEBUG 4660 --- [Api-Gateway] [reshExecutor-%d] o.s.c.g.r.RouteDefinitionRouteLocator    : RouteDefinition ReactiveCompositeDiscoveryClient_API-GATEWAY applying {pattern=/api-gateway/**} to Path
2026-03-27T09:59:03.517+05:30 DEBUG 4660 --- [Api-Gateway] [reshExecutor-%d] o.s.c.g.r.RouteDefinitionRouteLocator    : RouteDefinition ReactiveCompositeDiscoveryClient_API-GATEWAY applying filter {regexp=/api-gateway/?(?<remaining>.*), replacement=/${remaining}} to RewritePath
2026-03-27T09:59:03.518+05:30 DEBUG 4660 --- [Api-Gateway] [reshExecutor-%d] o.s.c.g.r.RouteDefinitionRouteLocator    : RouteDefinition matched: ReactiveCompositeDiscoveryClient_API-GATEWAY
2026-03-27T09:59:03.519+05:30 DEBUG 4660 --- [Api-Gateway] [reshExecutor-%d] o.s.c.g.r.RouteDefinitionRouteLocator    : RouteDefinition ReactiveCompositeDiscoveryClient_REWARDS-SERVICE applying {pattern=/rewards-service/**} to Path
2026-03-27T09:59:03.519+05:30 DEBUG 4660 --- [Api-Gateway] [reshExecutor-%d] o.s.c.g.r.RouteDefinitionRouteLocator    : RouteDefinition ReactiveCompositeDiscoveryClient_REWARDS-SERVICE applying filter {regexp=/rewards-service/?(?<remaining>.*), replacement=/${remaining}} to RewritePath
2026-03-27T09:59:03.520+05:30 DEBUG 4660 --- [Api-Gateway] [reshExecutor-%d] o.s.c.g.r.RouteDefinitionRouteLocator    : RouteDefinition matched: ReactiveCompositeDiscoveryClient_REWARDS-SERVICE
2026-03-27T09:59:03.520+05:30 DEBUG 4660 --- [Api-Gateway] [reshExecutor-%d] o.s.c.g.r.RouteDefinitionRouteLocator    : RouteDefinition ReactiveCompositeDiscoveryClient_KYC-SERVICE applying {pattern=/kyc-service/**} to Path
2026-03-27T09:59:03.522+05:30 DEBUG 4660 --- [Api-Gateway] [reshExecutor-%d] o.s.c.g.r.RouteDefinitionRouteLocator    : RouteDefinition ReactiveCompositeDiscoveryClient_KYC-SERVICE applying filter {regexp=/kyc-service/?(?<remaining>.*), replacement=/${remaining}} to RewritePath
2026-03-27T09:59:03.522+05:30 DEBUG 4660 --- [Api-Gateway] [reshExecutor-%d] o.s.c.g.r.RouteDefinitionRouteLocator    : RouteDefinition matched: ReactiveCompositeDiscoveryClient_KYC-SERVICE
2026-03-27T09:59:03.524+05:30 DEBUG 4660 --- [Api-Gateway] [reshExecutor-%d] o.s.c.g.r.RouteDefinitionRouteLocator    : RouteDefinition ReactiveCompositeDiscoveryClient_ADMIN-SERVICE applying {pattern=/admin-service/**} to Path
2026-03-27T09:59:03.524+05:30 DEBUG 4660 --- [Api-Gateway] [reshExecutor-%d] o.s.c.g.r.RouteDefinitionRouteLocator    : RouteDefinition ReactiveCompositeDiscoveryClient_ADMIN-SERVICE applying filter {regexp=/admin-service/?(?<remaining>.*), replacement=/${remaining}} to RewritePath
2026-03-27T09:59:03.525+05:30 DEBUG 4660 --- [Api-Gateway] [reshExecutor-%d] o.s.c.g.r.RouteDefinitionRouteLocator    : RouteDefinition matched: ReactiveCompositeDiscoveryClient_ADMIN-SERVICE
2026-03-27T09:59:03.525+05:30 DEBUG 4660 --- [Api-Gateway] [reshExecutor-%d] o.s.c.g.r.RouteDefinitionRouteLocator    : RouteDefinition ReactiveCompositeDiscoveryClient_TRANSACTION-SERVICE applying {pattern=/transaction-service/**} to Path
2026-03-27T09:59:03.526+05:30 DEBUG 4660 --- [Api-Gateway] [reshExecutor-%d] o.s.c.g.r.RouteDefinitionRouteLocator    : RouteDefinition ReactiveCompositeDiscoveryClient_TRANSACTION-SERVICE applying filter {regexp=/transaction-service/?(?<remaining>.*), replacement=/${remaining}} to RewritePath
2026-03-27T09:59:03.526+05:30 DEBUG 4660 --- [Api-Gateway] [reshExecutor-%d] o.s.c.g.r.RouteDefinitionRouteLocator    : RouteDefinition matched: ReactiveCompositeDiscoveryClient_TRANSACTION-SERVICE
2026-03-27T09:59:03.527+05:30 DEBUG 4660 --- [Api-Gateway] [reshExecutor-%d] o.s.c.g.r.RouteDefinitionRouteLocator    : RouteDefinition ReactiveCompositeDiscoveryClient_WALLET-SERVICE applying {pattern=/wallet-service/**} to Path
2026-03-27T09:59:03.527+05:30 DEBUG 4660 --- [Api-Gateway] [reshExecutor-%d] o.s.c.g.r.RouteDefinitionRouteLocator    : RouteDefinition ReactiveCompositeDiscoveryClient_WALLET-SERVICE applying filter {regexp=/wallet-service/?(?<remaining>.*), replacement=/${remaining}} to RewritePath
2026-03-27T09:59:03.527+05:30 DEBUG 4660 --- [Api-Gateway] [reshExecutor-%d] o.s.c.g.r.RouteDefinitionRouteLocator    : RouteDefinition matched: ReactiveCompositeDiscoveryClient_WALLET-SERVICE
2026-03-27T09:59:03.528+05:30 DEBUG 4660 --- [Api-Gateway] [reshExecutor-%d] o.s.c.g.r.RouteDefinitionRouteLocator    : RouteDefinition ReactiveCompositeDiscoveryClient_NOTIFICATION-SERVICE applying {pattern=/notification-service/**} to Path
2026-03-27T09:59:03.528+05:30 DEBUG 4660 --- [Api-Gateway] [reshExecutor-%d] o.s.c.g.r.RouteDefinitionRouteLocator    : RouteDefinition ReactiveCompositeDiscoveryClient_NOTIFICATION-SERVICE applying filter {regexp=/notification-service/?(?<remaining>.*), replacement=/${remaining}} to RewritePath
2026-03-27T09:59:03.528+05:30 DEBUG 4660 --- [Api-Gateway] [reshExecutor-%d] o.s.c.g.r.RouteDefinitionRouteLocator    : RouteDefinition matched: ReactiveCompositeDiscoveryClient_NOTIFICATION-SERVICE
2026-03-27T09:59:03.528+05:30 DEBUG 4660 --- [Api-Gateway] [reshExecutor-%d] o.s.c.g.r.RouteDefinitionRouteLocator    : RouteDefinition ReactiveCompositeDiscoveryClient_USER-SERVICE applying {pattern=/user-service/**} to Path
2026-03-27T09:59:03.528+05:30 DEBUG 4660 --- [Api-Gateway] [reshExecutor-%d] o.s.c.g.r.RouteDefinitionRouteLocator    : RouteDefinition ReactiveCompositeDiscoveryClient_USER-SERVICE applying filter {regexp=/user-service/?(?<remaining>.*), replacement=/${remaining}} to RewritePath
2026-03-27T09:59:03.530+05:30 DEBUG 4660 --- [Api-Gateway] [reshExecutor-%d] o.s.c.g.r.RouteDefinitionRouteLocator    : RouteDefinition matched: ReactiveCompositeDiscoveryClient_USER-SERVICE
2026-03-27T09:59:03.530+05:30 DEBUG 4660 --- [Api-Gateway] [reshExecutor-%d] o.s.c.g.r.RouteDefinitionRouteLocator    : RouteDefinition ReactiveCompositeDiscoveryClient_PAYMENT-SERVICES applying {pattern=/payment-services/**} to Path
2026-03-27T09:59:03.530+05:30 DEBUG 4660 --- [Api-Gateway] [reshExecutor-%d] o.s.c.g.r.RouteDefinitionRouteLocator    : RouteDefinition ReactiveCompositeDiscoveryClient_PAYMENT-SERVICES applying filter {regexp=/payment-services/?(?<remaining>.*), replacement=/${remaining}} to RewritePath
2026-03-27T09:59:03.531+05:30 DEBUG 4660 --- [Api-Gateway] [reshExecutor-%d] o.s.c.g.r.RouteDefinitionRouteLocator    : RouteDefinition matched: ReactiveCompositeDiscoveryClient_PAYMENT-SERVICES
2026-03-27T09:59:03.531+05:30 DEBUG 4660 --- [Api-Gateway] [reshExecutor-%d] o.s.c.g.r.RouteDefinitionRouteLocator    : RouteDefinition AUTH-SERVICE applying {_genkey_0=/auth/**} to Path
2026-03-27T09:59:03.531+05:30 DEBUG 4660 --- [Api-Gateway] [reshExecutor-%d] o.s.c.g.r.RouteDefinitionRouteLocator    : RouteDefinition matched: AUTH-SERVICE
2026-03-27T09:59:03.532+05:30 DEBUG 4660 --- [Api-Gateway] [reshExecutor-%d] o.s.c.g.r.RouteDefinitionRouteLocator    : RouteDefinition ADMIN-SERVICE applying {_genkey_0=/admin/**} to Path
2026-03-27T09:59:03.532+05:30 DEBUG 4660 --- [Api-Gateway] [reshExecutor-%d] o.s.c.g.r.RouteDefinitionRouteLocator    : RouteDefinition matched: ADMIN-SERVICE
2026-03-27T09:59:03.532+05:30 DEBUG 4660 --- [Api-Gateway] [reshExecutor-%d] o.s.c.g.r.RouteDefinitionRouteLocator    : RouteDefinition KYC-SERVICE applying {_genkey_0=/kyc/**} to Path
2026-03-27T09:59:03.532+05:30 DEBUG 4660 --- [Api-Gateway] [reshExecutor-%d] o.s.c.g.r.RouteDefinitionRouteLocator    : RouteDefinition matched: KYC-SERVICE
2026-03-27T09:59:03.533+05:30 DEBUG 4660 --- [Api-Gateway] [reshExecutor-%d] o.s.c.g.r.RouteDefinitionRouteLocator    : RouteDefinition PAYMENT-SERVICES applying {_genkey_0=/api/payments/**} to Path
2026-03-27T09:59:03.533+05:30 DEBUG 4660 --- [Api-Gateway] [reshExecutor-%d] o.s.c.g.r.RouteDefinitionRouteLocator    : RouteDefinition PAYMENT-SERVICES applying filter {_genkey_0=name:paymentCircuitBreaker, _genkey_1=fallbackUri:forward:/fallback/payment} to CircuitBreaker
2026-03-27T09:59:03.533+05:30 DEBUG 4660 --- [Api-Gateway] [reshExecutor-%d] o.s.c.g.r.RouteDefinitionRouteLocator    : RouteDefinition matched: PAYMENT-SERVICES
2026-03-27T09:59:03.533+05:30 DEBUG 4660 --- [Api-Gateway] [reshExecutor-%d] o.s.c.g.r.RouteDefinitionRouteLocator    : RouteDefinition WALLET-SERVICE applying {_genkey_0=/api/wallets/**} to Path
2026-03-27T09:59:03.534+05:30 DEBUG 4660 --- [Api-Gateway] [reshExecutor-%d] o.s.c.g.r.RouteDefinitionRouteLocator    : RouteDefinition WALLET-SERVICE applying filter {_genkey_0=name:walletCircuitBreaker, _genkey_1=fallbackUri:forward:/fallback/general} to CircuitBreaker
2026-03-27T09:59:03.534+05:30 DEBUG 4660 --- [Api-Gateway] [reshExecutor-%d] o.s.c.g.r.RouteDefinitionRouteLocator    : RouteDefinition matched: WALLET-SERVICE
2026-03-27T09:59:03.534+05:30 DEBUG 4660 --- [Api-Gateway] [reshExecutor-%d] o.s.c.g.r.RouteDefinitionRouteLocator    : RouteDefinition TRANSACTION-SERVICE applying {_genkey_0=/api/transaction/**} to Path
2026-03-27T09:59:03.535+05:30 DEBUG 4660 --- [Api-Gateway] [reshExecutor-%d] o.s.c.g.r.RouteDefinitionRouteLocator    : RouteDefinition TRANSACTION-SERVICE applying filter {_genkey_0=name:transactionCircuitBreaker, _genkey_1=fallbackUri:forward:/fallback/general} to CircuitBreaker
2026-03-27T09:59:03.535+05:30 DEBUG 4660 --- [Api-Gateway] [reshExecutor-%d] o.s.c.g.r.RouteDefinitionRouteLocator    : RouteDefinition matched: TRANSACTION-SERVICE
2026-03-27T09:59:03.536+05:30 DEBUG 4660 --- [Api-Gateway] [reshExecutor-%d] o.s.c.g.r.RouteDefinitionRouteLocator    : RouteDefinition REWARDS-SERVICE applying {_genkey_0=/api/rewards/**} to Path
2026-03-27T09:59:03.536+05:30 DEBUG 4660 --- [Api-Gateway] [reshExecutor-%d] o.s.c.g.r.RouteDefinitionRouteLocator    : RouteDefinition REWARDS-SERVICE applying filter {_genkey_0=name:rewardCircuitBreaker, _genkey_1=fallbackUri:forward:/fallback/reward} to CircuitBreaker
2026-03-27T09:59:03.536+05:30 DEBUG 4660 --- [Api-Gateway] [reshExecutor-%d] o.s.c.g.r.RouteDefinitionRouteLocator    : RouteDefinition matched: REWARDS-SERVICE
2026-03-27T09:59:03.537+05:30 DEBUG 4660 --- [Api-Gateway] [reshExecutor-%d] o.s.c.g.r.RouteDefinitionRouteLocator    : RouteDefinition NOTIFICATION-SERVICE applying {_genkey_0=/api/notifications/**} to Path
2026-03-27T09:59:03.537+05:30 DEBUG 4660 --- [Api-Gateway] [reshExecutor-%d] o.s.c.g.r.RouteDefinitionRouteLocator    : RouteDefinition NOTIFICATION-SERVICE applying filter {_genkey_0=name:notificationCircuitBreaker, _genkey_1=fallbackUri:forward:/fallback/general} to CircuitBreaker
2026-03-27T09:59:03.537+05:30 DEBUG 4660 --- [Api-Gateway] [reshExecutor-%d] o.s.c.g.r.RouteDefinitionRouteLocator    : RouteDefinition matched: NOTIFICATION-SERVICE
2026-03-27T09:59:03.538+05:30 DEBUG 4660 --- [Api-Gateway] [reshExecutor-%d] o.s.c.g.r.RouteDefinitionRouteLocator    : RouteDefinition USER-SERVICE applying {_genkey_0=/users/**} to Path
2026-03-27T09:59:03.538+05:30 DEBUG 4660 --- [Api-Gateway] [reshExecutor-%d] o.s.c.g.r.RouteDefinitionRouteLocator    : RouteDefinition matched: USER-SERVICE
2026-03-27T09:59:03.539+05:30 DEBUG 4660 --- [Api-Gateway] [reshExecutor-%d] o.s.c.g.filter.GatewayMetricsFilter      : New routes count: 19
2026-03-27T09:59:33.572+05:30 DEBUG 4660 --- [Api-Gateway] [reshExecutor-%d] o.s.c.g.r.RouteDefinitionRouteLocator    : RouteDefinition ReactiveCompositeDiscoveryClient_CONFIG-SERVIER applying {pattern=/config-servier/**} to Path
2026-03-27T09:59:33.573+05:30 DEBUG 4660 --- [Api-Gateway] [reshExecutor-%d] o.s.c.g.r.RouteDefinitionRouteLocator    : RouteDefinition ReactiveCompositeDiscoveryClient_CONFIG-SERVIER applying filter {regexp=/config-servier/?(?<remaining>.*), replacement=/${remaining}} to RewritePath
2026-03-27T09:59:33.574+05:30 DEBUG 4660 --- [Api-Gateway] [reshExecutor-%d] o.s.c.g.r.RouteDefinitionRouteLocator    : RouteDefinition matched: ReactiveCompositeDiscoveryClient_CONFIG-SERVIER
2026-03-27T09:59:33.575+05:30 DEBUG 4660 --- [Api-Gateway] [reshExecutor-%d] o.s.c.g.r.RouteDefinitionRouteLocator    : RouteDefinition ReactiveCompositeDiscoveryClient_API-GATEWAY applying {pattern=/api-gateway/**} to Path
2026-03-27T09:59:33.575+05:30 DEBUG 4660 --- [Api-Gateway] [reshExecutor-%d] o.s.c.g.r.RouteDefinitionRouteLocator    : RouteDefinition ReactiveCompositeDiscoveryClient_API-GATEWAY applying filter {regexp=/api-gateway/?(?<remaining>.*), replacement=/${remaining}} to RewritePath
2026-03-27T09:59:33.576+05:30 DEBUG 4660 --- [Api-Gateway] [reshExecutor-%d] o.s.c.g.r.RouteDefinitionRouteLocator    : RouteDefinition matched: ReactiveCompositeDiscoveryClient_API-GATEWAY
2026-03-27T09:59:33.576+05:30 DEBUG 4660 --- [Api-Gateway] [reshExecutor-%d] o.s.c.g.r.RouteDefinitionRouteLocator    : RouteDefinition ReactiveCompositeDiscoveryClient_REWARDS-SERVICE applying {pattern=/rewards-service/**} to Path
2026-03-27T09:59:33.577+05:30 DEBUG 4660 --- [Api-Gateway] [reshExecutor-%d] o.s.c.g.r.RouteDefinitionRouteLocator    : RouteDefinition ReactiveCompositeDiscoveryClient_REWARDS-SERVICE applying filter {regexp=/rewards-service/?(?<remaining>.*), replacement=/${remaining}} to RewritePath
2026-03-27T09:59:33.578+05:30 DEBUG 4660 --- [Api-Gateway] [reshExecutor-%d] o.s.c.g.r.RouteDefinitionRouteLocator    : RouteDefinition matched: ReactiveCompositeDiscoveryClient_REWARDS-SERVICE
2026-03-27T09:59:33.578+05:30 DEBUG 4660 --- [Api-Gateway] [reshExecutor-%d] o.s.c.g.r.RouteDefinitionRouteLocator    : RouteDefinition ReactiveCompositeDiscoveryClient_KYC-SERVICE applying {pattern=/kyc-service/**} to Path
2026-03-27T09:59:33.579+05:30 DEBUG 4660 --- [Api-Gateway] [reshExecutor-%d] o.s.c.g.r.RouteDefinitionRouteLocator    : RouteDefinition ReactiveCompositeDiscoveryClient_KYC-SERVICE applying filter {regexp=/kyc-service/?(?<remaining>.*), replacement=/${remaining}} to RewritePath
2026-03-27T09:59:33.579+05:30 DEBUG 4660 --- [Api-Gateway] [reshExecutor-%d] o.s.c.g.r.RouteDefinitionRouteLocator    : RouteDefinition matched: ReactiveCompositeDiscoveryClient_KYC-SERVICE
2026-03-27T09:59:33.579+05:30 DEBUG 4660 --- [Api-Gateway] [reshExecutor-%d] o.s.c.g.r.RouteDefinitionRouteLocator    : RouteDefinition ReactiveCompositeDiscoveryClient_ADMIN-SERVICE applying {pattern=/admin-service/**} to Path
2026-03-27T09:59:33.580+05:30 DEBUG 4660 --- [Api-Gateway] [reshExecutor-%d] o.s.c.g.r.RouteDefinitionRouteLocator    : RouteDefinition ReactiveCompositeDiscoveryClient_ADMIN-SERVICE applying filter {regexp=/admin-service/?(?<remaining>.*), replacement=/${remaining}} to RewritePath
2026-03-27T09:59:33.580+05:30 DEBUG 4660 --- [Api-Gateway] [reshExecutor-%d] o.s.c.g.r.RouteDefinitionRouteLocator    : RouteDefinition matched: ReactiveCompositeDiscoveryClient_ADMIN-SERVICE
2026-03-27T09:59:33.580+05:30 DEBUG 4660 --- [Api-Gateway] [reshExecutor-%d] o.s.c.g.r.RouteDefinitionRouteLocator    : RouteDefinition ReactiveCompositeDiscoveryClient_TRANSACTION-SERVICE applying {pattern=/transaction-service/**} to Path
2026-03-27T09:59:33.580+05:30 DEBUG 4660 --- [Api-Gateway] [reshExecutor-%d] o.s.c.g.r.RouteDefinitionRouteLocator    : RouteDefinition ReactiveCompositeDiscoveryClient_TRANSACTION-SERVICE applying filter {regexp=/transaction-service/?(?<remaining>.*), replacement=/${remaining}} to RewritePath
2026-03-27T09:59:33.581+05:30 DEBUG 4660 --- [Api-Gateway] [reshExecutor-%d] o.s.c.g.r.RouteDefinitionRouteLocator    : RouteDefinition matched: ReactiveCompositeDiscoveryClient_TRANSACTION-SERVICE
2026-03-27T09:59:33.582+05:30 DEBUG 4660 --- [Api-Gateway] [reshExecutor-%d] o.s.c.g.r.RouteDefinitionRouteLocator    : RouteDefinition ReactiveCompositeDiscoveryClient_WALLET-SERVICE applying {pattern=/wallet-service/**} to Path
2026-03-27T09:59:33.582+05:30 DEBUG 4660 --- [Api-Gateway] [reshExecutor-%d] o.s.c.g.r.RouteDefinitionRouteLocator    : RouteDefinition ReactiveCompositeDiscoveryClient_WALLET-SERVICE applying filter {regexp=/wallet-service/?(?<remaining>.*), replacement=/${remaining}} to RewritePath
2026-03-27T09:59:33.582+05:30 DEBUG 4660 --- [Api-Gateway] [reshExecutor-%d] o.s.c.g.r.RouteDefinitionRouteLocator    : RouteDefinition matched: ReactiveCompositeDiscoveryClient_WALLET-SERVICE
2026-03-27T09:59:33.582+05:30 DEBUG 4660 --- [Api-Gateway] [reshExecutor-%d] o.s.c.g.r.RouteDefinitionRouteLocator    : RouteDefinition ReactiveCompositeDiscoveryClient_NOTIFICATION-SERVICE applying {pattern=/notification-service/**} to Path
2026-03-27T09:59:33.583+05:30 DEBUG 4660 --- [Api-Gateway] [reshExecutor-%d] o.s.c.g.r.RouteDefinitionRouteLocator    : RouteDefinition ReactiveCompositeDiscoveryClient_NOTIFICATION-SERVICE applying filter {regexp=/notification-service/?(?<remaining>.*), replacement=/${remaining}} to RewritePath
2026-03-27T09:59:33.583+05:30 DEBUG 4660 --- [Api-Gateway] [reshExecutor-%d] o.s.c.g.r.RouteDefinitionRouteLocator    : RouteDefinition matched: ReactiveCompositeDiscoveryClient_NOTIFICATION-SERVICE
2026-03-27T09:59:33.583+05:30 DEBUG 4660 --- [Api-Gateway] [reshExecutor-%d] o.s.c.g.r.RouteDefinitionRouteLocator    : RouteDefinition ReactiveCompositeDiscoveryClient_USER-SERVICE applying {pattern=/user-service/**} to Path
2026-03-27T09:59:33.584+05:30 DEBUG 4660 --- [Api-Gateway] [reshExecutor-%d] o.s.c.g.r.RouteDefinitionRouteLocator    : RouteDefinition ReactiveCompositeDiscoveryClient_USER-SERVICE applying filter {regexp=/user-service/?(?<remaining>.*), replacement=/${remaining}} to RewritePath
2026-03-27T09:59:33.585+05:30 DEBUG 4660 --- [Api-Gateway] [reshExecutor-%d] o.s.c.g.r.RouteDefinitionRouteLocator    : RouteDefinition matched: ReactiveCompositeDiscoveryClient_USER-SERVICE
2026-03-27T09:59:33.585+05:30 DEBUG 4660 --- [Api-Gateway] [reshExecutor-%d] o.s.c.g.r.RouteDefinitionRouteLocator    : RouteDefinition ReactiveCompositeDiscoveryClient_PAYMENT-SERVICES applying {pattern=/payment-services/**} to Path
2026-03-27T09:59:33.585+05:30 DEBUG 4660 --- [Api-Gateway] [reshExecutor-%d] o.s.c.g.r.RouteDefinitionRouteLocator    : RouteDefinition ReactiveCompositeDiscoveryClient_PAYMENT-SERVICES applying filter {regexp=/payment-services/?(?<remaining>.*), replacement=/${remaining}} to RewritePath
2026-03-27T09:59:33.586+05:30 DEBUG 4660 --- [Api-Gateway] [reshExecutor-%d] o.s.c.g.r.RouteDefinitionRouteLocator    : RouteDefinition matched: ReactiveCompositeDiscoveryClient_PAYMENT-SERVICES
2026-03-27T09:59:33.586+05:30 DEBUG 4660 --- [Api-Gateway] [reshExecutor-%d] o.s.c.g.r.RouteDefinitionRouteLocator    : RouteDefinition AUTH-SERVICE applying {_genkey_0=/auth/**} to Path
2026-03-27T09:59:33.586+05:30 DEBUG 4660 --- [Api-Gateway] [reshExecutor-%d] o.s.c.g.r.RouteDefinitionRouteLocator    : RouteDefinition matched: AUTH-SERVICE
2026-03-27T09:59:33.587+05:30 DEBUG 4660 --- [Api-Gateway] [reshExecutor-%d] o.s.c.g.r.RouteDefinitionRouteLocator    : RouteDefinition ADMIN-SERVICE applying {_genkey_0=/admin/**} to Path
2026-03-27T09:59:33.587+05:30 DEBUG 4660 --- [Api-Gateway] [reshExecutor-%d] o.s.c.g.r.RouteDefinitionRouteLocator    : RouteDefinition matched: ADMIN-SERVICE
2026-03-27T09:59:33.587+05:30 DEBUG 4660 --- [Api-Gateway] [reshExecutor-%d] o.s.c.g.r.RouteDefinitionRouteLocator    : RouteDefinition KYC-SERVICE applying {_genkey_0=/kyc/**} to Path
2026-03-27T09:59:33.587+05:30 DEBUG 4660 --- [Api-Gateway] [reshExecutor-%d] o.s.c.g.r.RouteDefinitionRouteLocator    : RouteDefinition matched: KYC-SERVICE
2026-03-27T09:59:33.588+05:30 DEBUG 4660 --- [Api-Gateway] [reshExecutor-%d] o.s.c.g.r.RouteDefinitionRouteLocator    : RouteDefinition PAYMENT-SERVICES applying {_genkey_0=/api/payments/**} to Path
2026-03-27T09:59:33.588+05:30 DEBUG 4660 --- [Api-Gateway] [reshExecutor-%d] o.s.c.g.r.RouteDefinitionRouteLocator    : RouteDefinition PAYMENT-SERVICES applying filter {_genkey_0=name:paymentCircuitBreaker, _genkey_1=fallbackUri:forward:/fallback/payment} to CircuitBreaker
2026-03-27T09:59:33.588+05:30 DEBUG 4660 --- [Api-Gateway] [reshExecutor-%d] o.s.c.g.r.RouteDefinitionRouteLocator    : RouteDefinition matched: PAYMENT-SERVICES
2026-03-27T09:59:33.589+05:30 DEBUG 4660 --- [Api-Gateway] [reshExecutor-%d] o.s.c.g.r.RouteDefinitionRouteLocator    : RouteDefinition WALLET-SERVICE applying {_genkey_0=/api/wallets/**} to Path
2026-03-27T09:59:33.589+05:30 DEBUG 4660 --- [Api-Gateway] [reshExecutor-%d] o.s.c.g.r.RouteDefinitionRouteLocator    : RouteDefinition WALLET-SERVICE applying filter {_genkey_0=name:walletCircuitBreaker, _genkey_1=fallbackUri:forward:/fallback/general} to CircuitBreaker
2026-03-27T09:59:33.589+05:30 DEBUG 4660 --- [Api-Gateway] [reshExecutor-%d] o.s.c.g.r.RouteDefinitionRouteLocator    : RouteDefinition matched: WALLET-SERVICE
2026-03-27T09:59:33.589+05:30 DEBUG 4660 --- [Api-Gateway] [reshExecutor-%d] o.s.c.g.r.RouteDefinitionRouteLocator    : RouteDefinition TRANSACTION-SERVICE applying {_genkey_0=/api/transaction/**} to Path
2026-03-27T09:59:33.589+05:30 DEBUG 4660 --- [Api-Gateway] [reshExecutor-%d] o.s.c.g.r.RouteDefinitionRouteLocator    : RouteDefinition TRANSACTION-SERVICE applying filter {_genkey_0=name:transactionCircuitBreaker, _genkey_1=fallbackUri:forward:/fallback/general} to CircuitBreaker
2026-03-27T09:59:33.590+05:30 DEBUG 4660 --- [Api-Gateway] [reshExecutor-%d] o.s.c.g.r.RouteDefinitionRouteLocator    : RouteDefinition matched: TRANSACTION-SERVICE
2026-03-27T09:59:33.590+05:30 DEBUG 4660 --- [Api-Gateway] [reshExecutor-%d] o.s.c.g.r.RouteDefinitionRouteLocator    : RouteDefinition REWARDS-SERVICE applying {_genkey_0=/api/rewards/**} to Path
2026-03-27T09:59:33.590+05:30 DEBUG 4660 --- [Api-Gateway] [reshExecutor-%d] o.s.c.g.r.RouteDefinitionRouteLocator    : RouteDefinition REWARDS-SERVICE applying filter {_genkey_0=name:rewardCircuitBreaker, _genkey_1=fallbackUri:forward:/fallback/reward} to CircuitBreaker
2026-03-27T09:59:33.590+05:30 DEBUG 4660 --- [Api-Gateway] [reshExecutor-%d] o.s.c.g.r.RouteDefinitionRouteLocator    : RouteDefinition matched: REWARDS-SERVICE
2026-03-27T09:59:33.590+05:30 DEBUG 4660 --- [Api-Gateway] [reshExecutor-%d] o.s.c.g.r.RouteDefinitionRouteLocator    : RouteDefinition NOTIFICATION-SERVICE applying {_genkey_0=/api/notifications/**} to Path
2026-03-27T09:59:33.592+05:30 DEBUG 4660 --- [Api-Gateway] [reshExecutor-%d] o.s.c.g.r.RouteDefinitionRouteLocator    : RouteDefinition NOTIFICATION-SERVICE applying filter {_genkey_0=name:notificationCircuitBreaker, _genkey_1=fallbackUri:forward:/fallback/general} to CircuitBreaker
2026-03-27T09:59:33.592+05:30 DEBUG 4660 --- [Api-Gateway] [reshExecutor-%d] o.s.c.g.r.RouteDefinitionRouteLocator    : RouteDefinition matched: NOTIFICATION-SERVICE
2026-03-27T09:59:33.593+05:30 DEBUG 4660 --- [Api-Gateway] [reshExecutor-%d] o.s.c.g.r.RouteDefinitionRouteLocator    : RouteDefinition USER-SERVICE applying {_genkey_0=/users/**} to Path
2026-03-27T09:59:33.593+05:30 DEBUG 4660 --- [Api-Gateway] [reshExecutor-%d] o.s.c.g.r.RouteDefinitionRouteLocator    : RouteDefinition matched: USER-SERVICE
2026-03-27T09:59:33.594+05:30 DEBUG 4660 --- [Api-Gateway] [reshExecutor-%d] o.s.c.g.filter.GatewayMetricsFilter      : New routes count: 19
2026-03-27T10:00:03.642+05:30 DEBUG 4660 --- [Api-Gateway] [reshExecutor-%d] o.s.c.g.r.RouteDefinitionRouteLocator    : RouteDefinition ReactiveCompositeDiscoveryClient_CONFIG-SERVIER applying {pattern=/config-servier/**} to Path
2026-03-27T10:00:03.645+05:30 DEBUG 4660 --- [Api-Gateway] [reshExecutor-%d] o.s.c.g.r.RouteDefinitionRouteLocator    : RouteDefinition ReactiveCompositeDiscoveryClient_CONFIG-SERVIER applying filter {regexp=/config-servier/?(?<remaining>.*), replacement=/${remaining}} to RewritePath
2026-03-27T10:00:03.646+05:30 DEBUG 4660 --- [Api-Gateway] [reshExecutor-%d] o.s.c.g.r.RouteDefinitionRouteLocator    : RouteDefinition matched: ReactiveCompositeDiscoveryClient_CONFIG-SERVIER
2026-03-27T10:00:03.647+05:30 DEBUG 4660 --- [Api-Gateway] [reshExecutor-%d] o.s.c.g.r.RouteDefinitionRouteLocator    : RouteDefinition ReactiveCompositeDiscoveryClient_API-GATEWAY applying {pattern=/api-gateway/**} to Path
2026-03-27T10:00:03.647+05:30 DEBUG 4660 --- [Api-Gateway] [reshExecutor-%d] o.s.c.g.r.RouteDefinitionRouteLocator    : RouteDefinition ReactiveCompositeDiscoveryClient_API-GATEWAY applying filter {regexp=/api-gateway/?(?<remaining>.*), replacement=/${remaining}} to RewritePath
2026-03-27T10:00:03.647+05:30 DEBUG 4660 --- [Api-Gateway] [reshExecutor-%d] o.s.c.g.r.RouteDefinitionRouteLocator    : RouteDefinition matched: ReactiveCompositeDiscoveryClient_API-GATEWAY
2026-03-27T10:00:03.648+05:30 DEBUG 4660 --- [Api-Gateway] [reshExecutor-%d] o.s.c.g.r.RouteDefinitionRouteLocator    : RouteDefinition ReactiveCompositeDiscoveryClient_REWARDS-SERVICE applying {pattern=/rewards-service/**} to Path
2026-03-27T10:00:03.648+05:30 DEBUG 4660 --- [Api-Gateway] [reshExecutor-%d] o.s.c.g.r.RouteDefinitionRouteLocator    : RouteDefinition ReactiveCompositeDiscoveryClient_REWARDS-SERVICE applying filter {regexp=/rewards-service/?(?<remaining>.*), replacement=/${remaining}} to RewritePath
2026-03-27T10:00:03.649+05:30 DEBUG 4660 --- [Api-Gateway] [reshExecutor-%d] o.s.c.g.r.RouteDefinitionRouteLocator    : RouteDefinition matched: ReactiveCompositeDiscoveryClient_REWARDS-SERVICE
2026-03-27T10:00:03.649+05:30 DEBUG 4660 --- [Api-Gateway] [reshExecutor-%d] o.s.c.g.r.RouteDefinitionRouteLocator    : RouteDefinition ReactiveCompositeDiscoveryClient_KYC-SERVICE applying {pattern=/kyc-service/**} to Path
2026-03-27T10:00:03.650+05:30 DEBUG 4660 --- [Api-Gateway] [reshExecutor-%d] o.s.c.g.r.RouteDefinitionRouteLocator    : RouteDefinition ReactiveCompositeDiscoveryClient_KYC-SERVICE applying filter {regexp=/kyc-service/?(?<remaining>.*), replacement=/${remaining}} to RewritePath
2026-03-27T10:00:03.650+05:30 DEBUG 4660 --- [Api-Gateway] [reshExecutor-%d] o.s.c.g.r.RouteDefinitionRouteLocator    : RouteDefinition matched: ReactiveCompositeDiscoveryClient_KYC-SERVICE
2026-03-27T10:00:03.650+05:30 DEBUG 4660 --- [Api-Gateway] [reshExecutor-%d] o.s.c.g.r.RouteDefinitionRouteLocator    : RouteDefinition ReactiveCompositeDiscoveryClient_ADMIN-SERVICE applying {pattern=/admin-service/**} to Path
2026-03-27T10:00:03.651+05:30 DEBUG 4660 --- [Api-Gateway] [reshExecutor-%d] o.s.c.g.r.RouteDefinitionRouteLocator    : RouteDefinition ReactiveCompositeDiscoveryClient_ADMIN-SERVICE applying filter {regexp=/admin-service/?(?<remaining>.*), replacement=/${remaining}} to RewritePath
2026-03-27T10:00:03.651+05:30 DEBUG 4660 --- [Api-Gateway] [reshExecutor-%d] o.s.c.g.r.RouteDefinitionRouteLocator    : RouteDefinition matched: ReactiveCompositeDiscoveryClient_ADMIN-SERVICE
2026-03-27T10:00:03.651+05:30 DEBUG 4660 --- [Api-Gateway] [reshExecutor-%d] o.s.c.g.r.RouteDefinitionRouteLocator    : RouteDefinition ReactiveCompositeDiscoveryClient_TRANSACTION-SERVICE applying {pattern=/transaction-service/**} to Path
2026-03-27T10:00:03.652+05:30 DEBUG 4660 --- [Api-Gateway] [reshExecutor-%d] o.s.c.g.r.RouteDefinitionRouteLocator    : RouteDefinition ReactiveCompositeDiscoveryClient_TRANSACTION-SERVICE applying filter {regexp=/transaction-service/?(?<remaining>.*), replacement=/${remaining}} to RewritePath
2026-03-27T10:00:03.652+05:30 DEBUG 4660 --- [Api-Gateway] [reshExecutor-%d] o.s.c.g.r.RouteDefinitionRouteLocator    : RouteDefinition matched: ReactiveCompositeDiscoveryClient_TRANSACTION-SERVICE
2026-03-27T10:00:03.652+05:30 DEBUG 4660 --- [Api-Gateway] [reshExecutor-%d] o.s.c.g.r.RouteDefinitionRouteLocator    : RouteDefinition ReactiveCompositeDiscoveryClient_WALLET-SERVICE applying {pattern=/wallet-service/**} to Path
2026-03-27T10:00:03.653+05:30 DEBUG 4660 --- [Api-Gateway] [reshExecutor-%d] o.s.c.g.r.RouteDefinitionRouteLocator    : RouteDefinition ReactiveCompositeDiscoveryClient_WALLET-SERVICE applying filter {regexp=/wallet-service/?(?<remaining>.*), replacement=/${remaining}} to RewritePath
2026-03-27T10:00:03.653+05:30 DEBUG 4660 --- [Api-Gateway] [reshExecutor-%d] o.s.c.g.r.RouteDefinitionRouteLocator    : RouteDefinition matched: ReactiveCompositeDiscoveryClient_WALLET-SERVICE
2026-03-27T10:00:03.653+05:30 DEBUG 4660 --- [Api-Gateway] [reshExecutor-%d] o.s.c.g.r.RouteDefinitionRouteLocator    : RouteDefinition ReactiveCompositeDiscoveryClient_NOTIFICATION-SERVICE applying {pattern=/notification-service/**} to Path
2026-03-27T10:00:03.654+05:30 DEBUG 4660 --- [Api-Gateway] [reshExecutor-%d] o.s.c.g.r.RouteDefinitionRouteLocator    : RouteDefinition ReactiveCompositeDiscoveryClient_NOTIFICATION-SERVICE applying filter {regexp=/notification-service/?(?<remaining>.*), replacement=/${remaining}} to RewritePath
2026-03-27T10:00:03.655+05:30 DEBUG 4660 --- [Api-Gateway] [reshExecutor-%d] o.s.c.g.r.RouteDefinitionRouteLocator    : RouteDefinition matched: ReactiveCompositeDiscoveryClient_NOTIFICATION-SERVICE
2026-03-27T10:00:03.655+05:30 DEBUG 4660 --- [Api-Gateway] [reshExecutor-%d] o.s.c.g.r.RouteDefinitionRouteLocator    : RouteDefinition ReactiveCompositeDiscoveryClient_USER-SERVICE applying {pattern=/user-service/**} to Path
2026-03-27T10:00:03.656+05:30 DEBUG 4660 --- [Api-Gateway] [reshExecutor-%d] o.s.c.g.r.RouteDefinitionRouteLocator    : RouteDefinition ReactiveCompositeDiscoveryClient_USER-SERVICE applying filter {regexp=/user-service/?(?<remaining>.*), replacement=/${remaining}} to RewritePath
2026-03-27T10:00:03.656+05:30 DEBUG 4660 --- [Api-Gateway] [reshExecutor-%d] o.s.c.g.r.RouteDefinitionRouteLocator    : RouteDefinition matched: ReactiveCompositeDiscoveryClient_USER-SERVICE
2026-03-27T10:00:03.657+05:30 DEBUG 4660 --- [Api-Gateway] [reshExecutor-%d] o.s.c.g.r.RouteDefinitionRouteLocator    : RouteDefinition ReactiveCompositeDiscoveryClient_PAYMENT-SERVICES applying {pattern=/payment-services/**} to Path
2026-03-27T10:00:03.657+05:30 DEBUG 4660 --- [Api-Gateway] [reshExecutor-%d] o.s.c.g.r.RouteDefinitionRouteLocator    : RouteDefinition ReactiveCompositeDiscoveryClient_PAYMENT-SERVICES applying filter {regexp=/payment-services/?(?<remaining>.*), replacement=/${remaining}} to RewritePath
2026-03-27T10:00:03.657+05:30 DEBUG 4660 --- [Api-Gateway] [reshExecutor-%d] o.s.c.g.r.RouteDefinitionRouteLocator    : RouteDefinition matched: ReactiveCompositeDiscoveryClient_PAYMENT-SERVICES
2026-03-27T10:00:03.657+05:30 DEBUG 4660 --- [Api-Gateway] [reshExecutor-%d] o.s.c.g.r.RouteDefinitionRouteLocator    : RouteDefinition AUTH-SERVICE applying {_genkey_0=/auth/**} to Path
2026-03-27T10:00:03.657+05:30 DEBUG 4660 --- [Api-Gateway] [reshExecutor-%d] o.s.c.g.r.RouteDefinitionRouteLocator    : RouteDefinition matched: AUTH-SERVICE
2026-03-27T10:00:03.659+05:30 DEBUG 4660 --- [Api-Gateway] [reshExecutor-%d] o.s.c.g.r.RouteDefinitionRouteLocator    : RouteDefinition ADMIN-SERVICE applying {_genkey_0=/admin/**} to Path
2026-03-27T10:00:03.659+05:30 DEBUG 4660 --- [Api-Gateway] [reshExecutor-%d] o.s.c.g.r.RouteDefinitionRouteLocator    : RouteDefinition matched: ADMIN-SERVICE
2026-03-27T10:00:03.659+05:30 DEBUG 4660 --- [Api-Gateway] [reshExecutor-%d] o.s.c.g.r.RouteDefinitionRouteLocator    : RouteDefinition KYC-SERVICE applying {_genkey_0=/kyc/**} to Path
2026-03-27T10:00:03.659+05:30 DEBUG 4660 --- [Api-Gateway] [reshExecutor-%d] o.s.c.g.r.RouteDefinitionRouteLocator    : RouteDefinition matched: KYC-SERVICE
2026-03-27T10:00:03.660+05:30 DEBUG 4660 --- [Api-Gateway] [reshExecutor-%d] o.s.c.g.r.RouteDefinitionRouteLocator    : RouteDefinition PAYMENT-SERVICES applying {_genkey_0=/api/payments/**} to Path
2026-03-27T10:00:03.660+05:30 DEBUG 4660 --- [Api-Gateway] [reshExecutor-%d] o.s.c.g.r.RouteDefinitionRouteLocator    : RouteDefinition PAYMENT-SERVICES applying filter {_genkey_0=name:paymentCircuitBreaker, _genkey_1=fallbackUri:forward:/fallback/payment} to CircuitBreaker
2026-03-27T10:00:03.660+05:30 DEBUG 4660 --- [Api-Gateway] [reshExecutor-%d] o.s.c.g.r.RouteDefinitionRouteLocator    : RouteDefinition matched: PAYMENT-SERVICES
2026-03-27T10:00:03.661+05:30 DEBUG 4660 --- [Api-Gateway] [reshExecutor-%d] o.s.c.g.r.RouteDefinitionRouteLocator    : RouteDefinition WALLET-SERVICE applying {_genkey_0=/api/wallets/**} to Path
2026-03-27T10:00:03.661+05:30 DEBUG 4660 --- [Api-Gateway] [reshExecutor-%d] o.s.c.g.r.RouteDefinitionRouteLocator    : RouteDefinition WALLET-SERVICE applying filter {_genkey_0=name:walletCircuitBreaker, _genkey_1=fallbackUri:forward:/fallback/general} to CircuitBreaker
2026-03-27T10:00:03.661+05:30 DEBUG 4660 --- [Api-Gateway] [reshExecutor-%d] o.s.c.g.r.RouteDefinitionRouteLocator    : RouteDefinition matched: WALLET-SERVICE
2026-03-27T10:00:03.662+05:30 DEBUG 4660 --- [Api-Gateway] [reshExecutor-%d] o.s.c.g.r.RouteDefinitionRouteLocator    : RouteDefinition TRANSACTION-SERVICE applying {_genkey_0=/api/transaction/**} to Path
2026-03-27T10:00:03.662+05:30 DEBUG 4660 --- [Api-Gateway] [reshExecutor-%d] o.s.c.g.r.RouteDefinitionRouteLocator    : RouteDefinition TRANSACTION-SERVICE applying filter {_genkey_0=name:transactionCircuitBreaker, _genkey_1=fallbackUri:forward:/fallback/general} to CircuitBreaker
2026-03-27T10:00:03.662+05:30 DEBUG 4660 --- [Api-Gateway] [reshExecutor-%d] o.s.c.g.r.RouteDefinitionRouteLocator    : RouteDefinition matched: TRANSACTION-SERVICE
2026-03-27T10:00:03.663+05:30 DEBUG 4660 --- [Api-Gateway] [reshExecutor-%d] o.s.c.g.r.RouteDefinitionRouteLocator    : RouteDefinition REWARDS-SERVICE applying {_genkey_0=/api/rewards/**} to Path
2026-03-27T10:00:03.663+05:30 DEBUG 4660 --- [Api-Gateway] [reshExecutor-%d] o.s.c.g.r.RouteDefinitionRouteLocator    : RouteDefinition REWARDS-SERVICE applying filter {_genkey_0=name:rewardCircuitBreaker, _genkey_1=fallbackUri:forward:/fallback/reward} to CircuitBreaker
2026-03-27T10:00:03.663+05:30 DEBUG 4660 --- [Api-Gateway] [reshExecutor-%d] o.s.c.g.r.RouteDefinitionRouteLocator    : RouteDefinition matched: REWARDS-SERVICE
2026-03-27T10:00:03.664+05:30 DEBUG 4660 --- [Api-Gateway] [reshExecutor-%d] o.s.c.g.r.RouteDefinitionRouteLocator    : RouteDefinition NOTIFICATION-SERVICE applying {_genkey_0=/api/notifications/**} to Path
2026-03-27T10:00:03.664+05:30 DEBUG 4660 --- [Api-Gateway] [reshExecutor-%d] o.s.c.g.r.RouteDefinitionRouteLocator    : RouteDefinition NOTIFICATION-SERVICE applying filter {_genkey_0=name:notificationCircuitBreaker, _genkey_1=fallbackUri:forward:/fallback/general} to CircuitBreaker
2026-03-27T10:00:03.664+05:30 DEBUG 4660 --- [Api-Gateway] [reshExecutor-%d] o.s.c.g.r.RouteDefinitionRouteLocator    : RouteDefinition matched: NOTIFICATION-SERVICE
2026-03-27T10:00:03.665+05:30 DEBUG 4660 --- [Api-Gateway] [reshExecutor-%d] o.s.c.g.r.RouteDefinitionRouteLocator    : RouteDefinition USER-SERVICE applying {_genkey_0=/users/**} to Path
2026-03-27T10:00:03.665+05:30 DEBUG 4660 --- [Api-Gateway] [reshExecutor-%d] o.s.c.g.r.RouteDefinitionRouteLocator    : RouteDefinition matched: USER-SERVICE
2026-03-27T10:00:03.666+05:30 DEBUG 4660 --- [Api-Gateway] [reshExecutor-%d] o.s.c.g.filter.GatewayMetricsFilter      : New routes count: 19
2026-03-27T10:00:33.697+05:30 DEBUG 4660 --- [Api-Gateway] [reshExecutor-%d] o.s.c.g.r.RouteDefinitionRouteLocator    : RouteDefinition ReactiveCompositeDiscoveryClient_CONFIG-SERVIER applying {pattern=/config-servier/**} to Path
2026-03-27T10:00:33.700+05:30 DEBUG 4660 --- [Api-Gateway] [reshExecutor-%d] o.s.c.g.r.RouteDefinitionRouteLocator    : RouteDefinition ReactiveCompositeDiscoveryClient_CONFIG-SERVIER applying filter {regexp=/config-servier/?(?<remaining>.*), replacement=/${remaining}} to RewritePath
2026-03-27T10:00:33.702+05:30 DEBUG 4660 --- [Api-Gateway] [reshExecutor-%d] o.s.c.g.r.RouteDefinitionRouteLocator    : RouteDefinition matched: ReactiveCompositeDiscoveryClient_CONFIG-SERVIER
2026-03-27T10:00:33.703+05:30 DEBUG 4660 --- [Api-Gateway] [reshExecutor-%d] o.s.c.g.r.RouteDefinitionRouteLocator    : RouteDefinition ReactiveCompositeDiscoveryClient_API-GATEWAY applying {pattern=/api-gateway/**} to Path
2026-03-27T10:00:33.705+05:30 DEBUG 4660 --- [Api-Gateway] [reshExecutor-%d] o.s.c.g.r.RouteDefinitionRouteLocator    : RouteDefinition ReactiveCompositeDiscoveryClient_API-GATEWAY applying filter {regexp=/api-gateway/?(?<remaining>.*), replacement=/${remaining}} to RewritePath
2026-03-27T10:00:33.706+05:30 DEBUG 4660 --- [Api-Gateway] [reshExecutor-%d] o.s.c.g.r.RouteDefinitionRouteLocator    : RouteDefinition matched: ReactiveCompositeDiscoveryClient_API-GATEWAY
2026-03-27T10:00:33.706+05:30 DEBUG 4660 --- [Api-Gateway] [reshExecutor-%d] o.s.c.g.r.RouteDefinitionRouteLocator    : RouteDefinition ReactiveCompositeDiscoveryClient_REWARDS-SERVICE applying {pattern=/rewards-service/**} to Path
2026-03-27T10:00:33.708+05:30 DEBUG 4660 --- [Api-Gateway] [reshExecutor-%d] o.s.c.g.r.RouteDefinitionRouteLocator    : RouteDefinition ReactiveCompositeDiscoveryClient_REWARDS-SERVICE applying filter {regexp=/rewards-service/?(?<remaining>.*), replacement=/${remaining}} to RewritePath
2026-03-27T10:00:33.709+05:30 DEBUG 4660 --- [Api-Gateway] [reshExecutor-%d] o.s.c.g.r.RouteDefinitionRouteLocator    : RouteDefinition matched: ReactiveCompositeDiscoveryClient_REWARDS-SERVICE
2026-03-27T10:00:33.711+05:30 DEBUG 4660 --- [Api-Gateway] [reshExecutor-%d] o.s.c.g.r.RouteDefinitionRouteLocator    : RouteDefinition ReactiveCompositeDiscoveryClient_KYC-SERVICE applying {pattern=/kyc-service/**} to Path
2026-03-27T10:00:33.712+05:30 DEBUG 4660 --- [Api-Gateway] [reshExecutor-%d] o.s.c.g.r.RouteDefinitionRouteLocator    : RouteDefinition ReactiveCompositeDiscoveryClient_KYC-SERVICE applying filter {regexp=/kyc-service/?(?<remaining>.*), replacement=/${remaining}} to RewritePath
2026-03-27T10:00:33.713+05:30 DEBUG 4660 --- [Api-Gateway] [reshExecutor-%d] o.s.c.g.r.RouteDefinitionRouteLocator    : RouteDefinition matched: ReactiveCompositeDiscoveryClient_KYC-SERVICE
2026-03-27T10:00:33.714+05:30 DEBUG 4660 --- [Api-Gateway] [reshExecutor-%d] o.s.c.g.r.RouteDefinitionRouteLocator    : RouteDefinition ReactiveCompositeDiscoveryClient_ADMIN-SERVICE applying {pattern=/admin-service/**} to Path
2026-03-27T10:00:33.715+05:30 DEBUG 4660 --- [Api-Gateway] [reshExecutor-%d] o.s.c.g.r.RouteDefinitionRouteLocator    : RouteDefinition ReactiveCompositeDiscoveryClient_ADMIN-SERVICE applying filter {regexp=/admin-service/?(?<remaining>.*), replacement=/${remaining}} to RewritePath
2026-03-27T10:00:33.716+05:30 DEBUG 4660 --- [Api-Gateway] [reshExecutor-%d] o.s.c.g.r.RouteDefinitionRouteLocator    : RouteDefinition matched: ReactiveCompositeDiscoveryClient_ADMIN-SERVICE
2026-03-27T10:00:33.717+05:30 DEBUG 4660 --- [Api-Gateway] [reshExecutor-%d] o.s.c.g.r.RouteDefinitionRouteLocator    : RouteDefinition ReactiveCompositeDiscoveryClient_TRANSACTION-SERVICE applying {pattern=/transaction-service/**} to Path
2026-03-27T10:00:33.718+05:30 DEBUG 4660 --- [Api-Gateway] [reshExecutor-%d] o.s.c.g.r.RouteDefinitionRouteLocator    : RouteDefinition ReactiveCompositeDiscoveryClient_TRANSACTION-SERVICE applying filter {regexp=/transaction-service/?(?<remaining>.*), replacement=/${remaining}} to RewritePath
2026-03-27T10:00:33.720+05:30 DEBUG 4660 --- [Api-Gateway] [reshExecutor-%d] o.s.c.g.r.RouteDefinitionRouteLocator    : RouteDefinition matched: ReactiveCompositeDiscoveryClient_TRANSACTION-SERVICE
2026-03-27T10:00:33.720+05:30 DEBUG 4660 --- [Api-Gateway] [reshExecutor-%d] o.s.c.g.r.RouteDefinitionRouteLocator    : RouteDefinition ReactiveCompositeDiscoveryClient_WALLET-SERVICE applying {pattern=/wallet-service/**} to Path
2026-03-27T10:00:33.722+05:30 DEBUG 4660 --- [Api-Gateway] [reshExecutor-%d] o.s.c.g.r.RouteDefinitionRouteLocator    : RouteDefinition ReactiveCompositeDiscoveryClient_WALLET-SERVICE applying filter {regexp=/wallet-service/?(?<remaining>.*), replacement=/${remaining}} to RewritePath
2026-03-27T10:00:33.724+05:30 DEBUG 4660 --- [Api-Gateway] [reshExecutor-%d] o.s.c.g.r.RouteDefinitionRouteLocator    : RouteDefinition matched: ReactiveCompositeDiscoveryClient_WALLET-SERVICE
2026-03-27T10:00:33.724+05:30 DEBUG 4660 --- [Api-Gateway] [reshExecutor-%d] o.s.c.g.r.RouteDefinitionRouteLocator    : RouteDefinition ReactiveCompositeDiscoveryClient_NOTIFICATION-SERVICE applying {pattern=/notification-service/**} to Path
2026-03-27T10:00:33.726+05:30 DEBUG 4660 --- [Api-Gateway] [reshExecutor-%d] o.s.c.g.r.RouteDefinitionRouteLocator    : RouteDefinition ReactiveCompositeDiscoveryClient_NOTIFICATION-SERVICE applying filter {regexp=/notification-service/?(?<remaining>.*), replacement=/${remaining}} to RewritePath
2026-03-27T10:00:33.726+05:30 DEBUG 4660 --- [Api-Gateway] [reshExecutor-%d] o.s.c.g.r.RouteDefinitionRouteLocator    : RouteDefinition matched: ReactiveCompositeDiscoveryClient_NOTIFICATION-SERVICE
2026-03-27T10:00:33.727+05:30 DEBUG 4660 --- [Api-Gateway] [reshExecutor-%d] o.s.c.g.r.RouteDefinitionRouteLocator    : RouteDefinition ReactiveCompositeDiscoveryClient_USER-SERVICE applying {pattern=/user-service/**} to Path
2026-03-27T10:00:33.728+05:30 DEBUG 4660 --- [Api-Gateway] [reshExecutor-%d] o.s.c.g.r.RouteDefinitionRouteLocator    : RouteDefinition ReactiveCompositeDiscoveryClient_USER-SERVICE applying filter {regexp=/user-service/?(?<remaining>.*), replacement=/${remaining}} to RewritePath
2026-03-27T10:00:33.729+05:30 DEBUG 4660 --- [Api-Gateway] [reshExecutor-%d] o.s.c.g.r.RouteDefinitionRouteLocator    : RouteDefinition matched: ReactiveCompositeDiscoveryClient_USER-SERVICE
2026-03-27T10:00:33.729+05:30 DEBUG 4660 --- [Api-Gateway] [reshExecutor-%d] o.s.c.g.r.RouteDefinitionRouteLocator    : RouteDefinition ReactiveCompositeDiscoveryClient_PAYMENT-SERVICES applying {pattern=/payment-services/**} to Path
2026-03-27T10:00:33.730+05:30 DEBUG 4660 --- [Api-Gateway] [reshExecutor-%d] o.s.c.g.r.RouteDefinitionRouteLocator    : RouteDefinition ReactiveCompositeDiscoveryClient_PAYMENT-SERVICES applying filter {regexp=/payment-services/?(?<remaining>.*), replacement=/${remaining}} to RewritePath
2026-03-27T10:00:33.730+05:30 DEBUG 4660 --- [Api-Gateway] [reshExecutor-%d] o.s.c.g.r.RouteDefinitionRouteLocator    : RouteDefinition matched: ReactiveCompositeDiscoveryClient_PAYMENT-SERVICES
2026-03-27T10:00:33.731+05:30 DEBUG 4660 --- [Api-Gateway] [reshExecutor-%d] o.s.c.g.r.RouteDefinitionRouteLocator    : RouteDefinition AUTH-SERVICE applying {_genkey_0=/auth/**} to Path
2026-03-27T10:00:33.731+05:30 DEBUG 4660 --- [Api-Gateway] [reshExecutor-%d] o.s.c.g.r.RouteDefinitionRouteLocator    : RouteDefinition matched: AUTH-SERVICE
2026-03-27T10:00:33.732+05:30 DEBUG 4660 --- [Api-Gateway] [reshExecutor-%d] o.s.c.g.r.RouteDefinitionRouteLocator    : RouteDefinition ADMIN-SERVICE applying {_genkey_0=/admin/**} to Path
2026-03-27T10:00:33.733+05:30 DEBUG 4660 --- [Api-Gateway] [reshExecutor-%d] o.s.c.g.r.RouteDefinitionRouteLocator    : RouteDefinition matched: ADMIN-SERVICE
2026-03-27T10:00:33.733+05:30 DEBUG 4660 --- [Api-Gateway] [reshExecutor-%d] o.s.c.g.r.RouteDefinitionRouteLocator    : RouteDefinition KYC-SERVICE applying {_genkey_0=/kyc/**} to Path
2026-03-27T10:00:33.734+05:30 DEBUG 4660 --- [Api-Gateway] [reshExecutor-%d] o.s.c.g.r.RouteDefinitionRouteLocator    : RouteDefinition matched: KYC-SERVICE
2026-03-27T10:00:33.734+05:30 DEBUG 4660 --- [Api-Gateway] [reshExecutor-%d] o.s.c.g.r.RouteDefinitionRouteLocator    : RouteDefinition PAYMENT-SERVICES applying {_genkey_0=/api/payments/**} to Path
2026-03-27T10:00:33.735+05:30 DEBUG 4660 --- [Api-Gateway] [reshExecutor-%d] o.s.c.g.r.RouteDefinitionRouteLocator    : RouteDefinition PAYMENT-SERVICES applying filter {_genkey_0=name:paymentCircuitBreaker, _genkey_1=fallbackUri:forward:/fallback/payment} to CircuitBreaker
2026-03-27T10:00:33.735+05:30 DEBUG 4660 --- [Api-Gateway] [reshExecutor-%d] o.s.c.g.r.RouteDefinitionRouteLocator    : RouteDefinition matched: PAYMENT-SERVICES
2026-03-27T10:00:33.735+05:30 DEBUG 4660 --- [Api-Gateway] [reshExecutor-%d] o.s.c.g.r.RouteDefinitionRouteLocator    : RouteDefinition WALLET-SERVICE applying {_genkey_0=/api/wallets/**} to Path
2026-03-27T10:00:33.736+05:30 DEBUG 4660 --- [Api-Gateway] [reshExecutor-%d] o.s.c.g.r.RouteDefinitionRouteLocator    : RouteDefinition WALLET-SERVICE applying filter {_genkey_0=name:walletCircuitBreaker, _genkey_1=fallbackUri:forward:/fallback/general} to CircuitBreaker
2026-03-27T10:00:33.736+05:30 DEBUG 4660 --- [Api-Gateway] [reshExecutor-%d] o.s.c.g.r.RouteDefinitionRouteLocator    : RouteDefinition matched: WALLET-SERVICE
2026-03-27T10:00:33.737+05:30 DEBUG 4660 --- [Api-Gateway] [reshExecutor-%d] o.s.c.g.r.RouteDefinitionRouteLocator    : RouteDefinition TRANSACTION-SERVICE applying {_genkey_0=/api/transaction/**} to Path
2026-03-27T10:00:33.737+05:30 DEBUG 4660 --- [Api-Gateway] [reshExecutor-%d] o.s.c.g.r.RouteDefinitionRouteLocator    : RouteDefinition TRANSACTION-SERVICE applying filter {_genkey_0=name:transactionCircuitBreaker, _genkey_1=fallbackUri:forward:/fallback/general} to CircuitBreaker
2026-03-27T10:00:33.738+05:30 DEBUG 4660 --- [Api-Gateway] [reshExecutor-%d] o.s.c.g.r.RouteDefinitionRouteLocator    : RouteDefinition matched: TRANSACTION-SERVICE
2026-03-27T10:00:33.738+05:30 DEBUG 4660 --- [Api-Gateway] [reshExecutor-%d] o.s.c.g.r.RouteDefinitionRouteLocator    : RouteDefinition REWARDS-SERVICE applying {_genkey_0=/api/rewards/**} to Path
2026-03-27T10:00:33.738+05:30 DEBUG 4660 --- [Api-Gateway] [reshExecutor-%d] o.s.c.g.r.RouteDefinitionRouteLocator    : RouteDefinition REWARDS-SERVICE applying filter {_genkey_0=name:rewardCircuitBreaker, _genkey_1=fallbackUri:forward:/fallback/reward} to CircuitBreaker
2026-03-27T10:00:33.738+05:30 DEBUG 4660 --- [Api-Gateway] [reshExecutor-%d] o.s.c.g.r.RouteDefinitionRouteLocator    : RouteDefinition matched: REWARDS-SERVICE
2026-03-27T10:00:33.738+05:30 DEBUG 4660 --- [Api-Gateway] [reshExecutor-%d] o.s.c.g.r.RouteDefinitionRouteLocator    : RouteDefinition NOTIFICATION-SERVICE applying {_genkey_0=/api/notifications/**} to Path
2026-03-27T10:00:33.740+05:30 DEBUG 4660 --- [Api-Gateway] [reshExecutor-%d] o.s.c.g.r.RouteDefinitionRouteLocator    : RouteDefinition NOTIFICATION-SERVICE applying filter {_genkey_0=name:notificationCircuitBreaker, _genkey_1=fallbackUri:forward:/fallback/general} to CircuitBreaker
2026-03-27T10:00:33.741+05:30 DEBUG 4660 --- [Api-Gateway] [reshExecutor-%d] o.s.c.g.r.RouteDefinitionRouteLocator    : RouteDefinition matched: NOTIFICATION-SERVICE
2026-03-27T10:00:33.741+05:30 DEBUG 4660 --- [Api-Gateway] [reshExecutor-%d] o.s.c.g.r.RouteDefinitionRouteLocator    : RouteDefinition USER-SERVICE applying {_genkey_0=/users/**} to Path
2026-03-27T10:00:33.741+05:30 DEBUG 4660 --- [Api-Gateway] [reshExecutor-%d] o.s.c.g.r.RouteDefinitionRouteLocator    : RouteDefinition matched: USER-SERVICE
2026-03-27T10:00:33.742+05:30 DEBUG 4660 --- [Api-Gateway] [reshExecutor-%d] o.s.c.g.filter.GatewayMetricsFilter      : New routes count: 19
2026-03-27T10:01:03.778+05:30 DEBUG 4660 --- [Api-Gateway] [reshExecutor-%d] o.s.c.g.r.RouteDefinitionRouteLocator    : RouteDefinition ReactiveCompositeDiscoveryClient_CONFIG-SERVIER applying {pattern=/config-servier/**} to Path
2026-03-27T10:01:03.780+05:30 DEBUG 4660 --- [Api-Gateway] [reshExecutor-%d] o.s.c.g.r.RouteDefinitionRouteLocator    : RouteDefinition ReactiveCompositeDiscoveryClient_CONFIG-SERVIER applying filter {regexp=/config-servier/?(?<remaining>.*), replacement=/${remaining}} to RewritePath
2026-03-27T10:01:03.782+05:30 DEBUG 4660 --- [Api-Gateway] [reshExecutor-%d] o.s.c.g.r.RouteDefinitionRouteLocator    : RouteDefinition matched: ReactiveCompositeDiscoveryClient_CONFIG-SERVIER
2026-03-27T10:01:03.782+05:30 DEBUG 4660 --- [Api-Gateway] [reshExecutor-%d] o.s.c.g.r.RouteDefinitionRouteLocator    : RouteDefinition ReactiveCompositeDiscoveryClient_API-GATEWAY applying {pattern=/api-gateway/**} to Path
2026-03-27T10:01:03.783+05:30 DEBUG 4660 --- [Api-Gateway] [reshExecutor-%d] o.s.c.g.r.RouteDefinitionRouteLocator    : RouteDefinition ReactiveCompositeDiscoveryClient_API-GATEWAY applying filter {regexp=/api-gateway/?(?<remaining>.*), replacement=/${remaining}} to RewritePath
2026-03-27T10:01:03.784+05:30 DEBUG 4660 --- [Api-Gateway] [reshExecutor-%d] o.s.c.g.r.RouteDefinitionRouteLocator    : RouteDefinition matched: ReactiveCompositeDiscoveryClient_API-GATEWAY
2026-03-27T10:01:03.785+05:30 DEBUG 4660 --- [Api-Gateway] [reshExecutor-%d] o.s.c.g.r.RouteDefinitionRouteLocator    : RouteDefinition ReactiveCompositeDiscoveryClient_REWARDS-SERVICE applying {pattern=/rewards-service/**} to Path
2026-03-27T10:01:03.786+05:30 DEBUG 4660 --- [Api-Gateway] [reshExecutor-%d] o.s.c.g.r.RouteDefinitionRouteLocator    : RouteDefinition ReactiveCompositeDiscoveryClient_REWARDS-SERVICE applying filter {regexp=/rewards-service/?(?<remaining>.*), replacement=/${remaining}} to RewritePath
2026-03-27T10:01:03.787+05:30 DEBUG 4660 --- [Api-Gateway] [reshExecutor-%d] o.s.c.g.r.RouteDefinitionRouteLocator    : RouteDefinition matched: ReactiveCompositeDiscoveryClient_REWARDS-SERVICE
2026-03-27T10:01:03.787+05:30 DEBUG 4660 --- [Api-Gateway] [reshExecutor-%d] o.s.c.g.r.RouteDefinitionRouteLocator    : RouteDefinition ReactiveCompositeDiscoveryClient_KYC-SERVICE applying {pattern=/kyc-service/**} to Path
2026-03-27T10:01:03.788+05:30 DEBUG 4660 --- [Api-Gateway] [reshExecutor-%d] o.s.c.g.r.RouteDefinitionRouteLocator    : RouteDefinition ReactiveCompositeDiscoveryClient_KYC-SERVICE applying filter {regexp=/kyc-service/?(?<remaining>.*), replacement=/${remaining}} to RewritePath
2026-03-27T10:01:03.790+05:30 DEBUG 4660 --- [Api-Gateway] [reshExecutor-%d] o.s.c.g.r.RouteDefinitionRouteLocator    : RouteDefinition matched: ReactiveCompositeDiscoveryClient_KYC-SERVICE
2026-03-27T10:01:03.791+05:30 DEBUG 4660 --- [Api-Gateway] [reshExecutor-%d] o.s.c.g.r.RouteDefinitionRouteLocator    : RouteDefinition ReactiveCompositeDiscoveryClient_ADMIN-SERVICE applying {pattern=/admin-service/**} to Path
2026-03-27T10:01:03.792+05:30 DEBUG 4660 --- [Api-Gateway] [reshExecutor-%d] o.s.c.g.r.RouteDefinitionRouteLocator    : RouteDefinition ReactiveCompositeDiscoveryClient_ADMIN-SERVICE applying filter {regexp=/admin-service/?(?<remaining>.*), replacement=/${remaining}} to RewritePath
2026-03-27T10:01:03.792+05:30 DEBUG 4660 --- [Api-Gateway] [reshExecutor-%d] o.s.c.g.r.RouteDefinitionRouteLocator    : RouteDefinition matched: ReactiveCompositeDiscoveryClient_ADMIN-SERVICE
2026-03-27T10:01:03.793+05:30 DEBUG 4660 --- [Api-Gateway] [reshExecutor-%d] o.s.c.g.r.RouteDefinitionRouteLocator    : RouteDefinition ReactiveCompositeDiscoveryClient_TRANSACTION-SERVICE applying {pattern=/transaction-service/**} to Path
2026-03-27T10:01:03.794+05:30 DEBUG 4660 --- [Api-Gateway] [reshExecutor-%d] o.s.c.g.r.RouteDefinitionRouteLocator    : RouteDefinition ReactiveCompositeDiscoveryClient_TRANSACTION-SERVICE applying filter {regexp=/transaction-service/?(?<remaining>.*), replacement=/${remaining}} to RewritePath
2026-03-27T10:01:03.794+05:30 DEBUG 4660 --- [Api-Gateway] [reshExecutor-%d] o.s.c.g.r.RouteDefinitionRouteLocator    : RouteDefinition matched: ReactiveCompositeDiscoveryClient_TRANSACTION-SERVICE
2026-03-27T10:01:03.795+05:30 DEBUG 4660 --- [Api-Gateway] [reshExecutor-%d] o.s.c.g.r.RouteDefinitionRouteLocator    : RouteDefinition ReactiveCompositeDiscoveryClient_WALLET-SERVICE applying {pattern=/wallet-service/**} to Path
2026-03-27T10:01:03.795+05:30 DEBUG 4660 --- [Api-Gateway] [reshExecutor-%d] o.s.c.g.r.RouteDefinitionRouteLocator    : RouteDefinition ReactiveCompositeDiscoveryClient_WALLET-SERVICE applying filter {regexp=/wallet-service/?(?<remaining>.*), replacement=/${remaining}} to RewritePath
2026-03-27T10:01:03.796+05:30 DEBUG 4660 --- [Api-Gateway] [reshExecutor-%d] o.s.c.g.r.RouteDefinitionRouteLocator    : RouteDefinition matched: ReactiveCompositeDiscoveryClient_WALLET-SERVICE
2026-03-27T10:01:03.797+05:30 DEBUG 4660 --- [Api-Gateway] [reshExecutor-%d] o.s.c.g.r.RouteDefinitionRouteLocator    : RouteDefinition ReactiveCompositeDiscoveryClient_NOTIFICATION-SERVICE applying {pattern=/notification-service/**} to Path
2026-03-27T10:01:03.797+05:30 DEBUG 4660 --- [Api-Gateway] [reshExecutor-%d] o.s.c.g.r.RouteDefinitionRouteLocator    : RouteDefinition ReactiveCompositeDiscoveryClient_NOTIFICATION-SERVICE applying filter {regexp=/notification-service/?(?<remaining>.*), replacement=/${remaining}} to RewritePath
2026-03-27T10:01:03.797+05:30 DEBUG 4660 --- [Api-Gateway] [reshExecutor-%d] o.s.c.g.r.RouteDefinitionRouteLocator    : RouteDefinition matched: ReactiveCompositeDiscoveryClient_NOTIFICATION-SERVICE
2026-03-27T10:01:03.797+05:30 DEBUG 4660 --- [Api-Gateway] [reshExecutor-%d] o.s.c.g.r.RouteDefinitionRouteLocator    : RouteDefinition ReactiveCompositeDiscoveryClient_USER-SERVICE applying {pattern=/user-service/**} to Path
2026-03-27T10:01:03.797+05:30 DEBUG 4660 --- [Api-Gateway] [reshExecutor-%d] o.s.c.g.r.RouteDefinitionRouteLocator    : RouteDefinition ReactiveCompositeDiscoveryClient_USER-SERVICE applying filter {regexp=/user-service/?(?<remaining>.*), replacement=/${remaining}} to RewritePath
2026-03-27T10:01:03.799+05:30 DEBUG 4660 --- [Api-Gateway] [reshExecutor-%d] o.s.c.g.r.RouteDefinitionRouteLocator    : RouteDefinition matched: ReactiveCompositeDiscoveryClient_USER-SERVICE
2026-03-27T10:01:03.799+05:30 DEBUG 4660 --- [Api-Gateway] [reshExecutor-%d] o.s.c.g.r.RouteDefinitionRouteLocator    : RouteDefinition ReactiveCompositeDiscoveryClient_PAYMENT-SERVICES applying {pattern=/payment-services/**} to Path
2026-03-27T10:01:03.799+05:30 DEBUG 4660 --- [Api-Gateway] [reshExecutor-%d] o.s.c.g.r.RouteDefinitionRouteLocator    : RouteDefinition ReactiveCompositeDiscoveryClient_PAYMENT-SERVICES applying filter {regexp=/payment-services/?(?<remaining>.*), replacement=/${remaining}} to RewritePath
2026-03-27T10:01:03.800+05:30 DEBUG 4660 --- [Api-Gateway] [reshExecutor-%d] o.s.c.g.r.RouteDefinitionRouteLocator    : RouteDefinition matched: ReactiveCompositeDiscoveryClient_PAYMENT-SERVICES
2026-03-27T10:01:03.800+05:30 DEBUG 4660 --- [Api-Gateway] [reshExecutor-%d] o.s.c.g.r.RouteDefinitionRouteLocator    : RouteDefinition AUTH-SERVICE applying {_genkey_0=/auth/**} to Path
2026-03-27T10:01:03.800+05:30 DEBUG 4660 --- [Api-Gateway] [reshExecutor-%d] o.s.c.g.r.RouteDefinitionRouteLocator    : RouteDefinition matched: AUTH-SERVICE
2026-03-27T10:01:03.801+05:30 DEBUG 4660 --- [Api-Gateway] [reshExecutor-%d] o.s.c.g.r.RouteDefinitionRouteLocator    : RouteDefinition ADMIN-SERVICE applying {_genkey_0=/admin/**} to Path
2026-03-27T10:01:03.801+05:30 DEBUG 4660 --- [Api-Gateway] [reshExecutor-%d] o.s.c.g.r.RouteDefinitionRouteLocator    : RouteDefinition matched: ADMIN-SERVICE
2026-03-27T10:01:03.801+05:30 DEBUG 4660 --- [Api-Gateway] [reshExecutor-%d] o.s.c.g.r.RouteDefinitionRouteLocator    : RouteDefinition KYC-SERVICE applying {_genkey_0=/kyc/**} to Path
2026-03-27T10:01:03.802+05:30 DEBUG 4660 --- [Api-Gateway] [reshExecutor-%d] o.s.c.g.r.RouteDefinitionRouteLocator    : RouteDefinition matched: KYC-SERVICE
2026-03-27T10:01:03.802+05:30 DEBUG 4660 --- [Api-Gateway] [reshExecutor-%d] o.s.c.g.r.RouteDefinitionRouteLocator    : RouteDefinition PAYMENT-SERVICES applying {_genkey_0=/api/payments/**} to Path
2026-03-27T10:01:03.802+05:30 DEBUG 4660 --- [Api-Gateway] [reshExecutor-%d] o.s.c.g.r.RouteDefinitionRouteLocator    : RouteDefinition PAYMENT-SERVICES applying filter {_genkey_0=name:paymentCircuitBreaker, _genkey_1=fallbackUri:forward:/fallback/payment} to CircuitBreaker
2026-03-27T10:01:03.802+05:30 DEBUG 4660 --- [Api-Gateway] [reshExecutor-%d] o.s.c.g.r.RouteDefinitionRouteLocator    : RouteDefinition matched: PAYMENT-SERVICES
2026-03-27T10:01:03.803+05:30 DEBUG 4660 --- [Api-Gateway] [reshExecutor-%d] o.s.c.g.r.RouteDefinitionRouteLocator    : RouteDefinition WALLET-SERVICE applying {_genkey_0=/api/wallets/**} to Path
2026-03-27T10:01:03.803+05:30 DEBUG 4660 --- [Api-Gateway] [reshExecutor-%d] o.s.c.g.r.RouteDefinitionRouteLocator    : RouteDefinition WALLET-SERVICE applying filter {_genkey_0=name:walletCircuitBreaker, _genkey_1=fallbackUri:forward:/fallback/general} to CircuitBreaker
2026-03-27T10:01:03.803+05:30 DEBUG 4660 --- [Api-Gateway] [reshExecutor-%d] o.s.c.g.r.RouteDefinitionRouteLocator    : RouteDefinition matched: WALLET-SERVICE
2026-03-27T10:01:03.804+05:30 DEBUG 4660 --- [Api-Gateway] [reshExecutor-%d] o.s.c.g.r.RouteDefinitionRouteLocator    : RouteDefinition TRANSACTION-SERVICE applying {_genkey_0=/api/transaction/**} to Path
2026-03-27T10:01:03.804+05:30 DEBUG 4660 --- [Api-Gateway] [reshExecutor-%d] o.s.c.g.r.RouteDefinitionRouteLocator    : RouteDefinition TRANSACTION-SERVICE applying filter {_genkey_0=name:transactionCircuitBreaker, _genkey_1=fallbackUri:forward:/fallback/general} to CircuitBreaker
2026-03-27T10:01:03.804+05:30 DEBUG 4660 --- [Api-Gateway] [reshExecutor-%d] o.s.c.g.r.RouteDefinitionRouteLocator    : RouteDefinition matched: TRANSACTION-SERVICE
2026-03-27T10:01:03.805+05:30 DEBUG 4660 --- [Api-Gateway] [reshExecutor-%d] o.s.c.g.r.RouteDefinitionRouteLocator    : RouteDefinition REWARDS-SERVICE applying {_genkey_0=/api/rewards/**} to Path
2026-03-27T10:01:03.805+05:30 DEBUG 4660 --- [Api-Gateway] [reshExecutor-%d] o.s.c.g.r.RouteDefinitionRouteLocator    : RouteDefinition REWARDS-SERVICE applying filter {_genkey_0=name:rewardCircuitBreaker, _genkey_1=fallbackUri:forward:/fallback/reward} to CircuitBreaker
2026-03-27T10:01:03.806+05:30 DEBUG 4660 --- [Api-Gateway] [reshExecutor-%d] o.s.c.g.r.RouteDefinitionRouteLocator    : RouteDefinition matched: REWARDS-SERVICE
2026-03-27T10:01:03.807+05:30 DEBUG 4660 --- [Api-Gateway] [reshExecutor-%d] o.s.c.g.r.RouteDefinitionRouteLocator    : RouteDefinition NOTIFICATION-SERVICE applying {_genkey_0=/api/notifications/**} to Path
2026-03-27T10:01:03.807+05:30 DEBUG 4660 --- [Api-Gateway] [reshExecutor-%d] o.s.c.g.r.RouteDefinitionRouteLocator    : RouteDefinition NOTIFICATION-SERVICE applying filter {_genkey_0=name:notificationCircuitBreaker, _genkey_1=fallbackUri:forward:/fallback/general} to CircuitBreaker
2026-03-27T10:01:03.809+05:30 DEBUG 4660 --- [Api-Gateway] [reshExecutor-%d] o.s.c.g.r.RouteDefinitionRouteLocator    : RouteDefinition matched: NOTIFICATION-SERVICE
2026-03-27T10:01:03.809+05:30 DEBUG 4660 --- [Api-Gateway] [reshExecutor-%d] o.s.c.g.r.RouteDefinitionRouteLocator    : RouteDefinition USER-SERVICE applying {_genkey_0=/users/**} to Path
2026-03-27T10:01:03.810+05:30 DEBUG 4660 --- [Api-Gateway] [reshExecutor-%d] o.s.c.g.r.RouteDefinitionRouteLocator    : RouteDefinition matched: USER-SERVICE
2026-03-27T10:01:03.810+05:30 DEBUG 4660 --- [Api-Gateway] [reshExecutor-%d] o.s.c.g.filter.GatewayMetricsFilter      : New routes count: 19
2026-03-27T10:01:33.831+05:30 DEBUG 4660 --- [Api-Gateway] [reshExecutor-%d] o.s.c.g.r.RouteDefinitionRouteLocator    : RouteDefinition ReactiveCompositeDiscoveryClient_CONFIG-SERVIER applying {pattern=/config-servier/**} to Path
2026-03-27T10:01:33.836+05:30 DEBUG 4660 --- [Api-Gateway] [reshExecutor-%d] o.s.c.g.r.RouteDefinitionRouteLocator    : RouteDefinition ReactiveCompositeDiscoveryClient_CONFIG-SERVIER applying filter {regexp=/config-servier/?(?<remaining>.*), replacement=/${remaining}} to RewritePath
2026-03-27T10:01:33.836+05:30 DEBUG 4660 --- [Api-Gateway] [reshExecutor-%d] o.s.c.g.r.RouteDefinitionRouteLocator    : RouteDefinition matched: ReactiveCompositeDiscoveryClient_CONFIG-SERVIER
2026-03-27T10:01:33.838+05:30 DEBUG 4660 --- [Api-Gateway] [reshExecutor-%d] o.s.c.g.r.RouteDefinitionRouteLocator    : RouteDefinition ReactiveCompositeDiscoveryClient_API-GATEWAY applying {pattern=/api-gateway/**} to Path
2026-03-27T10:01:33.839+05:30 DEBUG 4660 --- [Api-Gateway] [reshExecutor-%d] o.s.c.g.r.RouteDefinitionRouteLocator    : RouteDefinition ReactiveCompositeDiscoveryClient_API-GATEWAY applying filter {regexp=/api-gateway/?(?<remaining>.*), replacement=/${remaining}} to RewritePath
2026-03-27T10:01:33.840+05:30 DEBUG 4660 --- [Api-Gateway] [reshExecutor-%d] o.s.c.g.r.RouteDefinitionRouteLocator    : RouteDefinition matched: ReactiveCompositeDiscoveryClient_API-GATEWAY
2026-03-27T10:01:33.841+05:30 DEBUG 4660 --- [Api-Gateway] [reshExecutor-%d] o.s.c.g.r.RouteDefinitionRouteLocator    : RouteDefinition ReactiveCompositeDiscoveryClient_REWARDS-SERVICE applying {pattern=/rewards-service/**} to Path
2026-03-27T10:01:33.841+05:30 DEBUG 4660 --- [Api-Gateway] [reshExecutor-%d] o.s.c.g.r.RouteDefinitionRouteLocator    : RouteDefinition ReactiveCompositeDiscoveryClient_REWARDS-SERVICE applying filter {regexp=/rewards-service/?(?<remaining>.*), replacement=/${remaining}} to RewritePath
2026-03-27T10:01:33.843+05:30 DEBUG 4660 --- [Api-Gateway] [reshExecutor-%d] o.s.c.g.r.RouteDefinitionRouteLocator    : RouteDefinition matched: ReactiveCompositeDiscoveryClient_REWARDS-SERVICE
2026-03-27T10:01:33.843+05:30 DEBUG 4660 --- [Api-Gateway] [reshExecutor-%d] o.s.c.g.r.RouteDefinitionRouteLocator    : RouteDefinition ReactiveCompositeDiscoveryClient_KYC-SERVICE applying {pattern=/kyc-service/**} to Path
2026-03-27T10:01:33.845+05:30 DEBUG 4660 --- [Api-Gateway] [reshExecutor-%d] o.s.c.g.r.RouteDefinitionRouteLocator    : RouteDefinition ReactiveCompositeDiscoveryClient_KYC-SERVICE applying filter {regexp=/kyc-service/?(?<remaining>.*), replacement=/${remaining}} to RewritePath
2026-03-27T10:01:33.847+05:30 DEBUG 4660 --- [Api-Gateway] [reshExecutor-%d] o.s.c.g.r.RouteDefinitionRouteLocator    : RouteDefinition matched: ReactiveCompositeDiscoveryClient_KYC-SERVICE
2026-03-27T10:01:33.848+05:30 DEBUG 4660 --- [Api-Gateway] [reshExecutor-%d] o.s.c.g.r.RouteDefinitionRouteLocator    : RouteDefinition ReactiveCompositeDiscoveryClient_ADMIN-SERVICE applying {pattern=/admin-service/**} to Path
2026-03-27T10:01:33.849+05:30 DEBUG 4660 --- [Api-Gateway] [reshExecutor-%d] o.s.c.g.r.RouteDefinitionRouteLocator    : RouteDefinition ReactiveCompositeDiscoveryClient_ADMIN-SERVICE applying filter {regexp=/admin-service/?(?<remaining>.*), replacement=/${remaining}} to RewritePath
2026-03-27T10:01:33.850+05:30 DEBUG 4660 --- [Api-Gateway] [reshExecutor-%d] o.s.c.g.r.RouteDefinitionRouteLocator    : RouteDefinition matched: ReactiveCompositeDiscoveryClient_ADMIN-SERVICE
2026-03-27T10:01:33.851+05:30 DEBUG 4660 --- [Api-Gateway] [reshExecutor-%d] o.s.c.g.r.RouteDefinitionRouteLocator    : RouteDefinition ReactiveCompositeDiscoveryClient_TRANSACTION-SERVICE applying {pattern=/transaction-service/**} to Path
2026-03-27T10:01:33.852+05:30 DEBUG 4660 --- [Api-Gateway] [reshExecutor-%d] o.s.c.g.r.RouteDefinitionRouteLocator    : RouteDefinition ReactiveCompositeDiscoveryClient_TRANSACTION-SERVICE applying filter {regexp=/transaction-service/?(?<remaining>.*), replacement=/${remaining}} to RewritePath
2026-03-27T10:01:33.852+05:30 DEBUG 4660 --- [Api-Gateway] [reshExecutor-%d] o.s.c.g.r.RouteDefinitionRouteLocator    : RouteDefinition matched: ReactiveCompositeDiscoveryClient_TRANSACTION-SERVICE
2026-03-27T10:01:33.854+05:30 DEBUG 4660 --- [Api-Gateway] [reshExecutor-%d] o.s.c.g.r.RouteDefinitionRouteLocator    : RouteDefinition ReactiveCompositeDiscoveryClient_WALLET-SERVICE applying {pattern=/wallet-service/**} to Path
2026-03-27T10:01:33.854+05:30 DEBUG 4660 --- [Api-Gateway] [reshExecutor-%d] o.s.c.g.r.RouteDefinitionRouteLocator    : RouteDefinition ReactiveCompositeDiscoveryClient_WALLET-SERVICE applying filter {regexp=/wallet-service/?(?<remaining>.*), replacement=/${remaining}} to RewritePath
2026-03-27T10:01:33.855+05:30 DEBUG 4660 --- [Api-Gateway] [reshExecutor-%d] o.s.c.g.r.RouteDefinitionRouteLocator    : RouteDefinition matched: ReactiveCompositeDiscoveryClient_WALLET-SERVICE
2026-03-27T10:01:33.856+05:30 DEBUG 4660 --- [Api-Gateway] [reshExecutor-%d] o.s.c.g.r.RouteDefinitionRouteLocator    : RouteDefinition ReactiveCompositeDiscoveryClient_NOTIFICATION-SERVICE applying {pattern=/notification-service/**} to Path
2026-03-27T10:01:33.857+05:30 DEBUG 4660 --- [Api-Gateway] [reshExecutor-%d] o.s.c.g.r.RouteDefinitionRouteLocator    : RouteDefinition ReactiveCompositeDiscoveryClient_NOTIFICATION-SERVICE applying filter {regexp=/notification-service/?(?<remaining>.*), replacement=/${remaining}} to RewritePath
2026-03-27T10:01:33.857+05:30 DEBUG 4660 --- [Api-Gateway] [reshExecutor-%d] o.s.c.g.r.RouteDefinitionRouteLocator    : RouteDefinition matched: ReactiveCompositeDiscoveryClient_NOTIFICATION-SERVICE
2026-03-27T10:01:33.859+05:30 DEBUG 4660 --- [Api-Gateway] [reshExecutor-%d] o.s.c.g.r.RouteDefinitionRouteLocator    : RouteDefinition ReactiveCompositeDiscoveryClient_USER-SERVICE applying {pattern=/user-service/**} to Path
2026-03-27T10:01:33.860+05:30 DEBUG 4660 --- [Api-Gateway] [reshExecutor-%d] o.s.c.g.r.RouteDefinitionRouteLocator    : RouteDefinition ReactiveCompositeDiscoveryClient_USER-SERVICE applying filter {regexp=/user-service/?(?<remaining>.*), replacement=/${remaining}} to RewritePath
2026-03-27T10:01:33.861+05:30 DEBUG 4660 --- [Api-Gateway] [reshExecutor-%d] o.s.c.g.r.RouteDefinitionRouteLocator    : RouteDefinition matched: ReactiveCompositeDiscoveryClient_USER-SERVICE
2026-03-27T10:01:33.862+05:30 DEBUG 4660 --- [Api-Gateway] [reshExecutor-%d] o.s.c.g.r.RouteDefinitionRouteLocator    : RouteDefinition ReactiveCompositeDiscoveryClient_PAYMENT-SERVICES applying {pattern=/payment-services/**} to Path
2026-03-27T10:01:33.863+05:30 DEBUG 4660 --- [Api-Gateway] [reshExecutor-%d] o.s.c.g.r.RouteDefinitionRouteLocator    : RouteDefinition ReactiveCompositeDiscoveryClient_PAYMENT-SERVICES applying filter {regexp=/payment-services/?(?<remaining>.*), replacement=/${remaining}} to RewritePath
2026-03-27T10:01:33.863+05:30 DEBUG 4660 --- [Api-Gateway] [reshExecutor-%d] o.s.c.g.r.RouteDefinitionRouteLocator    : RouteDefinition matched: ReactiveCompositeDiscoveryClient_PAYMENT-SERVICES
2026-03-27T10:01:33.864+05:30 DEBUG 4660 --- [Api-Gateway] [reshExecutor-%d] o.s.c.g.r.RouteDefinitionRouteLocator    : RouteDefinition AUTH-SERVICE applying {_genkey_0=/auth/**} to Path
2026-03-27T10:01:33.864+05:30 DEBUG 4660 --- [Api-Gateway] [reshExecutor-%d] o.s.c.g.r.RouteDefinitionRouteLocator    : RouteDefinition matched: AUTH-SERVICE
2026-03-27T10:01:33.865+05:30 DEBUG 4660 --- [Api-Gateway] [reshExecutor-%d] o.s.c.g.r.RouteDefinitionRouteLocator    : RouteDefinition ADMIN-SERVICE applying {_genkey_0=/admin/**} to Path
2026-03-27T10:01:33.866+05:30 DEBUG 4660 --- [Api-Gateway] [reshExecutor-%d] o.s.c.g.r.RouteDefinitionRouteLocator    : RouteDefinition matched: ADMIN-SERVICE
2026-03-27T10:01:33.866+05:30 DEBUG 4660 --- [Api-Gateway] [reshExecutor-%d] o.s.c.g.r.RouteDefinitionRouteLocator    : RouteDefinition KYC-SERVICE applying {_genkey_0=/kyc/**} to Path
2026-03-27T10:01:33.867+05:30 DEBUG 4660 --- [Api-Gateway] [reshExecutor-%d] o.s.c.g.r.RouteDefinitionRouteLocator    : RouteDefinition matched: KYC-SERVICE
2026-03-27T10:01:33.867+05:30 DEBUG 4660 --- [Api-Gateway] [reshExecutor-%d] o.s.c.g.r.RouteDefinitionRouteLocator    : RouteDefinition PAYMENT-SERVICES applying {_genkey_0=/api/payments/**} to Path
2026-03-27T10:01:33.867+05:30 DEBUG 4660 --- [Api-Gateway] [reshExecutor-%d] o.s.c.g.r.RouteDefinitionRouteLocator    : RouteDefinition PAYMENT-SERVICES applying filter {_genkey_0=name:paymentCircuitBreaker, _genkey_1=fallbackUri:forward:/fallback/payment} to CircuitBreaker
2026-03-27T10:01:33.868+05:30 DEBUG 4660 --- [Api-Gateway] [reshExecutor-%d] o.s.c.g.r.RouteDefinitionRouteLocator    : RouteDefinition matched: PAYMENT-SERVICES
2026-03-27T10:01:33.868+05:30 DEBUG 4660 --- [Api-Gateway] [reshExecutor-%d] o.s.c.g.r.RouteDefinitionRouteLocator    : RouteDefinition WALLET-SERVICE applying {_genkey_0=/api/wallets/**} to Path
2026-03-27T10:01:33.869+05:30 DEBUG 4660 --- [Api-Gateway] [reshExecutor-%d] o.s.c.g.r.RouteDefinitionRouteLocator    : RouteDefinition WALLET-SERVICE applying filter {_genkey_0=name:walletCircuitBreaker, _genkey_1=fallbackUri:forward:/fallback/general} to CircuitBreaker
2026-03-27T10:01:33.869+05:30 DEBUG 4660 --- [Api-Gateway] [reshExecutor-%d] o.s.c.g.r.RouteDefinitionRouteLocator    : RouteDefinition matched: WALLET-SERVICE
2026-03-27T10:01:33.870+05:30 DEBUG 4660 --- [Api-Gateway] [reshExecutor-%d] o.s.c.g.r.RouteDefinitionRouteLocator    : RouteDefinition TRANSACTION-SERVICE applying {_genkey_0=/api/transaction/**} to Path
2026-03-27T10:01:33.870+05:30 DEBUG 4660 --- [Api-Gateway] [reshExecutor-%d] o.s.c.g.r.RouteDefinitionRouteLocator    : RouteDefinition TRANSACTION-SERVICE applying filter {_genkey_0=name:transactionCircuitBreaker, _genkey_1=fallbackUri:forward:/fallback/general} to CircuitBreaker
2026-03-27T10:01:33.872+05:30 DEBUG 4660 --- [Api-Gateway] [reshExecutor-%d] o.s.c.g.r.RouteDefinitionRouteLocator    : RouteDefinition matched: TRANSACTION-SERVICE
2026-03-27T10:01:33.872+05:30 DEBUG 4660 --- [Api-Gateway] [reshExecutor-%d] o.s.c.g.r.RouteDefinitionRouteLocator    : RouteDefinition REWARDS-SERVICE applying {_genkey_0=/api/rewards/**} to Path
2026-03-27T10:01:33.872+05:30 DEBUG 4660 --- [Api-Gateway] [reshExecutor-%d] o.s.c.g.r.RouteDefinitionRouteLocator    : RouteDefinition REWARDS-SERVICE applying filter {_genkey_0=name:rewardCircuitBreaker, _genkey_1=fallbackUri:forward:/fallback/reward} to CircuitBreaker
2026-03-27T10:01:33.874+05:30 DEBUG 4660 --- [Api-Gateway] [reshExecutor-%d] o.s.c.g.r.RouteDefinitionRouteLocator    : RouteDefinition matched: REWARDS-SERVICE
2026-03-27T10:01:33.874+05:30 DEBUG 4660 --- [Api-Gateway] [reshExecutor-%d] o.s.c.g.r.RouteDefinitionRouteLocator    : RouteDefinition NOTIFICATION-SERVICE applying {_genkey_0=/api/notifications/**} to Path
2026-03-27T10:01:33.875+05:30 DEBUG 4660 --- [Api-Gateway] [reshExecutor-%d] o.s.c.g.r.RouteDefinitionRouteLocator    : RouteDefinition NOTIFICATION-SERVICE applying filter {_genkey_0=name:notificationCircuitBreaker, _genkey_1=fallbackUri:forward:/fallback/general} to CircuitBreaker
2026-03-27T10:01:33.875+05:30 DEBUG 4660 --- [Api-Gateway] [reshExecutor-%d] o.s.c.g.r.RouteDefinitionRouteLocator    : RouteDefinition matched: NOTIFICATION-SERVICE
2026-03-27T10:01:33.875+05:30 DEBUG 4660 --- [Api-Gateway] [reshExecutor-%d] o.s.c.g.r.RouteDefinitionRouteLocator    : RouteDefinition USER-SERVICE applying {_genkey_0=/users/**} to Path
2026-03-27T10:01:33.876+05:30 DEBUG 4660 --- [Api-Gateway] [reshExecutor-%d] o.s.c.g.r.RouteDefinitionRouteLocator    : RouteDefinition matched: USER-SERVICE
2026-03-27T10:01:33.877+05:30 DEBUG 4660 --- [Api-Gateway] [reshExecutor-%d] o.s.c.g.filter.GatewayMetricsFilter      : New routes count: 19
2026-03-27T10:02:03.900+05:30 DEBUG 4660 --- [Api-Gateway] [reshExecutor-%d] o.s.c.g.r.RouteDefinitionRouteLocator    : RouteDefinition ReactiveCompositeDiscoveryClient_CONFIG-SERVIER applying {pattern=/config-servier/**} to Path
2026-03-27T10:02:03.904+05:30 DEBUG 4660 --- [Api-Gateway] [reshExecutor-%d] o.s.c.g.r.RouteDefinitionRouteLocator    : RouteDefinition ReactiveCompositeDiscoveryClient_CONFIG-SERVIER applying filter {regexp=/config-servier/?(?<remaining>.*), replacement=/${remaining}} to RewritePath
2026-03-27T10:02:03.905+05:30 DEBUG 4660 --- [Api-Gateway] [reshExecutor-%d] o.s.c.g.r.RouteDefinitionRouteLocator    : RouteDefinition matched: ReactiveCompositeDiscoveryClient_CONFIG-SERVIER
2026-03-27T10:02:03.906+05:30 DEBUG 4660 --- [Api-Gateway] [reshExecutor-%d] o.s.c.g.r.RouteDefinitionRouteLocator    : RouteDefinition ReactiveCompositeDiscoveryClient_API-GATEWAY applying {pattern=/api-gateway/**} to Path
2026-03-27T10:02:03.907+05:30 DEBUG 4660 --- [Api-Gateway] [reshExecutor-%d] o.s.c.g.r.RouteDefinitionRouteLocator    : RouteDefinition ReactiveCompositeDiscoveryClient_API-GATEWAY applying filter {regexp=/api-gateway/?(?<remaining>.*), replacement=/${remaining}} to RewritePath
2026-03-27T10:02:03.908+05:30 DEBUG 4660 --- [Api-Gateway] [reshExecutor-%d] o.s.c.g.r.RouteDefinitionRouteLocator    : RouteDefinition matched: ReactiveCompositeDiscoveryClient_API-GATEWAY
2026-03-27T10:02:03.909+05:30 DEBUG 4660 --- [Api-Gateway] [reshExecutor-%d] o.s.c.g.r.RouteDefinitionRouteLocator    : RouteDefinition ReactiveCompositeDiscoveryClient_REWARDS-SERVICE applying {pattern=/rewards-service/**} to Path
2026-03-27T10:02:03.910+05:30 DEBUG 4660 --- [Api-Gateway] [reshExecutor-%d] o.s.c.g.r.RouteDefinitionRouteLocator    : RouteDefinition ReactiveCompositeDiscoveryClient_REWARDS-SERVICE applying filter {regexp=/rewards-service/?(?<remaining>.*), replacement=/${remaining}} to RewritePath
2026-03-27T10:02:03.911+05:30 DEBUG 4660 --- [Api-Gateway] [reshExecutor-%d] o.s.c.g.r.RouteDefinitionRouteLocator    : RouteDefinition matched: ReactiveCompositeDiscoveryClient_REWARDS-SERVICE
2026-03-27T10:02:03.911+05:30 DEBUG 4660 --- [Api-Gateway] [reshExecutor-%d] o.s.c.g.r.RouteDefinitionRouteLocator    : RouteDefinition ReactiveCompositeDiscoveryClient_KYC-SERVICE applying {pattern=/kyc-service/**} to Path
2026-03-27T10:02:03.912+05:30 DEBUG 4660 --- [Api-Gateway] [reshExecutor-%d] o.s.c.g.r.RouteDefinitionRouteLocator    : RouteDefinition ReactiveCompositeDiscoveryClient_KYC-SERVICE applying filter {regexp=/kyc-service/?(?<remaining>.*), replacement=/${remaining}} to RewritePath
2026-03-27T10:02:03.913+05:30 DEBUG 4660 --- [Api-Gateway] [reshExecutor-%d] o.s.c.g.r.RouteDefinitionRouteLocator    : RouteDefinition matched: ReactiveCompositeDiscoveryClient_KYC-SERVICE
2026-03-27T10:02:03.913+05:30 DEBUG 4660 --- [Api-Gateway] [reshExecutor-%d] o.s.c.g.r.RouteDefinitionRouteLocator    : RouteDefinition ReactiveCompositeDiscoveryClient_ADMIN-SERVICE applying {pattern=/admin-service/**} to Path
2026-03-27T10:02:03.914+05:30 DEBUG 4660 --- [Api-Gateway] [reshExecutor-%d] o.s.c.g.r.RouteDefinitionRouteLocator    : RouteDefinition ReactiveCompositeDiscoveryClient_ADMIN-SERVICE applying filter {regexp=/admin-service/?(?<remaining>.*), replacement=/${remaining}} to RewritePath
2026-03-27T10:02:03.915+05:30 DEBUG 4660 --- [Api-Gateway] [reshExecutor-%d] o.s.c.g.r.RouteDefinitionRouteLocator    : RouteDefinition matched: ReactiveCompositeDiscoveryClient_ADMIN-SERVICE
2026-03-27T10:02:03.915+05:30 DEBUG 4660 --- [Api-Gateway] [reshExecutor-%d] o.s.c.g.r.RouteDefinitionRouteLocator    : RouteDefinition ReactiveCompositeDiscoveryClient_TRANSACTION-SERVICE applying {pattern=/transaction-service/**} to Path
2026-03-27T10:02:03.916+05:30 DEBUG 4660 --- [Api-Gateway] [reshExecutor-%d] o.s.c.g.r.RouteDefinitionRouteLocator    : RouteDefinition ReactiveCompositeDiscoveryClient_TRANSACTION-SERVICE applying filter {regexp=/transaction-service/?(?<remaining>.*), replacement=/${remaining}} to RewritePath
2026-03-27T10:02:03.917+05:30 DEBUG 4660 --- [Api-Gateway] [reshExecutor-%d] o.s.c.g.r.RouteDefinitionRouteLocator    : RouteDefinition matched: ReactiveCompositeDiscoveryClient_TRANSACTION-SERVICE
2026-03-27T10:02:03.917+05:30 DEBUG 4660 --- [Api-Gateway] [reshExecutor-%d] o.s.c.g.r.RouteDefinitionRouteLocator    : RouteDefinition ReactiveCompositeDiscoveryClient_WALLET-SERVICE applying {pattern=/wallet-service/**} to Path
2026-03-27T10:02:03.918+05:30 DEBUG 4660 --- [Api-Gateway] [reshExecutor-%d] o.s.c.g.r.RouteDefinitionRouteLocator    : RouteDefinition ReactiveCompositeDiscoveryClient_WALLET-SERVICE applying filter {regexp=/wallet-service/?(?<remaining>.*), replacement=/${remaining}} to RewritePath
2026-03-27T10:02:03.919+05:30 DEBUG 4660 --- [Api-Gateway] [reshExecutor-%d] o.s.c.g.r.RouteDefinitionRouteLocator    : RouteDefinition matched: ReactiveCompositeDiscoveryClient_WALLET-SERVICE
2026-03-27T10:02:03.919+05:30 DEBUG 4660 --- [Api-Gateway] [reshExecutor-%d] o.s.c.g.r.RouteDefinitionRouteLocator    : RouteDefinition ReactiveCompositeDiscoveryClient_NOTIFICATION-SERVICE applying {pattern=/notification-service/**} to Path
2026-03-27T10:02:03.920+05:30 DEBUG 4660 --- [Api-Gateway] [reshExecutor-%d] o.s.c.g.r.RouteDefinitionRouteLocator    : RouteDefinition ReactiveCompositeDiscoveryClient_NOTIFICATION-SERVICE applying filter {regexp=/notification-service/?(?<remaining>.*), replacement=/${remaining}} to RewritePath
2026-03-27T10:02:03.920+05:30 DEBUG 4660 --- [Api-Gateway] [reshExecutor-%d] o.s.c.g.r.RouteDefinitionRouteLocator    : RouteDefinition matched: ReactiveCompositeDiscoveryClient_NOTIFICATION-SERVICE
2026-03-27T10:02:03.922+05:30 DEBUG 4660 --- [Api-Gateway] [reshExecutor-%d] o.s.c.g.r.RouteDefinitionRouteLocator    : RouteDefinition ReactiveCompositeDiscoveryClient_USER-SERVICE applying {pattern=/user-service/**} to Path
2026-03-27T10:02:03.923+05:30 DEBUG 4660 --- [Api-Gateway] [reshExecutor-%d] o.s.c.g.r.RouteDefinitionRouteLocator    : RouteDefinition ReactiveCompositeDiscoveryClient_USER-SERVICE applying filter {regexp=/user-service/?(?<remaining>.*), replacement=/${remaining}} to RewritePath
2026-03-27T10:02:03.923+05:30 DEBUG 4660 --- [Api-Gateway] [reshExecutor-%d] o.s.c.g.r.RouteDefinitionRouteLocator    : RouteDefinition matched: ReactiveCompositeDiscoveryClient_USER-SERVICE
2026-03-27T10:02:03.923+05:30 DEBUG 4660 --- [Api-Gateway] [reshExecutor-%d] o.s.c.g.r.RouteDefinitionRouteLocator    : RouteDefinition ReactiveCompositeDiscoveryClient_PAYMENT-SERVICES applying {pattern=/payment-services/**} to Path
2026-03-27T10:02:03.927+05:30 DEBUG 4660 --- [Api-Gateway] [reshExecutor-%d] o.s.c.g.r.RouteDefinitionRouteLocator    : RouteDefinition ReactiveCompositeDiscoveryClient_PAYMENT-SERVICES applying filter {regexp=/payment-services/?(?<remaining>.*), replacement=/${remaining}} to RewritePath
2026-03-27T10:02:03.928+05:30 DEBUG 4660 --- [Api-Gateway] [reshExecutor-%d] o.s.c.g.r.RouteDefinitionRouteLocator    : RouteDefinition matched: ReactiveCompositeDiscoveryClient_PAYMENT-SERVICES
2026-03-27T10:02:03.928+05:30 DEBUG 4660 --- [Api-Gateway] [reshExecutor-%d] o.s.c.g.r.RouteDefinitionRouteLocator    : RouteDefinition AUTH-SERVICE applying {_genkey_0=/auth/**} to Path
2026-03-27T10:02:03.928+05:30 DEBUG 4660 --- [Api-Gateway] [reshExecutor-%d] o.s.c.g.r.RouteDefinitionRouteLocator    : RouteDefinition matched: AUTH-SERVICE
2026-03-27T10:02:03.928+05:30 DEBUG 4660 --- [Api-Gateway] [reshExecutor-%d] o.s.c.g.r.RouteDefinitionRouteLocator    : RouteDefinition ADMIN-SERVICE applying {_genkey_0=/admin/**} to Path
2026-03-27T10:02:03.928+05:30 DEBUG 4660 --- [Api-Gateway] [reshExecutor-%d] o.s.c.g.r.RouteDefinitionRouteLocator    : RouteDefinition matched: ADMIN-SERVICE
2026-03-27T10:02:03.928+05:30 DEBUG 4660 --- [Api-Gateway] [reshExecutor-%d] o.s.c.g.r.RouteDefinitionRouteLocator    : RouteDefinition KYC-SERVICE applying {_genkey_0=/kyc/**} to Path
2026-03-27T10:02:03.930+05:30 DEBUG 4660 --- [Api-Gateway] [reshExecutor-%d] o.s.c.g.r.RouteDefinitionRouteLocator    : RouteDefinition matched: KYC-SERVICE
2026-03-27T10:02:03.930+05:30 DEBUG 4660 --- [Api-Gateway] [reshExecutor-%d] o.s.c.g.r.RouteDefinitionRouteLocator    : RouteDefinition PAYMENT-SERVICES applying {_genkey_0=/api/payments/**} to Path
2026-03-27T10:02:03.930+05:30 DEBUG 4660 --- [Api-Gateway] [reshExecutor-%d] o.s.c.g.r.RouteDefinitionRouteLocator    : RouteDefinition PAYMENT-SERVICES applying filter {_genkey_0=name:paymentCircuitBreaker, _genkey_1=fallbackUri:forward:/fallback/payment} to CircuitBreaker
2026-03-27T10:02:03.931+05:30 DEBUG 4660 --- [Api-Gateway] [reshExecutor-%d] o.s.c.g.r.RouteDefinitionRouteLocator    : RouteDefinition matched: PAYMENT-SERVICES
2026-03-27T10:02:03.931+05:30 DEBUG 4660 --- [Api-Gateway] [reshExecutor-%d] o.s.c.g.r.RouteDefinitionRouteLocator    : RouteDefinition WALLET-SERVICE applying {_genkey_0=/api/wallets/**} to Path
2026-03-27T10:02:03.931+05:30 DEBUG 4660 --- [Api-Gateway] [reshExecutor-%d] o.s.c.g.r.RouteDefinitionRouteLocator    : RouteDefinition WALLET-SERVICE applying filter {_genkey_0=name:walletCircuitBreaker, _genkey_1=fallbackUri:forward:/fallback/general} to CircuitBreaker
2026-03-27T10:02:03.932+05:30 DEBUG 4660 --- [Api-Gateway] [reshExecutor-%d] o.s.c.g.r.RouteDefinitionRouteLocator    : RouteDefinition matched: WALLET-SERVICE
2026-03-27T10:02:03.932+05:30 DEBUG 4660 --- [Api-Gateway] [reshExecutor-%d] o.s.c.g.r.RouteDefinitionRouteLocator    : RouteDefinition TRANSACTION-SERVICE applying {_genkey_0=/api/transaction/**} to Path
2026-03-27T10:02:03.932+05:30 DEBUG 4660 --- [Api-Gateway] [reshExecutor-%d] o.s.c.g.r.RouteDefinitionRouteLocator    : RouteDefinition TRANSACTION-SERVICE applying filter {_genkey_0=name:transactionCircuitBreaker, _genkey_1=fallbackUri:forward:/fallback/general} to CircuitBreaker
2026-03-27T10:02:03.933+05:30 DEBUG 4660 --- [Api-Gateway] [reshExecutor-%d] o.s.c.g.r.RouteDefinitionRouteLocator    : RouteDefinition matched: TRANSACTION-SERVICE
2026-03-27T10:02:03.933+05:30 DEBUG 4660 --- [Api-Gateway] [reshExecutor-%d] o.s.c.g.r.RouteDefinitionRouteLocator    : RouteDefinition REWARDS-SERVICE applying {_genkey_0=/api/rewards/**} to Path
2026-03-27T10:02:03.934+05:30 DEBUG 4660 --- [Api-Gateway] [reshExecutor-%d] o.s.c.g.r.RouteDefinitionRouteLocator    : RouteDefinition REWARDS-SERVICE applying filter {_genkey_0=name:rewardCircuitBreaker, _genkey_1=fallbackUri:forward:/fallback/reward} to CircuitBreaker
2026-03-27T10:02:03.934+05:30 DEBUG 4660 --- [Api-Gateway] [reshExecutor-%d] o.s.c.g.r.RouteDefinitionRouteLocator    : RouteDefinition matched: REWARDS-SERVICE
2026-03-27T10:02:03.934+05:30 DEBUG 4660 --- [Api-Gateway] [reshExecutor-%d] o.s.c.g.r.RouteDefinitionRouteLocator    : RouteDefinition NOTIFICATION-SERVICE applying {_genkey_0=/api/notifications/**} to Path
2026-03-27T10:02:03.935+05:30 DEBUG 4660 --- [Api-Gateway] [reshExecutor-%d] o.s.c.g.r.RouteDefinitionRouteLocator    : RouteDefinition NOTIFICATION-SERVICE applying filter {_genkey_0=name:notificationCircuitBreaker, _genkey_1=fallbackUri:forward:/fallback/general} to CircuitBreaker
2026-03-27T10:02:03.935+05:30 DEBUG 4660 --- [Api-Gateway] [reshExecutor-%d] o.s.c.g.r.RouteDefinitionRouteLocator    : RouteDefinition matched: NOTIFICATION-SERVICE
2026-03-27T10:02:03.935+05:30 DEBUG 4660 --- [Api-Gateway] [reshExecutor-%d] o.s.c.g.r.RouteDefinitionRouteLocator    : RouteDefinition USER-SERVICE applying {_genkey_0=/users/**} to Path
2026-03-27T10:02:03.936+05:30 DEBUG 4660 --- [Api-Gateway] [reshExecutor-%d] o.s.c.g.r.RouteDefinitionRouteLocator    : RouteDefinition matched: USER-SERVICE
2026-03-27T10:02:03.936+05:30 DEBUG 4660 --- [Api-Gateway] [reshExecutor-%d] o.s.c.g.filter.GatewayMetricsFilter      : New routes count: 19
2026-03-27T10:02:33.961+05:30 DEBUG 4660 --- [Api-Gateway] [reshExecutor-%d] o.s.c.g.r.RouteDefinitionRouteLocator    : RouteDefinition ReactiveCompositeDiscoveryClient_CONFIG-SERVIER applying {pattern=/config-servier/**} to Path
2026-03-27T10:02:33.966+05:30 DEBUG 4660 --- [Api-Gateway] [reshExecutor-%d] o.s.c.g.r.RouteDefinitionRouteLocator    : RouteDefinition ReactiveCompositeDiscoveryClient_CONFIG-SERVIER applying filter {regexp=/config-servier/?(?<remaining>.*), replacement=/${remaining}} to RewritePath
2026-03-27T10:02:33.967+05:30 DEBUG 4660 --- [Api-Gateway] [reshExecutor-%d] o.s.c.g.r.RouteDefinitionRouteLocator    : RouteDefinition matched: ReactiveCompositeDiscoveryClient_CONFIG-SERVIER
2026-03-27T10:02:33.968+05:30 DEBUG 4660 --- [Api-Gateway] [reshExecutor-%d] o.s.c.g.r.RouteDefinitionRouteLocator    : RouteDefinition ReactiveCompositeDiscoveryClient_API-GATEWAY applying {pattern=/api-gateway/**} to Path
2026-03-27T10:02:33.970+05:30 DEBUG 4660 --- [Api-Gateway] [reshExecutor-%d] o.s.c.g.r.RouteDefinitionRouteLocator    : RouteDefinition ReactiveCompositeDiscoveryClient_API-GATEWAY applying filter {regexp=/api-gateway/?(?<remaining>.*), replacement=/${remaining}} to RewritePath
2026-03-27T10:02:33.971+05:30 DEBUG 4660 --- [Api-Gateway] [reshExecutor-%d] o.s.c.g.r.RouteDefinitionRouteLocator    : RouteDefinition matched: ReactiveCompositeDiscoveryClient_API-GATEWAY
2026-03-27T10:02:33.972+05:30 DEBUG 4660 --- [Api-Gateway] [reshExecutor-%d] o.s.c.g.r.RouteDefinitionRouteLocator    : RouteDefinition ReactiveCompositeDiscoveryClient_REWARDS-SERVICE applying {pattern=/rewards-service/**} to Path
2026-03-27T10:02:33.973+05:30 DEBUG 4660 --- [Api-Gateway] [reshExecutor-%d] o.s.c.g.r.RouteDefinitionRouteLocator    : RouteDefinition ReactiveCompositeDiscoveryClient_REWARDS-SERVICE applying filter {regexp=/rewards-service/?(?<remaining>.*), replacement=/${remaining}} to RewritePath
2026-03-27T10:02:33.976+05:30 DEBUG 4660 --- [Api-Gateway] [reshExecutor-%d] o.s.c.g.r.RouteDefinitionRouteLocator    : RouteDefinition matched: ReactiveCompositeDiscoveryClient_REWARDS-SERVICE
2026-03-27T10:02:33.976+05:30 DEBUG 4660 --- [Api-Gateway] [reshExecutor-%d] o.s.c.g.r.RouteDefinitionRouteLocator    : RouteDefinition ReactiveCompositeDiscoveryClient_KYC-SERVICE applying {pattern=/kyc-service/**} to Path
2026-03-27T10:02:33.977+05:30 DEBUG 4660 --- [Api-Gateway] [reshExecutor-%d] o.s.c.g.r.RouteDefinitionRouteLocator    : RouteDefinition ReactiveCompositeDiscoveryClient_KYC-SERVICE applying filter {regexp=/kyc-service/?(?<remaining>.*), replacement=/${remaining}} to RewritePath
2026-03-27T10:02:33.979+05:30 DEBUG 4660 --- [Api-Gateway] [reshExecutor-%d] o.s.c.g.r.RouteDefinitionRouteLocator    : RouteDefinition matched: ReactiveCompositeDiscoveryClient_KYC-SERVICE
2026-03-27T10:02:33.979+05:30 DEBUG 4660 --- [Api-Gateway] [reshExecutor-%d] o.s.c.g.r.RouteDefinitionRouteLocator    : RouteDefinition ReactiveCompositeDiscoveryClient_ADMIN-SERVICE applying {pattern=/admin-service/**} to Path
2026-03-27T10:02:33.980+05:30 DEBUG 4660 --- [Api-Gateway] [reshExecutor-%d] o.s.c.g.r.RouteDefinitionRouteLocator    : RouteDefinition ReactiveCompositeDiscoveryClient_ADMIN-SERVICE applying filter {regexp=/admin-service/?(?<remaining>.*), replacement=/${remaining}} to RewritePath
2026-03-27T10:02:33.981+05:30 DEBUG 4660 --- [Api-Gateway] [reshExecutor-%d] o.s.c.g.r.RouteDefinitionRouteLocator    : RouteDefinition matched: ReactiveCompositeDiscoveryClient_ADMIN-SERVICE
2026-03-27T10:02:33.982+05:30 DEBUG 4660 --- [Api-Gateway] [reshExecutor-%d] o.s.c.g.r.RouteDefinitionRouteLocator    : RouteDefinition ReactiveCompositeDiscoveryClient_TRANSACTION-SERVICE applying {pattern=/transaction-service/**} to Path
2026-03-27T10:02:33.983+05:30 DEBUG 4660 --- [Api-Gateway] [reshExecutor-%d] o.s.c.g.r.RouteDefinitionRouteLocator    : RouteDefinition ReactiveCompositeDiscoveryClient_TRANSACTION-SERVICE applying filter {regexp=/transaction-service/?(?<remaining>.*), replacement=/${remaining}} to RewritePath
2026-03-27T10:02:33.984+05:30 DEBUG 4660 --- [Api-Gateway] [reshExecutor-%d] o.s.c.g.r.RouteDefinitionRouteLocator    : RouteDefinition matched: ReactiveCompositeDiscoveryClient_TRANSACTION-SERVICE
2026-03-27T10:02:33.984+05:30 DEBUG 4660 --- [Api-Gateway] [reshExecutor-%d] o.s.c.g.r.RouteDefinitionRouteLocator    : RouteDefinition ReactiveCompositeDiscoveryClient_WALLET-SERVICE applying {pattern=/wallet-service/**} to Path
2026-03-27T10:02:33.985+05:30 DEBUG 4660 --- [Api-Gateway] [reshExecutor-%d] o.s.c.g.r.RouteDefinitionRouteLocator    : RouteDefinition ReactiveCompositeDiscoveryClient_WALLET-SERVICE applying filter {regexp=/wallet-service/?(?<remaining>.*), replacement=/${remaining}} to RewritePath
2026-03-27T10:02:33.986+05:30 DEBUG 4660 --- [Api-Gateway] [reshExecutor-%d] o.s.c.g.r.RouteDefinitionRouteLocator    : RouteDefinition matched: ReactiveCompositeDiscoveryClient_WALLET-SERVICE
2026-03-27T10:02:33.987+05:30 DEBUG 4660 --- [Api-Gateway] [reshExecutor-%d] o.s.c.g.r.RouteDefinitionRouteLocator    : RouteDefinition ReactiveCompositeDiscoveryClient_NOTIFICATION-SERVICE applying {pattern=/notification-service/**} to Path
2026-03-27T10:02:33.988+05:30 DEBUG 4660 --- [Api-Gateway] [reshExecutor-%d] o.s.c.g.r.RouteDefinitionRouteLocator    : RouteDefinition ReactiveCompositeDiscoveryClient_NOTIFICATION-SERVICE applying filter {regexp=/notification-service/?(?<remaining>.*), replacement=/${remaining}} to RewritePath
2026-03-27T10:02:33.989+05:30 DEBUG 4660 --- [Api-Gateway] [reshExecutor-%d] o.s.c.g.r.RouteDefinitionRouteLocator    : RouteDefinition matched: ReactiveCompositeDiscoveryClient_NOTIFICATION-SERVICE
2026-03-27T10:02:33.989+05:30 DEBUG 4660 --- [Api-Gateway] [reshExecutor-%d] o.s.c.g.r.RouteDefinitionRouteLocator    : RouteDefinition ReactiveCompositeDiscoveryClient_USER-SERVICE applying {pattern=/user-service/**} to Path
2026-03-27T10:02:33.990+05:30 DEBUG 4660 --- [Api-Gateway] [reshExecutor-%d] o.s.c.g.r.RouteDefinitionRouteLocator    : RouteDefinition ReactiveCompositeDiscoveryClient_USER-SERVICE applying filter {regexp=/user-service/?(?<remaining>.*), replacement=/${remaining}} to RewritePath
2026-03-27T10:02:33.991+05:30 DEBUG 4660 --- [Api-Gateway] [reshExecutor-%d] o.s.c.g.r.RouteDefinitionRouteLocator    : RouteDefinition matched: ReactiveCompositeDiscoveryClient_USER-SERVICE
2026-03-27T10:02:33.992+05:30 DEBUG 4660 --- [Api-Gateway] [reshExecutor-%d] o.s.c.g.r.RouteDefinitionRouteLocator    : RouteDefinition ReactiveCompositeDiscoveryClient_PAYMENT-SERVICES applying {pattern=/payment-services/**} to Path
2026-03-27T10:02:33.993+05:30 DEBUG 4660 --- [Api-Gateway] [reshExecutor-%d] o.s.c.g.r.RouteDefinitionRouteLocator    : RouteDefinition ReactiveCompositeDiscoveryClient_PAYMENT-SERVICES applying filter {regexp=/payment-services/?(?<remaining>.*), replacement=/${remaining}} to RewritePath
2026-03-27T10:02:33.994+05:30 DEBUG 4660 --- [Api-Gateway] [reshExecutor-%d] o.s.c.g.r.RouteDefinitionRouteLocator    : RouteDefinition matched: ReactiveCompositeDiscoveryClient_PAYMENT-SERVICES
2026-03-27T10:02:33.995+05:30 DEBUG 4660 --- [Api-Gateway] [reshExecutor-%d] o.s.c.g.r.RouteDefinitionRouteLocator    : RouteDefinition AUTH-SERVICE applying {_genkey_0=/auth/**} to Path
2026-03-27T10:02:33.995+05:30 DEBUG 4660 --- [Api-Gateway] [reshExecutor-%d] o.s.c.g.r.RouteDefinitionRouteLocator    : RouteDefinition matched: AUTH-SERVICE
2026-03-27T10:02:33.996+05:30 DEBUG 4660 --- [Api-Gateway] [reshExecutor-%d] o.s.c.g.r.RouteDefinitionRouteLocator    : RouteDefinition ADMIN-SERVICE applying {_genkey_0=/admin/**} to Path
2026-03-27T10:02:33.996+05:30 DEBUG 4660 --- [Api-Gateway] [reshExecutor-%d] o.s.c.g.r.RouteDefinitionRouteLocator    : RouteDefinition matched: ADMIN-SERVICE
2026-03-27T10:02:33.996+05:30 DEBUG 4660 --- [Api-Gateway] [reshExecutor-%d] o.s.c.g.r.RouteDefinitionRouteLocator    : RouteDefinition KYC-SERVICE applying {_genkey_0=/kyc/**} to Path
2026-03-27T10:02:33.997+05:30 DEBUG 4660 --- [Api-Gateway] [reshExecutor-%d] o.s.c.g.r.RouteDefinitionRouteLocator    : RouteDefinition matched: KYC-SERVICE
2026-03-27T10:02:33.997+05:30 DEBUG 4660 --- [Api-Gateway] [reshExecutor-%d] o.s.c.g.r.RouteDefinitionRouteLocator    : RouteDefinition PAYMENT-SERVICES applying {_genkey_0=/api/payments/**} to Path
2026-03-27T10:02:33.997+05:30 DEBUG 4660 --- [Api-Gateway] [reshExecutor-%d] o.s.c.g.r.RouteDefinitionRouteLocator    : RouteDefinition PAYMENT-SERVICES applying filter {_genkey_0=name:paymentCircuitBreaker, _genkey_1=fallbackUri:forward:/fallback/payment} to CircuitBreaker
2026-03-27T10:02:33.998+05:30 DEBUG 4660 --- [Api-Gateway] [reshExecutor-%d] o.s.c.g.r.RouteDefinitionRouteLocator    : RouteDefinition matched: PAYMENT-SERVICES
2026-03-27T10:02:33.998+05:30 DEBUG 4660 --- [Api-Gateway] [reshExecutor-%d] o.s.c.g.r.RouteDefinitionRouteLocator    : RouteDefinition WALLET-SERVICE applying {_genkey_0=/api/wallets/**} to Path
2026-03-27T10:02:33.999+05:30 DEBUG 4660 --- [Api-Gateway] [reshExecutor-%d] o.s.c.g.r.RouteDefinitionRouteLocator    : RouteDefinition WALLET-SERVICE applying filter {_genkey_0=name:walletCircuitBreaker, _genkey_1=fallbackUri:forward:/fallback/general} to CircuitBreaker
2026-03-27T10:02:33.999+05:30 DEBUG 4660 --- [Api-Gateway] [reshExecutor-%d] o.s.c.g.r.RouteDefinitionRouteLocator    : RouteDefinition matched: WALLET-SERVICE
2026-03-27T10:02:33.999+05:30 DEBUG 4660 --- [Api-Gateway] [reshExecutor-%d] o.s.c.g.r.RouteDefinitionRouteLocator    : RouteDefinition TRANSACTION-SERVICE applying {_genkey_0=/api/transaction/**} to Path
2026-03-27T10:02:33.999+05:30 DEBUG 4660 --- [Api-Gateway] [reshExecutor-%d] o.s.c.g.r.RouteDefinitionRouteLocator    : RouteDefinition TRANSACTION-SERVICE applying filter {_genkey_0=name:transactionCircuitBreaker, _genkey_1=fallbackUri:forward:/fallback/general} to CircuitBreaker
2026-03-27T10:02:34.000+05:30 DEBUG 4660 --- [Api-Gateway] [reshExecutor-%d] o.s.c.g.r.RouteDefinitionRouteLocator    : RouteDefinition matched: TRANSACTION-SERVICE
2026-03-27T10:02:34.000+05:30 DEBUG 4660 --- [Api-Gateway] [reshExecutor-%d] o.s.c.g.r.RouteDefinitionRouteLocator    : RouteDefinition REWARDS-SERVICE applying {_genkey_0=/api/rewards/**} to Path
2026-03-27T10:02:34.000+05:30 DEBUG 4660 --- [Api-Gateway] [reshExecutor-%d] o.s.c.g.r.RouteDefinitionRouteLocator    : RouteDefinition REWARDS-SERVICE applying filter {_genkey_0=name:rewardCircuitBreaker, _genkey_1=fallbackUri:forward:/fallback/reward} to CircuitBreaker
2026-03-27T10:02:34.001+05:30 DEBUG 4660 --- [Api-Gateway] [reshExecutor-%d] o.s.c.g.r.RouteDefinitionRouteLocator    : RouteDefinition matched: REWARDS-SERVICE
2026-03-27T10:02:34.001+05:30 DEBUG 4660 --- [Api-Gateway] [reshExecutor-%d] o.s.c.g.r.RouteDefinitionRouteLocator    : RouteDefinition NOTIFICATION-SERVICE applying {_genkey_0=/api/notifications/**} to Path
2026-03-27T10:02:34.001+05:30 DEBUG 4660 --- [Api-Gateway] [reshExecutor-%d] o.s.c.g.r.RouteDefinitionRouteLocator    : RouteDefinition NOTIFICATION-SERVICE applying filter {_genkey_0=name:notificationCircuitBreaker, _genkey_1=fallbackUri:forward:/fallback/general} to CircuitBreaker
2026-03-27T10:02:34.002+05:30 DEBUG 4660 --- [Api-Gateway] [reshExecutor-%d] o.s.c.g.r.RouteDefinitionRouteLocator    : RouteDefinition matched: NOTIFICATION-SERVICE
2026-03-27T10:02:34.003+05:30 DEBUG 4660 --- [Api-Gateway] [reshExecutor-%d] o.s.c.g.r.RouteDefinitionRouteLocator    : RouteDefinition USER-SERVICE applying {_genkey_0=/users/**} to Path
2026-03-27T10:02:34.003+05:30 DEBUG 4660 --- [Api-Gateway] [reshExecutor-%d] o.s.c.g.r.RouteDefinitionRouteLocator    : RouteDefinition matched: USER-SERVICE
2026-03-27T10:02:34.004+05:30 DEBUG 4660 --- [Api-Gateway] [reshExecutor-%d] o.s.c.g.filter.GatewayMetricsFilter      : New routes count: 19
2026-03-27T10:03:04.041+05:30 DEBUG 4660 --- [Api-Gateway] [reshExecutor-%d] o.s.c.g.r.RouteDefinitionRouteLocator    : RouteDefinition ReactiveCompositeDiscoveryClient_CONFIG-SERVIER applying {pattern=/config-servier/**} to Path
2026-03-27T10:03:04.043+05:30 DEBUG 4660 --- [Api-Gateway] [reshExecutor-%d] o.s.c.g.r.RouteDefinitionRouteLocator    : RouteDefinition ReactiveCompositeDiscoveryClient_CONFIG-SERVIER applying filter {regexp=/config-servier/?(?<remaining>.*), replacement=/${remaining}} to RewritePath
2026-03-27T10:03:04.044+05:30 DEBUG 4660 --- [Api-Gateway] [reshExecutor-%d] o.s.c.g.r.RouteDefinitionRouteLocator    : RouteDefinition matched: ReactiveCompositeDiscoveryClient_CONFIG-SERVIER
2026-03-27T10:03:04.045+05:30 DEBUG 4660 --- [Api-Gateway] [reshExecutor-%d] o.s.c.g.r.RouteDefinitionRouteLocator    : RouteDefinition ReactiveCompositeDiscoveryClient_API-GATEWAY applying {pattern=/api-gateway/**} to Path
2026-03-27T10:03:04.047+05:30 DEBUG 4660 --- [Api-Gateway] [reshExecutor-%d] o.s.c.g.r.RouteDefinitionRouteLocator    : RouteDefinition ReactiveCompositeDiscoveryClient_API-GATEWAY applying filter {regexp=/api-gateway/?(?<remaining>.*), replacement=/${remaining}} to RewritePath
2026-03-27T10:03:04.048+05:30 DEBUG 4660 --- [Api-Gateway] [reshExecutor-%d] o.s.c.g.r.RouteDefinitionRouteLocator    : RouteDefinition matched: ReactiveCompositeDiscoveryClient_API-GATEWAY
2026-03-27T10:03:04.049+05:30 DEBUG 4660 --- [Api-Gateway] [reshExecutor-%d] o.s.c.g.r.RouteDefinitionRouteLocator    : RouteDefinition ReactiveCompositeDiscoveryClient_REWARDS-SERVICE applying {pattern=/rewards-service/**} to Path
2026-03-27T10:03:04.050+05:30 DEBUG 4660 --- [Api-Gateway] [reshExecutor-%d] o.s.c.g.r.RouteDefinitionRouteLocator    : RouteDefinition ReactiveCompositeDiscoveryClient_REWARDS-SERVICE applying filter {regexp=/rewards-service/?(?<remaining>.*), replacement=/${remaining}} to RewritePath
2026-03-27T10:03:04.051+05:30 DEBUG 4660 --- [Api-Gateway] [reshExecutor-%d] o.s.c.g.r.RouteDefinitionRouteLocator    : RouteDefinition matched: ReactiveCompositeDiscoveryClient_REWARDS-SERVICE
2026-03-27T10:03:04.052+05:30 DEBUG 4660 --- [Api-Gateway] [reshExecutor-%d] o.s.c.g.r.RouteDefinitionRouteLocator    : RouteDefinition ReactiveCompositeDiscoveryClient_KYC-SERVICE applying {pattern=/kyc-service/**} to Path
2026-03-27T10:03:04.052+05:30 DEBUG 4660 --- [Api-Gateway] [reshExecutor-%d] o.s.c.g.r.RouteDefinitionRouteLocator    : RouteDefinition ReactiveCompositeDiscoveryClient_KYC-SERVICE applying filter {regexp=/kyc-service/?(?<remaining>.*), replacement=/${remaining}} to RewritePath
2026-03-27T10:03:04.054+05:30 DEBUG 4660 --- [Api-Gateway] [reshExecutor-%d] o.s.c.g.r.RouteDefinitionRouteLocator    : RouteDefinition matched: ReactiveCompositeDiscoveryClient_KYC-SERVICE
2026-03-27T10:03:04.055+05:30 DEBUG 4660 --- [Api-Gateway] [reshExecutor-%d] o.s.c.g.r.RouteDefinitionRouteLocator    : RouteDefinition ReactiveCompositeDiscoveryClient_ADMIN-SERVICE applying {pattern=/admin-service/**} to Path
2026-03-27T10:03:04.055+05:30 DEBUG 4660 --- [Api-Gateway] [reshExecutor-%d] o.s.c.g.r.RouteDefinitionRouteLocator    : RouteDefinition ReactiveCompositeDiscoveryClient_ADMIN-SERVICE applying filter {regexp=/admin-service/?(?<remaining>.*), replacement=/${remaining}} to RewritePath
2026-03-27T10:03:04.057+05:30 DEBUG 4660 --- [Api-Gateway] [reshExecutor-%d] o.s.c.g.r.RouteDefinitionRouteLocator    : RouteDefinition matched: ReactiveCompositeDiscoveryClient_ADMIN-SERVICE
2026-03-27T10:03:04.058+05:30 DEBUG 4660 --- [Api-Gateway] [reshExecutor-%d] o.s.c.g.r.RouteDefinitionRouteLocator    : RouteDefinition ReactiveCompositeDiscoveryClient_TRANSACTION-SERVICE applying {pattern=/transaction-service/**} to Path
2026-03-27T10:03:04.059+05:30 DEBUG 4660 --- [Api-Gateway] [reshExecutor-%d] o.s.c.g.r.RouteDefinitionRouteLocator    : RouteDefinition ReactiveCompositeDiscoveryClient_TRANSACTION-SERVICE applying filter {regexp=/transaction-service/?(?<remaining>.*), replacement=/${remaining}} to RewritePath
2026-03-27T10:03:04.060+05:30 DEBUG 4660 --- [Api-Gateway] [reshExecutor-%d] o.s.c.g.r.RouteDefinitionRouteLocator    : RouteDefinition matched: ReactiveCompositeDiscoveryClient_TRANSACTION-SERVICE
2026-03-27T10:03:04.060+05:30 DEBUG 4660 --- [Api-Gateway] [reshExecutor-%d] o.s.c.g.r.RouteDefinitionRouteLocator    : RouteDefinition ReactiveCompositeDiscoveryClient_WALLET-SERVICE applying {pattern=/wallet-service/**} to Path
2026-03-27T10:03:04.061+05:30 DEBUG 4660 --- [Api-Gateway] [reshExecutor-%d] o.s.c.g.r.RouteDefinitionRouteLocator    : RouteDefinition ReactiveCompositeDiscoveryClient_WALLET-SERVICE applying filter {regexp=/wallet-service/?(?<remaining>.*), replacement=/${remaining}} to RewritePath
2026-03-27T10:03:04.062+05:30 DEBUG 4660 --- [Api-Gateway] [reshExecutor-%d] o.s.c.g.r.RouteDefinitionRouteLocator    : RouteDefinition matched: ReactiveCompositeDiscoveryClient_WALLET-SERVICE
2026-03-27T10:03:04.063+05:30 DEBUG 4660 --- [Api-Gateway] [reshExecutor-%d] o.s.c.g.r.RouteDefinitionRouteLocator    : RouteDefinition ReactiveCompositeDiscoveryClient_NOTIFICATION-SERVICE applying {pattern=/notification-service/**} to Path
2026-03-27T10:03:04.064+05:30 DEBUG 4660 --- [Api-Gateway] [reshExecutor-%d] o.s.c.g.r.RouteDefinitionRouteLocator    : RouteDefinition ReactiveCompositeDiscoveryClient_NOTIFICATION-SERVICE applying filter {regexp=/notification-service/?(?<remaining>.*), replacement=/${remaining}} to RewritePath
2026-03-27T10:03:04.065+05:30 DEBUG 4660 --- [Api-Gateway] [reshExecutor-%d] o.s.c.g.r.RouteDefinitionRouteLocator    : RouteDefinition matched: ReactiveCompositeDiscoveryClient_NOTIFICATION-SERVICE
2026-03-27T10:03:04.066+05:30 DEBUG 4660 --- [Api-Gateway] [reshExecutor-%d] o.s.c.g.r.RouteDefinitionRouteLocator    : RouteDefinition ReactiveCompositeDiscoveryClient_USER-SERVICE applying {pattern=/user-service/**} to Path
2026-03-27T10:03:04.067+05:30 DEBUG 4660 --- [Api-Gateway] [reshExecutor-%d] o.s.c.g.r.RouteDefinitionRouteLocator    : RouteDefinition ReactiveCompositeDiscoveryClient_USER-SERVICE applying filter {regexp=/user-service/?(?<remaining>.*), replacement=/${remaining}} to RewritePath
2026-03-27T10:03:04.068+05:30 DEBUG 4660 --- [Api-Gateway] [reshExecutor-%d] o.s.c.g.r.RouteDefinitionRouteLocator    : RouteDefinition matched: ReactiveCompositeDiscoveryClient_USER-SERVICE
2026-03-27T10:03:04.069+05:30 DEBUG 4660 --- [Api-Gateway] [reshExecutor-%d] o.s.c.g.r.RouteDefinitionRouteLocator    : RouteDefinition ReactiveCompositeDiscoveryClient_PAYMENT-SERVICES applying {pattern=/payment-services/**} to Path
2026-03-27T10:03:04.070+05:30 DEBUG 4660 --- [Api-Gateway] [reshExecutor-%d] o.s.c.g.r.RouteDefinitionRouteLocator    : RouteDefinition ReactiveCompositeDiscoveryClient_PAYMENT-SERVICES applying filter {regexp=/payment-services/?(?<remaining>.*), replacement=/${remaining}} to RewritePath
2026-03-27T10:03:04.071+05:30 DEBUG 4660 --- [Api-Gateway] [reshExecutor-%d] o.s.c.g.r.RouteDefinitionRouteLocator    : RouteDefinition matched: ReactiveCompositeDiscoveryClient_PAYMENT-SERVICES
2026-03-27T10:03:04.071+05:30 DEBUG 4660 --- [Api-Gateway] [reshExecutor-%d] o.s.c.g.r.RouteDefinitionRouteLocator    : RouteDefinition AUTH-SERVICE applying {_genkey_0=/auth/**} to Path
2026-03-27T10:03:04.073+05:30 DEBUG 4660 --- [Api-Gateway] [reshExecutor-%d] o.s.c.g.r.RouteDefinitionRouteLocator    : RouteDefinition matched: AUTH-SERVICE
2026-03-27T10:03:04.074+05:30 DEBUG 4660 --- [Api-Gateway] [reshExecutor-%d] o.s.c.g.r.RouteDefinitionRouteLocator    : RouteDefinition ADMIN-SERVICE applying {_genkey_0=/admin/**} to Path
2026-03-27T10:03:04.074+05:30 DEBUG 4660 --- [Api-Gateway] [reshExecutor-%d] o.s.c.g.r.RouteDefinitionRouteLocator    : RouteDefinition matched: ADMIN-SERVICE
2026-03-27T10:03:04.075+05:30 DEBUG 4660 --- [Api-Gateway] [reshExecutor-%d] o.s.c.g.r.RouteDefinitionRouteLocator    : RouteDefinition KYC-SERVICE applying {_genkey_0=/kyc/**} to Path
2026-03-27T10:03:04.076+05:30 DEBUG 4660 --- [Api-Gateway] [reshExecutor-%d] o.s.c.g.r.RouteDefinitionRouteLocator    : RouteDefinition matched: KYC-SERVICE
2026-03-27T10:03:04.076+05:30 DEBUG 4660 --- [Api-Gateway] [reshExecutor-%d] o.s.c.g.r.RouteDefinitionRouteLocator    : RouteDefinition PAYMENT-SERVICES applying {_genkey_0=/api/payments/**} to Path
2026-03-27T10:03:04.077+05:30 DEBUG 4660 --- [Api-Gateway] [reshExecutor-%d] o.s.c.g.r.RouteDefinitionRouteLocator    : RouteDefinition PAYMENT-SERVICES applying filter {_genkey_0=name:paymentCircuitBreaker, _genkey_1=fallbackUri:forward:/fallback/payment} to CircuitBreaker
2026-03-27T10:03:04.077+05:30 DEBUG 4660 --- [Api-Gateway] [reshExecutor-%d] o.s.c.g.r.RouteDefinitionRouteLocator    : RouteDefinition matched: PAYMENT-SERVICES
2026-03-27T10:03:04.078+05:30 DEBUG 4660 --- [Api-Gateway] [reshExecutor-%d] o.s.c.g.r.RouteDefinitionRouteLocator    : RouteDefinition WALLET-SERVICE applying {_genkey_0=/api/wallets/**} to Path
2026-03-27T10:03:04.079+05:30 DEBUG 4660 --- [Api-Gateway] [reshExecutor-%d] o.s.c.g.r.RouteDefinitionRouteLocator    : RouteDefinition WALLET-SERVICE applying filter {_genkey_0=name:walletCircuitBreaker, _genkey_1=fallbackUri:forward:/fallback/general} to CircuitBreaker
2026-03-27T10:03:04.079+05:30 DEBUG 4660 --- [Api-Gateway] [reshExecutor-%d] o.s.c.g.r.RouteDefinitionRouteLocator    : RouteDefinition matched: WALLET-SERVICE
2026-03-27T10:03:04.080+05:30 DEBUG 4660 --- [Api-Gateway] [reshExecutor-%d] o.s.c.g.r.RouteDefinitionRouteLocator    : RouteDefinition TRANSACTION-SERVICE applying {_genkey_0=/api/transaction/**} to Path
2026-03-27T10:03:04.080+05:30 DEBUG 4660 --- [Api-Gateway] [reshExecutor-%d] o.s.c.g.r.RouteDefinitionRouteLocator    : RouteDefinition TRANSACTION-SERVICE applying filter {_genkey_0=name:transactionCircuitBreaker, _genkey_1=fallbackUri:forward:/fallback/general} to CircuitBreaker
2026-03-27T10:03:04.081+05:30 DEBUG 4660 --- [Api-Gateway] [reshExecutor-%d] o.s.c.g.r.RouteDefinitionRouteLocator    : RouteDefinition matched: TRANSACTION-SERVICE
2026-03-27T10:03:04.081+05:30 DEBUG 4660 --- [Api-Gateway] [reshExecutor-%d] o.s.c.g.r.RouteDefinitionRouteLocator    : RouteDefinition REWARDS-SERVICE applying {_genkey_0=/api/rewards/**} to Path
2026-03-27T10:03:04.081+05:30 DEBUG 4660 --- [Api-Gateway] [reshExecutor-%d] o.s.c.g.r.RouteDefinitionRouteLocator    : RouteDefinition REWARDS-SERVICE applying filter {_genkey_0=name:rewardCircuitBreaker, _genkey_1=fallbackUri:forward:/fallback/reward} to CircuitBreaker
2026-03-27T10:03:04.082+05:30 DEBUG 4660 --- [Api-Gateway] [reshExecutor-%d] o.s.c.g.r.RouteDefinitionRouteLocator    : RouteDefinition matched: REWARDS-SERVICE
2026-03-27T10:03:04.082+05:30 DEBUG 4660 --- [Api-Gateway] [reshExecutor-%d] o.s.c.g.r.RouteDefinitionRouteLocator    : RouteDefinition NOTIFICATION-SERVICE applying {_genkey_0=/api/notifications/**} to Path
2026-03-27T10:03:04.082+05:30 DEBUG 4660 --- [Api-Gateway] [reshExecutor-%d] o.s.c.g.r.RouteDefinitionRouteLocator    : RouteDefinition NOTIFICATION-SERVICE applying filter {_genkey_0=name:notificationCircuitBreaker, _genkey_1=fallbackUri:forward:/fallback/general} to CircuitBreaker
2026-03-27T10:03:04.083+05:30 DEBUG 4660 --- [Api-Gateway] [reshExecutor-%d] o.s.c.g.r.RouteDefinitionRouteLocator    : RouteDefinition matched: NOTIFICATION-SERVICE
2026-03-27T10:03:04.083+05:30 DEBUG 4660 --- [Api-Gateway] [reshExecutor-%d] o.s.c.g.r.RouteDefinitionRouteLocator    : RouteDefinition USER-SERVICE applying {_genkey_0=/users/**} to Path
2026-03-27T10:03:04.083+05:30 DEBUG 4660 --- [Api-Gateway] [reshExecutor-%d] o.s.c.g.r.RouteDefinitionRouteLocator    : RouteDefinition matched: USER-SERVICE
2026-03-27T10:03:04.083+05:30 DEBUG 4660 --- [Api-Gateway] [reshExecutor-%d] o.s.c.g.filter.GatewayMetricsFilter      : New routes count: 19
2026-03-27T10:03:34.121+05:30 DEBUG 4660 --- [Api-Gateway] [reshExecutor-%d] o.s.c.g.r.RouteDefinitionRouteLocator    : RouteDefinition ReactiveCompositeDiscoveryClient_CONFIG-SERVIER applying {pattern=/config-servier/**} to Path
2026-03-27T10:03:34.123+05:30 DEBUG 4660 --- [Api-Gateway] [reshExecutor-%d] o.s.c.g.r.RouteDefinitionRouteLocator    : RouteDefinition ReactiveCompositeDiscoveryClient_CONFIG-SERVIER applying filter {regexp=/config-servier/?(?<remaining>.*), replacement=/${remaining}} to RewritePath
2026-03-27T10:03:34.125+05:30 DEBUG 4660 --- [Api-Gateway] [reshExecutor-%d] o.s.c.g.r.RouteDefinitionRouteLocator    : RouteDefinition matched: ReactiveCompositeDiscoveryClient_CONFIG-SERVIER
2026-03-27T10:03:34.125+05:30 DEBUG 4660 --- [Api-Gateway] [reshExecutor-%d] o.s.c.g.r.RouteDefinitionRouteLocator    : RouteDefinition ReactiveCompositeDiscoveryClient_API-GATEWAY applying {pattern=/api-gateway/**} to Path
2026-03-27T10:03:34.126+05:30 DEBUG 4660 --- [Api-Gateway] [reshExecutor-%d] o.s.c.g.r.RouteDefinitionRouteLocator    : RouteDefinition ReactiveCompositeDiscoveryClient_API-GATEWAY applying filter {regexp=/api-gateway/?(?<remaining>.*), replacement=/${remaining}} to RewritePath
2026-03-27T10:03:34.128+05:30 DEBUG 4660 --- [Api-Gateway] [reshExecutor-%d] o.s.c.g.r.RouteDefinitionRouteLocator    : RouteDefinition matched: ReactiveCompositeDiscoveryClient_API-GATEWAY
2026-03-27T10:03:34.128+05:30 DEBUG 4660 --- [Api-Gateway] [reshExecutor-%d] o.s.c.g.r.RouteDefinitionRouteLocator    : RouteDefinition ReactiveCompositeDiscoveryClient_REWARDS-SERVICE applying {pattern=/rewards-service/**} to Path
2026-03-27T10:03:34.130+05:30 DEBUG 4660 --- [Api-Gateway] [reshExecutor-%d] o.s.c.g.r.RouteDefinitionRouteLocator    : RouteDefinition ReactiveCompositeDiscoveryClient_REWARDS-SERVICE applying filter {regexp=/rewards-service/?(?<remaining>.*), replacement=/${remaining}} to RewritePath
2026-03-27T10:03:34.131+05:30 DEBUG 4660 --- [Api-Gateway] [reshExecutor-%d] o.s.c.g.r.RouteDefinitionRouteLocator    : RouteDefinition matched: ReactiveCompositeDiscoveryClient_REWARDS-SERVICE
2026-03-27T10:03:34.132+05:30 DEBUG 4660 --- [Api-Gateway] [reshExecutor-%d] o.s.c.g.r.RouteDefinitionRouteLocator    : RouteDefinition ReactiveCompositeDiscoveryClient_KYC-SERVICE applying {pattern=/kyc-service/**} to Path
2026-03-27T10:03:34.133+05:30 DEBUG 4660 --- [Api-Gateway] [reshExecutor-%d] o.s.c.g.r.RouteDefinitionRouteLocator    : RouteDefinition ReactiveCompositeDiscoveryClient_KYC-SERVICE applying filter {regexp=/kyc-service/?(?<remaining>.*), replacement=/${remaining}} to RewritePath
2026-03-27T10:03:34.134+05:30 DEBUG 4660 --- [Api-Gateway] [reshExecutor-%d] o.s.c.g.r.RouteDefinitionRouteLocator    : RouteDefinition matched: ReactiveCompositeDiscoveryClient_KYC-SERVICE
2026-03-27T10:03:34.135+05:30 DEBUG 4660 --- [Api-Gateway] [reshExecutor-%d] o.s.c.g.r.RouteDefinitionRouteLocator    : RouteDefinition ReactiveCompositeDiscoveryClient_ADMIN-SERVICE applying {pattern=/admin-service/**} to Path
2026-03-27T10:03:34.136+05:30 DEBUG 4660 --- [Api-Gateway] [reshExecutor-%d] o.s.c.g.r.RouteDefinitionRouteLocator    : RouteDefinition ReactiveCompositeDiscoveryClient_ADMIN-SERVICE applying filter {regexp=/admin-service/?(?<remaining>.*), replacement=/${remaining}} to RewritePath
2026-03-27T10:03:34.137+05:30 DEBUG 4660 --- [Api-Gateway] [reshExecutor-%d] o.s.c.g.r.RouteDefinitionRouteLocator    : RouteDefinition matched: ReactiveCompositeDiscoveryClient_ADMIN-SERVICE
2026-03-27T10:03:34.138+05:30 DEBUG 4660 --- [Api-Gateway] [reshExecutor-%d] o.s.c.g.r.RouteDefinitionRouteLocator    : RouteDefinition ReactiveCompositeDiscoveryClient_TRANSACTION-SERVICE applying {pattern=/transaction-service/**} to Path
2026-03-27T10:03:34.139+05:30 DEBUG 4660 --- [Api-Gateway] [reshExecutor-%d] o.s.c.g.r.RouteDefinitionRouteLocator    : RouteDefinition ReactiveCompositeDiscoveryClient_TRANSACTION-SERVICE applying filter {regexp=/transaction-service/?(?<remaining>.*), replacement=/${remaining}} to RewritePath
2026-03-27T10:03:34.140+05:30 DEBUG 4660 --- [Api-Gateway] [reshExecutor-%d] o.s.c.g.r.RouteDefinitionRouteLocator    : RouteDefinition matched: ReactiveCompositeDiscoveryClient_TRANSACTION-SERVICE
2026-03-27T10:03:34.142+05:30 DEBUG 4660 --- [Api-Gateway] [reshExecutor-%d] o.s.c.g.r.RouteDefinitionRouteLocator    : RouteDefinition ReactiveCompositeDiscoveryClient_WALLET-SERVICE applying {pattern=/wallet-service/**} to Path
2026-03-27T10:03:34.143+05:30 DEBUG 4660 --- [Api-Gateway] [reshExecutor-%d] o.s.c.g.r.RouteDefinitionRouteLocator    : RouteDefinition ReactiveCompositeDiscoveryClient_WALLET-SERVICE applying filter {regexp=/wallet-service/?(?<remaining>.*), replacement=/${remaining}} to RewritePath
2026-03-27T10:03:34.144+05:30 DEBUG 4660 --- [Api-Gateway] [reshExecutor-%d] o.s.c.g.r.RouteDefinitionRouteLocator    : RouteDefinition matched: ReactiveCompositeDiscoveryClient_WALLET-SERVICE
2026-03-27T10:03:34.145+05:30 DEBUG 4660 --- [Api-Gateway] [reshExecutor-%d] o.s.c.g.r.RouteDefinitionRouteLocator    : RouteDefinition ReactiveCompositeDiscoveryClient_NOTIFICATION-SERVICE applying {pattern=/notification-service/**} to Path
2026-03-27T10:03:34.145+05:30 DEBUG 4660 --- [Api-Gateway] [reshExecutor-%d] o.s.c.g.r.RouteDefinitionRouteLocator    : RouteDefinition ReactiveCompositeDiscoveryClient_NOTIFICATION-SERVICE applying filter {regexp=/notification-service/?(?<remaining>.*), replacement=/${remaining}} to RewritePath
2026-03-27T10:03:34.147+05:30 DEBUG 4660 --- [Api-Gateway] [reshExecutor-%d] o.s.c.g.r.RouteDefinitionRouteLocator    : RouteDefinition matched: ReactiveCompositeDiscoveryClient_NOTIFICATION-SERVICE
2026-03-27T10:03:34.147+05:30 DEBUG 4660 --- [Api-Gateway] [reshExecutor-%d] o.s.c.g.r.RouteDefinitionRouteLocator    : RouteDefinition ReactiveCompositeDiscoveryClient_USER-SERVICE applying {pattern=/user-service/**} to Path
2026-03-27T10:03:34.148+05:30 DEBUG 4660 --- [Api-Gateway] [reshExecutor-%d] o.s.c.g.r.RouteDefinitionRouteLocator    : RouteDefinition ReactiveCompositeDiscoveryClient_USER-SERVICE applying filter {regexp=/user-service/?(?<remaining>.*), replacement=/${remaining}} to RewritePath
2026-03-27T10:03:34.149+05:30 DEBUG 4660 --- [Api-Gateway] [reshExecutor-%d] o.s.c.g.r.RouteDefinitionRouteLocator    : RouteDefinition matched: ReactiveCompositeDiscoveryClient_USER-SERVICE
2026-03-27T10:03:34.150+05:30 DEBUG 4660 --- [Api-Gateway] [reshExecutor-%d] o.s.c.g.r.RouteDefinitionRouteLocator    : RouteDefinition ReactiveCompositeDiscoveryClient_PAYMENT-SERVICES applying {pattern=/payment-services/**} to Path
2026-03-27T10:03:34.150+05:30 DEBUG 4660 --- [Api-Gateway] [reshExecutor-%d] o.s.c.g.r.RouteDefinitionRouteLocator    : RouteDefinition ReactiveCompositeDiscoveryClient_PAYMENT-SERVICES applying filter {regexp=/payment-services/?(?<remaining>.*), replacement=/${remaining}} to RewritePath
2026-03-27T10:03:34.151+05:30 DEBUG 4660 --- [Api-Gateway] [reshExecutor-%d] o.s.c.g.r.RouteDefinitionRouteLocator    : RouteDefinition matched: ReactiveCompositeDiscoveryClient_PAYMENT-SERVICES
2026-03-27T10:03:34.152+05:30 DEBUG 4660 --- [Api-Gateway] [reshExecutor-%d] o.s.c.g.r.RouteDefinitionRouteLocator    : RouteDefinition AUTH-SERVICE applying {_genkey_0=/auth/**} to Path
2026-03-27T10:03:34.152+05:30 DEBUG 4660 --- [Api-Gateway] [reshExecutor-%d] o.s.c.g.r.RouteDefinitionRouteLocator    : RouteDefinition matched: AUTH-SERVICE
2026-03-27T10:03:34.154+05:30 DEBUG 4660 --- [Api-Gateway] [reshExecutor-%d] o.s.c.g.r.RouteDefinitionRouteLocator    : RouteDefinition ADMIN-SERVICE applying {_genkey_0=/admin/**} to Path
2026-03-27T10:03:34.155+05:30 DEBUG 4660 --- [Api-Gateway] [reshExecutor-%d] o.s.c.g.r.RouteDefinitionRouteLocator    : RouteDefinition matched: ADMIN-SERVICE
2026-03-27T10:03:34.155+05:30 DEBUG 4660 --- [Api-Gateway] [reshExecutor-%d] o.s.c.g.r.RouteDefinitionRouteLocator    : RouteDefinition KYC-SERVICE applying {_genkey_0=/kyc/**} to Path
2026-03-27T10:03:34.156+05:30 DEBUG 4660 --- [Api-Gateway] [reshExecutor-%d] o.s.c.g.r.RouteDefinitionRouteLocator    : RouteDefinition matched: KYC-SERVICE
2026-03-27T10:03:34.156+05:30 DEBUG 4660 --- [Api-Gateway] [reshExecutor-%d] o.s.c.g.r.RouteDefinitionRouteLocator    : RouteDefinition PAYMENT-SERVICES applying {_genkey_0=/api/payments/**} to Path
2026-03-27T10:03:34.157+05:30 DEBUG 4660 --- [Api-Gateway] [reshExecutor-%d] o.s.c.g.r.RouteDefinitionRouteLocator    : RouteDefinition PAYMENT-SERVICES applying filter {_genkey_0=name:paymentCircuitBreaker, _genkey_1=fallbackUri:forward:/fallback/payment} to CircuitBreaker
2026-03-27T10:03:34.157+05:30 DEBUG 4660 --- [Api-Gateway] [reshExecutor-%d] o.s.c.g.r.RouteDefinitionRouteLocator    : RouteDefinition matched: PAYMENT-SERVICES
2026-03-27T10:03:34.158+05:30 DEBUG 4660 --- [Api-Gateway] [reshExecutor-%d] o.s.c.g.r.RouteDefinitionRouteLocator    : RouteDefinition WALLET-SERVICE applying {_genkey_0=/api/wallets/**} to Path
2026-03-27T10:03:34.159+05:30 DEBUG 4660 --- [Api-Gateway] [reshExecutor-%d] o.s.c.g.r.RouteDefinitionRouteLocator    : RouteDefinition WALLET-SERVICE applying filter {_genkey_0=name:walletCircuitBreaker, _genkey_1=fallbackUri:forward:/fallback/general} to CircuitBreaker
2026-03-27T10:03:34.159+05:30 DEBUG 4660 --- [Api-Gateway] [reshExecutor-%d] o.s.c.g.r.RouteDefinitionRouteLocator    : RouteDefinition matched: WALLET-SERVICE
2026-03-27T10:03:34.159+05:30 DEBUG 4660 --- [Api-Gateway] [reshExecutor-%d] o.s.c.g.r.RouteDefinitionRouteLocator    : RouteDefinition TRANSACTION-SERVICE applying {_genkey_0=/api/transaction/**} to Path
2026-03-27T10:03:34.160+05:30 DEBUG 4660 --- [Api-Gateway] [reshExecutor-%d] o.s.c.g.r.RouteDefinitionRouteLocator    : RouteDefinition TRANSACTION-SERVICE applying filter {_genkey_0=name:transactionCircuitBreaker, _genkey_1=fallbackUri:forward:/fallback/general} to CircuitBreaker
2026-03-27T10:03:34.160+05:30 DEBUG 4660 --- [Api-Gateway] [reshExecutor-%d] o.s.c.g.r.RouteDefinitionRouteLocator    : RouteDefinition matched: TRANSACTION-SERVICE
2026-03-27T10:03:34.160+05:30 DEBUG 4660 --- [Api-Gateway] [reshExecutor-%d] o.s.c.g.r.RouteDefinitionRouteLocator    : RouteDefinition REWARDS-SERVICE applying {_genkey_0=/api/rewards/**} to Path
2026-03-27T10:03:34.161+05:30 DEBUG 4660 --- [Api-Gateway] [reshExecutor-%d] o.s.c.g.r.RouteDefinitionRouteLocator    : RouteDefinition REWARDS-SERVICE applying filter {_genkey_0=name:rewardCircuitBreaker, _genkey_1=fallbackUri:forward:/fallback/reward} to CircuitBreaker
2026-03-27T10:03:34.161+05:30 DEBUG 4660 --- [Api-Gateway] [reshExecutor-%d] o.s.c.g.r.RouteDefinitionRouteLocator    : RouteDefinition matched: REWARDS-SERVICE
2026-03-27T10:03:34.161+05:30 DEBUG 4660 --- [Api-Gateway] [reshExecutor-%d] o.s.c.g.r.RouteDefinitionRouteLocator    : RouteDefinition NOTIFICATION-SERVICE applying {_genkey_0=/api/notifications/**} to Path
2026-03-27T10:03:34.162+05:30 DEBUG 4660 --- [Api-Gateway] [reshExecutor-%d] o.s.c.g.r.RouteDefinitionRouteLocator    : RouteDefinition NOTIFICATION-SERVICE applying filter {_genkey_0=name:notificationCircuitBreaker, _genkey_1=fallbackUri:forward:/fallback/general} to CircuitBreaker
2026-03-27T10:03:34.163+05:30 DEBUG 4660 --- [Api-Gateway] [reshExecutor-%d] o.s.c.g.r.RouteDefinitionRouteLocator    : RouteDefinition matched: NOTIFICATION-SERVICE
2026-03-27T10:03:34.163+05:30 DEBUG 4660 --- [Api-Gateway] [reshExecutor-%d] o.s.c.g.r.RouteDefinitionRouteLocator    : RouteDefinition USER-SERVICE applying {_genkey_0=/users/**} to Path
2026-03-27T10:03:34.163+05:30 DEBUG 4660 --- [Api-Gateway] [reshExecutor-%d] o.s.c.g.r.RouteDefinitionRouteLocator    : RouteDefinition matched: USER-SERVICE
2026-03-27T10:03:34.164+05:30 DEBUG 4660 --- [Api-Gateway] [reshExecutor-%d] o.s.c.g.filter.GatewayMetricsFilter      : New routes count: 19
2026-03-27T10:04:00.244+05:30  INFO 4660 --- [Api-Gateway] [rap-executor-%d] c.n.d.s.r.aws.ConfigClusterResolver      : Resolving eureka endpoints via configuration
2026-03-27T10:04:04.190+05:30 DEBUG 4660 --- [Api-Gateway] [reshExecutor-%d] o.s.c.g.r.RouteDefinitionRouteLocator    : RouteDefinition ReactiveCompositeDiscoveryClient_CONFIG-SERVIER applying {pattern=/config-servier/**} to Path
2026-03-27T10:04:04.196+05:30 DEBUG 4660 --- [Api-Gateway] [reshExecutor-%d] o.s.c.g.r.RouteDefinitionRouteLocator    : RouteDefinition ReactiveCompositeDiscoveryClient_CONFIG-SERVIER applying filter {regexp=/config-servier/?(?<remaining>.*), replacement=/${remaining}} to RewritePath
2026-03-27T10:04:04.198+05:30 DEBUG 4660 --- [Api-Gateway] [reshExecutor-%d] o.s.c.g.r.RouteDefinitionRouteLocator    : RouteDefinition matched: ReactiveCompositeDiscoveryClient_CONFIG-SERVIER
2026-03-27T10:04:04.198+05:30 DEBUG 4660 --- [Api-Gateway] [reshExecutor-%d] o.s.c.g.r.RouteDefinitionRouteLocator    : RouteDefinition ReactiveCompositeDiscoveryClient_API-GATEWAY applying {pattern=/api-gateway/**} to Path
2026-03-27T10:04:04.200+05:30 DEBUG 4660 --- [Api-Gateway] [reshExecutor-%d] o.s.c.g.r.RouteDefinitionRouteLocator    : RouteDefinition ReactiveCompositeDiscoveryClient_API-GATEWAY applying filter {regexp=/api-gateway/?(?<remaining>.*), replacement=/${remaining}} to RewritePath
2026-03-27T10:04:04.201+05:30 DEBUG 4660 --- [Api-Gateway] [reshExecutor-%d] o.s.c.g.r.RouteDefinitionRouteLocator    : RouteDefinition matched: ReactiveCompositeDiscoveryClient_API-GATEWAY
2026-03-27T10:04:04.202+05:30 DEBUG 4660 --- [Api-Gateway] [reshExecutor-%d] o.s.c.g.r.RouteDefinitionRouteLocator    : RouteDefinition ReactiveCompositeDiscoveryClient_REWARDS-SERVICE applying {pattern=/rewards-service/**} to Path
2026-03-27T10:04:04.204+05:30 DEBUG 4660 --- [Api-Gateway] [reshExecutor-%d] o.s.c.g.r.RouteDefinitionRouteLocator    : RouteDefinition ReactiveCompositeDiscoveryClient_REWARDS-SERVICE applying filter {regexp=/rewards-service/?(?<remaining>.*), replacement=/${remaining}} to RewritePath
2026-03-27T10:04:04.205+05:30 DEBUG 4660 --- [Api-Gateway] [reshExecutor-%d] o.s.c.g.r.RouteDefinitionRouteLocator    : RouteDefinition matched: ReactiveCompositeDiscoveryClient_REWARDS-SERVICE
2026-03-27T10:04:04.206+05:30 DEBUG 4660 --- [Api-Gateway] [reshExecutor-%d] o.s.c.g.r.RouteDefinitionRouteLocator    : RouteDefinition ReactiveCompositeDiscoveryClient_KYC-SERVICE applying {pattern=/kyc-service/**} to Path
2026-03-27T10:04:04.207+05:30 DEBUG 4660 --- [Api-Gateway] [reshExecutor-%d] o.s.c.g.r.RouteDefinitionRouteLocator    : RouteDefinition ReactiveCompositeDiscoveryClient_KYC-SERVICE applying filter {regexp=/kyc-service/?(?<remaining>.*), replacement=/${remaining}} to RewritePath
2026-03-27T10:04:04.208+05:30 DEBUG 4660 --- [Api-Gateway] [reshExecutor-%d] o.s.c.g.r.RouteDefinitionRouteLocator    : RouteDefinition matched: ReactiveCompositeDiscoveryClient_KYC-SERVICE
2026-03-27T10:04:04.209+05:30 DEBUG 4660 --- [Api-Gateway] [reshExecutor-%d] o.s.c.g.r.RouteDefinitionRouteLocator    : RouteDefinition ReactiveCompositeDiscoveryClient_ADMIN-SERVICE applying {pattern=/admin-service/**} to Path
2026-03-27T10:04:04.210+05:30 DEBUG 4660 --- [Api-Gateway] [reshExecutor-%d] o.s.c.g.r.RouteDefinitionRouteLocator    : RouteDefinition ReactiveCompositeDiscoveryClient_ADMIN-SERVICE applying filter {regexp=/admin-service/?(?<remaining>.*), replacement=/${remaining}} to RewritePath
2026-03-27T10:04:04.211+05:30 DEBUG 4660 --- [Api-Gateway] [reshExecutor-%d] o.s.c.g.r.RouteDefinitionRouteLocator    : RouteDefinition matched: ReactiveCompositeDiscoveryClient_ADMIN-SERVICE
2026-03-27T10:04:04.212+05:30 DEBUG 4660 --- [Api-Gateway] [reshExecutor-%d] o.s.c.g.r.RouteDefinitionRouteLocator    : RouteDefinition ReactiveCompositeDiscoveryClient_TRANSACTION-SERVICE applying {pattern=/transaction-service/**} to Path
2026-03-27T10:04:04.213+05:30 DEBUG 4660 --- [Api-Gateway] [reshExecutor-%d] o.s.c.g.r.RouteDefinitionRouteLocator    : RouteDefinition ReactiveCompositeDiscoveryClient_TRANSACTION-SERVICE applying filter {regexp=/transaction-service/?(?<remaining>.*), replacement=/${remaining}} to RewritePath
2026-03-27T10:04:04.214+05:30 DEBUG 4660 --- [Api-Gateway] [reshExecutor-%d] o.s.c.g.r.RouteDefinitionRouteLocator    : RouteDefinition matched: ReactiveCompositeDiscoveryClient_TRANSACTION-SERVICE
2026-03-27T10:04:04.214+05:30 DEBUG 4660 --- [Api-Gateway] [reshExecutor-%d] o.s.c.g.r.RouteDefinitionRouteLocator    : RouteDefinition ReactiveCompositeDiscoveryClient_WALLET-SERVICE applying {pattern=/wallet-service/**} to Path
2026-03-27T10:04:04.215+05:30 DEBUG 4660 --- [Api-Gateway] [reshExecutor-%d] o.s.c.g.r.RouteDefinitionRouteLocator    : RouteDefinition ReactiveCompositeDiscoveryClient_WALLET-SERVICE applying filter {regexp=/wallet-service/?(?<remaining>.*), replacement=/${remaining}} to RewritePath
2026-03-27T10:04:04.216+05:30 DEBUG 4660 --- [Api-Gateway] [reshExecutor-%d] o.s.c.g.r.RouteDefinitionRouteLocator    : RouteDefinition matched: ReactiveCompositeDiscoveryClient_WALLET-SERVICE
2026-03-27T10:04:04.216+05:30 DEBUG 4660 --- [Api-Gateway] [reshExecutor-%d] o.s.c.g.r.RouteDefinitionRouteLocator    : RouteDefinition ReactiveCompositeDiscoveryClient_NOTIFICATION-SERVICE applying {pattern=/notification-service/**} to Path
2026-03-27T10:04:04.217+05:30 DEBUG 4660 --- [Api-Gateway] [reshExecutor-%d] o.s.c.g.r.RouteDefinitionRouteLocator    : RouteDefinition ReactiveCompositeDiscoveryClient_NOTIFICATION-SERVICE applying filter {regexp=/notification-service/?(?<remaining>.*), replacement=/${remaining}} to RewritePath
2026-03-27T10:04:04.219+05:30 DEBUG 4660 --- [Api-Gateway] [reshExecutor-%d] o.s.c.g.r.RouteDefinitionRouteLocator    : RouteDefinition matched: ReactiveCompositeDiscoveryClient_NOTIFICATION-SERVICE
2026-03-27T10:04:04.220+05:30 DEBUG 4660 --- [Api-Gateway] [reshExecutor-%d] o.s.c.g.r.RouteDefinitionRouteLocator    : RouteDefinition ReactiveCompositeDiscoveryClient_USER-SERVICE applying {pattern=/user-service/**} to Path
2026-03-27T10:04:04.221+05:30 DEBUG 4660 --- [Api-Gateway] [reshExecutor-%d] o.s.c.g.r.RouteDefinitionRouteLocator    : RouteDefinition ReactiveCompositeDiscoveryClient_USER-SERVICE applying filter {regexp=/user-service/?(?<remaining>.*), replacement=/${remaining}} to RewritePath
2026-03-27T10:04:04.222+05:30 DEBUG 4660 --- [Api-Gateway] [reshExecutor-%d] o.s.c.g.r.RouteDefinitionRouteLocator    : RouteDefinition matched: ReactiveCompositeDiscoveryClient_USER-SERVICE
2026-03-27T10:04:04.222+05:30 DEBUG 4660 --- [Api-Gateway] [reshExecutor-%d] o.s.c.g.r.RouteDefinitionRouteLocator    : RouteDefinition ReactiveCompositeDiscoveryClient_PAYMENT-SERVICES applying {pattern=/payment-services/**} to Path
2026-03-27T10:04:04.224+05:30 DEBUG 4660 --- [Api-Gateway] [reshExecutor-%d] o.s.c.g.r.RouteDefinitionRouteLocator    : RouteDefinition ReactiveCompositeDiscoveryClient_PAYMENT-SERVICES applying filter {regexp=/payment-services/?(?<remaining>.*), replacement=/${remaining}} to RewritePath
2026-03-27T10:04:04.224+05:30 DEBUG 4660 --- [Api-Gateway] [reshExecutor-%d] o.s.c.g.r.RouteDefinitionRouteLocator    : RouteDefinition matched: ReactiveCompositeDiscoveryClient_PAYMENT-SERVICES
2026-03-27T10:04:04.225+05:30 DEBUG 4660 --- [Api-Gateway] [reshExecutor-%d] o.s.c.g.r.RouteDefinitionRouteLocator    : RouteDefinition AUTH-SERVICE applying {_genkey_0=/auth/**} to Path
2026-03-27T10:04:04.226+05:30 DEBUG 4660 --- [Api-Gateway] [reshExecutor-%d] o.s.c.g.r.RouteDefinitionRouteLocator    : RouteDefinition matched: AUTH-SERVICE
2026-03-27T10:04:04.226+05:30 DEBUG 4660 --- [Api-Gateway] [reshExecutor-%d] o.s.c.g.r.RouteDefinitionRouteLocator    : RouteDefinition ADMIN-SERVICE applying {_genkey_0=/admin/**} to Path
2026-03-27T10:04:04.227+05:30 DEBUG 4660 --- [Api-Gateway] [reshExecutor-%d] o.s.c.g.r.RouteDefinitionRouteLocator    : RouteDefinition matched: ADMIN-SERVICE
2026-03-27T10:04:04.227+05:30 DEBUG 4660 --- [Api-Gateway] [reshExecutor-%d] o.s.c.g.r.RouteDefinitionRouteLocator    : RouteDefinition KYC-SERVICE applying {_genkey_0=/kyc/**} to Path
2026-03-27T10:04:04.228+05:30 DEBUG 4660 --- [Api-Gateway] [reshExecutor-%d] o.s.c.g.r.RouteDefinitionRouteLocator    : RouteDefinition matched: KYC-SERVICE
2026-03-27T10:04:04.228+05:30 DEBUG 4660 --- [Api-Gateway] [reshExecutor-%d] o.s.c.g.r.RouteDefinitionRouteLocator    : RouteDefinition PAYMENT-SERVICES applying {_genkey_0=/api/payments/**} to Path
2026-03-27T10:04:04.229+05:30 DEBUG 4660 --- [Api-Gateway] [reshExecutor-%d] o.s.c.g.r.RouteDefinitionRouteLocator    : RouteDefinition PAYMENT-SERVICES applying filter {_genkey_0=name:paymentCircuitBreaker, _genkey_1=fallbackUri:forward:/fallback/payment} to CircuitBreaker
2026-03-27T10:04:04.230+05:30 DEBUG 4660 --- [Api-Gateway] [reshExecutor-%d] o.s.c.g.r.RouteDefinitionRouteLocator    : RouteDefinition matched: PAYMENT-SERVICES
2026-03-27T10:04:04.230+05:30 DEBUG 4660 --- [Api-Gateway] [reshExecutor-%d] o.s.c.g.r.RouteDefinitionRouteLocator    : RouteDefinition WALLET-SERVICE applying {_genkey_0=/api/wallets/**} to Path
2026-03-27T10:04:04.231+05:30 DEBUG 4660 --- [Api-Gateway] [reshExecutor-%d] o.s.c.g.r.RouteDefinitionRouteLocator    : RouteDefinition WALLET-SERVICE applying filter {_genkey_0=name:walletCircuitBreaker, _genkey_1=fallbackUri:forward:/fallback/general} to CircuitBreaker
2026-03-27T10:04:04.231+05:30 DEBUG 4660 --- [Api-Gateway] [reshExecutor-%d] o.s.c.g.r.RouteDefinitionRouteLocator    : RouteDefinition matched: WALLET-SERVICE
2026-03-27T10:04:04.232+05:30 DEBUG 4660 --- [Api-Gateway] [reshExecutor-%d] o.s.c.g.r.RouteDefinitionRouteLocator    : RouteDefinition TRANSACTION-SERVICE applying {_genkey_0=/api/transaction/**} to Path
2026-03-27T10:04:04.232+05:30 DEBUG 4660 --- [Api-Gateway] [reshExecutor-%d] o.s.c.g.r.RouteDefinitionRouteLocator    : RouteDefinition TRANSACTION-SERVICE applying filter {_genkey_0=name:transactionCircuitBreaker, _genkey_1=fallbackUri:forward:/fallback/general} to CircuitBreaker
2026-03-27T10:04:04.233+05:30 DEBUG 4660 --- [Api-Gateway] [reshExecutor-%d] o.s.c.g.r.RouteDefinitionRouteLocator    : RouteDefinition matched: TRANSACTION-SERVICE
2026-03-27T10:04:04.233+05:30 DEBUG 4660 --- [Api-Gateway] [reshExecutor-%d] o.s.c.g.r.RouteDefinitionRouteLocator    : RouteDefinition REWARDS-SERVICE applying {_genkey_0=/api/rewards/**} to Path
2026-03-27T10:04:04.233+05:30 DEBUG 4660 --- [Api-Gateway] [reshExecutor-%d] o.s.c.g.r.RouteDefinitionRouteLocator    : RouteDefinition REWARDS-SERVICE applying filter {_genkey_0=name:rewardCircuitBreaker, _genkey_1=fallbackUri:forward:/fallback/reward} to CircuitBreaker
2026-03-27T10:04:04.234+05:30 DEBUG 4660 --- [Api-Gateway] [reshExecutor-%d] o.s.c.g.r.RouteDefinitionRouteLocator    : RouteDefinition matched: REWARDS-SERVICE
2026-03-27T10:04:04.234+05:30 DEBUG 4660 --- [Api-Gateway] [reshExecutor-%d] o.s.c.g.r.RouteDefinitionRouteLocator    : RouteDefinition NOTIFICATION-SERVICE applying {_genkey_0=/api/notifications/**} to Path
2026-03-27T10:04:04.234+05:30 DEBUG 4660 --- [Api-Gateway] [reshExecutor-%d] o.s.c.g.r.RouteDefinitionRouteLocator    : RouteDefinition NOTIFICATION-SERVICE applying filter {_genkey_0=name:notificationCircuitBreaker, _genkey_1=fallbackUri:forward:/fallback/general} to CircuitBreaker
2026-03-27T10:04:04.234+05:30 DEBUG 4660 --- [Api-Gateway] [reshExecutor-%d] o.s.c.g.r.RouteDefinitionRouteLocator    : RouteDefinition matched: NOTIFICATION-SERVICE
2026-03-27T10:04:04.234+05:30 DEBUG 4660 --- [Api-Gateway] [reshExecutor-%d] o.s.c.g.r.RouteDefinitionRouteLocator    : RouteDefinition USER-SERVICE applying {_genkey_0=/users/**} to Path
2026-03-27T10:04:04.235+05:30 DEBUG 4660 --- [Api-Gateway] [reshExecutor-%d] o.s.c.g.r.RouteDefinitionRouteLocator    : RouteDefinition matched: USER-SERVICE
2026-03-27T10:04:04.235+05:30 DEBUG 4660 --- [Api-Gateway] [reshExecutor-%d] o.s.c.g.filter.GatewayMetricsFilter      : New routes count: 19
2026-03-27T10:04:34.270+05:30 DEBUG 4660 --- [Api-Gateway] [reshExecutor-%d] o.s.c.g.r.RouteDefinitionRouteLocator    : RouteDefinition ReactiveCompositeDiscoveryClient_CONFIG-SERVIER applying {pattern=/config-servier/**} to Path
2026-03-27T10:04:34.273+05:30 DEBUG 4660 --- [Api-Gateway] [reshExecutor-%d] o.s.c.g.r.RouteDefinitionRouteLocator    : RouteDefinition ReactiveCompositeDiscoveryClient_CONFIG-SERVIER applying filter {regexp=/config-servier/?(?<remaining>.*), replacement=/${remaining}} to RewritePath
2026-03-27T10:04:34.275+05:30 DEBUG 4660 --- [Api-Gateway] [reshExecutor-%d] o.s.c.g.r.RouteDefinitionRouteLocator    : RouteDefinition matched: ReactiveCompositeDiscoveryClient_CONFIG-SERVIER
2026-03-27T10:04:34.276+05:30 DEBUG 4660 --- [Api-Gateway] [reshExecutor-%d] o.s.c.g.r.RouteDefinitionRouteLocator    : RouteDefinition ReactiveCompositeDiscoveryClient_API-GATEWAY applying {pattern=/api-gateway/**} to Path
2026-03-27T10:04:34.277+05:30 DEBUG 4660 --- [Api-Gateway] [reshExecutor-%d] o.s.c.g.r.RouteDefinitionRouteLocator    : RouteDefinition ReactiveCompositeDiscoveryClient_API-GATEWAY applying filter {regexp=/api-gateway/?(?<remaining>.*), replacement=/${remaining}} to RewritePath
2026-03-27T10:04:34.278+05:30 DEBUG 4660 --- [Api-Gateway] [reshExecutor-%d] o.s.c.g.r.RouteDefinitionRouteLocator    : RouteDefinition matched: ReactiveCompositeDiscoveryClient_API-GATEWAY
2026-03-27T10:04:34.278+05:30 DEBUG 4660 --- [Api-Gateway] [reshExecutor-%d] o.s.c.g.r.RouteDefinitionRouteLocator    : RouteDefinition ReactiveCompositeDiscoveryClient_REWARDS-SERVICE applying {pattern=/rewards-service/**} to Path
2026-03-27T10:04:34.280+05:30 DEBUG 4660 --- [Api-Gateway] [reshExecutor-%d] o.s.c.g.r.RouteDefinitionRouteLocator    : RouteDefinition ReactiveCompositeDiscoveryClient_REWARDS-SERVICE applying filter {regexp=/rewards-service/?(?<remaining>.*), replacement=/${remaining}} to RewritePath
2026-03-27T10:04:34.281+05:30 DEBUG 4660 --- [Api-Gateway] [reshExecutor-%d] o.s.c.g.r.RouteDefinitionRouteLocator    : RouteDefinition matched: ReactiveCompositeDiscoveryClient_REWARDS-SERVICE
2026-03-27T10:04:34.281+05:30 DEBUG 4660 --- [Api-Gateway] [reshExecutor-%d] o.s.c.g.r.RouteDefinitionRouteLocator    : RouteDefinition ReactiveCompositeDiscoveryClient_KYC-SERVICE applying {pattern=/kyc-service/**} to Path
2026-03-27T10:04:34.281+05:30 DEBUG 4660 --- [Api-Gateway] [reshExecutor-%d] o.s.c.g.r.RouteDefinitionRouteLocator    : RouteDefinition ReactiveCompositeDiscoveryClient_KYC-SERVICE applying filter {regexp=/kyc-service/?(?<remaining>.*), replacement=/${remaining}} to RewritePath
2026-03-27T10:04:34.283+05:30 DEBUG 4660 --- [Api-Gateway] [reshExecutor-%d] o.s.c.g.r.RouteDefinitionRouteLocator    : RouteDefinition matched: ReactiveCompositeDiscoveryClient_KYC-SERVICE
2026-03-27T10:04:34.284+05:30 DEBUG 4660 --- [Api-Gateway] [reshExecutor-%d] o.s.c.g.r.RouteDefinitionRouteLocator    : RouteDefinition ReactiveCompositeDiscoveryClient_ADMIN-SERVICE applying {pattern=/admin-service/**} to Path
2026-03-27T10:04:34.285+05:30 DEBUG 4660 --- [Api-Gateway] [reshExecutor-%d] o.s.c.g.r.RouteDefinitionRouteLocator    : RouteDefinition ReactiveCompositeDiscoveryClient_ADMIN-SERVICE applying filter {regexp=/admin-service/?(?<remaining>.*), replacement=/${remaining}} to RewritePath
2026-03-27T10:04:34.285+05:30 DEBUG 4660 --- [Api-Gateway] [reshExecutor-%d] o.s.c.g.r.RouteDefinitionRouteLocator    : RouteDefinition matched: ReactiveCompositeDiscoveryClient_ADMIN-SERVICE
2026-03-27T10:04:34.286+05:30 DEBUG 4660 --- [Api-Gateway] [reshExecutor-%d] o.s.c.g.r.RouteDefinitionRouteLocator    : RouteDefinition ReactiveCompositeDiscoveryClient_TRANSACTION-SERVICE applying {pattern=/transaction-service/**} to Path
2026-03-27T10:04:34.287+05:30 DEBUG 4660 --- [Api-Gateway] [reshExecutor-%d] o.s.c.g.r.RouteDefinitionRouteLocator    : RouteDefinition ReactiveCompositeDiscoveryClient_TRANSACTION-SERVICE applying filter {regexp=/transaction-service/?(?<remaining>.*), replacement=/${remaining}} to RewritePath
2026-03-27T10:04:34.288+05:30 DEBUG 4660 --- [Api-Gateway] [reshExecutor-%d] o.s.c.g.r.RouteDefinitionRouteLocator    : RouteDefinition matched: ReactiveCompositeDiscoveryClient_TRANSACTION-SERVICE
2026-03-27T10:04:34.288+05:30 DEBUG 4660 --- [Api-Gateway] [reshExecutor-%d] o.s.c.g.r.RouteDefinitionRouteLocator    : RouteDefinition ReactiveCompositeDiscoveryClient_WALLET-SERVICE applying {pattern=/wallet-service/**} to Path
2026-03-27T10:04:34.289+05:30 DEBUG 4660 --- [Api-Gateway] [reshExecutor-%d] o.s.c.g.r.RouteDefinitionRouteLocator    : RouteDefinition ReactiveCompositeDiscoveryClient_WALLET-SERVICE applying filter {regexp=/wallet-service/?(?<remaining>.*), replacement=/${remaining}} to RewritePath
2026-03-27T10:04:34.290+05:30 DEBUG 4660 --- [Api-Gateway] [reshExecutor-%d] o.s.c.g.r.RouteDefinitionRouteLocator    : RouteDefinition matched: ReactiveCompositeDiscoveryClient_WALLET-SERVICE
2026-03-27T10:04:34.290+05:30 DEBUG 4660 --- [Api-Gateway] [reshExecutor-%d] o.s.c.g.r.RouteDefinitionRouteLocator    : RouteDefinition ReactiveCompositeDiscoveryClient_NOTIFICATION-SERVICE applying {pattern=/notification-service/**} to Path
2026-03-27T10:04:34.290+05:30 DEBUG 4660 --- [Api-Gateway] [reshExecutor-%d] o.s.c.g.r.RouteDefinitionRouteLocator    : RouteDefinition ReactiveCompositeDiscoveryClient_NOTIFICATION-SERVICE applying filter {regexp=/notification-service/?(?<remaining>.*), replacement=/${remaining}} to RewritePath
2026-03-27T10:04:34.292+05:30 DEBUG 4660 --- [Api-Gateway] [reshExecutor-%d] o.s.c.g.r.RouteDefinitionRouteLocator    : RouteDefinition matched: ReactiveCompositeDiscoveryClient_NOTIFICATION-SERVICE
2026-03-27T10:04:34.293+05:30 DEBUG 4660 --- [Api-Gateway] [reshExecutor-%d] o.s.c.g.r.RouteDefinitionRouteLocator    : RouteDefinition ReactiveCompositeDiscoveryClient_USER-SERVICE applying {pattern=/user-service/**} to Path
2026-03-27T10:04:34.294+05:30 DEBUG 4660 --- [Api-Gateway] [reshExecutor-%d] o.s.c.g.r.RouteDefinitionRouteLocator    : RouteDefinition ReactiveCompositeDiscoveryClient_USER-SERVICE applying filter {regexp=/user-service/?(?<remaining>.*), replacement=/${remaining}} to RewritePath
2026-03-27T10:04:34.294+05:30 DEBUG 4660 --- [Api-Gateway] [reshExecutor-%d] o.s.c.g.r.RouteDefinitionRouteLocator    : RouteDefinition matched: ReactiveCompositeDiscoveryClient_USER-SERVICE
2026-03-27T10:04:34.295+05:30 DEBUG 4660 --- [Api-Gateway] [reshExecutor-%d] o.s.c.g.r.RouteDefinitionRouteLocator    : RouteDefinition ReactiveCompositeDiscoveryClient_PAYMENT-SERVICES applying {pattern=/payment-services/**} to Path
2026-03-27T10:04:34.295+05:30 DEBUG 4660 --- [Api-Gateway] [reshExecutor-%d] o.s.c.g.r.RouteDefinitionRouteLocator    : RouteDefinition ReactiveCompositeDiscoveryClient_PAYMENT-SERVICES applying filter {regexp=/payment-services/?(?<remaining>.*), replacement=/${remaining}} to RewritePath
2026-03-27T10:04:34.297+05:30 DEBUG 4660 --- [Api-Gateway] [reshExecutor-%d] o.s.c.g.r.RouteDefinitionRouteLocator    : RouteDefinition matched: ReactiveCompositeDiscoveryClient_PAYMENT-SERVICES
2026-03-27T10:04:34.297+05:30 DEBUG 4660 --- [Api-Gateway] [reshExecutor-%d] o.s.c.g.r.RouteDefinitionRouteLocator    : RouteDefinition AUTH-SERVICE applying {_genkey_0=/auth/**} to Path
2026-03-27T10:04:34.298+05:30 DEBUG 4660 --- [Api-Gateway] [reshExecutor-%d] o.s.c.g.r.RouteDefinitionRouteLocator    : RouteDefinition matched: AUTH-SERVICE
2026-03-27T10:04:34.298+05:30 DEBUG 4660 --- [Api-Gateway] [reshExecutor-%d] o.s.c.g.r.RouteDefinitionRouteLocator    : RouteDefinition ADMIN-SERVICE applying {_genkey_0=/admin/**} to Path
2026-03-27T10:04:34.298+05:30 DEBUG 4660 --- [Api-Gateway] [reshExecutor-%d] o.s.c.g.r.RouteDefinitionRouteLocator    : RouteDefinition matched: ADMIN-SERVICE
2026-03-27T10:04:34.299+05:30 DEBUG 4660 --- [Api-Gateway] [reshExecutor-%d] o.s.c.g.r.RouteDefinitionRouteLocator    : RouteDefinition KYC-SERVICE applying {_genkey_0=/kyc/**} to Path
2026-03-27T10:04:34.299+05:30 DEBUG 4660 --- [Api-Gateway] [reshExecutor-%d] o.s.c.g.r.RouteDefinitionRouteLocator    : RouteDefinition matched: KYC-SERVICE
2026-03-27T10:04:34.299+05:30 DEBUG 4660 --- [Api-Gateway] [reshExecutor-%d] o.s.c.g.r.RouteDefinitionRouteLocator    : RouteDefinition PAYMENT-SERVICES applying {_genkey_0=/api/payments/**} to Path
2026-03-27T10:04:34.300+05:30 DEBUG 4660 --- [Api-Gateway] [reshExecutor-%d] o.s.c.g.r.RouteDefinitionRouteLocator    : RouteDefinition PAYMENT-SERVICES applying filter {_genkey_0=name:paymentCircuitBreaker, _genkey_1=fallbackUri:forward:/fallback/payment} to CircuitBreaker
2026-03-27T10:04:34.300+05:30 DEBUG 4660 --- [Api-Gateway] [reshExecutor-%d] o.s.c.g.r.RouteDefinitionRouteLocator    : RouteDefinition matched: PAYMENT-SERVICES
2026-03-27T10:04:34.301+05:30 DEBUG 4660 --- [Api-Gateway] [reshExecutor-%d] o.s.c.g.r.RouteDefinitionRouteLocator    : RouteDefinition WALLET-SERVICE applying {_genkey_0=/api/wallets/**} to Path
2026-03-27T10:04:34.301+05:30 DEBUG 4660 --- [Api-Gateway] [reshExecutor-%d] o.s.c.g.r.RouteDefinitionRouteLocator    : RouteDefinition WALLET-SERVICE applying filter {_genkey_0=name:walletCircuitBreaker, _genkey_1=fallbackUri:forward:/fallback/general} to CircuitBreaker
2026-03-27T10:04:34.302+05:30 DEBUG 4660 --- [Api-Gateway] [reshExecutor-%d] o.s.c.g.r.RouteDefinitionRouteLocator    : RouteDefinition matched: WALLET-SERVICE
2026-03-27T10:04:34.302+05:30 DEBUG 4660 --- [Api-Gateway] [reshExecutor-%d] o.s.c.g.r.RouteDefinitionRouteLocator    : RouteDefinition TRANSACTION-SERVICE applying {_genkey_0=/api/transaction/**} to Path
2026-03-27T10:04:34.302+05:30 DEBUG 4660 --- [Api-Gateway] [reshExecutor-%d] o.s.c.g.r.RouteDefinitionRouteLocator    : RouteDefinition TRANSACTION-SERVICE applying filter {_genkey_0=name:transactionCircuitBreaker, _genkey_1=fallbackUri:forward:/fallback/general} to CircuitBreaker
2026-03-27T10:04:34.303+05:30 DEBUG 4660 --- [Api-Gateway] [reshExecutor-%d] o.s.c.g.r.RouteDefinitionRouteLocator    : RouteDefinition matched: TRANSACTION-SERVICE
2026-03-27T10:04:34.303+05:30 DEBUG 4660 --- [Api-Gateway] [reshExecutor-%d] o.s.c.g.r.RouteDefinitionRouteLocator    : RouteDefinition REWARDS-SERVICE applying {_genkey_0=/api/rewards/**} to Path
2026-03-27T10:04:34.303+05:30 DEBUG 4660 --- [Api-Gateway] [reshExecutor-%d] o.s.c.g.r.RouteDefinitionRouteLocator    : RouteDefinition REWARDS-SERVICE applying filter {_genkey_0=name:rewardCircuitBreaker, _genkey_1=fallbackUri:forward:/fallback/reward} to CircuitBreaker
2026-03-27T10:04:34.304+05:30 DEBUG 4660 --- [Api-Gateway] [reshExecutor-%d] o.s.c.g.r.RouteDefinitionRouteLocator    : RouteDefinition matched: REWARDS-SERVICE
2026-03-27T10:04:34.304+05:30 DEBUG 4660 --- [Api-Gateway] [reshExecutor-%d] o.s.c.g.r.RouteDefinitionRouteLocator    : RouteDefinition NOTIFICATION-SERVICE applying {_genkey_0=/api/notifications/**} to Path
2026-03-27T10:04:34.304+05:30 DEBUG 4660 --- [Api-Gateway] [reshExecutor-%d] o.s.c.g.r.RouteDefinitionRouteLocator    : RouteDefinition NOTIFICATION-SERVICE applying filter {_genkey_0=name:notificationCircuitBreaker, _genkey_1=fallbackUri:forward:/fallback/general} to CircuitBreaker
2026-03-27T10:04:34.304+05:30 DEBUG 4660 --- [Api-Gateway] [reshExecutor-%d] o.s.c.g.r.RouteDefinitionRouteLocator    : RouteDefinition matched: NOTIFICATION-SERVICE
2026-03-27T10:04:34.305+05:30 DEBUG 4660 --- [Api-Gateway] [reshExecutor-%d] o.s.c.g.r.RouteDefinitionRouteLocator    : RouteDefinition USER-SERVICE applying {_genkey_0=/users/**} to Path
2026-03-27T10:04:34.305+05:30 DEBUG 4660 --- [Api-Gateway] [reshExecutor-%d] o.s.c.g.r.RouteDefinitionRouteLocator    : RouteDefinition matched: USER-SERVICE
2026-03-27T10:04:34.306+05:30 DEBUG 4660 --- [Api-Gateway] [reshExecutor-%d] o.s.c.g.filter.GatewayMetricsFilter      : New routes count: 19
2026-03-27T10:05:04.329+05:30 DEBUG 4660 --- [Api-Gateway] [reshExecutor-%d] o.s.c.g.r.RouteDefinitionRouteLocator    : RouteDefinition ReactiveCompositeDiscoveryClient_CONFIG-SERVIER applying {pattern=/config-servier/**} to Path
2026-03-27T10:05:04.333+05:30 DEBUG 4660 --- [Api-Gateway] [reshExecutor-%d] o.s.c.g.r.RouteDefinitionRouteLocator    : RouteDefinition ReactiveCompositeDiscoveryClient_CONFIG-SERVIER applying filter {regexp=/config-servier/?(?<remaining>.*), replacement=/${remaining}} to RewritePath
2026-03-27T10:05:04.335+05:30 DEBUG 4660 --- [Api-Gateway] [reshExecutor-%d] o.s.c.g.r.RouteDefinitionRouteLocator    : RouteDefinition matched: ReactiveCompositeDiscoveryClient_CONFIG-SERVIER
2026-03-27T10:05:04.336+05:30 DEBUG 4660 --- [Api-Gateway] [reshExecutor-%d] o.s.c.g.r.RouteDefinitionRouteLocator    : RouteDefinition ReactiveCompositeDiscoveryClient_API-GATEWAY applying {pattern=/api-gateway/**} to Path
2026-03-27T10:05:04.339+05:30 DEBUG 4660 --- [Api-Gateway] [reshExecutor-%d] o.s.c.g.r.RouteDefinitionRouteLocator    : RouteDefinition ReactiveCompositeDiscoveryClient_API-GATEWAY applying filter {regexp=/api-gateway/?(?<remaining>.*), replacement=/${remaining}} to RewritePath
2026-03-27T10:05:04.341+05:30 DEBUG 4660 --- [Api-Gateway] [reshExecutor-%d] o.s.c.g.r.RouteDefinitionRouteLocator    : RouteDefinition matched: ReactiveCompositeDiscoveryClient_API-GATEWAY
2026-03-27T10:05:04.342+05:30 DEBUG 4660 --- [Api-Gateway] [reshExecutor-%d] o.s.c.g.r.RouteDefinitionRouteLocator    : RouteDefinition ReactiveCompositeDiscoveryClient_REWARDS-SERVICE applying {pattern=/rewards-service/**} to Path
2026-03-27T10:05:04.343+05:30 DEBUG 4660 --- [Api-Gateway] [reshExecutor-%d] o.s.c.g.r.RouteDefinitionRouteLocator    : RouteDefinition ReactiveCompositeDiscoveryClient_REWARDS-SERVICE applying filter {regexp=/rewards-service/?(?<remaining>.*), replacement=/${remaining}} to RewritePath
2026-03-27T10:05:04.344+05:30 DEBUG 4660 --- [Api-Gateway] [reshExecutor-%d] o.s.c.g.r.RouteDefinitionRouteLocator    : RouteDefinition matched: ReactiveCompositeDiscoveryClient_REWARDS-SERVICE
2026-03-27T10:05:04.345+05:30 DEBUG 4660 --- [Api-Gateway] [reshExecutor-%d] o.s.c.g.r.RouteDefinitionRouteLocator    : RouteDefinition ReactiveCompositeDiscoveryClient_KYC-SERVICE applying {pattern=/kyc-service/**} to Path
2026-03-27T10:05:04.347+05:30 DEBUG 4660 --- [Api-Gateway] [reshExecutor-%d] o.s.c.g.r.RouteDefinitionRouteLocator    : RouteDefinition ReactiveCompositeDiscoveryClient_KYC-SERVICE applying filter {regexp=/kyc-service/?(?<remaining>.*), replacement=/${remaining}} to RewritePath
2026-03-27T10:05:04.348+05:30 DEBUG 4660 --- [Api-Gateway] [reshExecutor-%d] o.s.c.g.r.RouteDefinitionRouteLocator    : RouteDefinition matched: ReactiveCompositeDiscoveryClient_KYC-SERVICE
2026-03-27T10:05:04.349+05:30 DEBUG 4660 --- [Api-Gateway] [reshExecutor-%d] o.s.c.g.r.RouteDefinitionRouteLocator    : RouteDefinition ReactiveCompositeDiscoveryClient_ADMIN-SERVICE applying {pattern=/admin-service/**} to Path
2026-03-27T10:05:04.350+05:30 DEBUG 4660 --- [Api-Gateway] [reshExecutor-%d] o.s.c.g.r.RouteDefinitionRouteLocator    : RouteDefinition ReactiveCompositeDiscoveryClient_ADMIN-SERVICE applying filter {regexp=/admin-service/?(?<remaining>.*), replacement=/${remaining}} to RewritePath
2026-03-27T10:05:04.352+05:30 DEBUG 4660 --- [Api-Gateway] [reshExecutor-%d] o.s.c.g.r.RouteDefinitionRouteLocator    : RouteDefinition matched: ReactiveCompositeDiscoveryClient_ADMIN-SERVICE
2026-03-27T10:05:04.352+05:30 DEBUG 4660 --- [Api-Gateway] [reshExecutor-%d] o.s.c.g.r.RouteDefinitionRouteLocator    : RouteDefinition ReactiveCompositeDiscoveryClient_TRANSACTION-SERVICE applying {pattern=/transaction-service/**} to Path
2026-03-27T10:05:04.354+05:30 DEBUG 4660 --- [Api-Gateway] [reshExecutor-%d] o.s.c.g.r.RouteDefinitionRouteLocator    : RouteDefinition ReactiveCompositeDiscoveryClient_TRANSACTION-SERVICE applying filter {regexp=/transaction-service/?(?<remaining>.*), replacement=/${remaining}} to RewritePath
2026-03-27T10:05:04.356+05:30 DEBUG 4660 --- [Api-Gateway] [reshExecutor-%d] o.s.c.g.r.RouteDefinitionRouteLocator    : RouteDefinition matched: ReactiveCompositeDiscoveryClient_TRANSACTION-SERVICE
2026-03-27T10:05:04.356+05:30 DEBUG 4660 --- [Api-Gateway] [reshExecutor-%d] o.s.c.g.r.RouteDefinitionRouteLocator    : RouteDefinition ReactiveCompositeDiscoveryClient_WALLET-SERVICE applying {pattern=/wallet-service/**} to Path
2026-03-27T10:05:04.357+05:30 DEBUG 4660 --- [Api-Gateway] [reshExecutor-%d] o.s.c.g.r.RouteDefinitionRouteLocator    : RouteDefinition ReactiveCompositeDiscoveryClient_WALLET-SERVICE applying filter {regexp=/wallet-service/?(?<remaining>.*), replacement=/${remaining}} to RewritePath
2026-03-27T10:05:04.359+05:30 DEBUG 4660 --- [Api-Gateway] [reshExecutor-%d] o.s.c.g.r.RouteDefinitionRouteLocator    : RouteDefinition matched: ReactiveCompositeDiscoveryClient_WALLET-SERVICE
2026-03-27T10:05:04.360+05:30 DEBUG 4660 --- [Api-Gateway] [reshExecutor-%d] o.s.c.g.r.RouteDefinitionRouteLocator    : RouteDefinition ReactiveCompositeDiscoveryClient_NOTIFICATION-SERVICE applying {pattern=/notification-service/**} to Path
2026-03-27T10:05:04.361+05:30 DEBUG 4660 --- [Api-Gateway] [reshExecutor-%d] o.s.c.g.r.RouteDefinitionRouteLocator    : RouteDefinition ReactiveCompositeDiscoveryClient_NOTIFICATION-SERVICE applying filter {regexp=/notification-service/?(?<remaining>.*), replacement=/${remaining}} to RewritePath
2026-03-27T10:05:04.362+05:30 DEBUG 4660 --- [Api-Gateway] [reshExecutor-%d] o.s.c.g.r.RouteDefinitionRouteLocator    : RouteDefinition matched: ReactiveCompositeDiscoveryClient_NOTIFICATION-SERVICE
2026-03-27T10:05:04.363+05:30 DEBUG 4660 --- [Api-Gateway] [reshExecutor-%d] o.s.c.g.r.RouteDefinitionRouteLocator    : RouteDefinition ReactiveCompositeDiscoveryClient_USER-SERVICE applying {pattern=/user-service/**} to Path
2026-03-27T10:05:04.364+05:30 DEBUG 4660 --- [Api-Gateway] [reshExecutor-%d] o.s.c.g.r.RouteDefinitionRouteLocator    : RouteDefinition ReactiveCompositeDiscoveryClient_USER-SERVICE applying filter {regexp=/user-service/?(?<remaining>.*), replacement=/${remaining}} to RewritePath
2026-03-27T10:05:04.365+05:30 DEBUG 4660 --- [Api-Gateway] [reshExecutor-%d] o.s.c.g.r.RouteDefinitionRouteLocator    : RouteDefinition matched: ReactiveCompositeDiscoveryClient_USER-SERVICE
2026-03-27T10:05:04.365+05:30 DEBUG 4660 --- [Api-Gateway] [reshExecutor-%d] o.s.c.g.r.RouteDefinitionRouteLocator    : RouteDefinition ReactiveCompositeDiscoveryClient_PAYMENT-SERVICES applying {pattern=/payment-services/**} to Path
2026-03-27T10:05:04.367+05:30 DEBUG 4660 --- [Api-Gateway] [reshExecutor-%d] o.s.c.g.r.RouteDefinitionRouteLocator    : RouteDefinition ReactiveCompositeDiscoveryClient_PAYMENT-SERVICES applying filter {regexp=/payment-services/?(?<remaining>.*), replacement=/${remaining}} to RewritePath
2026-03-27T10:05:04.368+05:30 DEBUG 4660 --- [Api-Gateway] [reshExecutor-%d] o.s.c.g.r.RouteDefinitionRouteLocator    : RouteDefinition matched: ReactiveCompositeDiscoveryClient_PAYMENT-SERVICES
2026-03-27T10:05:04.369+05:30 DEBUG 4660 --- [Api-Gateway] [reshExecutor-%d] o.s.c.g.r.RouteDefinitionRouteLocator    : RouteDefinition AUTH-SERVICE applying {_genkey_0=/auth/**} to Path
2026-03-27T10:05:04.370+05:30 DEBUG 4660 --- [Api-Gateway] [reshExecutor-%d] o.s.c.g.r.RouteDefinitionRouteLocator    : RouteDefinition matched: AUTH-SERVICE
2026-03-27T10:05:04.371+05:30 DEBUG 4660 --- [Api-Gateway] [reshExecutor-%d] o.s.c.g.r.RouteDefinitionRouteLocator    : RouteDefinition ADMIN-SERVICE applying {_genkey_0=/admin/**} to Path
2026-03-27T10:05:04.372+05:30 DEBUG 4660 --- [Api-Gateway] [reshExecutor-%d] o.s.c.g.r.RouteDefinitionRouteLocator    : RouteDefinition matched: ADMIN-SERVICE
2026-03-27T10:05:04.372+05:30 DEBUG 4660 --- [Api-Gateway] [reshExecutor-%d] o.s.c.g.r.RouteDefinitionRouteLocator    : RouteDefinition KYC-SERVICE applying {_genkey_0=/kyc/**} to Path
2026-03-27T10:05:04.372+05:30 DEBUG 4660 --- [Api-Gateway] [reshExecutor-%d] o.s.c.g.r.RouteDefinitionRouteLocator    : RouteDefinition matched: KYC-SERVICE
2026-03-27T10:05:04.374+05:30 DEBUG 4660 --- [Api-Gateway] [reshExecutor-%d] o.s.c.g.r.RouteDefinitionRouteLocator    : RouteDefinition PAYMENT-SERVICES applying {_genkey_0=/api/payments/**} to Path
2026-03-27T10:05:04.375+05:30 DEBUG 4660 --- [Api-Gateway] [reshExecutor-%d] o.s.c.g.r.RouteDefinitionRouteLocator    : RouteDefinition PAYMENT-SERVICES applying filter {_genkey_0=name:paymentCircuitBreaker, _genkey_1=fallbackUri:forward:/fallback/payment} to CircuitBreaker
2026-03-27T10:05:04.376+05:30 DEBUG 4660 --- [Api-Gateway] [reshExecutor-%d] o.s.c.g.r.RouteDefinitionRouteLocator    : RouteDefinition matched: PAYMENT-SERVICES
2026-03-27T10:05:04.377+05:30 DEBUG 4660 --- [Api-Gateway] [reshExecutor-%d] o.s.c.g.r.RouteDefinitionRouteLocator    : RouteDefinition WALLET-SERVICE applying {_genkey_0=/api/wallets/**} to Path
2026-03-27T10:05:04.377+05:30 DEBUG 4660 --- [Api-Gateway] [reshExecutor-%d] o.s.c.g.r.RouteDefinitionRouteLocator    : RouteDefinition WALLET-SERVICE applying filter {_genkey_0=name:walletCircuitBreaker, _genkey_1=fallbackUri:forward:/fallback/general} to CircuitBreaker
2026-03-27T10:05:04.378+05:30 DEBUG 4660 --- [Api-Gateway] [reshExecutor-%d] o.s.c.g.r.RouteDefinitionRouteLocator    : RouteDefinition matched: WALLET-SERVICE
2026-03-27T10:05:04.379+05:30 DEBUG 4660 --- [Api-Gateway] [reshExecutor-%d] o.s.c.g.r.RouteDefinitionRouteLocator    : RouteDefinition TRANSACTION-SERVICE applying {_genkey_0=/api/transaction/**} to Path
2026-03-27T10:05:04.380+05:30 DEBUG 4660 --- [Api-Gateway] [reshExecutor-%d] o.s.c.g.r.RouteDefinitionRouteLocator    : RouteDefinition TRANSACTION-SERVICE applying filter {_genkey_0=name:transactionCircuitBreaker, _genkey_1=fallbackUri:forward:/fallback/general} to CircuitBreaker
2026-03-27T10:05:04.380+05:30 DEBUG 4660 --- [Api-Gateway] [reshExecutor-%d] o.s.c.g.r.RouteDefinitionRouteLocator    : RouteDefinition matched: TRANSACTION-SERVICE
2026-03-27T10:05:04.381+05:30 DEBUG 4660 --- [Api-Gateway] [reshExecutor-%d] o.s.c.g.r.RouteDefinitionRouteLocator    : RouteDefinition REWARDS-SERVICE applying {_genkey_0=/api/rewards/**} to Path
2026-03-27T10:05:04.381+05:30 DEBUG 4660 --- [Api-Gateway] [reshExecutor-%d] o.s.c.g.r.RouteDefinitionRouteLocator    : RouteDefinition REWARDS-SERVICE applying filter {_genkey_0=name:rewardCircuitBreaker, _genkey_1=fallbackUri:forward:/fallback/reward} to CircuitBreaker
2026-03-27T10:05:04.382+05:30 DEBUG 4660 --- [Api-Gateway] [reshExecutor-%d] o.s.c.g.r.RouteDefinitionRouteLocator    : RouteDefinition matched: REWARDS-SERVICE
2026-03-27T10:05:04.382+05:30 DEBUG 4660 --- [Api-Gateway] [reshExecutor-%d] o.s.c.g.r.RouteDefinitionRouteLocator    : RouteDefinition NOTIFICATION-SERVICE applying {_genkey_0=/api/notifications/**} to Path
2026-03-27T10:05:04.383+05:30 DEBUG 4660 --- [Api-Gateway] [reshExecutor-%d] o.s.c.g.r.RouteDefinitionRouteLocator    : RouteDefinition NOTIFICATION-SERVICE applying filter {_genkey_0=name:notificationCircuitBreaker, _genkey_1=fallbackUri:forward:/fallback/general} to CircuitBreaker
2026-03-27T10:05:04.384+05:30 DEBUG 4660 --- [Api-Gateway] [reshExecutor-%d] o.s.c.g.r.RouteDefinitionRouteLocator    : RouteDefinition matched: NOTIFICATION-SERVICE
2026-03-27T10:05:04.384+05:30 DEBUG 4660 --- [Api-Gateway] [reshExecutor-%d] o.s.c.g.r.RouteDefinitionRouteLocator    : RouteDefinition USER-SERVICE applying {_genkey_0=/users/**} to Path
2026-03-27T10:05:04.385+05:30 DEBUG 4660 --- [Api-Gateway] [reshExecutor-%d] o.s.c.g.r.RouteDefinitionRouteLocator    : RouteDefinition matched: USER-SERVICE
2026-03-27T10:05:04.386+05:30 DEBUG 4660 --- [Api-Gateway] [reshExecutor-%d] o.s.c.g.filter.GatewayMetricsFilter      : New routes count: 19
2026-03-27T10:05:34.418+05:30 DEBUG 4660 --- [Api-Gateway] [reshExecutor-%d] o.s.c.g.r.RouteDefinitionRouteLocator    : RouteDefinition ReactiveCompositeDiscoveryClient_CONFIG-SERVIER applying {pattern=/config-servier/**} to Path
2026-03-27T10:05:34.425+05:30 DEBUG 4660 --- [Api-Gateway] [reshExecutor-%d] o.s.c.g.r.RouteDefinitionRouteLocator    : RouteDefinition ReactiveCompositeDiscoveryClient_CONFIG-SERVIER applying filter {regexp=/config-servier/?(?<remaining>.*), replacement=/${remaining}} to RewritePath
2026-03-27T10:05:34.426+05:30 DEBUG 4660 --- [Api-Gateway] [reshExecutor-%d] o.s.c.g.r.RouteDefinitionRouteLocator    : RouteDefinition matched: ReactiveCompositeDiscoveryClient_CONFIG-SERVIER
2026-03-27T10:05:34.426+05:30 DEBUG 4660 --- [Api-Gateway] [reshExecutor-%d] o.s.c.g.r.RouteDefinitionRouteLocator    : RouteDefinition ReactiveCompositeDiscoveryClient_API-GATEWAY applying {pattern=/api-gateway/**} to Path
2026-03-27T10:05:34.427+05:30 DEBUG 4660 --- [Api-Gateway] [reshExecutor-%d] o.s.c.g.r.RouteDefinitionRouteLocator    : RouteDefinition ReactiveCompositeDiscoveryClient_API-GATEWAY applying filter {regexp=/api-gateway/?(?<remaining>.*), replacement=/${remaining}} to RewritePath
2026-03-27T10:05:34.428+05:30 DEBUG 4660 --- [Api-Gateway] [reshExecutor-%d] o.s.c.g.r.RouteDefinitionRouteLocator    : RouteDefinition matched: ReactiveCompositeDiscoveryClient_API-GATEWAY
2026-03-27T10:05:34.428+05:30 DEBUG 4660 --- [Api-Gateway] [reshExecutor-%d] o.s.c.g.r.RouteDefinitionRouteLocator    : RouteDefinition ReactiveCompositeDiscoveryClient_REWARDS-SERVICE applying {pattern=/rewards-service/**} to Path
2026-03-27T10:05:34.428+05:30 DEBUG 4660 --- [Api-Gateway] [reshExecutor-%d] o.s.c.g.r.RouteDefinitionRouteLocator    : RouteDefinition ReactiveCompositeDiscoveryClient_REWARDS-SERVICE applying filter {regexp=/rewards-service/?(?<remaining>.*), replacement=/${remaining}} to RewritePath
2026-03-27T10:05:34.430+05:30 DEBUG 4660 --- [Api-Gateway] [reshExecutor-%d] o.s.c.g.r.RouteDefinitionRouteLocator    : RouteDefinition matched: ReactiveCompositeDiscoveryClient_REWARDS-SERVICE
2026-03-27T10:05:34.430+05:30 DEBUG 4660 --- [Api-Gateway] [reshExecutor-%d] o.s.c.g.r.RouteDefinitionRouteLocator    : RouteDefinition ReactiveCompositeDiscoveryClient_KYC-SERVICE applying {pattern=/kyc-service/**} to Path
2026-03-27T10:05:34.431+05:30 DEBUG 4660 --- [Api-Gateway] [reshExecutor-%d] o.s.c.g.r.RouteDefinitionRouteLocator    : RouteDefinition ReactiveCompositeDiscoveryClient_KYC-SERVICE applying filter {regexp=/kyc-service/?(?<remaining>.*), replacement=/${remaining}} to RewritePath
2026-03-27T10:05:34.431+05:30 DEBUG 4660 --- [Api-Gateway] [reshExecutor-%d] o.s.c.g.r.RouteDefinitionRouteLocator    : RouteDefinition matched: ReactiveCompositeDiscoveryClient_KYC-SERVICE
2026-03-27T10:05:34.432+05:30 DEBUG 4660 --- [Api-Gateway] [reshExecutor-%d] o.s.c.g.r.RouteDefinitionRouteLocator    : RouteDefinition ReactiveCompositeDiscoveryClient_ADMIN-SERVICE applying {pattern=/admin-service/**} to Path
2026-03-27T10:05:34.432+05:30 DEBUG 4660 --- [Api-Gateway] [reshExecutor-%d] o.s.c.g.r.RouteDefinitionRouteLocator    : RouteDefinition ReactiveCompositeDiscoveryClient_ADMIN-SERVICE applying filter {regexp=/admin-service/?(?<remaining>.*), replacement=/${remaining}} to RewritePath
2026-03-27T10:05:34.432+05:30 DEBUG 4660 --- [Api-Gateway] [reshExecutor-%d] o.s.c.g.r.RouteDefinitionRouteLocator    : RouteDefinition matched: ReactiveCompositeDiscoveryClient_ADMIN-SERVICE
2026-03-27T10:05:34.432+05:30 DEBUG 4660 --- [Api-Gateway] [reshExecutor-%d] o.s.c.g.r.RouteDefinitionRouteLocator    : RouteDefinition ReactiveCompositeDiscoveryClient_TRANSACTION-SERVICE applying {pattern=/transaction-service/**} to Path
2026-03-27T10:05:34.434+05:30 DEBUG 4660 --- [Api-Gateway] [reshExecutor-%d] o.s.c.g.r.RouteDefinitionRouteLocator    : RouteDefinition ReactiveCompositeDiscoveryClient_TRANSACTION-SERVICE applying filter {regexp=/transaction-service/?(?<remaining>.*), replacement=/${remaining}} to RewritePath
2026-03-27T10:05:34.435+05:30 DEBUG 4660 --- [Api-Gateway] [reshExecutor-%d] o.s.c.g.r.RouteDefinitionRouteLocator    : RouteDefinition matched: ReactiveCompositeDiscoveryClient_TRANSACTION-SERVICE
2026-03-27T10:05:34.435+05:30 DEBUG 4660 --- [Api-Gateway] [reshExecutor-%d] o.s.c.g.r.RouteDefinitionRouteLocator    : RouteDefinition ReactiveCompositeDiscoveryClient_WALLET-SERVICE applying {pattern=/wallet-service/**} to Path
2026-03-27T10:05:34.435+05:30 DEBUG 4660 --- [Api-Gateway] [reshExecutor-%d] o.s.c.g.r.RouteDefinitionRouteLocator    : RouteDefinition ReactiveCompositeDiscoveryClient_WALLET-SERVICE applying filter {regexp=/wallet-service/?(?<remaining>.*), replacement=/${remaining}} to RewritePath
2026-03-27T10:05:34.436+05:30 DEBUG 4660 --- [Api-Gateway] [reshExecutor-%d] o.s.c.g.r.RouteDefinitionRouteLocator    : RouteDefinition matched: ReactiveCompositeDiscoveryClient_WALLET-SERVICE
2026-03-27T10:05:34.436+05:30 DEBUG 4660 --- [Api-Gateway] [reshExecutor-%d] o.s.c.g.r.RouteDefinitionRouteLocator    : RouteDefinition ReactiveCompositeDiscoveryClient_NOTIFICATION-SERVICE applying {pattern=/notification-service/**} to Path
2026-03-27T10:05:34.437+05:30 DEBUG 4660 --- [Api-Gateway] [reshExecutor-%d] o.s.c.g.r.RouteDefinitionRouteLocator    : RouteDefinition ReactiveCompositeDiscoveryClient_NOTIFICATION-SERVICE applying filter {regexp=/notification-service/?(?<remaining>.*), replacement=/${remaining}} to RewritePath
2026-03-27T10:05:34.438+05:30 DEBUG 4660 --- [Api-Gateway] [reshExecutor-%d] o.s.c.g.r.RouteDefinitionRouteLocator    : RouteDefinition matched: ReactiveCompositeDiscoveryClient_NOTIFICATION-SERVICE
2026-03-27T10:05:34.438+05:30 DEBUG 4660 --- [Api-Gateway] [reshExecutor-%d] o.s.c.g.r.RouteDefinitionRouteLocator    : RouteDefinition ReactiveCompositeDiscoveryClient_USER-SERVICE applying {pattern=/user-service/**} to Path
2026-03-27T10:05:34.439+05:30 DEBUG 4660 --- [Api-Gateway] [reshExecutor-%d] o.s.c.g.r.RouteDefinitionRouteLocator    : RouteDefinition ReactiveCompositeDiscoveryClient_USER-SERVICE applying filter {regexp=/user-service/?(?<remaining>.*), replacement=/${remaining}} to RewritePath
2026-03-27T10:05:34.439+05:30 DEBUG 4660 --- [Api-Gateway] [reshExecutor-%d] o.s.c.g.r.RouteDefinitionRouteLocator    : RouteDefinition matched: ReactiveCompositeDiscoveryClient_USER-SERVICE
2026-03-27T10:05:34.439+05:30 DEBUG 4660 --- [Api-Gateway] [reshExecutor-%d] o.s.c.g.r.RouteDefinitionRouteLocator    : RouteDefinition ReactiveCompositeDiscoveryClient_PAYMENT-SERVICES applying {pattern=/payment-services/**} to Path
2026-03-27T10:05:34.439+05:30 DEBUG 4660 --- [Api-Gateway] [reshExecutor-%d] o.s.c.g.r.RouteDefinitionRouteLocator    : RouteDefinition ReactiveCompositeDiscoveryClient_PAYMENT-SERVICES applying filter {regexp=/payment-services/?(?<remaining>.*), replacement=/${remaining}} to RewritePath
2026-03-27T10:05:34.439+05:30 DEBUG 4660 --- [Api-Gateway] [reshExecutor-%d] o.s.c.g.r.RouteDefinitionRouteLocator    : RouteDefinition matched: ReactiveCompositeDiscoveryClient_PAYMENT-SERVICES
2026-03-27T10:05:34.439+05:30 DEBUG 4660 --- [Api-Gateway] [reshExecutor-%d] o.s.c.g.r.RouteDefinitionRouteLocator    : RouteDefinition AUTH-SERVICE applying {_genkey_0=/auth/**} to Path
2026-03-27T10:05:34.440+05:30 DEBUG 4660 --- [Api-Gateway] [reshExecutor-%d] o.s.c.g.r.RouteDefinitionRouteLocator    : RouteDefinition matched: AUTH-SERVICE
2026-03-27T10:05:34.440+05:30 DEBUG 4660 --- [Api-Gateway] [reshExecutor-%d] o.s.c.g.r.RouteDefinitionRouteLocator    : RouteDefinition ADMIN-SERVICE applying {_genkey_0=/admin/**} to Path
2026-03-27T10:05:34.440+05:30 DEBUG 4660 --- [Api-Gateway] [reshExecutor-%d] o.s.c.g.r.RouteDefinitionRouteLocator    : RouteDefinition matched: ADMIN-SERVICE
2026-03-27T10:05:34.440+05:30 DEBUG 4660 --- [Api-Gateway] [reshExecutor-%d] o.s.c.g.r.RouteDefinitionRouteLocator    : RouteDefinition KYC-SERVICE applying {_genkey_0=/kyc/**} to Path
2026-03-27T10:05:34.440+05:30 DEBUG 4660 --- [Api-Gateway] [reshExecutor-%d] o.s.c.g.r.RouteDefinitionRouteLocator    : RouteDefinition matched: KYC-SERVICE
2026-03-27T10:05:34.440+05:30 DEBUG 4660 --- [Api-Gateway] [reshExecutor-%d] o.s.c.g.r.RouteDefinitionRouteLocator    : RouteDefinition PAYMENT-SERVICES applying {_genkey_0=/api/payments/**} to Path
2026-03-27T10:05:34.442+05:30 DEBUG 4660 --- [Api-Gateway] [reshExecutor-%d] o.s.c.g.r.RouteDefinitionRouteLocator    : RouteDefinition PAYMENT-SERVICES applying filter {_genkey_0=name:paymentCircuitBreaker, _genkey_1=fallbackUri:forward:/fallback/payment} to CircuitBreaker
2026-03-27T10:05:34.442+05:30 DEBUG 4660 --- [Api-Gateway] [reshExecutor-%d] o.s.c.g.r.RouteDefinitionRouteLocator    : RouteDefinition matched: PAYMENT-SERVICES
2026-03-27T10:05:34.442+05:30 DEBUG 4660 --- [Api-Gateway] [reshExecutor-%d] o.s.c.g.r.RouteDefinitionRouteLocator    : RouteDefinition WALLET-SERVICE applying {_genkey_0=/api/wallets/**} to Path
2026-03-27T10:05:34.443+05:30 DEBUG 4660 --- [Api-Gateway] [reshExecutor-%d] o.s.c.g.r.RouteDefinitionRouteLocator    : RouteDefinition WALLET-SERVICE applying filter {_genkey_0=name:walletCircuitBreaker, _genkey_1=fallbackUri:forward:/fallback/general} to CircuitBreaker
2026-03-27T10:05:34.443+05:30 DEBUG 4660 --- [Api-Gateway] [reshExecutor-%d] o.s.c.g.r.RouteDefinitionRouteLocator    : RouteDefinition matched: WALLET-SERVICE
2026-03-27T10:05:34.443+05:30 DEBUG 4660 --- [Api-Gateway] [reshExecutor-%d] o.s.c.g.r.RouteDefinitionRouteLocator    : RouteDefinition TRANSACTION-SERVICE applying {_genkey_0=/api/transaction/**} to Path
2026-03-27T10:05:34.444+05:30 DEBUG 4660 --- [Api-Gateway] [reshExecutor-%d] o.s.c.g.r.RouteDefinitionRouteLocator    : RouteDefinition TRANSACTION-SERVICE applying filter {_genkey_0=name:transactionCircuitBreaker, _genkey_1=fallbackUri:forward:/fallback/general} to CircuitBreaker
2026-03-27T10:05:34.444+05:30 DEBUG 4660 --- [Api-Gateway] [reshExecutor-%d] o.s.c.g.r.RouteDefinitionRouteLocator    : RouteDefinition matched: TRANSACTION-SERVICE
2026-03-27T10:05:34.444+05:30 DEBUG 4660 --- [Api-Gateway] [reshExecutor-%d] o.s.c.g.r.RouteDefinitionRouteLocator    : RouteDefinition REWARDS-SERVICE applying {_genkey_0=/api/rewards/**} to Path
2026-03-27T10:05:34.445+05:30 DEBUG 4660 --- [Api-Gateway] [reshExecutor-%d] o.s.c.g.r.RouteDefinitionRouteLocator    : RouteDefinition REWARDS-SERVICE applying filter {_genkey_0=name:rewardCircuitBreaker, _genkey_1=fallbackUri:forward:/fallback/reward} to CircuitBreaker
2026-03-27T10:05:34.446+05:30 DEBUG 4660 --- [Api-Gateway] [reshExecutor-%d] o.s.c.g.r.RouteDefinitionRouteLocator    : RouteDefinition matched: REWARDS-SERVICE
2026-03-27T10:05:34.446+05:30 DEBUG 4660 --- [Api-Gateway] [reshExecutor-%d] o.s.c.g.r.RouteDefinitionRouteLocator    : RouteDefinition NOTIFICATION-SERVICE applying {_genkey_0=/api/notifications/**} to Path
2026-03-27T10:05:34.446+05:30 DEBUG 4660 --- [Api-Gateway] [reshExecutor-%d] o.s.c.g.r.RouteDefinitionRouteLocator    : RouteDefinition NOTIFICATION-SERVICE applying filter {_genkey_0=name:notificationCircuitBreaker, _genkey_1=fallbackUri:forward:/fallback/general} to CircuitBreaker
2026-03-27T10:05:34.447+05:30 DEBUG 4660 --- [Api-Gateway] [reshExecutor-%d] o.s.c.g.r.RouteDefinitionRouteLocator    : RouteDefinition matched: NOTIFICATION-SERVICE
2026-03-27T10:05:34.447+05:30 DEBUG 4660 --- [Api-Gateway] [reshExecutor-%d] o.s.c.g.r.RouteDefinitionRouteLocator    : RouteDefinition USER-SERVICE applying {_genkey_0=/users/**} to Path
2026-03-27T10:05:34.447+05:30 DEBUG 4660 --- [Api-Gateway] [reshExecutor-%d] o.s.c.g.r.RouteDefinitionRouteLocator    : RouteDefinition matched: USER-SERVICE
2026-03-27T10:05:34.449+05:30 DEBUG 4660 --- [Api-Gateway] [reshExecutor-%d] o.s.c.g.filter.GatewayMetricsFilter      : New routes count: 19
2026-03-27T10:06:04.477+05:30 DEBUG 4660 --- [Api-Gateway] [reshExecutor-%d] o.s.c.g.r.RouteDefinitionRouteLocator    : RouteDefinition ReactiveCompositeDiscoveryClient_CONFIG-SERVIER applying {pattern=/config-servier/**} to Path
2026-03-27T10:06:04.483+05:30 DEBUG 4660 --- [Api-Gateway] [reshExecutor-%d] o.s.c.g.r.RouteDefinitionRouteLocator    : RouteDefinition ReactiveCompositeDiscoveryClient_CONFIG-SERVIER applying filter {regexp=/config-servier/?(?<remaining>.*), replacement=/${remaining}} to RewritePath
2026-03-27T10:06:04.483+05:30 DEBUG 4660 --- [Api-Gateway] [reshExecutor-%d] o.s.c.g.r.RouteDefinitionRouteLocator    : RouteDefinition matched: ReactiveCompositeDiscoveryClient_CONFIG-SERVIER
2026-03-27T10:06:04.484+05:30 DEBUG 4660 --- [Api-Gateway] [reshExecutor-%d] o.s.c.g.r.RouteDefinitionRouteLocator    : RouteDefinition ReactiveCompositeDiscoveryClient_API-GATEWAY applying {pattern=/api-gateway/**} to Path
2026-03-27T10:06:04.486+05:30 DEBUG 4660 --- [Api-Gateway] [reshExecutor-%d] o.s.c.g.r.RouteDefinitionRouteLocator    : RouteDefinition ReactiveCompositeDiscoveryClient_API-GATEWAY applying filter {regexp=/api-gateway/?(?<remaining>.*), replacement=/${remaining}} to RewritePath
2026-03-27T10:06:04.487+05:30 DEBUG 4660 --- [Api-Gateway] [reshExecutor-%d] o.s.c.g.r.RouteDefinitionRouteLocator    : RouteDefinition matched: ReactiveCompositeDiscoveryClient_API-GATEWAY
2026-03-27T10:06:04.488+05:30 DEBUG 4660 --- [Api-Gateway] [reshExecutor-%d] o.s.c.g.r.RouteDefinitionRouteLocator    : RouteDefinition ReactiveCompositeDiscoveryClient_REWARDS-SERVICE applying {pattern=/rewards-service/**} to Path
2026-03-27T10:06:04.490+05:30 DEBUG 4660 --- [Api-Gateway] [reshExecutor-%d] o.s.c.g.r.RouteDefinitionRouteLocator    : RouteDefinition ReactiveCompositeDiscoveryClient_REWARDS-SERVICE applying filter {regexp=/rewards-service/?(?<remaining>.*), replacement=/${remaining}} to RewritePath
2026-03-27T10:06:04.492+05:30 DEBUG 4660 --- [Api-Gateway] [reshExecutor-%d] o.s.c.g.r.RouteDefinitionRouteLocator    : RouteDefinition matched: ReactiveCompositeDiscoveryClient_REWARDS-SERVICE
2026-03-27T10:06:04.493+05:30 DEBUG 4660 --- [Api-Gateway] [reshExecutor-%d] o.s.c.g.r.RouteDefinitionRouteLocator    : RouteDefinition ReactiveCompositeDiscoveryClient_KYC-SERVICE applying {pattern=/kyc-service/**} to Path
2026-03-27T10:06:04.495+05:30 DEBUG 4660 --- [Api-Gateway] [reshExecutor-%d] o.s.c.g.r.RouteDefinitionRouteLocator    : RouteDefinition ReactiveCompositeDiscoveryClient_KYC-SERVICE applying filter {regexp=/kyc-service/?(?<remaining>.*), replacement=/${remaining}} to RewritePath
2026-03-27T10:06:04.496+05:30 DEBUG 4660 --- [Api-Gateway] [reshExecutor-%d] o.s.c.g.r.RouteDefinitionRouteLocator    : RouteDefinition matched: ReactiveCompositeDiscoveryClient_KYC-SERVICE
2026-03-27T10:06:04.496+05:30 DEBUG 4660 --- [Api-Gateway] [reshExecutor-%d] o.s.c.g.r.RouteDefinitionRouteLocator    : RouteDefinition ReactiveCompositeDiscoveryClient_ADMIN-SERVICE applying {pattern=/admin-service/**} to Path
2026-03-27T10:06:04.498+05:30 DEBUG 4660 --- [Api-Gateway] [reshExecutor-%d] o.s.c.g.r.RouteDefinitionRouteLocator    : RouteDefinition ReactiveCompositeDiscoveryClient_ADMIN-SERVICE applying filter {regexp=/admin-service/?(?<remaining>.*), replacement=/${remaining}} to RewritePath
2026-03-27T10:06:04.499+05:30 DEBUG 4660 --- [Api-Gateway] [reshExecutor-%d] o.s.c.g.r.RouteDefinitionRouteLocator    : RouteDefinition matched: ReactiveCompositeDiscoveryClient_ADMIN-SERVICE
2026-03-27T10:06:04.500+05:30 DEBUG 4660 --- [Api-Gateway] [reshExecutor-%d] o.s.c.g.r.RouteDefinitionRouteLocator    : RouteDefinition ReactiveCompositeDiscoveryClient_TRANSACTION-SERVICE applying {pattern=/transaction-service/**} to Path
2026-03-27T10:06:04.502+05:30 DEBUG 4660 --- [Api-Gateway] [reshExecutor-%d] o.s.c.g.r.RouteDefinitionRouteLocator    : RouteDefinition ReactiveCompositeDiscoveryClient_TRANSACTION-SERVICE applying filter {regexp=/transaction-service/?(?<remaining>.*), replacement=/${remaining}} to RewritePath
2026-03-27T10:06:04.503+05:30 DEBUG 4660 --- [Api-Gateway] [reshExecutor-%d] o.s.c.g.r.RouteDefinitionRouteLocator    : RouteDefinition matched: ReactiveCompositeDiscoveryClient_TRANSACTION-SERVICE
2026-03-27T10:06:04.504+05:30 DEBUG 4660 --- [Api-Gateway] [reshExecutor-%d] o.s.c.g.r.RouteDefinitionRouteLocator    : RouteDefinition ReactiveCompositeDiscoveryClient_WALLET-SERVICE applying {pattern=/wallet-service/**} to Path
2026-03-27T10:06:04.505+05:30 DEBUG 4660 --- [Api-Gateway] [reshExecutor-%d] o.s.c.g.r.RouteDefinitionRouteLocator    : RouteDefinition ReactiveCompositeDiscoveryClient_WALLET-SERVICE applying filter {regexp=/wallet-service/?(?<remaining>.*), replacement=/${remaining}} to RewritePath
2026-03-27T10:06:04.506+05:30 DEBUG 4660 --- [Api-Gateway] [reshExecutor-%d] o.s.c.g.r.RouteDefinitionRouteLocator    : RouteDefinition matched: ReactiveCompositeDiscoveryClient_WALLET-SERVICE
2026-03-27T10:06:04.506+05:30 DEBUG 4660 --- [Api-Gateway] [reshExecutor-%d] o.s.c.g.r.RouteDefinitionRouteLocator    : RouteDefinition ReactiveCompositeDiscoveryClient_NOTIFICATION-SERVICE applying {pattern=/notification-service/**} to Path
2026-03-27T10:06:04.507+05:30 DEBUG 4660 --- [Api-Gateway] [reshExecutor-%d] o.s.c.g.r.RouteDefinitionRouteLocator    : RouteDefinition ReactiveCompositeDiscoveryClient_NOTIFICATION-SERVICE applying filter {regexp=/notification-service/?(?<remaining>.*), replacement=/${remaining}} to RewritePath
2026-03-27T10:06:04.508+05:30 DEBUG 4660 --- [Api-Gateway] [reshExecutor-%d] o.s.c.g.r.RouteDefinitionRouteLocator    : RouteDefinition matched: ReactiveCompositeDiscoveryClient_NOTIFICATION-SERVICE
2026-03-27T10:06:04.509+05:30 DEBUG 4660 --- [Api-Gateway] [reshExecutor-%d] o.s.c.g.r.RouteDefinitionRouteLocator    : RouteDefinition ReactiveCompositeDiscoveryClient_USER-SERVICE applying {pattern=/user-service/**} to Path
2026-03-27T10:06:04.510+05:30 DEBUG 4660 --- [Api-Gateway] [reshExecutor-%d] o.s.c.g.r.RouteDefinitionRouteLocator    : RouteDefinition ReactiveCompositeDiscoveryClient_USER-SERVICE applying filter {regexp=/user-service/?(?<remaining>.*), replacement=/${remaining}} to RewritePath
2026-03-27T10:06:04.511+05:30 DEBUG 4660 --- [Api-Gateway] [reshExecutor-%d] o.s.c.g.r.RouteDefinitionRouteLocator    : RouteDefinition matched: ReactiveCompositeDiscoveryClient_USER-SERVICE
2026-03-27T10:06:04.512+05:30 DEBUG 4660 --- [Api-Gateway] [reshExecutor-%d] o.s.c.g.r.RouteDefinitionRouteLocator    : RouteDefinition ReactiveCompositeDiscoveryClient_PAYMENT-SERVICES applying {pattern=/payment-services/**} to Path
2026-03-27T10:06:04.512+05:30 DEBUG 4660 --- [Api-Gateway] [reshExecutor-%d] o.s.c.g.r.RouteDefinitionRouteLocator    : RouteDefinition ReactiveCompositeDiscoveryClient_PAYMENT-SERVICES applying filter {regexp=/payment-services/?(?<remaining>.*), replacement=/${remaining}} to RewritePath
2026-03-27T10:06:04.514+05:30 DEBUG 4660 --- [Api-Gateway] [reshExecutor-%d] o.s.c.g.r.RouteDefinitionRouteLocator    : RouteDefinition matched: ReactiveCompositeDiscoveryClient_PAYMENT-SERVICES
2026-03-27T10:06:04.515+05:30 DEBUG 4660 --- [Api-Gateway] [reshExecutor-%d] o.s.c.g.r.RouteDefinitionRouteLocator    : RouteDefinition AUTH-SERVICE applying {_genkey_0=/auth/**} to Path
2026-03-27T10:06:04.515+05:30 DEBUG 4660 --- [Api-Gateway] [reshExecutor-%d] o.s.c.g.r.RouteDefinitionRouteLocator    : RouteDefinition matched: AUTH-SERVICE
2026-03-27T10:06:04.517+05:30 DEBUG 4660 --- [Api-Gateway] [reshExecutor-%d] o.s.c.g.r.RouteDefinitionRouteLocator    : RouteDefinition ADMIN-SERVICE applying {_genkey_0=/admin/**} to Path
2026-03-27T10:06:04.517+05:30 DEBUG 4660 --- [Api-Gateway] [reshExecutor-%d] o.s.c.g.r.RouteDefinitionRouteLocator    : RouteDefinition matched: ADMIN-SERVICE
2026-03-27T10:06:04.518+05:30 DEBUG 4660 --- [Api-Gateway] [reshExecutor-%d] o.s.c.g.r.RouteDefinitionRouteLocator    : RouteDefinition KYC-SERVICE applying {_genkey_0=/kyc/**} to Path
2026-03-27T10:06:04.519+05:30 DEBUG 4660 --- [Api-Gateway] [reshExecutor-%d] o.s.c.g.r.RouteDefinitionRouteLocator    : RouteDefinition matched: KYC-SERVICE
2026-03-27T10:06:04.519+05:30 DEBUG 4660 --- [Api-Gateway] [reshExecutor-%d] o.s.c.g.r.RouteDefinitionRouteLocator    : RouteDefinition PAYMENT-SERVICES applying {_genkey_0=/api/payments/**} to Path
2026-03-27T10:06:04.520+05:30 DEBUG 4660 --- [Api-Gateway] [reshExecutor-%d] o.s.c.g.r.RouteDefinitionRouteLocator    : RouteDefinition PAYMENT-SERVICES applying filter {_genkey_0=name:paymentCircuitBreaker, _genkey_1=fallbackUri:forward:/fallback/payment} to CircuitBreaker
2026-03-27T10:06:04.522+05:30 DEBUG 4660 --- [Api-Gateway] [reshExecutor-%d] o.s.c.g.r.RouteDefinitionRouteLocator    : RouteDefinition matched: PAYMENT-SERVICES
2026-03-27T10:06:04.522+05:30 DEBUG 4660 --- [Api-Gateway] [reshExecutor-%d] o.s.c.g.r.RouteDefinitionRouteLocator    : RouteDefinition WALLET-SERVICE applying {_genkey_0=/api/wallets/**} to Path
2026-03-27T10:06:04.522+05:30 DEBUG 4660 --- [Api-Gateway] [reshExecutor-%d] o.s.c.g.r.RouteDefinitionRouteLocator    : RouteDefinition WALLET-SERVICE applying filter {_genkey_0=name:walletCircuitBreaker, _genkey_1=fallbackUri:forward:/fallback/general} to CircuitBreaker
2026-03-27T10:06:04.524+05:30 DEBUG 4660 --- [Api-Gateway] [reshExecutor-%d] o.s.c.g.r.RouteDefinitionRouteLocator    : RouteDefinition matched: WALLET-SERVICE
2026-03-27T10:06:04.524+05:30 DEBUG 4660 --- [Api-Gateway] [reshExecutor-%d] o.s.c.g.r.RouteDefinitionRouteLocator    : RouteDefinition TRANSACTION-SERVICE applying {_genkey_0=/api/transaction/**} to Path
2026-03-27T10:06:04.525+05:30 DEBUG 4660 --- [Api-Gateway] [reshExecutor-%d] o.s.c.g.r.RouteDefinitionRouteLocator    : RouteDefinition TRANSACTION-SERVICE applying filter {_genkey_0=name:transactionCircuitBreaker, _genkey_1=fallbackUri:forward:/fallback/general} to CircuitBreaker
2026-03-27T10:06:04.526+05:30 DEBUG 4660 --- [Api-Gateway] [reshExecutor-%d] o.s.c.g.r.RouteDefinitionRouteLocator    : RouteDefinition matched: TRANSACTION-SERVICE
2026-03-27T10:06:04.527+05:30 DEBUG 4660 --- [Api-Gateway] [reshExecutor-%d] o.s.c.g.r.RouteDefinitionRouteLocator    : RouteDefinition REWARDS-SERVICE applying {_genkey_0=/api/rewards/**} to Path
2026-03-27T10:06:04.527+05:30 DEBUG 4660 --- [Api-Gateway] [reshExecutor-%d] o.s.c.g.r.RouteDefinitionRouteLocator    : RouteDefinition REWARDS-SERVICE applying filter {_genkey_0=name:rewardCircuitBreaker, _genkey_1=fallbackUri:forward:/fallback/reward} to CircuitBreaker
2026-03-27T10:06:04.528+05:30 DEBUG 4660 --- [Api-Gateway] [reshExecutor-%d] o.s.c.g.r.RouteDefinitionRouteLocator    : RouteDefinition matched: REWARDS-SERVICE
2026-03-27T10:06:04.528+05:30 DEBUG 4660 --- [Api-Gateway] [reshExecutor-%d] o.s.c.g.r.RouteDefinitionRouteLocator    : RouteDefinition NOTIFICATION-SERVICE applying {_genkey_0=/api/notifications/**} to Path
2026-03-27T10:06:04.528+05:30 DEBUG 4660 --- [Api-Gateway] [reshExecutor-%d] o.s.c.g.r.RouteDefinitionRouteLocator    : RouteDefinition NOTIFICATION-SERVICE applying filter {_genkey_0=name:notificationCircuitBreaker, _genkey_1=fallbackUri:forward:/fallback/general} to CircuitBreaker
2026-03-27T10:06:04.529+05:30 DEBUG 4660 --- [Api-Gateway] [reshExecutor-%d] o.s.c.g.r.RouteDefinitionRouteLocator    : RouteDefinition matched: NOTIFICATION-SERVICE
2026-03-27T10:06:04.529+05:30 DEBUG 4660 --- [Api-Gateway] [reshExecutor-%d] o.s.c.g.r.RouteDefinitionRouteLocator    : RouteDefinition USER-SERVICE applying {_genkey_0=/users/**} to Path
2026-03-27T10:06:04.530+05:30 DEBUG 4660 --- [Api-Gateway] [reshExecutor-%d] o.s.c.g.r.RouteDefinitionRouteLocator    : RouteDefinition matched: USER-SERVICE
2026-03-27T10:06:04.530+05:30 DEBUG 4660 --- [Api-Gateway] [reshExecutor-%d] o.s.c.g.filter.GatewayMetricsFilter      : New routes count: 19
2026-03-27T10:06:34.563+05:30 DEBUG 4660 --- [Api-Gateway] [reshExecutor-%d] o.s.c.g.r.RouteDefinitionRouteLocator    : RouteDefinition ReactiveCompositeDiscoveryClient_CONFIG-SERVIER applying {pattern=/config-servier/**} to Path
2026-03-27T10:06:34.565+05:30 DEBUG 4660 --- [Api-Gateway] [reshExecutor-%d] o.s.c.g.r.RouteDefinitionRouteLocator    : RouteDefinition ReactiveCompositeDiscoveryClient_CONFIG-SERVIER applying filter {regexp=/config-servier/?(?<remaining>.*), replacement=/${remaining}} to RewritePath
2026-03-27T10:06:34.566+05:30 DEBUG 4660 --- [Api-Gateway] [reshExecutor-%d] o.s.c.g.r.RouteDefinitionRouteLocator    : RouteDefinition matched: ReactiveCompositeDiscoveryClient_CONFIG-SERVIER
2026-03-27T10:06:34.567+05:30 DEBUG 4660 --- [Api-Gateway] [reshExecutor-%d] o.s.c.g.r.RouteDefinitionRouteLocator    : RouteDefinition ReactiveCompositeDiscoveryClient_API-GATEWAY applying {pattern=/api-gateway/**} to Path
2026-03-27T10:06:34.568+05:30 DEBUG 4660 --- [Api-Gateway] [reshExecutor-%d] o.s.c.g.r.RouteDefinitionRouteLocator    : RouteDefinition ReactiveCompositeDiscoveryClient_API-GATEWAY applying filter {regexp=/api-gateway/?(?<remaining>.*), replacement=/${remaining}} to RewritePath
2026-03-27T10:06:34.570+05:30 DEBUG 4660 --- [Api-Gateway] [reshExecutor-%d] o.s.c.g.r.RouteDefinitionRouteLocator    : RouteDefinition matched: ReactiveCompositeDiscoveryClient_API-GATEWAY
2026-03-27T10:06:34.571+05:30 DEBUG 4660 --- [Api-Gateway] [reshExecutor-%d] o.s.c.g.r.RouteDefinitionRouteLocator    : RouteDefinition ReactiveCompositeDiscoveryClient_REWARDS-SERVICE applying {pattern=/rewards-service/**} to Path
2026-03-27T10:06:34.572+05:30 DEBUG 4660 --- [Api-Gateway] [reshExecutor-%d] o.s.c.g.r.RouteDefinitionRouteLocator    : RouteDefinition ReactiveCompositeDiscoveryClient_REWARDS-SERVICE applying filter {regexp=/rewards-service/?(?<remaining>.*), replacement=/${remaining}} to RewritePath
2026-03-27T10:06:34.573+05:30 DEBUG 4660 --- [Api-Gateway] [reshExecutor-%d] o.s.c.g.r.RouteDefinitionRouteLocator    : RouteDefinition matched: ReactiveCompositeDiscoveryClient_REWARDS-SERVICE
2026-03-27T10:06:34.574+05:30 DEBUG 4660 --- [Api-Gateway] [reshExecutor-%d] o.s.c.g.r.RouteDefinitionRouteLocator    : RouteDefinition ReactiveCompositeDiscoveryClient_KYC-SERVICE applying {pattern=/kyc-service/**} to Path
2026-03-27T10:06:34.576+05:30 DEBUG 4660 --- [Api-Gateway] [reshExecutor-%d] o.s.c.g.r.RouteDefinitionRouteLocator    : RouteDefinition ReactiveCompositeDiscoveryClient_KYC-SERVICE applying filter {regexp=/kyc-service/?(?<remaining>.*), replacement=/${remaining}} to RewritePath
2026-03-27T10:06:34.577+05:30 DEBUG 4660 --- [Api-Gateway] [reshExecutor-%d] o.s.c.g.r.RouteDefinitionRouteLocator    : RouteDefinition matched: ReactiveCompositeDiscoveryClient_KYC-SERVICE
2026-03-27T10:06:34.577+05:30 DEBUG 4660 --- [Api-Gateway] [reshExecutor-%d] o.s.c.g.r.RouteDefinitionRouteLocator    : RouteDefinition ReactiveCompositeDiscoveryClient_ADMIN-SERVICE applying {pattern=/admin-service/**} to Path
2026-03-27T10:06:34.578+05:30 DEBUG 4660 --- [Api-Gateway] [reshExecutor-%d] o.s.c.g.r.RouteDefinitionRouteLocator    : RouteDefinition ReactiveCompositeDiscoveryClient_ADMIN-SERVICE applying filter {regexp=/admin-service/?(?<remaining>.*), replacement=/${remaining}} to RewritePath
2026-03-27T10:06:34.579+05:30 DEBUG 4660 --- [Api-Gateway] [reshExecutor-%d] o.s.c.g.r.RouteDefinitionRouteLocator    : RouteDefinition matched: ReactiveCompositeDiscoveryClient_ADMIN-SERVICE
2026-03-27T10:06:34.579+05:30 DEBUG 4660 --- [Api-Gateway] [reshExecutor-%d] o.s.c.g.r.RouteDefinitionRouteLocator    : RouteDefinition ReactiveCompositeDiscoveryClient_TRANSACTION-SERVICE applying {pattern=/transaction-service/**} to Path
2026-03-27T10:06:34.580+05:30 DEBUG 4660 --- [Api-Gateway] [reshExecutor-%d] o.s.c.g.r.RouteDefinitionRouteLocator    : RouteDefinition ReactiveCompositeDiscoveryClient_TRANSACTION-SERVICE applying filter {regexp=/transaction-service/?(?<remaining>.*), replacement=/${remaining}} to RewritePath
2026-03-27T10:06:34.580+05:30 DEBUG 4660 --- [Api-Gateway] [reshExecutor-%d] o.s.c.g.r.RouteDefinitionRouteLocator    : RouteDefinition matched: ReactiveCompositeDiscoveryClient_TRANSACTION-SERVICE
2026-03-27T10:06:34.581+05:30 DEBUG 4660 --- [Api-Gateway] [reshExecutor-%d] o.s.c.g.r.RouteDefinitionRouteLocator    : RouteDefinition ReactiveCompositeDiscoveryClient_WALLET-SERVICE applying {pattern=/wallet-service/**} to Path
2026-03-27T10:06:34.582+05:30 DEBUG 4660 --- [Api-Gateway] [reshExecutor-%d] o.s.c.g.r.RouteDefinitionRouteLocator    : RouteDefinition ReactiveCompositeDiscoveryClient_WALLET-SERVICE applying filter {regexp=/wallet-service/?(?<remaining>.*), replacement=/${remaining}} to RewritePath
2026-03-27T10:06:34.583+05:30 DEBUG 4660 --- [Api-Gateway] [reshExecutor-%d] o.s.c.g.r.RouteDefinitionRouteLocator    : RouteDefinition matched: ReactiveCompositeDiscoveryClient_WALLET-SERVICE
2026-03-27T10:06:34.583+05:30 DEBUG 4660 --- [Api-Gateway] [reshExecutor-%d] o.s.c.g.r.RouteDefinitionRouteLocator    : RouteDefinition ReactiveCompositeDiscoveryClient_NOTIFICATION-SERVICE applying {pattern=/notification-service/**} to Path
2026-03-27T10:06:34.584+05:30 DEBUG 4660 --- [Api-Gateway] [reshExecutor-%d] o.s.c.g.r.RouteDefinitionRouteLocator    : RouteDefinition ReactiveCompositeDiscoveryClient_NOTIFICATION-SERVICE applying filter {regexp=/notification-service/?(?<remaining>.*), replacement=/${remaining}} to RewritePath
2026-03-27T10:06:34.584+05:30 DEBUG 4660 --- [Api-Gateway] [reshExecutor-%d] o.s.c.g.r.RouteDefinitionRouteLocator    : RouteDefinition matched: ReactiveCompositeDiscoveryClient_NOTIFICATION-SERVICE
2026-03-27T10:06:34.585+05:30 DEBUG 4660 --- [Api-Gateway] [reshExecutor-%d] o.s.c.g.r.RouteDefinitionRouteLocator    : RouteDefinition ReactiveCompositeDiscoveryClient_USER-SERVICE applying {pattern=/user-service/**} to Path
2026-03-27T10:06:34.585+05:30 DEBUG 4660 --- [Api-Gateway] [reshExecutor-%d] o.s.c.g.r.RouteDefinitionRouteLocator    : RouteDefinition ReactiveCompositeDiscoveryClient_USER-SERVICE applying filter {regexp=/user-service/?(?<remaining>.*), replacement=/${remaining}} to RewritePath
2026-03-27T10:06:34.586+05:30 DEBUG 4660 --- [Api-Gateway] [reshExecutor-%d] o.s.c.g.r.RouteDefinitionRouteLocator    : RouteDefinition matched: ReactiveCompositeDiscoveryClient_USER-SERVICE
2026-03-27T10:06:34.586+05:30 DEBUG 4660 --- [Api-Gateway] [reshExecutor-%d] o.s.c.g.r.RouteDefinitionRouteLocator    : RouteDefinition ReactiveCompositeDiscoveryClient_PAYMENT-SERVICES applying {pattern=/payment-services/**} to Path
2026-03-27T10:06:34.587+05:30 DEBUG 4660 --- [Api-Gateway] [reshExecutor-%d] o.s.c.g.r.RouteDefinitionRouteLocator    : RouteDefinition ReactiveCompositeDiscoveryClient_PAYMENT-SERVICES applying filter {regexp=/payment-services/?(?<remaining>.*), replacement=/${remaining}} to RewritePath
2026-03-27T10:06:34.587+05:30 DEBUG 4660 --- [Api-Gateway] [reshExecutor-%d] o.s.c.g.r.RouteDefinitionRouteLocator    : RouteDefinition matched: ReactiveCompositeDiscoveryClient_PAYMENT-SERVICES
2026-03-27T10:06:34.587+05:30 DEBUG 4660 --- [Api-Gateway] [reshExecutor-%d] o.s.c.g.r.RouteDefinitionRouteLocator    : RouteDefinition AUTH-SERVICE applying {_genkey_0=/auth/**} to Path
2026-03-27T10:06:34.588+05:30 DEBUG 4660 --- [Api-Gateway] [reshExecutor-%d] o.s.c.g.r.RouteDefinitionRouteLocator    : RouteDefinition matched: AUTH-SERVICE
2026-03-27T10:06:34.588+05:30 DEBUG 4660 --- [Api-Gateway] [reshExecutor-%d] o.s.c.g.r.RouteDefinitionRouteLocator    : RouteDefinition ADMIN-SERVICE applying {_genkey_0=/admin/**} to Path
2026-03-27T10:06:34.588+05:30 DEBUG 4660 --- [Api-Gateway] [reshExecutor-%d] o.s.c.g.r.RouteDefinitionRouteLocator    : RouteDefinition matched: ADMIN-SERVICE
2026-03-27T10:06:34.588+05:30 DEBUG 4660 --- [Api-Gateway] [reshExecutor-%d] o.s.c.g.r.RouteDefinitionRouteLocator    : RouteDefinition KYC-SERVICE applying {_genkey_0=/kyc/**} to Path
2026-03-27T10:06:34.589+05:30 DEBUG 4660 --- [Api-Gateway] [reshExecutor-%d] o.s.c.g.r.RouteDefinitionRouteLocator    : RouteDefinition matched: KYC-SERVICE
2026-03-27T10:06:34.589+05:30 DEBUG 4660 --- [Api-Gateway] [reshExecutor-%d] o.s.c.g.r.RouteDefinitionRouteLocator    : RouteDefinition PAYMENT-SERVICES applying {_genkey_0=/api/payments/**} to Path
2026-03-27T10:06:34.590+05:30 DEBUG 4660 --- [Api-Gateway] [reshExecutor-%d] o.s.c.g.r.RouteDefinitionRouteLocator    : RouteDefinition PAYMENT-SERVICES applying filter {_genkey_0=name:paymentCircuitBreaker, _genkey_1=fallbackUri:forward:/fallback/payment} to CircuitBreaker
2026-03-27T10:06:34.591+05:30 DEBUG 4660 --- [Api-Gateway] [reshExecutor-%d] o.s.c.g.r.RouteDefinitionRouteLocator    : RouteDefinition matched: PAYMENT-SERVICES
2026-03-27T10:06:34.591+05:30 DEBUG 4660 --- [Api-Gateway] [reshExecutor-%d] o.s.c.g.r.RouteDefinitionRouteLocator    : RouteDefinition WALLET-SERVICE applying {_genkey_0=/api/wallets/**} to Path
2026-03-27T10:06:34.591+05:30 DEBUG 4660 --- [Api-Gateway] [reshExecutor-%d] o.s.c.g.r.RouteDefinitionRouteLocator    : RouteDefinition WALLET-SERVICE applying filter {_genkey_0=name:walletCircuitBreaker, _genkey_1=fallbackUri:forward:/fallback/general} to CircuitBreaker
2026-03-27T10:06:34.592+05:30 DEBUG 4660 --- [Api-Gateway] [reshExecutor-%d] o.s.c.g.r.RouteDefinitionRouteLocator    : RouteDefinition matched: WALLET-SERVICE
2026-03-27T10:06:34.592+05:30 DEBUG 4660 --- [Api-Gateway] [reshExecutor-%d] o.s.c.g.r.RouteDefinitionRouteLocator    : RouteDefinition TRANSACTION-SERVICE applying {_genkey_0=/api/transaction/**} to Path
2026-03-27T10:06:34.592+05:30 DEBUG 4660 --- [Api-Gateway] [reshExecutor-%d] o.s.c.g.r.RouteDefinitionRouteLocator    : RouteDefinition TRANSACTION-SERVICE applying filter {_genkey_0=name:transactionCircuitBreaker, _genkey_1=fallbackUri:forward:/fallback/general} to CircuitBreaker
2026-03-27T10:06:34.593+05:30 DEBUG 4660 --- [Api-Gateway] [reshExecutor-%d] o.s.c.g.r.RouteDefinitionRouteLocator    : RouteDefinition matched: TRANSACTION-SERVICE
2026-03-27T10:06:34.593+05:30 DEBUG 4660 --- [Api-Gateway] [reshExecutor-%d] o.s.c.g.r.RouteDefinitionRouteLocator    : RouteDefinition REWARDS-SERVICE applying {_genkey_0=/api/rewards/**} to Path
2026-03-27T10:06:34.594+05:30 DEBUG 4660 --- [Api-Gateway] [reshExecutor-%d] o.s.c.g.r.RouteDefinitionRouteLocator    : RouteDefinition REWARDS-SERVICE applying filter {_genkey_0=name:rewardCircuitBreaker, _genkey_1=fallbackUri:forward:/fallback/reward} to CircuitBreaker
2026-03-27T10:06:34.594+05:30 DEBUG 4660 --- [Api-Gateway] [reshExecutor-%d] o.s.c.g.r.RouteDefinitionRouteLocator    : RouteDefinition matched: REWARDS-SERVICE
2026-03-27T10:06:34.594+05:30 DEBUG 4660 --- [Api-Gateway] [reshExecutor-%d] o.s.c.g.r.RouteDefinitionRouteLocator    : RouteDefinition NOTIFICATION-SERVICE applying {_genkey_0=/api/notifications/**} to Path
2026-03-27T10:06:34.595+05:30 DEBUG 4660 --- [Api-Gateway] [reshExecutor-%d] o.s.c.g.r.RouteDefinitionRouteLocator    : RouteDefinition NOTIFICATION-SERVICE applying filter {_genkey_0=name:notificationCircuitBreaker, _genkey_1=fallbackUri:forward:/fallback/general} to CircuitBreaker
2026-03-27T10:06:34.595+05:30 DEBUG 4660 --- [Api-Gateway] [reshExecutor-%d] o.s.c.g.r.RouteDefinitionRouteLocator    : RouteDefinition matched: NOTIFICATION-SERVICE
2026-03-27T10:06:34.595+05:30 DEBUG 4660 --- [Api-Gateway] [reshExecutor-%d] o.s.c.g.r.RouteDefinitionRouteLocator    : RouteDefinition USER-SERVICE applying {_genkey_0=/users/**} to Path
2026-03-27T10:06:34.595+05:30 DEBUG 4660 --- [Api-Gateway] [reshExecutor-%d] o.s.c.g.r.RouteDefinitionRouteLocator    : RouteDefinition matched: USER-SERVICE
2026-03-27T10:06:34.596+05:30 DEBUG 4660 --- [Api-Gateway] [reshExecutor-%d] o.s.c.g.filter.GatewayMetricsFilter      : New routes count: 19
2026-03-27T10:07:04.624+05:30 DEBUG 4660 --- [Api-Gateway] [reshExecutor-%d] o.s.c.g.r.RouteDefinitionRouteLocator    : RouteDefinition ReactiveCompositeDiscoveryClient_CONFIG-SERVIER applying {pattern=/config-servier/**} to Path
2026-03-27T10:07:04.628+05:30 DEBUG 4660 --- [Api-Gateway] [reshExecutor-%d] o.s.c.g.r.RouteDefinitionRouteLocator    : RouteDefinition ReactiveCompositeDiscoveryClient_CONFIG-SERVIER applying filter {regexp=/config-servier/?(?<remaining>.*), replacement=/${remaining}} to RewritePath
2026-03-27T10:07:04.630+05:30 DEBUG 4660 --- [Api-Gateway] [reshExecutor-%d] o.s.c.g.r.RouteDefinitionRouteLocator    : RouteDefinition matched: ReactiveCompositeDiscoveryClient_CONFIG-SERVIER
2026-03-27T10:07:04.631+05:30 DEBUG 4660 --- [Api-Gateway] [reshExecutor-%d] o.s.c.g.r.RouteDefinitionRouteLocator    : RouteDefinition ReactiveCompositeDiscoveryClient_API-GATEWAY applying {pattern=/api-gateway/**} to Path
2026-03-27T10:07:04.632+05:30 DEBUG 4660 --- [Api-Gateway] [reshExecutor-%d] o.s.c.g.r.RouteDefinitionRouteLocator    : RouteDefinition ReactiveCompositeDiscoveryClient_API-GATEWAY applying filter {regexp=/api-gateway/?(?<remaining>.*), replacement=/${remaining}} to RewritePath
2026-03-27T10:07:04.633+05:30 DEBUG 4660 --- [Api-Gateway] [reshExecutor-%d] o.s.c.g.r.RouteDefinitionRouteLocator    : RouteDefinition matched: ReactiveCompositeDiscoveryClient_API-GATEWAY
2026-03-27T10:07:04.634+05:30 DEBUG 4660 --- [Api-Gateway] [reshExecutor-%d] o.s.c.g.r.RouteDefinitionRouteLocator    : RouteDefinition ReactiveCompositeDiscoveryClient_REWARDS-SERVICE applying {pattern=/rewards-service/**} to Path
2026-03-27T10:07:04.634+05:30 DEBUG 4660 --- [Api-Gateway] [reshExecutor-%d] o.s.c.g.r.RouteDefinitionRouteLocator    : RouteDefinition ReactiveCompositeDiscoveryClient_REWARDS-SERVICE applying filter {regexp=/rewards-service/?(?<remaining>.*), replacement=/${remaining}} to RewritePath
2026-03-27T10:07:04.635+05:30 DEBUG 4660 --- [Api-Gateway] [reshExecutor-%d] o.s.c.g.r.RouteDefinitionRouteLocator    : RouteDefinition matched: ReactiveCompositeDiscoveryClient_REWARDS-SERVICE
2026-03-27T10:07:04.636+05:30 DEBUG 4660 --- [Api-Gateway] [reshExecutor-%d] o.s.c.g.r.RouteDefinitionRouteLocator    : RouteDefinition ReactiveCompositeDiscoveryClient_KYC-SERVICE applying {pattern=/kyc-service/**} to Path
2026-03-27T10:07:04.636+05:30 DEBUG 4660 --- [Api-Gateway] [reshExecutor-%d] o.s.c.g.r.RouteDefinitionRouteLocator    : RouteDefinition ReactiveCompositeDiscoveryClient_KYC-SERVICE applying filter {regexp=/kyc-service/?(?<remaining>.*), replacement=/${remaining}} to RewritePath
2026-03-27T10:07:04.638+05:30 DEBUG 4660 --- [Api-Gateway] [reshExecutor-%d] o.s.c.g.r.RouteDefinitionRouteLocator    : RouteDefinition matched: ReactiveCompositeDiscoveryClient_KYC-SERVICE
2026-03-27T10:07:04.638+05:30 DEBUG 4660 --- [Api-Gateway] [reshExecutor-%d] o.s.c.g.r.RouteDefinitionRouteLocator    : RouteDefinition ReactiveCompositeDiscoveryClient_ADMIN-SERVICE applying {pattern=/admin-service/**} to Path
2026-03-27T10:07:04.639+05:30 DEBUG 4660 --- [Api-Gateway] [reshExecutor-%d] o.s.c.g.r.RouteDefinitionRouteLocator    : RouteDefinition ReactiveCompositeDiscoveryClient_ADMIN-SERVICE applying filter {regexp=/admin-service/?(?<remaining>.*), replacement=/${remaining}} to RewritePath
2026-03-27T10:07:04.639+05:30 DEBUG 4660 --- [Api-Gateway] [reshExecutor-%d] o.s.c.g.r.RouteDefinitionRouteLocator    : RouteDefinition matched: ReactiveCompositeDiscoveryClient_ADMIN-SERVICE
2026-03-27T10:07:04.639+05:30 DEBUG 4660 --- [Api-Gateway] [reshExecutor-%d] o.s.c.g.r.RouteDefinitionRouteLocator    : RouteDefinition ReactiveCompositeDiscoveryClient_TRANSACTION-SERVICE applying {pattern=/transaction-service/**} to Path
2026-03-27T10:07:04.640+05:30 DEBUG 4660 --- [Api-Gateway] [reshExecutor-%d] o.s.c.g.r.RouteDefinitionRouteLocator    : RouteDefinition ReactiveCompositeDiscoveryClient_TRANSACTION-SERVICE applying filter {regexp=/transaction-service/?(?<remaining>.*), replacement=/${remaining}} to RewritePath
2026-03-27T10:07:04.641+05:30 DEBUG 4660 --- [Api-Gateway] [reshExecutor-%d] o.s.c.g.r.RouteDefinitionRouteLocator    : RouteDefinition matched: ReactiveCompositeDiscoveryClient_TRANSACTION-SERVICE
2026-03-27T10:07:04.642+05:30 DEBUG 4660 --- [Api-Gateway] [reshExecutor-%d] o.s.c.g.r.RouteDefinitionRouteLocator    : RouteDefinition ReactiveCompositeDiscoveryClient_WALLET-SERVICE applying {pattern=/wallet-service/**} to Path
2026-03-27T10:07:04.642+05:30 DEBUG 4660 --- [Api-Gateway] [reshExecutor-%d] o.s.c.g.r.RouteDefinitionRouteLocator    : RouteDefinition ReactiveCompositeDiscoveryClient_WALLET-SERVICE applying filter {regexp=/wallet-service/?(?<remaining>.*), replacement=/${remaining}} to RewritePath
2026-03-27T10:07:04.643+05:30 DEBUG 4660 --- [Api-Gateway] [reshExecutor-%d] o.s.c.g.r.RouteDefinitionRouteLocator    : RouteDefinition matched: ReactiveCompositeDiscoveryClient_WALLET-SERVICE
2026-03-27T10:07:04.644+05:30 DEBUG 4660 --- [Api-Gateway] [reshExecutor-%d] o.s.c.g.r.RouteDefinitionRouteLocator    : RouteDefinition ReactiveCompositeDiscoveryClient_NOTIFICATION-SERVICE applying {pattern=/notification-service/**} to Path
2026-03-27T10:07:04.644+05:30 DEBUG 4660 --- [Api-Gateway] [reshExecutor-%d] o.s.c.g.r.RouteDefinitionRouteLocator    : RouteDefinition ReactiveCompositeDiscoveryClient_NOTIFICATION-SERVICE applying filter {regexp=/notification-service/?(?<remaining>.*), replacement=/${remaining}} to RewritePath
2026-03-27T10:07:04.645+05:30 DEBUG 4660 --- [Api-Gateway] [reshExecutor-%d] o.s.c.g.r.RouteDefinitionRouteLocator    : RouteDefinition matched: ReactiveCompositeDiscoveryClient_NOTIFICATION-SERVICE
2026-03-27T10:07:04.645+05:30 DEBUG 4660 --- [Api-Gateway] [reshExecutor-%d] o.s.c.g.r.RouteDefinitionRouteLocator    : RouteDefinition ReactiveCompositeDiscoveryClient_USER-SERVICE applying {pattern=/user-service/**} to Path
2026-03-27T10:07:04.645+05:30 DEBUG 4660 --- [Api-Gateway] [reshExecutor-%d] o.s.c.g.r.RouteDefinitionRouteLocator    : RouteDefinition ReactiveCompositeDiscoveryClient_USER-SERVICE applying filter {regexp=/user-service/?(?<remaining>.*), replacement=/${remaining}} to RewritePath
2026-03-27T10:07:04.645+05:30 DEBUG 4660 --- [Api-Gateway] [reshExecutor-%d] o.s.c.g.r.RouteDefinitionRouteLocator    : RouteDefinition matched: ReactiveCompositeDiscoveryClient_USER-SERVICE
2026-03-27T10:07:04.646+05:30 DEBUG 4660 --- [Api-Gateway] [reshExecutor-%d] o.s.c.g.r.RouteDefinitionRouteLocator    : RouteDefinition ReactiveCompositeDiscoveryClient_PAYMENT-SERVICES applying {pattern=/payment-services/**} to Path
2026-03-27T10:07:04.646+05:30 DEBUG 4660 --- [Api-Gateway] [reshExecutor-%d] o.s.c.g.r.RouteDefinitionRouteLocator    : RouteDefinition ReactiveCompositeDiscoveryClient_PAYMENT-SERVICES applying filter {regexp=/payment-services/?(?<remaining>.*), replacement=/${remaining}} to RewritePath
2026-03-27T10:07:04.646+05:30 DEBUG 4660 --- [Api-Gateway] [reshExecutor-%d] o.s.c.g.r.RouteDefinitionRouteLocator    : RouteDefinition matched: ReactiveCompositeDiscoveryClient_PAYMENT-SERVICES
2026-03-27T10:07:04.646+05:30 DEBUG 4660 --- [Api-Gateway] [reshExecutor-%d] o.s.c.g.r.RouteDefinitionRouteLocator    : RouteDefinition AUTH-SERVICE applying {_genkey_0=/auth/**} to Path
2026-03-27T10:07:04.646+05:30 DEBUG 4660 --- [Api-Gateway] [reshExecutor-%d] o.s.c.g.r.RouteDefinitionRouteLocator    : RouteDefinition matched: AUTH-SERVICE
2026-03-27T10:07:04.646+05:30 DEBUG 4660 --- [Api-Gateway] [reshExecutor-%d] o.s.c.g.r.RouteDefinitionRouteLocator    : RouteDefinition ADMIN-SERVICE applying {_genkey_0=/admin/**} to Path
2026-03-27T10:07:04.648+05:30 DEBUG 4660 --- [Api-Gateway] [reshExecutor-%d] o.s.c.g.r.RouteDefinitionRouteLocator    : RouteDefinition matched: ADMIN-SERVICE
2026-03-27T10:07:04.648+05:30 DEBUG 4660 --- [Api-Gateway] [reshExecutor-%d] o.s.c.g.r.RouteDefinitionRouteLocator    : RouteDefinition KYC-SERVICE applying {_genkey_0=/kyc/**} to Path
2026-03-27T10:07:04.648+05:30 DEBUG 4660 --- [Api-Gateway] [reshExecutor-%d] o.s.c.g.r.RouteDefinitionRouteLocator    : RouteDefinition matched: KYC-SERVICE
2026-03-27T10:07:04.648+05:30 DEBUG 4660 --- [Api-Gateway] [reshExecutor-%d] o.s.c.g.r.RouteDefinitionRouteLocator    : RouteDefinition PAYMENT-SERVICES applying {_genkey_0=/api/payments/**} to Path
2026-03-27T10:07:04.649+05:30 DEBUG 4660 --- [Api-Gateway] [reshExecutor-%d] o.s.c.g.r.RouteDefinitionRouteLocator    : RouteDefinition PAYMENT-SERVICES applying filter {_genkey_0=name:paymentCircuitBreaker, _genkey_1=fallbackUri:forward:/fallback/payment} to CircuitBreaker
2026-03-27T10:07:04.649+05:30 DEBUG 4660 --- [Api-Gateway] [reshExecutor-%d] o.s.c.g.r.RouteDefinitionRouteLocator    : RouteDefinition matched: PAYMENT-SERVICES
2026-03-27T10:07:04.650+05:30 DEBUG 4660 --- [Api-Gateway] [reshExecutor-%d] o.s.c.g.r.RouteDefinitionRouteLocator    : RouteDefinition WALLET-SERVICE applying {_genkey_0=/api/wallets/**} to Path
2026-03-27T10:07:04.650+05:30 DEBUG 4660 --- [Api-Gateway] [reshExecutor-%d] o.s.c.g.r.RouteDefinitionRouteLocator    : RouteDefinition WALLET-SERVICE applying filter {_genkey_0=name:walletCircuitBreaker, _genkey_1=fallbackUri:forward:/fallback/general} to CircuitBreaker
2026-03-27T10:07:04.650+05:30 DEBUG 4660 --- [Api-Gateway] [reshExecutor-%d] o.s.c.g.r.RouteDefinitionRouteLocator    : RouteDefinition matched: WALLET-SERVICE
2026-03-27T10:07:04.651+05:30 DEBUG 4660 --- [Api-Gateway] [reshExecutor-%d] o.s.c.g.r.RouteDefinitionRouteLocator    : RouteDefinition TRANSACTION-SERVICE applying {_genkey_0=/api/transaction/**} to Path
2026-03-27T10:07:04.652+05:30 DEBUG 4660 --- [Api-Gateway] [reshExecutor-%d] o.s.c.g.r.RouteDefinitionRouteLocator    : RouteDefinition TRANSACTION-SERVICE applying filter {_genkey_0=name:transactionCircuitBreaker, _genkey_1=fallbackUri:forward:/fallback/general} to CircuitBreaker
2026-03-27T10:07:04.652+05:30 DEBUG 4660 --- [Api-Gateway] [reshExecutor-%d] o.s.c.g.r.RouteDefinitionRouteLocator    : RouteDefinition matched: TRANSACTION-SERVICE
2026-03-27T10:07:04.653+05:30 DEBUG 4660 --- [Api-Gateway] [reshExecutor-%d] o.s.c.g.r.RouteDefinitionRouteLocator    : RouteDefinition REWARDS-SERVICE applying {_genkey_0=/api/rewards/**} to Path
2026-03-27T10:07:04.653+05:30 DEBUG 4660 --- [Api-Gateway] [reshExecutor-%d] o.s.c.g.r.RouteDefinitionRouteLocator    : RouteDefinition REWARDS-SERVICE applying filter {_genkey_0=name:rewardCircuitBreaker, _genkey_1=fallbackUri:forward:/fallback/reward} to CircuitBreaker
2026-03-27T10:07:04.654+05:30 DEBUG 4660 --- [Api-Gateway] [reshExecutor-%d] o.s.c.g.r.RouteDefinitionRouteLocator    : RouteDefinition matched: REWARDS-SERVICE
2026-03-27T10:07:04.654+05:30 DEBUG 4660 --- [Api-Gateway] [reshExecutor-%d] o.s.c.g.r.RouteDefinitionRouteLocator    : RouteDefinition NOTIFICATION-SERVICE applying {_genkey_0=/api/notifications/**} to Path
2026-03-27T10:07:04.655+05:30 DEBUG 4660 --- [Api-Gateway] [reshExecutor-%d] o.s.c.g.r.RouteDefinitionRouteLocator    : RouteDefinition NOTIFICATION-SERVICE applying filter {_genkey_0=name:notificationCircuitBreaker, _genkey_1=fallbackUri:forward:/fallback/general} to CircuitBreaker
2026-03-27T10:07:04.655+05:30 DEBUG 4660 --- [Api-Gateway] [reshExecutor-%d] o.s.c.g.r.RouteDefinitionRouteLocator    : RouteDefinition matched: NOTIFICATION-SERVICE
2026-03-27T10:07:04.655+05:30 DEBUG 4660 --- [Api-Gateway] [reshExecutor-%d] o.s.c.g.r.RouteDefinitionRouteLocator    : RouteDefinition USER-SERVICE applying {_genkey_0=/users/**} to Path
2026-03-27T10:07:04.656+05:30 DEBUG 4660 --- [Api-Gateway] [reshExecutor-%d] o.s.c.g.r.RouteDefinitionRouteLocator    : RouteDefinition matched: USER-SERVICE
2026-03-27T10:07:04.656+05:30 DEBUG 4660 --- [Api-Gateway] [reshExecutor-%d] o.s.c.g.filter.GatewayMetricsFilter      : New routes count: 19
2026-03-27T10:07:34.681+05:30 DEBUG 4660 --- [Api-Gateway] [reshExecutor-%d] o.s.c.g.r.RouteDefinitionRouteLocator    : RouteDefinition ReactiveCompositeDiscoveryClient_CONFIG-SERVIER applying {pattern=/config-servier/**} to Path
2026-03-27T10:07:34.686+05:30 DEBUG 4660 --- [Api-Gateway] [reshExecutor-%d] o.s.c.g.r.RouteDefinitionRouteLocator    : RouteDefinition ReactiveCompositeDiscoveryClient_CONFIG-SERVIER applying filter {regexp=/config-servier/?(?<remaining>.*), replacement=/${remaining}} to RewritePath
2026-03-27T10:07:34.688+05:30 DEBUG 4660 --- [Api-Gateway] [reshExecutor-%d] o.s.c.g.r.RouteDefinitionRouteLocator    : RouteDefinition matched: ReactiveCompositeDiscoveryClient_CONFIG-SERVIER
2026-03-27T10:07:34.689+05:30 DEBUG 4660 --- [Api-Gateway] [reshExecutor-%d] o.s.c.g.r.RouteDefinitionRouteLocator    : RouteDefinition ReactiveCompositeDiscoveryClient_API-GATEWAY applying {pattern=/api-gateway/**} to Path
2026-03-27T10:07:34.690+05:30 DEBUG 4660 --- [Api-Gateway] [reshExecutor-%d] o.s.c.g.r.RouteDefinitionRouteLocator    : RouteDefinition ReactiveCompositeDiscoveryClient_API-GATEWAY applying filter {regexp=/api-gateway/?(?<remaining>.*), replacement=/${remaining}} to RewritePath
2026-03-27T10:07:34.692+05:30 DEBUG 4660 --- [Api-Gateway] [reshExecutor-%d] o.s.c.g.r.RouteDefinitionRouteLocator    : RouteDefinition matched: ReactiveCompositeDiscoveryClient_API-GATEWAY
2026-03-27T10:07:34.693+05:30 DEBUG 4660 --- [Api-Gateway] [reshExecutor-%d] o.s.c.g.r.RouteDefinitionRouteLocator    : RouteDefinition ReactiveCompositeDiscoveryClient_REWARDS-SERVICE applying {pattern=/rewards-service/**} to Path
2026-03-27T10:07:34.694+05:30 DEBUG 4660 --- [Api-Gateway] [reshExecutor-%d] o.s.c.g.r.RouteDefinitionRouteLocator    : RouteDefinition ReactiveCompositeDiscoveryClient_REWARDS-SERVICE applying filter {regexp=/rewards-service/?(?<remaining>.*), replacement=/${remaining}} to RewritePath
2026-03-27T10:07:34.696+05:30 DEBUG 4660 --- [Api-Gateway] [reshExecutor-%d] o.s.c.g.r.RouteDefinitionRouteLocator    : RouteDefinition matched: ReactiveCompositeDiscoveryClient_REWARDS-SERVICE
2026-03-27T10:07:34.696+05:30 DEBUG 4660 --- [Api-Gateway] [reshExecutor-%d] o.s.c.g.r.RouteDefinitionRouteLocator    : RouteDefinition ReactiveCompositeDiscoveryClient_KYC-SERVICE applying {pattern=/kyc-service/**} to Path
2026-03-27T10:07:34.697+05:30 DEBUG 4660 --- [Api-Gateway] [reshExecutor-%d] o.s.c.g.r.RouteDefinitionRouteLocator    : RouteDefinition ReactiveCompositeDiscoveryClient_KYC-SERVICE applying filter {regexp=/kyc-service/?(?<remaining>.*), replacement=/${remaining}} to RewritePath
2026-03-27T10:07:34.698+05:30 DEBUG 4660 --- [Api-Gateway] [reshExecutor-%d] o.s.c.g.r.RouteDefinitionRouteLocator    : RouteDefinition matched: ReactiveCompositeDiscoveryClient_KYC-SERVICE
2026-03-27T10:07:34.698+05:30 DEBUG 4660 --- [Api-Gateway] [reshExecutor-%d] o.s.c.g.r.RouteDefinitionRouteLocator    : RouteDefinition ReactiveCompositeDiscoveryClient_ADMIN-SERVICE applying {pattern=/admin-service/**} to Path
2026-03-27T10:07:34.701+05:30 DEBUG 4660 --- [Api-Gateway] [reshExecutor-%d] o.s.c.g.r.RouteDefinitionRouteLocator    : RouteDefinition ReactiveCompositeDiscoveryClient_ADMIN-SERVICE applying filter {regexp=/admin-service/?(?<remaining>.*), replacement=/${remaining}} to RewritePath
2026-03-27T10:07:34.702+05:30 DEBUG 4660 --- [Api-Gateway] [reshExecutor-%d] o.s.c.g.r.RouteDefinitionRouteLocator    : RouteDefinition matched: ReactiveCompositeDiscoveryClient_ADMIN-SERVICE
2026-03-27T10:07:34.702+05:30 DEBUG 4660 --- [Api-Gateway] [reshExecutor-%d] o.s.c.g.r.RouteDefinitionRouteLocator    : RouteDefinition ReactiveCompositeDiscoveryClient_TRANSACTION-SERVICE applying {pattern=/transaction-service/**} to Path
2026-03-27T10:07:34.703+05:30 DEBUG 4660 --- [Api-Gateway] [reshExecutor-%d] o.s.c.g.r.RouteDefinitionRouteLocator    : RouteDefinition ReactiveCompositeDiscoveryClient_TRANSACTION-SERVICE applying filter {regexp=/transaction-service/?(?<remaining>.*), replacement=/${remaining}} to RewritePath
2026-03-27T10:07:34.704+05:30 DEBUG 4660 --- [Api-Gateway] [reshExecutor-%d] o.s.c.g.r.RouteDefinitionRouteLocator    : RouteDefinition matched: ReactiveCompositeDiscoveryClient_TRANSACTION-SERVICE
2026-03-27T10:07:34.704+05:30 DEBUG 4660 --- [Api-Gateway] [reshExecutor-%d] o.s.c.g.r.RouteDefinitionRouteLocator    : RouteDefinition ReactiveCompositeDiscoveryClient_WALLET-SERVICE applying {pattern=/wallet-service/**} to Path
2026-03-27T10:07:34.705+05:30 DEBUG 4660 --- [Api-Gateway] [reshExecutor-%d] o.s.c.g.r.RouteDefinitionRouteLocator    : RouteDefinition ReactiveCompositeDiscoveryClient_WALLET-SERVICE applying filter {regexp=/wallet-service/?(?<remaining>.*), replacement=/${remaining}} to RewritePath
2026-03-27T10:07:34.706+05:30 DEBUG 4660 --- [Api-Gateway] [reshExecutor-%d] o.s.c.g.r.RouteDefinitionRouteLocator    : RouteDefinition matched: ReactiveCompositeDiscoveryClient_WALLET-SERVICE
2026-03-27T10:07:34.707+05:30 DEBUG 4660 --- [Api-Gateway] [reshExecutor-%d] o.s.c.g.r.RouteDefinitionRouteLocator    : RouteDefinition ReactiveCompositeDiscoveryClient_NOTIFICATION-SERVICE applying {pattern=/notification-service/**} to Path
2026-03-27T10:07:34.707+05:30 DEBUG 4660 --- [Api-Gateway] [reshExecutor-%d] o.s.c.g.r.RouteDefinitionRouteLocator    : RouteDefinition ReactiveCompositeDiscoveryClient_NOTIFICATION-SERVICE applying filter {regexp=/notification-service/?(?<remaining>.*), replacement=/${remaining}} to RewritePath
2026-03-27T10:07:34.709+05:30 DEBUG 4660 --- [Api-Gateway] [reshExecutor-%d] o.s.c.g.r.RouteDefinitionRouteLocator    : RouteDefinition matched: ReactiveCompositeDiscoveryClient_NOTIFICATION-SERVICE
2026-03-27T10:07:34.710+05:30 DEBUG 4660 --- [Api-Gateway] [reshExecutor-%d] o.s.c.g.r.RouteDefinitionRouteLocator    : RouteDefinition ReactiveCompositeDiscoveryClient_USER-SERVICE applying {pattern=/user-service/**} to Path
2026-03-27T10:07:34.711+05:30 DEBUG 4660 --- [Api-Gateway] [reshExecutor-%d] o.s.c.g.r.RouteDefinitionRouteLocator    : RouteDefinition ReactiveCompositeDiscoveryClient_USER-SERVICE applying filter {regexp=/user-service/?(?<remaining>.*), replacement=/${remaining}} to RewritePath
2026-03-27T10:07:34.711+05:30 DEBUG 4660 --- [Api-Gateway] [reshExecutor-%d] o.s.c.g.r.RouteDefinitionRouteLocator    : RouteDefinition matched: ReactiveCompositeDiscoveryClient_USER-SERVICE
2026-03-27T10:07:34.712+05:30 DEBUG 4660 --- [Api-Gateway] [reshExecutor-%d] o.s.c.g.r.RouteDefinitionRouteLocator    : RouteDefinition ReactiveCompositeDiscoveryClient_PAYMENT-SERVICES applying {pattern=/payment-services/**} to Path
2026-03-27T10:07:34.713+05:30 DEBUG 4660 --- [Api-Gateway] [reshExecutor-%d] o.s.c.g.r.RouteDefinitionRouteLocator    : RouteDefinition ReactiveCompositeDiscoveryClient_PAYMENT-SERVICES applying filter {regexp=/payment-services/?(?<remaining>.*), replacement=/${remaining}} to RewritePath
2026-03-27T10:07:34.715+05:30 DEBUG 4660 --- [Api-Gateway] [reshExecutor-%d] o.s.c.g.r.RouteDefinitionRouteLocator    : RouteDefinition matched: ReactiveCompositeDiscoveryClient_PAYMENT-SERVICES
2026-03-27T10:07:34.715+05:30 DEBUG 4660 --- [Api-Gateway] [reshExecutor-%d] o.s.c.g.r.RouteDefinitionRouteLocator    : RouteDefinition AUTH-SERVICE applying {_genkey_0=/auth/**} to Path
2026-03-27T10:07:34.716+05:30 DEBUG 4660 --- [Api-Gateway] [reshExecutor-%d] o.s.c.g.r.RouteDefinitionRouteLocator    : RouteDefinition matched: AUTH-SERVICE
2026-03-27T10:07:34.716+05:30 DEBUG 4660 --- [Api-Gateway] [reshExecutor-%d] o.s.c.g.r.RouteDefinitionRouteLocator    : RouteDefinition ADMIN-SERVICE applying {_genkey_0=/admin/**} to Path
2026-03-27T10:07:34.717+05:30 DEBUG 4660 --- [Api-Gateway] [reshExecutor-%d] o.s.c.g.r.RouteDefinitionRouteLocator    : RouteDefinition matched: ADMIN-SERVICE
2026-03-27T10:07:34.717+05:30 DEBUG 4660 --- [Api-Gateway] [reshExecutor-%d] o.s.c.g.r.RouteDefinitionRouteLocator    : RouteDefinition KYC-SERVICE applying {_genkey_0=/kyc/**} to Path
2026-03-27T10:07:34.718+05:30 DEBUG 4660 --- [Api-Gateway] [reshExecutor-%d] o.s.c.g.r.RouteDefinitionRouteLocator    : RouteDefinition matched: KYC-SERVICE
2026-03-27T10:07:34.718+05:30 DEBUG 4660 --- [Api-Gateway] [reshExecutor-%d] o.s.c.g.r.RouteDefinitionRouteLocator    : RouteDefinition PAYMENT-SERVICES applying {_genkey_0=/api/payments/**} to Path
2026-03-27T10:07:34.719+05:30 DEBUG 4660 --- [Api-Gateway] [reshExecutor-%d] o.s.c.g.r.RouteDefinitionRouteLocator    : RouteDefinition PAYMENT-SERVICES applying filter {_genkey_0=name:paymentCircuitBreaker, _genkey_1=fallbackUri:forward:/fallback/payment} to CircuitBreaker
2026-03-27T10:07:34.720+05:30 DEBUG 4660 --- [Api-Gateway] [reshExecutor-%d] o.s.c.g.r.RouteDefinitionRouteLocator    : RouteDefinition matched: PAYMENT-SERVICES
2026-03-27T10:07:34.720+05:30 DEBUG 4660 --- [Api-Gateway] [reshExecutor-%d] o.s.c.g.r.RouteDefinitionRouteLocator    : RouteDefinition WALLET-SERVICE applying {_genkey_0=/api/wallets/**} to Path
2026-03-27T10:07:34.721+05:30 DEBUG 4660 --- [Api-Gateway] [reshExecutor-%d] o.s.c.g.r.RouteDefinitionRouteLocator    : RouteDefinition WALLET-SERVICE applying filter {_genkey_0=name:walletCircuitBreaker, _genkey_1=fallbackUri:forward:/fallback/general} to CircuitBreaker
2026-03-27T10:07:34.721+05:30 DEBUG 4660 --- [Api-Gateway] [reshExecutor-%d] o.s.c.g.r.RouteDefinitionRouteLocator    : RouteDefinition matched: WALLET-SERVICE
2026-03-27T10:07:34.721+05:30 DEBUG 4660 --- [Api-Gateway] [reshExecutor-%d] o.s.c.g.r.RouteDefinitionRouteLocator    : RouteDefinition TRANSACTION-SERVICE applying {_genkey_0=/api/transaction/**} to Path
2026-03-27T10:07:34.722+05:30 DEBUG 4660 --- [Api-Gateway] [reshExecutor-%d] o.s.c.g.r.RouteDefinitionRouteLocator    : RouteDefinition TRANSACTION-SERVICE applying filter {_genkey_0=name:transactionCircuitBreaker, _genkey_1=fallbackUri:forward:/fallback/general} to CircuitBreaker
2026-03-27T10:07:34.722+05:30 DEBUG 4660 --- [Api-Gateway] [reshExecutor-%d] o.s.c.g.r.RouteDefinitionRouteLocator    : RouteDefinition matched: TRANSACTION-SERVICE
2026-03-27T10:07:34.722+05:30 DEBUG 4660 --- [Api-Gateway] [reshExecutor-%d] o.s.c.g.r.RouteDefinitionRouteLocator    : RouteDefinition REWARDS-SERVICE applying {_genkey_0=/api/rewards/**} to Path
2026-03-27T10:07:34.724+05:30 DEBUG 4660 --- [Api-Gateway] [reshExecutor-%d] o.s.c.g.r.RouteDefinitionRouteLocator    : RouteDefinition REWARDS-SERVICE applying filter {_genkey_0=name:rewardCircuitBreaker, _genkey_1=fallbackUri:forward:/fallback/reward} to CircuitBreaker
2026-03-27T10:07:34.724+05:30 DEBUG 4660 --- [Api-Gateway] [reshExecutor-%d] o.s.c.g.r.RouteDefinitionRouteLocator    : RouteDefinition matched: REWARDS-SERVICE
2026-03-27T10:07:34.724+05:30 DEBUG 4660 --- [Api-Gateway] [reshExecutor-%d] o.s.c.g.r.RouteDefinitionRouteLocator    : RouteDefinition NOTIFICATION-SERVICE applying {_genkey_0=/api/notifications/**} to Path
2026-03-27T10:07:34.724+05:30 DEBUG 4660 --- [Api-Gateway] [reshExecutor-%d] o.s.c.g.r.RouteDefinitionRouteLocator    : RouteDefinition NOTIFICATION-SERVICE applying filter {_genkey_0=name:notificationCircuitBreaker, _genkey_1=fallbackUri:forward:/fallback/general} to CircuitBreaker
2026-03-27T10:07:34.725+05:30 DEBUG 4660 --- [Api-Gateway] [reshExecutor-%d] o.s.c.g.r.RouteDefinitionRouteLocator    : RouteDefinition matched: NOTIFICATION-SERVICE
2026-03-27T10:07:34.727+05:30 DEBUG 4660 --- [Api-Gateway] [reshExecutor-%d] o.s.c.g.r.RouteDefinitionRouteLocator    : RouteDefinition USER-SERVICE applying {_genkey_0=/users/**} to Path
2026-03-27T10:07:34.727+05:30 DEBUG 4660 --- [Api-Gateway] [reshExecutor-%d] o.s.c.g.r.RouteDefinitionRouteLocator    : RouteDefinition matched: USER-SERVICE
2026-03-27T10:07:34.728+05:30 DEBUG 4660 --- [Api-Gateway] [reshExecutor-%d] o.s.c.g.filter.GatewayMetricsFilter      : New routes count: 19
2026-03-27T10:08:04.764+05:30 DEBUG 4660 --- [Api-Gateway] [reshExecutor-%d] o.s.c.g.r.RouteDefinitionRouteLocator    : RouteDefinition ReactiveCompositeDiscoveryClient_CONFIG-SERVIER applying {pattern=/config-servier/**} to Path
2026-03-27T10:08:04.766+05:30 DEBUG 4660 --- [Api-Gateway] [reshExecutor-%d] o.s.c.g.r.RouteDefinitionRouteLocator    : RouteDefinition ReactiveCompositeDiscoveryClient_CONFIG-SERVIER applying filter {regexp=/config-servier/?(?<remaining>.*), replacement=/${remaining}} to RewritePath
2026-03-27T10:08:04.768+05:30 DEBUG 4660 --- [Api-Gateway] [reshExecutor-%d] o.s.c.g.r.RouteDefinitionRouteLocator    : RouteDefinition matched: ReactiveCompositeDiscoveryClient_CONFIG-SERVIER
2026-03-27T10:08:04.769+05:30 DEBUG 4660 --- [Api-Gateway] [reshExecutor-%d] o.s.c.g.r.RouteDefinitionRouteLocator    : RouteDefinition ReactiveCompositeDiscoveryClient_API-GATEWAY applying {pattern=/api-gateway/**} to Path
2026-03-27T10:08:04.770+05:30 DEBUG 4660 --- [Api-Gateway] [reshExecutor-%d] o.s.c.g.r.RouteDefinitionRouteLocator    : RouteDefinition ReactiveCompositeDiscoveryClient_API-GATEWAY applying filter {regexp=/api-gateway/?(?<remaining>.*), replacement=/${remaining}} to RewritePath
2026-03-27T10:08:04.770+05:30 DEBUG 4660 --- [Api-Gateway] [reshExecutor-%d] o.s.c.g.r.RouteDefinitionRouteLocator    : RouteDefinition matched: ReactiveCompositeDiscoveryClient_API-GATEWAY
2026-03-27T10:08:04.772+05:30 DEBUG 4660 --- [Api-Gateway] [reshExecutor-%d] o.s.c.g.r.RouteDefinitionRouteLocator    : RouteDefinition ReactiveCompositeDiscoveryClient_REWARDS-SERVICE applying {pattern=/rewards-service/**} to Path
2026-03-27T10:08:04.772+05:30 DEBUG 4660 --- [Api-Gateway] [reshExecutor-%d] o.s.c.g.r.RouteDefinitionRouteLocator    : RouteDefinition ReactiveCompositeDiscoveryClient_REWARDS-SERVICE applying filter {regexp=/rewards-service/?(?<remaining>.*), replacement=/${remaining}} to RewritePath
2026-03-27T10:08:04.773+05:30 DEBUG 4660 --- [Api-Gateway] [reshExecutor-%d] o.s.c.g.r.RouteDefinitionRouteLocator    : RouteDefinition matched: ReactiveCompositeDiscoveryClient_REWARDS-SERVICE
2026-03-27T10:08:04.774+05:30 DEBUG 4660 --- [Api-Gateway] [reshExecutor-%d] o.s.c.g.r.RouteDefinitionRouteLocator    : RouteDefinition ReactiveCompositeDiscoveryClient_KYC-SERVICE applying {pattern=/kyc-service/**} to Path
2026-03-27T10:08:04.775+05:30 DEBUG 4660 --- [Api-Gateway] [reshExecutor-%d] o.s.c.g.r.RouteDefinitionRouteLocator    : RouteDefinition ReactiveCompositeDiscoveryClient_KYC-SERVICE applying filter {regexp=/kyc-service/?(?<remaining>.*), replacement=/${remaining}} to RewritePath
2026-03-27T10:08:04.776+05:30 DEBUG 4660 --- [Api-Gateway] [reshExecutor-%d] o.s.c.g.r.RouteDefinitionRouteLocator    : RouteDefinition matched: ReactiveCompositeDiscoveryClient_KYC-SERVICE
2026-03-27T10:08:04.777+05:30 DEBUG 4660 --- [Api-Gateway] [reshExecutor-%d] o.s.c.g.r.RouteDefinitionRouteLocator    : RouteDefinition ReactiveCompositeDiscoveryClient_ADMIN-SERVICE applying {pattern=/admin-service/**} to Path
2026-03-27T10:08:04.778+05:30 DEBUG 4660 --- [Api-Gateway] [reshExecutor-%d] o.s.c.g.r.RouteDefinitionRouteLocator    : RouteDefinition ReactiveCompositeDiscoveryClient_ADMIN-SERVICE applying filter {regexp=/admin-service/?(?<remaining>.*), replacement=/${remaining}} to RewritePath
2026-03-27T10:08:04.780+05:30 DEBUG 4660 --- [Api-Gateway] [reshExecutor-%d] o.s.c.g.r.RouteDefinitionRouteLocator    : RouteDefinition matched: ReactiveCompositeDiscoveryClient_ADMIN-SERVICE
2026-03-27T10:08:04.781+05:30 DEBUG 4660 --- [Api-Gateway] [reshExecutor-%d] o.s.c.g.r.RouteDefinitionRouteLocator    : RouteDefinition ReactiveCompositeDiscoveryClient_TRANSACTION-SERVICE applying {pattern=/transaction-service/**} to Path
2026-03-27T10:08:04.781+05:30 DEBUG 4660 --- [Api-Gateway] [reshExecutor-%d] o.s.c.g.r.RouteDefinitionRouteLocator    : RouteDefinition ReactiveCompositeDiscoveryClient_TRANSACTION-SERVICE applying filter {regexp=/transaction-service/?(?<remaining>.*), replacement=/${remaining}} to RewritePath
2026-03-27T10:08:04.783+05:30 DEBUG 4660 --- [Api-Gateway] [reshExecutor-%d] o.s.c.g.r.RouteDefinitionRouteLocator    : RouteDefinition matched: ReactiveCompositeDiscoveryClient_TRANSACTION-SERVICE
2026-03-27T10:08:04.783+05:30 DEBUG 4660 --- [Api-Gateway] [reshExecutor-%d] o.s.c.g.r.RouteDefinitionRouteLocator    : RouteDefinition ReactiveCompositeDiscoveryClient_WALLET-SERVICE applying {pattern=/wallet-service/**} to Path
2026-03-27T10:08:04.785+05:30 DEBUG 4660 --- [Api-Gateway] [reshExecutor-%d] o.s.c.g.r.RouteDefinitionRouteLocator    : RouteDefinition ReactiveCompositeDiscoveryClient_WALLET-SERVICE applying filter {regexp=/wallet-service/?(?<remaining>.*), replacement=/${remaining}} to RewritePath
2026-03-27T10:08:04.785+05:30 DEBUG 4660 --- [Api-Gateway] [reshExecutor-%d] o.s.c.g.r.RouteDefinitionRouteLocator    : RouteDefinition matched: ReactiveCompositeDiscoveryClient_WALLET-SERVICE
2026-03-27T10:08:04.786+05:30 DEBUG 4660 --- [Api-Gateway] [reshExecutor-%d] o.s.c.g.r.RouteDefinitionRouteLocator    : RouteDefinition ReactiveCompositeDiscoveryClient_NOTIFICATION-SERVICE applying {pattern=/notification-service/**} to Path
2026-03-27T10:08:04.787+05:30 DEBUG 4660 --- [Api-Gateway] [reshExecutor-%d] o.s.c.g.r.RouteDefinitionRouteLocator    : RouteDefinition ReactiveCompositeDiscoveryClient_NOTIFICATION-SERVICE applying filter {regexp=/notification-service/?(?<remaining>.*), replacement=/${remaining}} to RewritePath
2026-03-27T10:08:04.788+05:30 DEBUG 4660 --- [Api-Gateway] [reshExecutor-%d] o.s.c.g.r.RouteDefinitionRouteLocator    : RouteDefinition matched: ReactiveCompositeDiscoveryClient_NOTIFICATION-SERVICE
2026-03-27T10:08:04.789+05:30 DEBUG 4660 --- [Api-Gateway] [reshExecutor-%d] o.s.c.g.r.RouteDefinitionRouteLocator    : RouteDefinition ReactiveCompositeDiscoveryClient_USER-SERVICE applying {pattern=/user-service/**} to Path
2026-03-27T10:08:04.790+05:30 DEBUG 4660 --- [Api-Gateway] [reshExecutor-%d] o.s.c.g.r.RouteDefinitionRouteLocator    : RouteDefinition ReactiveCompositeDiscoveryClient_USER-SERVICE applying filter {regexp=/user-service/?(?<remaining>.*), replacement=/${remaining}} to RewritePath
2026-03-27T10:08:04.791+05:30 DEBUG 4660 --- [Api-Gateway] [reshExecutor-%d] o.s.c.g.r.RouteDefinitionRouteLocator    : RouteDefinition matched: ReactiveCompositeDiscoveryClient_USER-SERVICE
2026-03-27T10:08:04.792+05:30 DEBUG 4660 --- [Api-Gateway] [reshExecutor-%d] o.s.c.g.r.RouteDefinitionRouteLocator    : RouteDefinition ReactiveCompositeDiscoveryClient_PAYMENT-SERVICES applying {pattern=/payment-services/**} to Path
2026-03-27T10:08:04.793+05:30 DEBUG 4660 --- [Api-Gateway] [reshExecutor-%d] o.s.c.g.r.RouteDefinitionRouteLocator    : RouteDefinition ReactiveCompositeDiscoveryClient_PAYMENT-SERVICES applying filter {regexp=/payment-services/?(?<remaining>.*), replacement=/${remaining}} to RewritePath
2026-03-27T10:08:04.794+05:30 DEBUG 4660 --- [Api-Gateway] [reshExecutor-%d] o.s.c.g.r.RouteDefinitionRouteLocator    : RouteDefinition matched: ReactiveCompositeDiscoveryClient_PAYMENT-SERVICES
2026-03-27T10:08:04.794+05:30 DEBUG 4660 --- [Api-Gateway] [reshExecutor-%d] o.s.c.g.r.RouteDefinitionRouteLocator    : RouteDefinition AUTH-SERVICE applying {_genkey_0=/auth/**} to Path
2026-03-27T10:08:04.795+05:30 DEBUG 4660 --- [Api-Gateway] [reshExecutor-%d] o.s.c.g.r.RouteDefinitionRouteLocator    : RouteDefinition matched: AUTH-SERVICE
2026-03-27T10:08:04.795+05:30 DEBUG 4660 --- [Api-Gateway] [reshExecutor-%d] o.s.c.g.r.RouteDefinitionRouteLocator    : RouteDefinition ADMIN-SERVICE applying {_genkey_0=/admin/**} to Path
2026-03-27T10:08:04.796+05:30 DEBUG 4660 --- [Api-Gateway] [reshExecutor-%d] o.s.c.g.r.RouteDefinitionRouteLocator    : RouteDefinition matched: ADMIN-SERVICE
2026-03-27T10:08:04.797+05:30 DEBUG 4660 --- [Api-Gateway] [reshExecutor-%d] o.s.c.g.r.RouteDefinitionRouteLocator    : RouteDefinition KYC-SERVICE applying {_genkey_0=/kyc/**} to Path
2026-03-27T10:08:04.797+05:30 DEBUG 4660 --- [Api-Gateway] [reshExecutor-%d] o.s.c.g.r.RouteDefinitionRouteLocator    : RouteDefinition matched: KYC-SERVICE
2026-03-27T10:08:04.797+05:30 DEBUG 4660 --- [Api-Gateway] [reshExecutor-%d] o.s.c.g.r.RouteDefinitionRouteLocator    : RouteDefinition PAYMENT-SERVICES applying {_genkey_0=/api/payments/**} to Path
2026-03-27T10:08:04.798+05:30 DEBUG 4660 --- [Api-Gateway] [reshExecutor-%d] o.s.c.g.r.RouteDefinitionRouteLocator    : RouteDefinition PAYMENT-SERVICES applying filter {_genkey_0=name:paymentCircuitBreaker, _genkey_1=fallbackUri:forward:/fallback/payment} to CircuitBreaker
2026-03-27T10:08:04.798+05:30 DEBUG 4660 --- [Api-Gateway] [reshExecutor-%d] o.s.c.g.r.RouteDefinitionRouteLocator    : RouteDefinition matched: PAYMENT-SERVICES
2026-03-27T10:08:04.799+05:30 DEBUG 4660 --- [Api-Gateway] [reshExecutor-%d] o.s.c.g.r.RouteDefinitionRouteLocator    : RouteDefinition WALLET-SERVICE applying {_genkey_0=/api/wallets/**} to Path
2026-03-27T10:08:04.799+05:30 DEBUG 4660 --- [Api-Gateway] [reshExecutor-%d] o.s.c.g.r.RouteDefinitionRouteLocator    : RouteDefinition WALLET-SERVICE applying filter {_genkey_0=name:walletCircuitBreaker, _genkey_1=fallbackUri:forward:/fallback/general} to CircuitBreaker
2026-03-27T10:08:04.800+05:30 DEBUG 4660 --- [Api-Gateway] [reshExecutor-%d] o.s.c.g.r.RouteDefinitionRouteLocator    : RouteDefinition matched: WALLET-SERVICE
2026-03-27T10:08:04.800+05:30 DEBUG 4660 --- [Api-Gateway] [reshExecutor-%d] o.s.c.g.r.RouteDefinitionRouteLocator    : RouteDefinition TRANSACTION-SERVICE applying {_genkey_0=/api/transaction/**} to Path
2026-03-27T10:08:04.800+05:30 DEBUG 4660 --- [Api-Gateway] [reshExecutor-%d] o.s.c.g.r.RouteDefinitionRouteLocator    : RouteDefinition TRANSACTION-SERVICE applying filter {_genkey_0=name:transactionCircuitBreaker, _genkey_1=fallbackUri:forward:/fallback/general} to CircuitBreaker
2026-03-27T10:08:04.801+05:30 DEBUG 4660 --- [Api-Gateway] [reshExecutor-%d] o.s.c.g.r.RouteDefinitionRouteLocator    : RouteDefinition matched: TRANSACTION-SERVICE
2026-03-27T10:08:04.801+05:30 DEBUG 4660 --- [Api-Gateway] [reshExecutor-%d] o.s.c.g.r.RouteDefinitionRouteLocator    : RouteDefinition REWARDS-SERVICE applying {_genkey_0=/api/rewards/**} to Path
2026-03-27T10:08:04.802+05:30 DEBUG 4660 --- [Api-Gateway] [reshExecutor-%d] o.s.c.g.r.RouteDefinitionRouteLocator    : RouteDefinition REWARDS-SERVICE applying filter {_genkey_0=name:rewardCircuitBreaker, _genkey_1=fallbackUri:forward:/fallback/reward} to CircuitBreaker
2026-03-27T10:08:04.802+05:30 DEBUG 4660 --- [Api-Gateway] [reshExecutor-%d] o.s.c.g.r.RouteDefinitionRouteLocator    : RouteDefinition matched: REWARDS-SERVICE
2026-03-27T10:08:04.802+05:30 DEBUG 4660 --- [Api-Gateway] [reshExecutor-%d] o.s.c.g.r.RouteDefinitionRouteLocator    : RouteDefinition NOTIFICATION-SERVICE applying {_genkey_0=/api/notifications/**} to Path
2026-03-27T10:08:04.803+05:30 DEBUG 4660 --- [Api-Gateway] [reshExecutor-%d] o.s.c.g.r.RouteDefinitionRouteLocator    : RouteDefinition NOTIFICATION-SERVICE applying filter {_genkey_0=name:notificationCircuitBreaker, _genkey_1=fallbackUri:forward:/fallback/general} to CircuitBreaker
2026-03-27T10:08:04.803+05:30 DEBUG 4660 --- [Api-Gateway] [reshExecutor-%d] o.s.c.g.r.RouteDefinitionRouteLocator    : RouteDefinition matched: NOTIFICATION-SERVICE
2026-03-27T10:08:04.803+05:30 DEBUG 4660 --- [Api-Gateway] [reshExecutor-%d] o.s.c.g.r.RouteDefinitionRouteLocator    : RouteDefinition USER-SERVICE applying {_genkey_0=/users/**} to Path
2026-03-27T10:08:04.804+05:30 DEBUG 4660 --- [Api-Gateway] [reshExecutor-%d] o.s.c.g.r.RouteDefinitionRouteLocator    : RouteDefinition matched: USER-SERVICE
2026-03-27T10:08:04.805+05:30 DEBUG 4660 --- [Api-Gateway] [reshExecutor-%d] o.s.c.g.filter.GatewayMetricsFilter      : New routes count: 19
2026-03-27T10:08:34.835+05:30 DEBUG 4660 --- [Api-Gateway] [reshExecutor-%d] o.s.c.g.r.RouteDefinitionRouteLocator    : RouteDefinition ReactiveCompositeDiscoveryClient_CONFIG-SERVIER applying {pattern=/config-servier/**} to Path
2026-03-27T10:08:34.840+05:30 DEBUG 4660 --- [Api-Gateway] [reshExecutor-%d] o.s.c.g.r.RouteDefinitionRouteLocator    : RouteDefinition ReactiveCompositeDiscoveryClient_CONFIG-SERVIER applying filter {regexp=/config-servier/?(?<remaining>.*), replacement=/${remaining}} to RewritePath
2026-03-27T10:08:34.842+05:30 DEBUG 4660 --- [Api-Gateway] [reshExecutor-%d] o.s.c.g.r.RouteDefinitionRouteLocator    : RouteDefinition matched: ReactiveCompositeDiscoveryClient_CONFIG-SERVIER
2026-03-27T10:08:34.843+05:30 DEBUG 4660 --- [Api-Gateway] [reshExecutor-%d] o.s.c.g.r.RouteDefinitionRouteLocator    : RouteDefinition ReactiveCompositeDiscoveryClient_API-GATEWAY applying {pattern=/api-gateway/**} to Path
2026-03-27T10:08:34.845+05:30 DEBUG 4660 --- [Api-Gateway] [reshExecutor-%d] o.s.c.g.r.RouteDefinitionRouteLocator    : RouteDefinition ReactiveCompositeDiscoveryClient_API-GATEWAY applying filter {regexp=/api-gateway/?(?<remaining>.*), replacement=/${remaining}} to RewritePath
2026-03-27T10:08:34.847+05:30 DEBUG 4660 --- [Api-Gateway] [reshExecutor-%d] o.s.c.g.r.RouteDefinitionRouteLocator    : RouteDefinition matched: ReactiveCompositeDiscoveryClient_API-GATEWAY
2026-03-27T10:08:34.847+05:30 DEBUG 4660 --- [Api-Gateway] [reshExecutor-%d] o.s.c.g.r.RouteDefinitionRouteLocator    : RouteDefinition ReactiveCompositeDiscoveryClient_REWARDS-SERVICE applying {pattern=/rewards-service/**} to Path
2026-03-27T10:08:34.849+05:30 DEBUG 4660 --- [Api-Gateway] [reshExecutor-%d] o.s.c.g.r.RouteDefinitionRouteLocator    : RouteDefinition ReactiveCompositeDiscoveryClient_REWARDS-SERVICE applying filter {regexp=/rewards-service/?(?<remaining>.*), replacement=/${remaining}} to RewritePath
2026-03-27T10:08:34.850+05:30 DEBUG 4660 --- [Api-Gateway] [reshExecutor-%d] o.s.c.g.r.RouteDefinitionRouteLocator    : RouteDefinition matched: ReactiveCompositeDiscoveryClient_REWARDS-SERVICE
2026-03-27T10:08:34.851+05:30 DEBUG 4660 --- [Api-Gateway] [reshExecutor-%d] o.s.c.g.r.RouteDefinitionRouteLocator    : RouteDefinition ReactiveCompositeDiscoveryClient_KYC-SERVICE applying {pattern=/kyc-service/**} to Path
2026-03-27T10:08:34.852+05:30 DEBUG 4660 --- [Api-Gateway] [reshExecutor-%d] o.s.c.g.r.RouteDefinitionRouteLocator    : RouteDefinition ReactiveCompositeDiscoveryClient_KYC-SERVICE applying filter {regexp=/kyc-service/?(?<remaining>.*), replacement=/${remaining}} to RewritePath
2026-03-27T10:08:34.854+05:30 DEBUG 4660 --- [Api-Gateway] [reshExecutor-%d] o.s.c.g.r.RouteDefinitionRouteLocator    : RouteDefinition matched: ReactiveCompositeDiscoveryClient_KYC-SERVICE
2026-03-27T10:08:34.854+05:30 DEBUG 4660 --- [Api-Gateway] [reshExecutor-%d] o.s.c.g.r.RouteDefinitionRouteLocator    : RouteDefinition ReactiveCompositeDiscoveryClient_ADMIN-SERVICE applying {pattern=/admin-service/**} to Path
2026-03-27T10:08:34.855+05:30 DEBUG 4660 --- [Api-Gateway] [reshExecutor-%d] o.s.c.g.r.RouteDefinitionRouteLocator    : RouteDefinition ReactiveCompositeDiscoveryClient_ADMIN-SERVICE applying filter {regexp=/admin-service/?(?<remaining>.*), replacement=/${remaining}} to RewritePath
2026-03-27T10:08:34.856+05:30 DEBUG 4660 --- [Api-Gateway] [reshExecutor-%d] o.s.c.g.r.RouteDefinitionRouteLocator    : RouteDefinition matched: ReactiveCompositeDiscoveryClient_ADMIN-SERVICE
2026-03-27T10:08:34.857+05:30 DEBUG 4660 --- [Api-Gateway] [reshExecutor-%d] o.s.c.g.r.RouteDefinitionRouteLocator    : RouteDefinition ReactiveCompositeDiscoveryClient_TRANSACTION-SERVICE applying {pattern=/transaction-service/**} to Path
2026-03-27T10:08:34.858+05:30 DEBUG 4660 --- [Api-Gateway] [reshExecutor-%d] o.s.c.g.r.RouteDefinitionRouteLocator    : RouteDefinition ReactiveCompositeDiscoveryClient_TRANSACTION-SERVICE applying filter {regexp=/transaction-service/?(?<remaining>.*), replacement=/${remaining}} to RewritePath
2026-03-27T10:08:34.859+05:30 DEBUG 4660 --- [Api-Gateway] [reshExecutor-%d] o.s.c.g.r.RouteDefinitionRouteLocator    : RouteDefinition matched: ReactiveCompositeDiscoveryClient_TRANSACTION-SERVICE
2026-03-27T10:08:34.859+05:30 DEBUG 4660 --- [Api-Gateway] [reshExecutor-%d] o.s.c.g.r.RouteDefinitionRouteLocator    : RouteDefinition ReactiveCompositeDiscoveryClient_WALLET-SERVICE applying {pattern=/wallet-service/**} to Path
2026-03-27T10:08:34.860+05:30 DEBUG 4660 --- [Api-Gateway] [reshExecutor-%d] o.s.c.g.r.RouteDefinitionRouteLocator    : RouteDefinition ReactiveCompositeDiscoveryClient_WALLET-SERVICE applying filter {regexp=/wallet-service/?(?<remaining>.*), replacement=/${remaining}} to RewritePath
2026-03-27T10:08:34.860+05:30 DEBUG 4660 --- [Api-Gateway] [reshExecutor-%d] o.s.c.g.r.RouteDefinitionRouteLocator    : RouteDefinition matched: ReactiveCompositeDiscoveryClient_WALLET-SERVICE
2026-03-27T10:08:34.861+05:30 DEBUG 4660 --- [Api-Gateway] [reshExecutor-%d] o.s.c.g.r.RouteDefinitionRouteLocator    : RouteDefinition ReactiveCompositeDiscoveryClient_NOTIFICATION-SERVICE applying {pattern=/notification-service/**} to Path
2026-03-27T10:08:34.861+05:30 DEBUG 4660 --- [Api-Gateway] [reshExecutor-%d] o.s.c.g.r.RouteDefinitionRouteLocator    : RouteDefinition ReactiveCompositeDiscoveryClient_NOTIFICATION-SERVICE applying filter {regexp=/notification-service/?(?<remaining>.*), replacement=/${remaining}} to RewritePath
2026-03-27T10:08:34.862+05:30 DEBUG 4660 --- [Api-Gateway] [reshExecutor-%d] o.s.c.g.r.RouteDefinitionRouteLocator    : RouteDefinition matched: ReactiveCompositeDiscoveryClient_NOTIFICATION-SERVICE
2026-03-27T10:08:34.862+05:30 DEBUG 4660 --- [Api-Gateway] [reshExecutor-%d] o.s.c.g.r.RouteDefinitionRouteLocator    : RouteDefinition ReactiveCompositeDiscoveryClient_USER-SERVICE applying {pattern=/user-service/**} to Path
2026-03-27T10:08:34.863+05:30 DEBUG 4660 --- [Api-Gateway] [reshExecutor-%d] o.s.c.g.r.RouteDefinitionRouteLocator    : RouteDefinition ReactiveCompositeDiscoveryClient_USER-SERVICE applying filter {regexp=/user-service/?(?<remaining>.*), replacement=/${remaining}} to RewritePath
2026-03-27T10:08:34.863+05:30 DEBUG 4660 --- [Api-Gateway] [reshExecutor-%d] o.s.c.g.r.RouteDefinitionRouteLocator    : RouteDefinition matched: ReactiveCompositeDiscoveryClient_USER-SERVICE
2026-03-27T10:08:34.863+05:30 DEBUG 4660 --- [Api-Gateway] [reshExecutor-%d] o.s.c.g.r.RouteDefinitionRouteLocator    : RouteDefinition ReactiveCompositeDiscoveryClient_PAYMENT-SERVICES applying {pattern=/payment-services/**} to Path
2026-03-27T10:08:34.864+05:30 DEBUG 4660 --- [Api-Gateway] [reshExecutor-%d] o.s.c.g.r.RouteDefinitionRouteLocator    : RouteDefinition ReactiveCompositeDiscoveryClient_PAYMENT-SERVICES applying filter {regexp=/payment-services/?(?<remaining>.*), replacement=/${remaining}} to RewritePath
2026-03-27T10:08:34.864+05:30 DEBUG 4660 --- [Api-Gateway] [reshExecutor-%d] o.s.c.g.r.RouteDefinitionRouteLocator    : RouteDefinition matched: ReactiveCompositeDiscoveryClient_PAYMENT-SERVICES
2026-03-27T10:08:34.864+05:30 DEBUG 4660 --- [Api-Gateway] [reshExecutor-%d] o.s.c.g.r.RouteDefinitionRouteLocator    : RouteDefinition AUTH-SERVICE applying {_genkey_0=/auth/**} to Path
2026-03-27T10:08:34.865+05:30 DEBUG 4660 --- [Api-Gateway] [reshExecutor-%d] o.s.c.g.r.RouteDefinitionRouteLocator    : RouteDefinition matched: AUTH-SERVICE
2026-03-27T10:08:34.865+05:30 DEBUG 4660 --- [Api-Gateway] [reshExecutor-%d] o.s.c.g.r.RouteDefinitionRouteLocator    : RouteDefinition ADMIN-SERVICE applying {_genkey_0=/admin/**} to Path
2026-03-27T10:08:34.865+05:30 DEBUG 4660 --- [Api-Gateway] [reshExecutor-%d] o.s.c.g.r.RouteDefinitionRouteLocator    : RouteDefinition matched: ADMIN-SERVICE
2026-03-27T10:08:34.865+05:30 DEBUG 4660 --- [Api-Gateway] [reshExecutor-%d] o.s.c.g.r.RouteDefinitionRouteLocator    : RouteDefinition KYC-SERVICE applying {_genkey_0=/kyc/**} to Path
2026-03-27T10:08:34.866+05:30 DEBUG 4660 --- [Api-Gateway] [reshExecutor-%d] o.s.c.g.r.RouteDefinitionRouteLocator    : RouteDefinition matched: KYC-SERVICE
2026-03-27T10:08:34.866+05:30 DEBUG 4660 --- [Api-Gateway] [reshExecutor-%d] o.s.c.g.r.RouteDefinitionRouteLocator    : RouteDefinition PAYMENT-SERVICES applying {_genkey_0=/api/payments/**} to Path
2026-03-27T10:08:34.867+05:30 DEBUG 4660 --- [Api-Gateway] [reshExecutor-%d] o.s.c.g.r.RouteDefinitionRouteLocator    : RouteDefinition PAYMENT-SERVICES applying filter {_genkey_0=name:paymentCircuitBreaker, _genkey_1=fallbackUri:forward:/fallback/payment} to CircuitBreaker
2026-03-27T10:08:34.868+05:30 DEBUG 4660 --- [Api-Gateway] [reshExecutor-%d] o.s.c.g.r.RouteDefinitionRouteLocator    : RouteDefinition matched: PAYMENT-SERVICES
2026-03-27T10:08:34.868+05:30 DEBUG 4660 --- [Api-Gateway] [reshExecutor-%d] o.s.c.g.r.RouteDefinitionRouteLocator    : RouteDefinition WALLET-SERVICE applying {_genkey_0=/api/wallets/**} to Path
2026-03-27T10:08:34.869+05:30 DEBUG 4660 --- [Api-Gateway] [reshExecutor-%d] o.s.c.g.r.RouteDefinitionRouteLocator    : RouteDefinition WALLET-SERVICE applying filter {_genkey_0=name:walletCircuitBreaker, _genkey_1=fallbackUri:forward:/fallback/general} to CircuitBreaker
2026-03-27T10:08:34.869+05:30 DEBUG 4660 --- [Api-Gateway] [reshExecutor-%d] o.s.c.g.r.RouteDefinitionRouteLocator    : RouteDefinition matched: WALLET-SERVICE
2026-03-27T10:08:34.869+05:30 DEBUG 4660 --- [Api-Gateway] [reshExecutor-%d] o.s.c.g.r.RouteDefinitionRouteLocator    : RouteDefinition TRANSACTION-SERVICE applying {_genkey_0=/api/transaction/**} to Path
2026-03-27T10:08:34.869+05:30 DEBUG 4660 --- [Api-Gateway] [reshExecutor-%d] o.s.c.g.r.RouteDefinitionRouteLocator    : RouteDefinition TRANSACTION-SERVICE applying filter {_genkey_0=name:transactionCircuitBreaker, _genkey_1=fallbackUri:forward:/fallback/general} to CircuitBreaker
2026-03-27T10:08:34.869+05:30 DEBUG 4660 --- [Api-Gateway] [reshExecutor-%d] o.s.c.g.r.RouteDefinitionRouteLocator    : RouteDefinition matched: TRANSACTION-SERVICE
2026-03-27T10:08:34.871+05:30 DEBUG 4660 --- [Api-Gateway] [reshExecutor-%d] o.s.c.g.r.RouteDefinitionRouteLocator    : RouteDefinition REWARDS-SERVICE applying {_genkey_0=/api/rewards/**} to Path
2026-03-27T10:08:34.871+05:30 DEBUG 4660 --- [Api-Gateway] [reshExecutor-%d] o.s.c.g.r.RouteDefinitionRouteLocator    : RouteDefinition REWARDS-SERVICE applying filter {_genkey_0=name:rewardCircuitBreaker, _genkey_1=fallbackUri:forward:/fallback/reward} to CircuitBreaker
2026-03-27T10:08:34.871+05:30 DEBUG 4660 --- [Api-Gateway] [reshExecutor-%d] o.s.c.g.r.RouteDefinitionRouteLocator    : RouteDefinition matched: REWARDS-SERVICE
2026-03-27T10:08:34.872+05:30 DEBUG 4660 --- [Api-Gateway] [reshExecutor-%d] o.s.c.g.r.RouteDefinitionRouteLocator    : RouteDefinition NOTIFICATION-SERVICE applying {_genkey_0=/api/notifications/**} to Path
2026-03-27T10:08:34.872+05:30 DEBUG 4660 --- [Api-Gateway] [reshExecutor-%d] o.s.c.g.r.RouteDefinitionRouteLocator    : RouteDefinition NOTIFICATION-SERVICE applying filter {_genkey_0=name:notificationCircuitBreaker, _genkey_1=fallbackUri:forward:/fallback/general} to CircuitBreaker
2026-03-27T10:08:34.872+05:30 DEBUG 4660 --- [Api-Gateway] [reshExecutor-%d] o.s.c.g.r.RouteDefinitionRouteLocator    : RouteDefinition matched: NOTIFICATION-SERVICE
2026-03-27T10:08:34.872+05:30 DEBUG 4660 --- [Api-Gateway] [reshExecutor-%d] o.s.c.g.r.RouteDefinitionRouteLocator    : RouteDefinition USER-SERVICE applying {_genkey_0=/users/**} to Path
2026-03-27T10:08:34.872+05:30 DEBUG 4660 --- [Api-Gateway] [reshExecutor-%d] o.s.c.g.r.RouteDefinitionRouteLocator    : RouteDefinition matched: USER-SERVICE
2026-03-27T10:08:34.873+05:30 DEBUG 4660 --- [Api-Gateway] [reshExecutor-%d] o.s.c.g.filter.GatewayMetricsFilter      : New routes count: 19
2026-03-27T10:09:00.251+05:30  INFO 4660 --- [Api-Gateway] [rap-executor-%d] c.n.d.s.r.aws.ConfigClusterResolver      : Resolving eureka endpoints via configuration
2026-03-27T10:09:04.905+05:30 DEBUG 4660 --- [Api-Gateway] [reshExecutor-%d] o.s.c.g.r.RouteDefinitionRouteLocator    : RouteDefinition ReactiveCompositeDiscoveryClient_CONFIG-SERVIER applying {pattern=/config-servier/**} to Path
2026-03-27T10:09:04.910+05:30 DEBUG 4660 --- [Api-Gateway] [reshExecutor-%d] o.s.c.g.r.RouteDefinitionRouteLocator    : RouteDefinition ReactiveCompositeDiscoveryClient_CONFIG-SERVIER applying filter {regexp=/config-servier/?(?<remaining>.*), replacement=/${remaining}} to RewritePath
2026-03-27T10:09:04.911+05:30 DEBUG 4660 --- [Api-Gateway] [reshExecutor-%d] o.s.c.g.r.RouteDefinitionRouteLocator    : RouteDefinition matched: ReactiveCompositeDiscoveryClient_CONFIG-SERVIER
2026-03-27T10:09:04.912+05:30 DEBUG 4660 --- [Api-Gateway] [reshExecutor-%d] o.s.c.g.r.RouteDefinitionRouteLocator    : RouteDefinition ReactiveCompositeDiscoveryClient_API-GATEWAY applying {pattern=/api-gateway/**} to Path
2026-03-27T10:09:04.913+05:30 DEBUG 4660 --- [Api-Gateway] [reshExecutor-%d] o.s.c.g.r.RouteDefinitionRouteLocator    : RouteDefinition ReactiveCompositeDiscoveryClient_API-GATEWAY applying filter {regexp=/api-gateway/?(?<remaining>.*), replacement=/${remaining}} to RewritePath
2026-03-27T10:09:04.915+05:30 DEBUG 4660 --- [Api-Gateway] [reshExecutor-%d] o.s.c.g.r.RouteDefinitionRouteLocator    : RouteDefinition matched: ReactiveCompositeDiscoveryClient_API-GATEWAY
2026-03-27T10:09:04.916+05:30 DEBUG 4660 --- [Api-Gateway] [reshExecutor-%d] o.s.c.g.r.RouteDefinitionRouteLocator    : RouteDefinition ReactiveCompositeDiscoveryClient_REWARDS-SERVICE applying {pattern=/rewards-service/**} to Path
2026-03-27T10:09:04.917+05:30 DEBUG 4660 --- [Api-Gateway] [reshExecutor-%d] o.s.c.g.r.RouteDefinitionRouteLocator    : RouteDefinition ReactiveCompositeDiscoveryClient_REWARDS-SERVICE applying filter {regexp=/rewards-service/?(?<remaining>.*), replacement=/${remaining}} to RewritePath
2026-03-27T10:09:04.918+05:30 DEBUG 4660 --- [Api-Gateway] [reshExecutor-%d] o.s.c.g.r.RouteDefinitionRouteLocator    : RouteDefinition matched: ReactiveCompositeDiscoveryClient_REWARDS-SERVICE
2026-03-27T10:09:04.919+05:30 DEBUG 4660 --- [Api-Gateway] [reshExecutor-%d] o.s.c.g.r.RouteDefinitionRouteLocator    : RouteDefinition ReactiveCompositeDiscoveryClient_KYC-SERVICE applying {pattern=/kyc-service/**} to Path
2026-03-27T10:09:04.920+05:30 DEBUG 4660 --- [Api-Gateway] [reshExecutor-%d] o.s.c.g.r.RouteDefinitionRouteLocator    : RouteDefinition ReactiveCompositeDiscoveryClient_KYC-SERVICE applying filter {regexp=/kyc-service/?(?<remaining>.*), replacement=/${remaining}} to RewritePath
2026-03-27T10:09:04.921+05:30 DEBUG 4660 --- [Api-Gateway] [reshExecutor-%d] o.s.c.g.r.RouteDefinitionRouteLocator    : RouteDefinition matched: ReactiveCompositeDiscoveryClient_KYC-SERVICE
2026-03-27T10:09:04.922+05:30 DEBUG 4660 --- [Api-Gateway] [reshExecutor-%d] o.s.c.g.r.RouteDefinitionRouteLocator    : RouteDefinition ReactiveCompositeDiscoveryClient_ADMIN-SERVICE applying {pattern=/admin-service/**} to Path
2026-03-27T10:09:04.923+05:30 DEBUG 4660 --- [Api-Gateway] [reshExecutor-%d] o.s.c.g.r.RouteDefinitionRouteLocator    : RouteDefinition ReactiveCompositeDiscoveryClient_ADMIN-SERVICE applying filter {regexp=/admin-service/?(?<remaining>.*), replacement=/${remaining}} to RewritePath
2026-03-27T10:09:04.924+05:30 DEBUG 4660 --- [Api-Gateway] [reshExecutor-%d] o.s.c.g.r.RouteDefinitionRouteLocator    : RouteDefinition matched: ReactiveCompositeDiscoveryClient_ADMIN-SERVICE
2026-03-27T10:09:04.925+05:30 DEBUG 4660 --- [Api-Gateway] [reshExecutor-%d] o.s.c.g.r.RouteDefinitionRouteLocator    : RouteDefinition ReactiveCompositeDiscoveryClient_TRANSACTION-SERVICE applying {pattern=/transaction-service/**} to Path
2026-03-27T10:09:04.925+05:30 DEBUG 4660 --- [Api-Gateway] [reshExecutor-%d] o.s.c.g.r.RouteDefinitionRouteLocator    : RouteDefinition ReactiveCompositeDiscoveryClient_TRANSACTION-SERVICE applying filter {regexp=/transaction-service/?(?<remaining>.*), replacement=/${remaining}} to RewritePath
2026-03-27T10:09:04.929+05:30 DEBUG 4660 --- [Api-Gateway] [reshExecutor-%d] o.s.c.g.r.RouteDefinitionRouteLocator    : RouteDefinition matched: ReactiveCompositeDiscoveryClient_TRANSACTION-SERVICE
2026-03-27T10:09:04.929+05:30 DEBUG 4660 --- [Api-Gateway] [reshExecutor-%d] o.s.c.g.r.RouteDefinitionRouteLocator    : RouteDefinition ReactiveCompositeDiscoveryClient_WALLET-SERVICE applying {pattern=/wallet-service/**} to Path
2026-03-27T10:09:04.930+05:30 DEBUG 4660 --- [Api-Gateway] [reshExecutor-%d] o.s.c.g.r.RouteDefinitionRouteLocator    : RouteDefinition ReactiveCompositeDiscoveryClient_WALLET-SERVICE applying filter {regexp=/wallet-service/?(?<remaining>.*), replacement=/${remaining}} to RewritePath
2026-03-27T10:09:04.931+05:30 DEBUG 4660 --- [Api-Gateway] [reshExecutor-%d] o.s.c.g.r.RouteDefinitionRouteLocator    : RouteDefinition matched: ReactiveCompositeDiscoveryClient_WALLET-SERVICE
2026-03-27T10:09:04.932+05:30 DEBUG 4660 --- [Api-Gateway] [reshExecutor-%d] o.s.c.g.r.RouteDefinitionRouteLocator    : RouteDefinition ReactiveCompositeDiscoveryClient_NOTIFICATION-SERVICE applying {pattern=/notification-service/**} to Path
2026-03-27T10:09:04.933+05:30 DEBUG 4660 --- [Api-Gateway] [reshExecutor-%d] o.s.c.g.r.RouteDefinitionRouteLocator    : RouteDefinition ReactiveCompositeDiscoveryClient_NOTIFICATION-SERVICE applying filter {regexp=/notification-service/?(?<remaining>.*), replacement=/${remaining}} to RewritePath
2026-03-27T10:09:04.934+05:30 DEBUG 4660 --- [Api-Gateway] [reshExecutor-%d] o.s.c.g.r.RouteDefinitionRouteLocator    : RouteDefinition matched: ReactiveCompositeDiscoveryClient_NOTIFICATION-SERVICE
2026-03-27T10:09:04.935+05:30 DEBUG 4660 --- [Api-Gateway] [reshExecutor-%d] o.s.c.g.r.RouteDefinitionRouteLocator    : RouteDefinition ReactiveCompositeDiscoveryClient_USER-SERVICE applying {pattern=/user-service/**} to Path
2026-03-27T10:09:04.936+05:30 DEBUG 4660 --- [Api-Gateway] [reshExecutor-%d] o.s.c.g.r.RouteDefinitionRouteLocator    : RouteDefinition ReactiveCompositeDiscoveryClient_USER-SERVICE applying filter {regexp=/user-service/?(?<remaining>.*), replacement=/${remaining}} to RewritePath
2026-03-27T10:09:04.937+05:30 DEBUG 4660 --- [Api-Gateway] [reshExecutor-%d] o.s.c.g.r.RouteDefinitionRouteLocator    : RouteDefinition matched: ReactiveCompositeDiscoveryClient_USER-SERVICE
2026-03-27T10:09:04.937+05:30 DEBUG 4660 --- [Api-Gateway] [reshExecutor-%d] o.s.c.g.r.RouteDefinitionRouteLocator    : RouteDefinition ReactiveCompositeDiscoveryClient_PAYMENT-SERVICES applying {pattern=/payment-services/**} to Path
2026-03-27T10:09:04.938+05:30 DEBUG 4660 --- [Api-Gateway] [reshExecutor-%d] o.s.c.g.r.RouteDefinitionRouteLocator    : RouteDefinition ReactiveCompositeDiscoveryClient_PAYMENT-SERVICES applying filter {regexp=/payment-services/?(?<remaining>.*), replacement=/${remaining}} to RewritePath
2026-03-27T10:09:04.939+05:30 DEBUG 4660 --- [Api-Gateway] [reshExecutor-%d] o.s.c.g.r.RouteDefinitionRouteLocator    : RouteDefinition matched: ReactiveCompositeDiscoveryClient_PAYMENT-SERVICES
2026-03-27T10:09:04.940+05:30 DEBUG 4660 --- [Api-Gateway] [reshExecutor-%d] o.s.c.g.r.RouteDefinitionRouteLocator    : RouteDefinition AUTH-SERVICE applying {_genkey_0=/auth/**} to Path
2026-03-27T10:09:04.940+05:30 DEBUG 4660 --- [Api-Gateway] [reshExecutor-%d] o.s.c.g.r.RouteDefinitionRouteLocator    : RouteDefinition matched: AUTH-SERVICE
2026-03-27T10:09:04.940+05:30 DEBUG 4660 --- [Api-Gateway] [reshExecutor-%d] o.s.c.g.r.RouteDefinitionRouteLocator    : RouteDefinition ADMIN-SERVICE applying {_genkey_0=/admin/**} to Path
2026-03-27T10:09:04.942+05:30 DEBUG 4660 --- [Api-Gateway] [reshExecutor-%d] o.s.c.g.r.RouteDefinitionRouteLocator    : RouteDefinition matched: ADMIN-SERVICE
2026-03-27T10:09:04.943+05:30 DEBUG 4660 --- [Api-Gateway] [reshExecutor-%d] o.s.c.g.r.RouteDefinitionRouteLocator    : RouteDefinition KYC-SERVICE applying {_genkey_0=/kyc/**} to Path
2026-03-27T10:09:04.943+05:30 DEBUG 4660 --- [Api-Gateway] [reshExecutor-%d] o.s.c.g.r.RouteDefinitionRouteLocator    : RouteDefinition matched: KYC-SERVICE
2026-03-27T10:09:04.944+05:30 DEBUG 4660 --- [Api-Gateway] [reshExecutor-%d] o.s.c.g.r.RouteDefinitionRouteLocator    : RouteDefinition PAYMENT-SERVICES applying {_genkey_0=/api/payments/**} to Path
2026-03-27T10:09:04.944+05:30 DEBUG 4660 --- [Api-Gateway] [reshExecutor-%d] o.s.c.g.r.RouteDefinitionRouteLocator    : RouteDefinition PAYMENT-SERVICES applying filter {_genkey_0=name:paymentCircuitBreaker, _genkey_1=fallbackUri:forward:/fallback/payment} to CircuitBreaker
2026-03-27T10:09:04.945+05:30 DEBUG 4660 --- [Api-Gateway] [reshExecutor-%d] o.s.c.g.r.RouteDefinitionRouteLocator    : RouteDefinition matched: PAYMENT-SERVICES
2026-03-27T10:09:04.945+05:30 DEBUG 4660 --- [Api-Gateway] [reshExecutor-%d] o.s.c.g.r.RouteDefinitionRouteLocator    : RouteDefinition WALLET-SERVICE applying {_genkey_0=/api/wallets/**} to Path
2026-03-27T10:09:04.945+05:30 DEBUG 4660 --- [Api-Gateway] [reshExecutor-%d] o.s.c.g.r.RouteDefinitionRouteLocator    : RouteDefinition WALLET-SERVICE applying filter {_genkey_0=name:walletCircuitBreaker, _genkey_1=fallbackUri:forward:/fallback/general} to CircuitBreaker
2026-03-27T10:09:04.946+05:30 DEBUG 4660 --- [Api-Gateway] [reshExecutor-%d] o.s.c.g.r.RouteDefinitionRouteLocator    : RouteDefinition matched: WALLET-SERVICE
2026-03-27T10:09:04.947+05:30 DEBUG 4660 --- [Api-Gateway] [reshExecutor-%d] o.s.c.g.r.RouteDefinitionRouteLocator    : RouteDefinition TRANSACTION-SERVICE applying {_genkey_0=/api/transaction/**} to Path
2026-03-27T10:09:04.948+05:30 DEBUG 4660 --- [Api-Gateway] [reshExecutor-%d] o.s.c.g.r.RouteDefinitionRouteLocator    : RouteDefinition TRANSACTION-SERVICE applying filter {_genkey_0=name:transactionCircuitBreaker, _genkey_1=fallbackUri:forward:/fallback/general} to CircuitBreaker
2026-03-27T10:09:04.948+05:30 DEBUG 4660 --- [Api-Gateway] [reshExecutor-%d] o.s.c.g.r.RouteDefinitionRouteLocator    : RouteDefinition matched: TRANSACTION-SERVICE
2026-03-27T10:09:04.950+05:30 DEBUG 4660 --- [Api-Gateway] [reshExecutor-%d] o.s.c.g.r.RouteDefinitionRouteLocator    : RouteDefinition REWARDS-SERVICE applying {_genkey_0=/api/rewards/**} to Path
2026-03-27T10:09:04.950+05:30 DEBUG 4660 --- [Api-Gateway] [reshExecutor-%d] o.s.c.g.r.RouteDefinitionRouteLocator    : RouteDefinition REWARDS-SERVICE applying filter {_genkey_0=name:rewardCircuitBreaker, _genkey_1=fallbackUri:forward:/fallback/reward} to CircuitBreaker
2026-03-27T10:09:04.951+05:30 DEBUG 4660 --- [Api-Gateway] [reshExecutor-%d] o.s.c.g.r.RouteDefinitionRouteLocator    : RouteDefinition matched: REWARDS-SERVICE
2026-03-27T10:09:04.951+05:30 DEBUG 4660 --- [Api-Gateway] [reshExecutor-%d] o.s.c.g.r.RouteDefinitionRouteLocator    : RouteDefinition NOTIFICATION-SERVICE applying {_genkey_0=/api/notifications/**} to Path
2026-03-27T10:09:04.951+05:30 DEBUG 4660 --- [Api-Gateway] [reshExecutor-%d] o.s.c.g.r.RouteDefinitionRouteLocator    : RouteDefinition NOTIFICATION-SERVICE applying filter {_genkey_0=name:notificationCircuitBreaker, _genkey_1=fallbackUri:forward:/fallback/general} to CircuitBreaker
2026-03-27T10:09:04.952+05:30 DEBUG 4660 --- [Api-Gateway] [reshExecutor-%d] o.s.c.g.r.RouteDefinitionRouteLocator    : RouteDefinition matched: NOTIFICATION-SERVICE
2026-03-27T10:09:04.952+05:30 DEBUG 4660 --- [Api-Gateway] [reshExecutor-%d] o.s.c.g.r.RouteDefinitionRouteLocator    : RouteDefinition USER-SERVICE applying {_genkey_0=/users/**} to Path
2026-03-27T10:09:04.952+05:30 DEBUG 4660 --- [Api-Gateway] [reshExecutor-%d] o.s.c.g.r.RouteDefinitionRouteLocator    : RouteDefinition matched: USER-SERVICE
2026-03-27T10:09:04.953+05:30 DEBUG 4660 --- [Api-Gateway] [reshExecutor-%d] o.s.c.g.filter.GatewayMetricsFilter      : New routes count: 19
2026-03-27T10:09:34.988+05:30 DEBUG 4660 --- [Api-Gateway] [reshExecutor-%d] o.s.c.g.r.RouteDefinitionRouteLocator    : RouteDefinition ReactiveCompositeDiscoveryClient_CONFIG-SERVIER applying {pattern=/config-servier/**} to Path
2026-03-27T10:09:34.994+05:30 DEBUG 4660 --- [Api-Gateway] [reshExecutor-%d] o.s.c.g.r.RouteDefinitionRouteLocator    : RouteDefinition ReactiveCompositeDiscoveryClient_CONFIG-SERVIER applying filter {regexp=/config-servier/?(?<remaining>.*), replacement=/${remaining}} to RewritePath
2026-03-27T10:09:34.996+05:30 DEBUG 4660 --- [Api-Gateway] [reshExecutor-%d] o.s.c.g.r.RouteDefinitionRouteLocator    : RouteDefinition matched: ReactiveCompositeDiscoveryClient_CONFIG-SERVIER
2026-03-27T10:09:34.997+05:30 DEBUG 4660 --- [Api-Gateway] [reshExecutor-%d] o.s.c.g.r.RouteDefinitionRouteLocator    : RouteDefinition ReactiveCompositeDiscoveryClient_API-GATEWAY applying {pattern=/api-gateway/**} to Path
2026-03-27T10:09:34.998+05:30 DEBUG 4660 --- [Api-Gateway] [reshExecutor-%d] o.s.c.g.r.RouteDefinitionRouteLocator    : RouteDefinition ReactiveCompositeDiscoveryClient_API-GATEWAY applying filter {regexp=/api-gateway/?(?<remaining>.*), replacement=/${remaining}} to RewritePath
2026-03-27T10:09:34.999+05:30 DEBUG 4660 --- [Api-Gateway] [reshExecutor-%d] o.s.c.g.r.RouteDefinitionRouteLocator    : RouteDefinition matched: ReactiveCompositeDiscoveryClient_API-GATEWAY
2026-03-27T10:09:34.999+05:30 DEBUG 4660 --- [Api-Gateway] [reshExecutor-%d] o.s.c.g.r.RouteDefinitionRouteLocator    : RouteDefinition ReactiveCompositeDiscoveryClient_REWARDS-SERVICE applying {pattern=/rewards-service/**} to Path
2026-03-27T10:09:35.000+05:30 DEBUG 4660 --- [Api-Gateway] [reshExecutor-%d] o.s.c.g.r.RouteDefinitionRouteLocator    : RouteDefinition ReactiveCompositeDiscoveryClient_REWARDS-SERVICE applying filter {regexp=/rewards-service/?(?<remaining>.*), replacement=/${remaining}} to RewritePath
2026-03-27T10:09:35.001+05:30 DEBUG 4660 --- [Api-Gateway] [reshExecutor-%d] o.s.c.g.r.RouteDefinitionRouteLocator    : RouteDefinition matched: ReactiveCompositeDiscoveryClient_REWARDS-SERVICE
2026-03-27T10:09:35.002+05:30 DEBUG 4660 --- [Api-Gateway] [reshExecutor-%d] o.s.c.g.r.RouteDefinitionRouteLocator    : RouteDefinition ReactiveCompositeDiscoveryClient_KYC-SERVICE applying {pattern=/kyc-service/**} to Path
2026-03-27T10:09:35.003+05:30 DEBUG 4660 --- [Api-Gateway] [reshExecutor-%d] o.s.c.g.r.RouteDefinitionRouteLocator    : RouteDefinition ReactiveCompositeDiscoveryClient_KYC-SERVICE applying filter {regexp=/kyc-service/?(?<remaining>.*), replacement=/${remaining}} to RewritePath
2026-03-27T10:09:35.004+05:30 DEBUG 4660 --- [Api-Gateway] [reshExecutor-%d] o.s.c.g.r.RouteDefinitionRouteLocator    : RouteDefinition matched: ReactiveCompositeDiscoveryClient_KYC-SERVICE
2026-03-27T10:09:35.005+05:30 DEBUG 4660 --- [Api-Gateway] [reshExecutor-%d] o.s.c.g.r.RouteDefinitionRouteLocator    : RouteDefinition ReactiveCompositeDiscoveryClient_ADMIN-SERVICE applying {pattern=/admin-service/**} to Path
2026-03-27T10:09:35.005+05:30 DEBUG 4660 --- [Api-Gateway] [reshExecutor-%d] o.s.c.g.r.RouteDefinitionRouteLocator    : RouteDefinition ReactiveCompositeDiscoveryClient_ADMIN-SERVICE applying filter {regexp=/admin-service/?(?<remaining>.*), replacement=/${remaining}} to RewritePath
2026-03-27T10:09:35.006+05:30 DEBUG 4660 --- [Api-Gateway] [reshExecutor-%d] o.s.c.g.r.RouteDefinitionRouteLocator    : RouteDefinition matched: ReactiveCompositeDiscoveryClient_ADMIN-SERVICE
2026-03-27T10:09:35.006+05:30 DEBUG 4660 --- [Api-Gateway] [reshExecutor-%d] o.s.c.g.r.RouteDefinitionRouteLocator    : RouteDefinition ReactiveCompositeDiscoveryClient_TRANSACTION-SERVICE applying {pattern=/transaction-service/**} to Path
2026-03-27T10:09:35.007+05:30 DEBUG 4660 --- [Api-Gateway] [reshExecutor-%d] o.s.c.g.r.RouteDefinitionRouteLocator    : RouteDefinition ReactiveCompositeDiscoveryClient_TRANSACTION-SERVICE applying filter {regexp=/transaction-service/?(?<remaining>.*), replacement=/${remaining}} to RewritePath
2026-03-27T10:09:35.008+05:30 DEBUG 4660 --- [Api-Gateway] [reshExecutor-%d] o.s.c.g.r.RouteDefinitionRouteLocator    : RouteDefinition matched: ReactiveCompositeDiscoveryClient_TRANSACTION-SERVICE
2026-03-27T10:09:35.008+05:30 DEBUG 4660 --- [Api-Gateway] [reshExecutor-%d] o.s.c.g.r.RouteDefinitionRouteLocator    : RouteDefinition ReactiveCompositeDiscoveryClient_WALLET-SERVICE applying {pattern=/wallet-service/**} to Path
2026-03-27T10:09:35.010+05:30 DEBUG 4660 --- [Api-Gateway] [reshExecutor-%d] o.s.c.g.r.RouteDefinitionRouteLocator    : RouteDefinition ReactiveCompositeDiscoveryClient_WALLET-SERVICE applying filter {regexp=/wallet-service/?(?<remaining>.*), replacement=/${remaining}} to RewritePath
2026-03-27T10:09:35.011+05:30 DEBUG 4660 --- [Api-Gateway] [reshExecutor-%d] o.s.c.g.r.RouteDefinitionRouteLocator    : RouteDefinition matched: ReactiveCompositeDiscoveryClient_WALLET-SERVICE
2026-03-27T10:09:35.012+05:30 DEBUG 4660 --- [Api-Gateway] [reshExecutor-%d] o.s.c.g.r.RouteDefinitionRouteLocator    : RouteDefinition ReactiveCompositeDiscoveryClient_NOTIFICATION-SERVICE applying {pattern=/notification-service/**} to Path
2026-03-27T10:09:35.014+05:30 DEBUG 4660 --- [Api-Gateway] [reshExecutor-%d] o.s.c.g.r.RouteDefinitionRouteLocator    : RouteDefinition ReactiveCompositeDiscoveryClient_NOTIFICATION-SERVICE applying filter {regexp=/notification-service/?(?<remaining>.*), replacement=/${remaining}} to RewritePath
2026-03-27T10:09:35.015+05:30 DEBUG 4660 --- [Api-Gateway] [reshExecutor-%d] o.s.c.g.r.RouteDefinitionRouteLocator    : RouteDefinition matched: ReactiveCompositeDiscoveryClient_NOTIFICATION-SERVICE
2026-03-27T10:09:35.015+05:30 DEBUG 4660 --- [Api-Gateway] [reshExecutor-%d] o.s.c.g.r.RouteDefinitionRouteLocator    : RouteDefinition ReactiveCompositeDiscoveryClient_USER-SERVICE applying {pattern=/user-service/**} to Path
2026-03-27T10:09:35.016+05:30 DEBUG 4660 --- [Api-Gateway] [reshExecutor-%d] o.s.c.g.r.RouteDefinitionRouteLocator    : RouteDefinition ReactiveCompositeDiscoveryClient_USER-SERVICE applying filter {regexp=/user-service/?(?<remaining>.*), replacement=/${remaining}} to RewritePath
2026-03-27T10:09:35.018+05:30 DEBUG 4660 --- [Api-Gateway] [reshExecutor-%d] o.s.c.g.r.RouteDefinitionRouteLocator    : RouteDefinition matched: ReactiveCompositeDiscoveryClient_USER-SERVICE
2026-03-27T10:09:35.018+05:30 DEBUG 4660 --- [Api-Gateway] [reshExecutor-%d] o.s.c.g.r.RouteDefinitionRouteLocator    : RouteDefinition ReactiveCompositeDiscoveryClient_PAYMENT-SERVICES applying {pattern=/payment-services/**} to Path
2026-03-27T10:09:35.020+05:30 DEBUG 4660 --- [Api-Gateway] [reshExecutor-%d] o.s.c.g.r.RouteDefinitionRouteLocator    : RouteDefinition ReactiveCompositeDiscoveryClient_PAYMENT-SERVICES applying filter {regexp=/payment-services/?(?<remaining>.*), replacement=/${remaining}} to RewritePath
2026-03-27T10:09:35.020+05:30 DEBUG 4660 --- [Api-Gateway] [reshExecutor-%d] o.s.c.g.r.RouteDefinitionRouteLocator    : RouteDefinition matched: ReactiveCompositeDiscoveryClient_PAYMENT-SERVICES
2026-03-27T10:09:35.021+05:30 DEBUG 4660 --- [Api-Gateway] [reshExecutor-%d] o.s.c.g.r.RouteDefinitionRouteLocator    : RouteDefinition AUTH-SERVICE applying {_genkey_0=/auth/**} to Path
2026-03-27T10:09:35.022+05:30 DEBUG 4660 --- [Api-Gateway] [reshExecutor-%d] o.s.c.g.r.RouteDefinitionRouteLocator    : RouteDefinition matched: AUTH-SERVICE
2026-03-27T10:09:35.022+05:30 DEBUG 4660 --- [Api-Gateway] [reshExecutor-%d] o.s.c.g.r.RouteDefinitionRouteLocator    : RouteDefinition ADMIN-SERVICE applying {_genkey_0=/admin/**} to Path
2026-03-27T10:09:35.023+05:30 DEBUG 4660 --- [Api-Gateway] [reshExecutor-%d] o.s.c.g.r.RouteDefinitionRouteLocator    : RouteDefinition matched: ADMIN-SERVICE
2026-03-27T10:09:35.023+05:30 DEBUG 4660 --- [Api-Gateway] [reshExecutor-%d] o.s.c.g.r.RouteDefinitionRouteLocator    : RouteDefinition KYC-SERVICE applying {_genkey_0=/kyc/**} to Path
2026-03-27T10:09:35.024+05:30 DEBUG 4660 --- [Api-Gateway] [reshExecutor-%d] o.s.c.g.r.RouteDefinitionRouteLocator    : RouteDefinition matched: KYC-SERVICE
2026-03-27T10:09:35.025+05:30 DEBUG 4660 --- [Api-Gateway] [reshExecutor-%d] o.s.c.g.r.RouteDefinitionRouteLocator    : RouteDefinition PAYMENT-SERVICES applying {_genkey_0=/api/payments/**} to Path
2026-03-27T10:09:35.025+05:30 DEBUG 4660 --- [Api-Gateway] [reshExecutor-%d] o.s.c.g.r.RouteDefinitionRouteLocator    : RouteDefinition PAYMENT-SERVICES applying filter {_genkey_0=name:paymentCircuitBreaker, _genkey_1=fallbackUri:forward:/fallback/payment} to CircuitBreaker
2026-03-27T10:09:35.027+05:30 DEBUG 4660 --- [Api-Gateway] [reshExecutor-%d] o.s.c.g.r.RouteDefinitionRouteLocator    : RouteDefinition matched: PAYMENT-SERVICES
2026-03-27T10:09:35.027+05:30 DEBUG 4660 --- [Api-Gateway] [reshExecutor-%d] o.s.c.g.r.RouteDefinitionRouteLocator    : RouteDefinition WALLET-SERVICE applying {_genkey_0=/api/wallets/**} to Path
2026-03-27T10:09:35.028+05:30 DEBUG 4660 --- [Api-Gateway] [reshExecutor-%d] o.s.c.g.r.RouteDefinitionRouteLocator    : RouteDefinition WALLET-SERVICE applying filter {_genkey_0=name:walletCircuitBreaker, _genkey_1=fallbackUri:forward:/fallback/general} to CircuitBreaker
2026-03-27T10:09:35.028+05:30 DEBUG 4660 --- [Api-Gateway] [reshExecutor-%d] o.s.c.g.r.RouteDefinitionRouteLocator    : RouteDefinition matched: WALLET-SERVICE
2026-03-27T10:09:35.029+05:30 DEBUG 4660 --- [Api-Gateway] [reshExecutor-%d] o.s.c.g.r.RouteDefinitionRouteLocator    : RouteDefinition TRANSACTION-SERVICE applying {_genkey_0=/api/transaction/**} to Path
2026-03-27T10:09:35.029+05:30 DEBUG 4660 --- [Api-Gateway] [reshExecutor-%d] o.s.c.g.r.RouteDefinitionRouteLocator    : RouteDefinition TRANSACTION-SERVICE applying filter {_genkey_0=name:transactionCircuitBreaker, _genkey_1=fallbackUri:forward:/fallback/general} to CircuitBreaker
2026-03-27T10:09:35.030+05:30 DEBUG 4660 --- [Api-Gateway] [reshExecutor-%d] o.s.c.g.r.RouteDefinitionRouteLocator    : RouteDefinition matched: TRANSACTION-SERVICE
2026-03-27T10:09:35.030+05:30 DEBUG 4660 --- [Api-Gateway] [reshExecutor-%d] o.s.c.g.r.RouteDefinitionRouteLocator    : RouteDefinition REWARDS-SERVICE applying {_genkey_0=/api/rewards/**} to Path
2026-03-27T10:09:35.030+05:30 DEBUG 4660 --- [Api-Gateway] [reshExecutor-%d] o.s.c.g.r.RouteDefinitionRouteLocator    : RouteDefinition REWARDS-SERVICE applying filter {_genkey_0=name:rewardCircuitBreaker, _genkey_1=fallbackUri:forward:/fallback/reward} to CircuitBreaker
2026-03-27T10:09:35.031+05:30 DEBUG 4660 --- [Api-Gateway] [reshExecutor-%d] o.s.c.g.r.RouteDefinitionRouteLocator    : RouteDefinition matched: REWARDS-SERVICE
2026-03-27T10:09:35.031+05:30 DEBUG 4660 --- [Api-Gateway] [reshExecutor-%d] o.s.c.g.r.RouteDefinitionRouteLocator    : RouteDefinition NOTIFICATION-SERVICE applying {_genkey_0=/api/notifications/**} to Path
2026-03-27T10:09:35.031+05:30 DEBUG 4660 --- [Api-Gateway] [reshExecutor-%d] o.s.c.g.r.RouteDefinitionRouteLocator    : RouteDefinition NOTIFICATION-SERVICE applying filter {_genkey_0=name:notificationCircuitBreaker, _genkey_1=fallbackUri:forward:/fallback/general} to CircuitBreaker
2026-03-27T10:09:35.032+05:30 DEBUG 4660 --- [Api-Gateway] [reshExecutor-%d] o.s.c.g.r.RouteDefinitionRouteLocator    : RouteDefinition matched: NOTIFICATION-SERVICE
2026-03-27T10:09:35.032+05:30 DEBUG 4660 --- [Api-Gateway] [reshExecutor-%d] o.s.c.g.r.RouteDefinitionRouteLocator    : RouteDefinition USER-SERVICE applying {_genkey_0=/users/**} to Path
2026-03-27T10:09:35.032+05:30 DEBUG 4660 --- [Api-Gateway] [reshExecutor-%d] o.s.c.g.r.RouteDefinitionRouteLocator    : RouteDefinition matched: USER-SERVICE
2026-03-27T10:09:35.033+05:30 DEBUG 4660 --- [Api-Gateway] [reshExecutor-%d] o.s.c.g.filter.GatewayMetricsFilter      : New routes count: 19
2026-03-27T10:10:05.064+05:30 DEBUG 4660 --- [Api-Gateway] [reshExecutor-%d] o.s.c.g.r.RouteDefinitionRouteLocator    : RouteDefinition ReactiveCompositeDiscoveryClient_CONFIG-SERVIER applying {pattern=/config-servier/**} to Path
2026-03-27T10:10:05.068+05:30 DEBUG 4660 --- [Api-Gateway] [reshExecutor-%d] o.s.c.g.r.RouteDefinitionRouteLocator    : RouteDefinition ReactiveCompositeDiscoveryClient_CONFIG-SERVIER applying filter {regexp=/config-servier/?(?<remaining>.*), replacement=/${remaining}} to RewritePath
2026-03-27T10:10:05.069+05:30 DEBUG 4660 --- [Api-Gateway] [reshExecutor-%d] o.s.c.g.r.RouteDefinitionRouteLocator    : RouteDefinition matched: ReactiveCompositeDiscoveryClient_CONFIG-SERVIER
2026-03-27T10:10:05.070+05:30 DEBUG 4660 --- [Api-Gateway] [reshExecutor-%d] o.s.c.g.r.RouteDefinitionRouteLocator    : RouteDefinition ReactiveCompositeDiscoveryClient_API-GATEWAY applying {pattern=/api-gateway/**} to Path
2026-03-27T10:10:05.072+05:30 DEBUG 4660 --- [Api-Gateway] [reshExecutor-%d] o.s.c.g.r.RouteDefinitionRouteLocator    : RouteDefinition ReactiveCompositeDiscoveryClient_API-GATEWAY applying filter {regexp=/api-gateway/?(?<remaining>.*), replacement=/${remaining}} to RewritePath
2026-03-27T10:10:05.072+05:30 DEBUG 4660 --- [Api-Gateway] [reshExecutor-%d] o.s.c.g.r.RouteDefinitionRouteLocator    : RouteDefinition matched: ReactiveCompositeDiscoveryClient_API-GATEWAY
2026-03-27T10:10:05.074+05:30 DEBUG 4660 --- [Api-Gateway] [reshExecutor-%d] o.s.c.g.r.RouteDefinitionRouteLocator    : RouteDefinition ReactiveCompositeDiscoveryClient_REWARDS-SERVICE applying {pattern=/rewards-service/**} to Path
2026-03-27T10:10:05.075+05:30 DEBUG 4660 --- [Api-Gateway] [reshExecutor-%d] o.s.c.g.r.RouteDefinitionRouteLocator    : RouteDefinition ReactiveCompositeDiscoveryClient_REWARDS-SERVICE applying filter {regexp=/rewards-service/?(?<remaining>.*), replacement=/${remaining}} to RewritePath
2026-03-27T10:10:05.077+05:30 DEBUG 4660 --- [Api-Gateway] [reshExecutor-%d] o.s.c.g.r.RouteDefinitionRouteLocator    : RouteDefinition matched: ReactiveCompositeDiscoveryClient_REWARDS-SERVICE
2026-03-27T10:10:05.078+05:30 DEBUG 4660 --- [Api-Gateway] [reshExecutor-%d] o.s.c.g.r.RouteDefinitionRouteLocator    : RouteDefinition ReactiveCompositeDiscoveryClient_KYC-SERVICE applying {pattern=/kyc-service/**} to Path
2026-03-27T10:10:05.080+05:30 DEBUG 4660 --- [Api-Gateway] [reshExecutor-%d] o.s.c.g.r.RouteDefinitionRouteLocator    : RouteDefinition ReactiveCompositeDiscoveryClient_KYC-SERVICE applying filter {regexp=/kyc-service/?(?<remaining>.*), replacement=/${remaining}} to RewritePath
2026-03-27T10:10:05.081+05:30 DEBUG 4660 --- [Api-Gateway] [reshExecutor-%d] o.s.c.g.r.RouteDefinitionRouteLocator    : RouteDefinition matched: ReactiveCompositeDiscoveryClient_KYC-SERVICE
2026-03-27T10:10:05.082+05:30 DEBUG 4660 --- [Api-Gateway] [reshExecutor-%d] o.s.c.g.r.RouteDefinitionRouteLocator    : RouteDefinition ReactiveCompositeDiscoveryClient_ADMIN-SERVICE applying {pattern=/admin-service/**} to Path
2026-03-27T10:10:05.084+05:30 DEBUG 4660 --- [Api-Gateway] [reshExecutor-%d] o.s.c.g.r.RouteDefinitionRouteLocator    : RouteDefinition ReactiveCompositeDiscoveryClient_ADMIN-SERVICE applying filter {regexp=/admin-service/?(?<remaining>.*), replacement=/${remaining}} to RewritePath
2026-03-27T10:10:05.086+05:30 DEBUG 4660 --- [Api-Gateway] [reshExecutor-%d] o.s.c.g.r.RouteDefinitionRouteLocator    : RouteDefinition matched: ReactiveCompositeDiscoveryClient_ADMIN-SERVICE
2026-03-27T10:10:05.087+05:30 DEBUG 4660 --- [Api-Gateway] [reshExecutor-%d] o.s.c.g.r.RouteDefinitionRouteLocator    : RouteDefinition ReactiveCompositeDiscoveryClient_TRANSACTION-SERVICE applying {pattern=/transaction-service/**} to Path
2026-03-27T10:10:05.088+05:30 DEBUG 4660 --- [Api-Gateway] [reshExecutor-%d] o.s.c.g.r.RouteDefinitionRouteLocator    : RouteDefinition ReactiveCompositeDiscoveryClient_TRANSACTION-SERVICE applying filter {regexp=/transaction-service/?(?<remaining>.*), replacement=/${remaining}} to RewritePath
2026-03-27T10:10:05.089+05:30 DEBUG 4660 --- [Api-Gateway] [reshExecutor-%d] o.s.c.g.r.RouteDefinitionRouteLocator    : RouteDefinition matched: ReactiveCompositeDiscoveryClient_TRANSACTION-SERVICE
2026-03-27T10:10:05.091+05:30 DEBUG 4660 --- [Api-Gateway] [reshExecutor-%d] o.s.c.g.r.RouteDefinitionRouteLocator    : RouteDefinition ReactiveCompositeDiscoveryClient_WALLET-SERVICE applying {pattern=/wallet-service/**} to Path
2026-03-27T10:10:05.092+05:30 DEBUG 4660 --- [Api-Gateway] [reshExecutor-%d] o.s.c.g.r.RouteDefinitionRouteLocator    : RouteDefinition ReactiveCompositeDiscoveryClient_WALLET-SERVICE applying filter {regexp=/wallet-service/?(?<remaining>.*), replacement=/${remaining}} to RewritePath
2026-03-27T10:10:05.093+05:30 DEBUG 4660 --- [Api-Gateway] [reshExecutor-%d] o.s.c.g.r.RouteDefinitionRouteLocator    : RouteDefinition matched: ReactiveCompositeDiscoveryClient_WALLET-SERVICE
2026-03-27T10:10:05.094+05:30 DEBUG 4660 --- [Api-Gateway] [reshExecutor-%d] o.s.c.g.r.RouteDefinitionRouteLocator    : RouteDefinition ReactiveCompositeDiscoveryClient_NOTIFICATION-SERVICE applying {pattern=/notification-service/**} to Path
2026-03-27T10:10:05.095+05:30 DEBUG 4660 --- [Api-Gateway] [reshExecutor-%d] o.s.c.g.r.RouteDefinitionRouteLocator    : RouteDefinition ReactiveCompositeDiscoveryClient_NOTIFICATION-SERVICE applying filter {regexp=/notification-service/?(?<remaining>.*), replacement=/${remaining}} to RewritePath
2026-03-27T10:10:05.097+05:30 DEBUG 4660 --- [Api-Gateway] [reshExecutor-%d] o.s.c.g.r.RouteDefinitionRouteLocator    : RouteDefinition matched: ReactiveCompositeDiscoveryClient_NOTIFICATION-SERVICE
2026-03-27T10:10:05.097+05:30 DEBUG 4660 --- [Api-Gateway] [reshExecutor-%d] o.s.c.g.r.RouteDefinitionRouteLocator    : RouteDefinition ReactiveCompositeDiscoveryClient_USER-SERVICE applying {pattern=/user-service/**} to Path
2026-03-27T10:10:05.098+05:30 DEBUG 4660 --- [Api-Gateway] [reshExecutor-%d] o.s.c.g.r.RouteDefinitionRouteLocator    : RouteDefinition ReactiveCompositeDiscoveryClient_USER-SERVICE applying filter {regexp=/user-service/?(?<remaining>.*), replacement=/${remaining}} to RewritePath
2026-03-27T10:10:05.099+05:30 DEBUG 4660 --- [Api-Gateway] [reshExecutor-%d] o.s.c.g.r.RouteDefinitionRouteLocator    : RouteDefinition matched: ReactiveCompositeDiscoveryClient_USER-SERVICE
2026-03-27T10:10:05.099+05:30 DEBUG 4660 --- [Api-Gateway] [reshExecutor-%d] o.s.c.g.r.RouteDefinitionRouteLocator    : RouteDefinition ReactiveCompositeDiscoveryClient_PAYMENT-SERVICES applying {pattern=/payment-services/**} to Path
2026-03-27T10:10:05.100+05:30 DEBUG 4660 --- [Api-Gateway] [reshExecutor-%d] o.s.c.g.r.RouteDefinitionRouteLocator    : RouteDefinition ReactiveCompositeDiscoveryClient_PAYMENT-SERVICES applying filter {regexp=/payment-services/?(?<remaining>.*), replacement=/${remaining}} to RewritePath
2026-03-27T10:10:05.100+05:30 DEBUG 4660 --- [Api-Gateway] [reshExecutor-%d] o.s.c.g.r.RouteDefinitionRouteLocator    : RouteDefinition matched: ReactiveCompositeDiscoveryClient_PAYMENT-SERVICES
2026-03-27T10:10:05.102+05:30 DEBUG 4660 --- [Api-Gateway] [reshExecutor-%d] o.s.c.g.r.RouteDefinitionRouteLocator    : RouteDefinition AUTH-SERVICE applying {_genkey_0=/auth/**} to Path
2026-03-27T10:10:05.103+05:30 DEBUG 4660 --- [Api-Gateway] [reshExecutor-%d] o.s.c.g.r.RouteDefinitionRouteLocator    : RouteDefinition matched: AUTH-SERVICE
2026-03-27T10:10:05.104+05:30 DEBUG 4660 --- [Api-Gateway] [reshExecutor-%d] o.s.c.g.r.RouteDefinitionRouteLocator    : RouteDefinition ADMIN-SERVICE applying {_genkey_0=/admin/**} to Path
2026-03-27T10:10:05.104+05:30 DEBUG 4660 --- [Api-Gateway] [reshExecutor-%d] o.s.c.g.r.RouteDefinitionRouteLocator    : RouteDefinition matched: ADMIN-SERVICE
2026-03-27T10:10:05.105+05:30 DEBUG 4660 --- [Api-Gateway] [reshExecutor-%d] o.s.c.g.r.RouteDefinitionRouteLocator    : RouteDefinition KYC-SERVICE applying {_genkey_0=/kyc/**} to Path
2026-03-27T10:10:05.105+05:30 DEBUG 4660 --- [Api-Gateway] [reshExecutor-%d] o.s.c.g.r.RouteDefinitionRouteLocator    : RouteDefinition matched: KYC-SERVICE
2026-03-27T10:10:05.106+05:30 DEBUG 4660 --- [Api-Gateway] [reshExecutor-%d] o.s.c.g.r.RouteDefinitionRouteLocator    : RouteDefinition PAYMENT-SERVICES applying {_genkey_0=/api/payments/**} to Path
2026-03-27T10:10:05.107+05:30 DEBUG 4660 --- [Api-Gateway] [reshExecutor-%d] o.s.c.g.r.RouteDefinitionRouteLocator    : RouteDefinition PAYMENT-SERVICES applying filter {_genkey_0=name:paymentCircuitBreaker, _genkey_1=fallbackUri:forward:/fallback/payment} to CircuitBreaker
2026-03-27T10:10:05.107+05:30 DEBUG 4660 --- [Api-Gateway] [reshExecutor-%d] o.s.c.g.r.RouteDefinitionRouteLocator    : RouteDefinition matched: PAYMENT-SERVICES
2026-03-27T10:10:05.108+05:30 DEBUG 4660 --- [Api-Gateway] [reshExecutor-%d] o.s.c.g.r.RouteDefinitionRouteLocator    : RouteDefinition WALLET-SERVICE applying {_genkey_0=/api/wallets/**} to Path
2026-03-27T10:10:05.108+05:30 DEBUG 4660 --- [Api-Gateway] [reshExecutor-%d] o.s.c.g.r.RouteDefinitionRouteLocator    : RouteDefinition WALLET-SERVICE applying filter {_genkey_0=name:walletCircuitBreaker, _genkey_1=fallbackUri:forward:/fallback/general} to CircuitBreaker
2026-03-27T10:10:05.109+05:30 DEBUG 4660 --- [Api-Gateway] [reshExecutor-%d] o.s.c.g.r.RouteDefinitionRouteLocator    : RouteDefinition matched: WALLET-SERVICE
2026-03-27T10:10:05.110+05:30 DEBUG 4660 --- [Api-Gateway] [reshExecutor-%d] o.s.c.g.r.RouteDefinitionRouteLocator    : RouteDefinition TRANSACTION-SERVICE applying {_genkey_0=/api/transaction/**} to Path
2026-03-27T10:10:05.111+05:30 DEBUG 4660 --- [Api-Gateway] [reshExecutor-%d] o.s.c.g.r.RouteDefinitionRouteLocator    : RouteDefinition TRANSACTION-SERVICE applying filter {_genkey_0=name:transactionCircuitBreaker, _genkey_1=fallbackUri:forward:/fallback/general} to CircuitBreaker
2026-03-27T10:10:05.111+05:30 DEBUG 4660 --- [Api-Gateway] [reshExecutor-%d] o.s.c.g.r.RouteDefinitionRouteLocator    : RouteDefinition matched: TRANSACTION-SERVICE
2026-03-27T10:10:05.112+05:30 DEBUG 4660 --- [Api-Gateway] [reshExecutor-%d] o.s.c.g.r.RouteDefinitionRouteLocator    : RouteDefinition REWARDS-SERVICE applying {_genkey_0=/api/rewards/**} to Path
2026-03-27T10:10:05.112+05:30 DEBUG 4660 --- [Api-Gateway] [reshExecutor-%d] o.s.c.g.r.RouteDefinitionRouteLocator    : RouteDefinition REWARDS-SERVICE applying filter {_genkey_0=name:rewardCircuitBreaker, _genkey_1=fallbackUri:forward:/fallback/reward} to CircuitBreaker
2026-03-27T10:10:05.112+05:30 DEBUG 4660 --- [Api-Gateway] [reshExecutor-%d] o.s.c.g.r.RouteDefinitionRouteLocator    : RouteDefinition matched: REWARDS-SERVICE
2026-03-27T10:10:05.113+05:30 DEBUG 4660 --- [Api-Gateway] [reshExecutor-%d] o.s.c.g.r.RouteDefinitionRouteLocator    : RouteDefinition NOTIFICATION-SERVICE applying {_genkey_0=/api/notifications/**} to Path
2026-03-27T10:10:05.113+05:30 DEBUG 4660 --- [Api-Gateway] [reshExecutor-%d] o.s.c.g.r.RouteDefinitionRouteLocator    : RouteDefinition NOTIFICATION-SERVICE applying filter {_genkey_0=name:notificationCircuitBreaker, _genkey_1=fallbackUri:forward:/fallback/general} to CircuitBreaker
2026-03-27T10:10:05.113+05:30 DEBUG 4660 --- [Api-Gateway] [reshExecutor-%d] o.s.c.g.r.RouteDefinitionRouteLocator    : RouteDefinition matched: NOTIFICATION-SERVICE
2026-03-27T10:10:05.114+05:30 DEBUG 4660 --- [Api-Gateway] [reshExecutor-%d] o.s.c.g.r.RouteDefinitionRouteLocator    : RouteDefinition USER-SERVICE applying {_genkey_0=/users/**} to Path
2026-03-27T10:10:05.114+05:30 DEBUG 4660 --- [Api-Gateway] [reshExecutor-%d] o.s.c.g.r.RouteDefinitionRouteLocator    : RouteDefinition matched: USER-SERVICE
2026-03-27T10:10:05.115+05:30 DEBUG 4660 --- [Api-Gateway] [reshExecutor-%d] o.s.c.g.filter.GatewayMetricsFilter      : New routes count: 19
2026-03-27T10:10:35.145+05:30 DEBUG 4660 --- [Api-Gateway] [reshExecutor-%d] o.s.c.g.r.RouteDefinitionRouteLocator    : RouteDefinition ReactiveCompositeDiscoveryClient_CONFIG-SERVIER applying {pattern=/config-servier/**} to Path
2026-03-27T10:10:35.150+05:30 DEBUG 4660 --- [Api-Gateway] [reshExecutor-%d] o.s.c.g.r.RouteDefinitionRouteLocator    : RouteDefinition ReactiveCompositeDiscoveryClient_CONFIG-SERVIER applying filter {regexp=/config-servier/?(?<remaining>.*), replacement=/${remaining}} to RewritePath
2026-03-27T10:10:35.151+05:30 DEBUG 4660 --- [Api-Gateway] [reshExecutor-%d] o.s.c.g.r.RouteDefinitionRouteLocator    : RouteDefinition matched: ReactiveCompositeDiscoveryClient_CONFIG-SERVIER
2026-03-27T10:10:35.152+05:30 DEBUG 4660 --- [Api-Gateway] [reshExecutor-%d] o.s.c.g.r.RouteDefinitionRouteLocator    : RouteDefinition ReactiveCompositeDiscoveryClient_API-GATEWAY applying {pattern=/api-gateway/**} to Path
2026-03-27T10:10:35.153+05:30 DEBUG 4660 --- [Api-Gateway] [reshExecutor-%d] o.s.c.g.r.RouteDefinitionRouteLocator    : RouteDefinition ReactiveCompositeDiscoveryClient_API-GATEWAY applying filter {regexp=/api-gateway/?(?<remaining>.*), replacement=/${remaining}} to RewritePath
2026-03-27T10:10:35.156+05:30 DEBUG 4660 --- [Api-Gateway] [reshExecutor-%d] o.s.c.g.r.RouteDefinitionRouteLocator    : RouteDefinition matched: ReactiveCompositeDiscoveryClient_API-GATEWAY
2026-03-27T10:10:35.157+05:30 DEBUG 4660 --- [Api-Gateway] [reshExecutor-%d] o.s.c.g.r.RouteDefinitionRouteLocator    : RouteDefinition ReactiveCompositeDiscoveryClient_REWARDS-SERVICE applying {pattern=/rewards-service/**} to Path
2026-03-27T10:10:35.157+05:30 DEBUG 4660 --- [Api-Gateway] [reshExecutor-%d] o.s.c.g.r.RouteDefinitionRouteLocator    : RouteDefinition ReactiveCompositeDiscoveryClient_REWARDS-SERVICE applying filter {regexp=/rewards-service/?(?<remaining>.*), replacement=/${remaining}} to RewritePath
2026-03-27T10:10:35.159+05:30 DEBUG 4660 --- [Api-Gateway] [reshExecutor-%d] o.s.c.g.r.RouteDefinitionRouteLocator    : RouteDefinition matched: ReactiveCompositeDiscoveryClient_REWARDS-SERVICE
2026-03-27T10:10:35.160+05:30 DEBUG 4660 --- [Api-Gateway] [reshExecutor-%d] o.s.c.g.r.RouteDefinitionRouteLocator    : RouteDefinition ReactiveCompositeDiscoveryClient_KYC-SERVICE applying {pattern=/kyc-service/**} to Path
2026-03-27T10:10:35.161+05:30 DEBUG 4660 --- [Api-Gateway] [reshExecutor-%d] o.s.c.g.r.RouteDefinitionRouteLocator    : RouteDefinition ReactiveCompositeDiscoveryClient_KYC-SERVICE applying filter {regexp=/kyc-service/?(?<remaining>.*), replacement=/${remaining}} to RewritePath
2026-03-27T10:10:35.162+05:30 DEBUG 4660 --- [Api-Gateway] [reshExecutor-%d] o.s.c.g.r.RouteDefinitionRouteLocator    : RouteDefinition matched: ReactiveCompositeDiscoveryClient_KYC-SERVICE
2026-03-27T10:10:35.163+05:30 DEBUG 4660 --- [Api-Gateway] [reshExecutor-%d] o.s.c.g.r.RouteDefinitionRouteLocator    : RouteDefinition ReactiveCompositeDiscoveryClient_ADMIN-SERVICE applying {pattern=/admin-service/**} to Path
2026-03-27T10:10:35.164+05:30 DEBUG 4660 --- [Api-Gateway] [reshExecutor-%d] o.s.c.g.r.RouteDefinitionRouteLocator    : RouteDefinition ReactiveCompositeDiscoveryClient_ADMIN-SERVICE applying filter {regexp=/admin-service/?(?<remaining>.*), replacement=/${remaining}} to RewritePath
2026-03-27T10:10:35.165+05:30 DEBUG 4660 --- [Api-Gateway] [reshExecutor-%d] o.s.c.g.r.RouteDefinitionRouteLocator    : RouteDefinition matched: ReactiveCompositeDiscoveryClient_ADMIN-SERVICE
2026-03-27T10:10:35.166+05:30 DEBUG 4660 --- [Api-Gateway] [reshExecutor-%d] o.s.c.g.r.RouteDefinitionRouteLocator    : RouteDefinition ReactiveCompositeDiscoveryClient_TRANSACTION-SERVICE applying {pattern=/transaction-service/**} to Path
2026-03-27T10:10:35.167+05:30 DEBUG 4660 --- [Api-Gateway] [reshExecutor-%d] o.s.c.g.r.RouteDefinitionRouteLocator    : RouteDefinition ReactiveCompositeDiscoveryClient_TRANSACTION-SERVICE applying filter {regexp=/transaction-service/?(?<remaining>.*), replacement=/${remaining}} to RewritePath
2026-03-27T10:10:35.168+05:30 DEBUG 4660 --- [Api-Gateway] [reshExecutor-%d] o.s.c.g.r.RouteDefinitionRouteLocator    : RouteDefinition matched: ReactiveCompositeDiscoveryClient_TRANSACTION-SERVICE
2026-03-27T10:10:35.169+05:30 DEBUG 4660 --- [Api-Gateway] [reshExecutor-%d] o.s.c.g.r.RouteDefinitionRouteLocator    : RouteDefinition ReactiveCompositeDiscoveryClient_WALLET-SERVICE applying {pattern=/wallet-service/**} to Path
2026-03-27T10:10:35.170+05:30 DEBUG 4660 --- [Api-Gateway] [reshExecutor-%d] o.s.c.g.r.RouteDefinitionRouteLocator    : RouteDefinition ReactiveCompositeDiscoveryClient_WALLET-SERVICE applying filter {regexp=/wallet-service/?(?<remaining>.*), replacement=/${remaining}} to RewritePath
2026-03-27T10:10:35.172+05:30 DEBUG 4660 --- [Api-Gateway] [reshExecutor-%d] o.s.c.g.r.RouteDefinitionRouteLocator    : RouteDefinition matched: ReactiveCompositeDiscoveryClient_WALLET-SERVICE
2026-03-27T10:10:35.172+05:30 DEBUG 4660 --- [Api-Gateway] [reshExecutor-%d] o.s.c.g.r.RouteDefinitionRouteLocator    : RouteDefinition ReactiveCompositeDiscoveryClient_NOTIFICATION-SERVICE applying {pattern=/notification-service/**} to Path
2026-03-27T10:10:35.172+05:30 DEBUG 4660 --- [Api-Gateway] [reshExecutor-%d] o.s.c.g.r.RouteDefinitionRouteLocator    : RouteDefinition ReactiveCompositeDiscoveryClient_NOTIFICATION-SERVICE applying filter {regexp=/notification-service/?(?<remaining>.*), replacement=/${remaining}} to RewritePath
2026-03-27T10:10:35.174+05:30 DEBUG 4660 --- [Api-Gateway] [reshExecutor-%d] o.s.c.g.r.RouteDefinitionRouteLocator    : RouteDefinition matched: ReactiveCompositeDiscoveryClient_NOTIFICATION-SERVICE
2026-03-27T10:10:35.175+05:30 DEBUG 4660 --- [Api-Gateway] [reshExecutor-%d] o.s.c.g.r.RouteDefinitionRouteLocator    : RouteDefinition ReactiveCompositeDiscoveryClient_USER-SERVICE applying {pattern=/user-service/**} to Path
2026-03-27T10:10:35.175+05:30 DEBUG 4660 --- [Api-Gateway] [reshExecutor-%d] o.s.c.g.r.RouteDefinitionRouteLocator    : RouteDefinition ReactiveCompositeDiscoveryClient_USER-SERVICE applying filter {regexp=/user-service/?(?<remaining>.*), replacement=/${remaining}} to RewritePath
2026-03-27T10:10:35.176+05:30 DEBUG 4660 --- [Api-Gateway] [reshExecutor-%d] o.s.c.g.r.RouteDefinitionRouteLocator    : RouteDefinition matched: ReactiveCompositeDiscoveryClient_USER-SERVICE
2026-03-27T10:10:35.176+05:30 DEBUG 4660 --- [Api-Gateway] [reshExecutor-%d] o.s.c.g.r.RouteDefinitionRouteLocator    : RouteDefinition ReactiveCompositeDiscoveryClient_PAYMENT-SERVICES applying {pattern=/payment-services/**} to Path
2026-03-27T10:10:35.177+05:30 DEBUG 4660 --- [Api-Gateway] [reshExecutor-%d] o.s.c.g.r.RouteDefinitionRouteLocator    : RouteDefinition ReactiveCompositeDiscoveryClient_PAYMENT-SERVICES applying filter {regexp=/payment-services/?(?<remaining>.*), replacement=/${remaining}} to RewritePath
2026-03-27T10:10:35.177+05:30 DEBUG 4660 --- [Api-Gateway] [reshExecutor-%d] o.s.c.g.r.RouteDefinitionRouteLocator    : RouteDefinition matched: ReactiveCompositeDiscoveryClient_PAYMENT-SERVICES
2026-03-27T10:10:35.178+05:30 DEBUG 4660 --- [Api-Gateway] [reshExecutor-%d] o.s.c.g.r.RouteDefinitionRouteLocator    : RouteDefinition AUTH-SERVICE applying {_genkey_0=/auth/**} to Path
2026-03-27T10:10:35.178+05:30 DEBUG 4660 --- [Api-Gateway] [reshExecutor-%d] o.s.c.g.r.RouteDefinitionRouteLocator    : RouteDefinition matched: AUTH-SERVICE
2026-03-27T10:10:35.179+05:30 DEBUG 4660 --- [Api-Gateway] [reshExecutor-%d] o.s.c.g.r.RouteDefinitionRouteLocator    : RouteDefinition ADMIN-SERVICE applying {_genkey_0=/admin/**} to Path
2026-03-27T10:10:35.180+05:30 DEBUG 4660 --- [Api-Gateway] [reshExecutor-%d] o.s.c.g.r.RouteDefinitionRouteLocator    : RouteDefinition matched: ADMIN-SERVICE
2026-03-27T10:10:35.180+05:30 DEBUG 4660 --- [Api-Gateway] [reshExecutor-%d] o.s.c.g.r.RouteDefinitionRouteLocator    : RouteDefinition KYC-SERVICE applying {_genkey_0=/kyc/**} to Path
2026-03-27T10:10:35.180+05:30 DEBUG 4660 --- [Api-Gateway] [reshExecutor-%d] o.s.c.g.r.RouteDefinitionRouteLocator    : RouteDefinition matched: KYC-SERVICE
2026-03-27T10:10:35.181+05:30 DEBUG 4660 --- [Api-Gateway] [reshExecutor-%d] o.s.c.g.r.RouteDefinitionRouteLocator    : RouteDefinition PAYMENT-SERVICES applying {_genkey_0=/api/payments/**} to Path
2026-03-27T10:10:35.181+05:30 DEBUG 4660 --- [Api-Gateway] [reshExecutor-%d] o.s.c.g.r.RouteDefinitionRouteLocator    : RouteDefinition PAYMENT-SERVICES applying filter {_genkey_0=name:paymentCircuitBreaker, _genkey_1=fallbackUri:forward:/fallback/payment} to CircuitBreaker
2026-03-27T10:10:35.182+05:30 DEBUG 4660 --- [Api-Gateway] [reshExecutor-%d] o.s.c.g.r.RouteDefinitionRouteLocator    : RouteDefinition matched: PAYMENT-SERVICES
2026-03-27T10:10:35.184+05:30 DEBUG 4660 --- [Api-Gateway] [reshExecutor-%d] o.s.c.g.r.RouteDefinitionRouteLocator    : RouteDefinition WALLET-SERVICE applying {_genkey_0=/api/wallets/**} to Path
2026-03-27T10:10:35.184+05:30 DEBUG 4660 --- [Api-Gateway] [reshExecutor-%d] o.s.c.g.r.RouteDefinitionRouteLocator    : RouteDefinition WALLET-SERVICE applying filter {_genkey_0=name:walletCircuitBreaker, _genkey_1=fallbackUri:forward:/fallback/general} to CircuitBreaker
2026-03-27T10:10:35.185+05:30 DEBUG 4660 --- [Api-Gateway] [reshExecutor-%d] o.s.c.g.r.RouteDefinitionRouteLocator    : RouteDefinition matched: WALLET-SERVICE
2026-03-27T10:10:35.185+05:30 DEBUG 4660 --- [Api-Gateway] [reshExecutor-%d] o.s.c.g.r.RouteDefinitionRouteLocator    : RouteDefinition TRANSACTION-SERVICE applying {_genkey_0=/api/transaction/**} to Path
2026-03-27T10:10:35.186+05:30 DEBUG 4660 --- [Api-Gateway] [reshExecutor-%d] o.s.c.g.r.RouteDefinitionRouteLocator    : RouteDefinition TRANSACTION-SERVICE applying filter {_genkey_0=name:transactionCircuitBreaker, _genkey_1=fallbackUri:forward:/fallback/general} to CircuitBreaker
2026-03-27T10:10:35.186+05:30 DEBUG 4660 --- [Api-Gateway] [reshExecutor-%d] o.s.c.g.r.RouteDefinitionRouteLocator    : RouteDefinition matched: TRANSACTION-SERVICE
2026-03-27T10:10:35.187+05:30 DEBUG 4660 --- [Api-Gateway] [reshExecutor-%d] o.s.c.g.r.RouteDefinitionRouteLocator    : RouteDefinition REWARDS-SERVICE applying {_genkey_0=/api/rewards/**} to Path
2026-03-27T10:10:35.187+05:30 DEBUG 4660 --- [Api-Gateway] [reshExecutor-%d] o.s.c.g.r.RouteDefinitionRouteLocator    : RouteDefinition REWARDS-SERVICE applying filter {_genkey_0=name:rewardCircuitBreaker, _genkey_1=fallbackUri:forward:/fallback/reward} to CircuitBreaker
2026-03-27T10:10:35.188+05:30 DEBUG 4660 --- [Api-Gateway] [reshExecutor-%d] o.s.c.g.r.RouteDefinitionRouteLocator    : RouteDefinition matched: REWARDS-SERVICE
2026-03-27T10:10:35.188+05:30 DEBUG 4660 --- [Api-Gateway] [reshExecutor-%d] o.s.c.g.r.RouteDefinitionRouteLocator    : RouteDefinition NOTIFICATION-SERVICE applying {_genkey_0=/api/notifications/**} to Path
2026-03-27T10:10:35.189+05:30 DEBUG 4660 --- [Api-Gateway] [reshExecutor-%d] o.s.c.g.r.RouteDefinitionRouteLocator    : RouteDefinition NOTIFICATION-SERVICE applying filter {_genkey_0=name:notificationCircuitBreaker, _genkey_1=fallbackUri:forward:/fallback/general} to CircuitBreaker
2026-03-27T10:10:35.189+05:30 DEBUG 4660 --- [Api-Gateway] [reshExecutor-%d] o.s.c.g.r.RouteDefinitionRouteLocator    : RouteDefinition matched: NOTIFICATION-SERVICE
2026-03-27T10:10:35.189+05:30 DEBUG 4660 --- [Api-Gateway] [reshExecutor-%d] o.s.c.g.r.RouteDefinitionRouteLocator    : RouteDefinition USER-SERVICE applying {_genkey_0=/users/**} to Path
2026-03-27T10:10:35.190+05:30 DEBUG 4660 --- [Api-Gateway] [reshExecutor-%d] o.s.c.g.r.RouteDefinitionRouteLocator    : RouteDefinition matched: USER-SERVICE
2026-03-27T10:10:35.191+05:30 DEBUG 4660 --- [Api-Gateway] [reshExecutor-%d] o.s.c.g.filter.GatewayMetricsFilter      : New routes count: 19
2026-03-27T10:11:05.222+05:30 DEBUG 4660 --- [Api-Gateway] [reshExecutor-%d] o.s.c.g.r.RouteDefinitionRouteLocator    : RouteDefinition ReactiveCompositeDiscoveryClient_CONFIG-SERVIER applying {pattern=/config-servier/**} to Path
2026-03-27T10:11:05.227+05:30 DEBUG 4660 --- [Api-Gateway] [reshExecutor-%d] o.s.c.g.r.RouteDefinitionRouteLocator    : RouteDefinition ReactiveCompositeDiscoveryClient_CONFIG-SERVIER applying filter {regexp=/config-servier/?(?<remaining>.*), replacement=/${remaining}} to RewritePath
2026-03-27T10:11:05.228+05:30 DEBUG 4660 --- [Api-Gateway] [reshExecutor-%d] o.s.c.g.r.RouteDefinitionRouteLocator    : RouteDefinition matched: ReactiveCompositeDiscoveryClient_CONFIG-SERVIER
2026-03-27T10:11:05.230+05:30 DEBUG 4660 --- [Api-Gateway] [reshExecutor-%d] o.s.c.g.r.RouteDefinitionRouteLocator    : RouteDefinition ReactiveCompositeDiscoveryClient_API-GATEWAY applying {pattern=/api-gateway/**} to Path
2026-03-27T10:11:05.231+05:30 DEBUG 4660 --- [Api-Gateway] [reshExecutor-%d] o.s.c.g.r.RouteDefinitionRouteLocator    : RouteDefinition ReactiveCompositeDiscoveryClient_API-GATEWAY applying filter {regexp=/api-gateway/?(?<remaining>.*), replacement=/${remaining}} to RewritePath
2026-03-27T10:11:05.233+05:30 DEBUG 4660 --- [Api-Gateway] [reshExecutor-%d] o.s.c.g.r.RouteDefinitionRouteLocator    : RouteDefinition matched: ReactiveCompositeDiscoveryClient_API-GATEWAY
2026-03-27T10:11:05.233+05:30 DEBUG 4660 --- [Api-Gateway] [reshExecutor-%d] o.s.c.g.r.RouteDefinitionRouteLocator    : RouteDefinition ReactiveCompositeDiscoveryClient_REWARDS-SERVICE applying {pattern=/rewards-service/**} to Path
2026-03-27T10:11:05.234+05:30 DEBUG 4660 --- [Api-Gateway] [reshExecutor-%d] o.s.c.g.r.RouteDefinitionRouteLocator    : RouteDefinition ReactiveCompositeDiscoveryClient_REWARDS-SERVICE applying filter {regexp=/rewards-service/?(?<remaining>.*), replacement=/${remaining}} to RewritePath
2026-03-27T10:11:05.235+05:30 DEBUG 4660 --- [Api-Gateway] [reshExecutor-%d] o.s.c.g.r.RouteDefinitionRouteLocator    : RouteDefinition matched: ReactiveCompositeDiscoveryClient_REWARDS-SERVICE
2026-03-27T10:11:05.237+05:30 DEBUG 4660 --- [Api-Gateway] [reshExecutor-%d] o.s.c.g.r.RouteDefinitionRouteLocator    : RouteDefinition ReactiveCompositeDiscoveryClient_KYC-SERVICE applying {pattern=/kyc-service/**} to Path
2026-03-27T10:11:05.237+05:30 DEBUG 4660 --- [Api-Gateway] [reshExecutor-%d] o.s.c.g.r.RouteDefinitionRouteLocator    : RouteDefinition ReactiveCompositeDiscoveryClient_KYC-SERVICE applying filter {regexp=/kyc-service/?(?<remaining>.*), replacement=/${remaining}} to RewritePath
2026-03-27T10:11:05.240+05:30 DEBUG 4660 --- [Api-Gateway] [reshExecutor-%d] o.s.c.g.r.RouteDefinitionRouteLocator    : RouteDefinition matched: ReactiveCompositeDiscoveryClient_KYC-SERVICE
2026-03-27T10:11:05.240+05:30 DEBUG 4660 --- [Api-Gateway] [reshExecutor-%d] o.s.c.g.r.RouteDefinitionRouteLocator    : RouteDefinition ReactiveCompositeDiscoveryClient_ADMIN-SERVICE applying {pattern=/admin-service/**} to Path
2026-03-27T10:11:05.240+05:30 DEBUG 4660 --- [Api-Gateway] [reshExecutor-%d] o.s.c.g.r.RouteDefinitionRouteLocator    : RouteDefinition ReactiveCompositeDiscoveryClient_ADMIN-SERVICE applying filter {regexp=/admin-service/?(?<remaining>.*), replacement=/${remaining}} to RewritePath
2026-03-27T10:11:05.242+05:30 DEBUG 4660 --- [Api-Gateway] [reshExecutor-%d] o.s.c.g.r.RouteDefinitionRouteLocator    : RouteDefinition matched: ReactiveCompositeDiscoveryClient_ADMIN-SERVICE
2026-03-27T10:11:05.243+05:30 DEBUG 4660 --- [Api-Gateway] [reshExecutor-%d] o.s.c.g.r.RouteDefinitionRouteLocator    : RouteDefinition ReactiveCompositeDiscoveryClient_TRANSACTION-SERVICE applying {pattern=/transaction-service/**} to Path
2026-03-27T10:11:05.244+05:30 DEBUG 4660 --- [Api-Gateway] [reshExecutor-%d] o.s.c.g.r.RouteDefinitionRouteLocator    : RouteDefinition ReactiveCompositeDiscoveryClient_TRANSACTION-SERVICE applying filter {regexp=/transaction-service/?(?<remaining>.*), replacement=/${remaining}} to RewritePath
2026-03-27T10:11:05.245+05:30 DEBUG 4660 --- [Api-Gateway] [reshExecutor-%d] o.s.c.g.r.RouteDefinitionRouteLocator    : RouteDefinition matched: ReactiveCompositeDiscoveryClient_TRANSACTION-SERVICE
2026-03-27T10:11:05.245+05:30 DEBUG 4660 --- [Api-Gateway] [reshExecutor-%d] o.s.c.g.r.RouteDefinitionRouteLocator    : RouteDefinition ReactiveCompositeDiscoveryClient_WALLET-SERVICE applying {pattern=/wallet-service/**} to Path
2026-03-27T10:11:05.248+05:30 DEBUG 4660 --- [Api-Gateway] [reshExecutor-%d] o.s.c.g.r.RouteDefinitionRouteLocator    : RouteDefinition ReactiveCompositeDiscoveryClient_WALLET-SERVICE applying filter {regexp=/wallet-service/?(?<remaining>.*), replacement=/${remaining}} to RewritePath
2026-03-27T10:11:05.249+05:30 DEBUG 4660 --- [Api-Gateway] [reshExecutor-%d] o.s.c.g.r.RouteDefinitionRouteLocator    : RouteDefinition matched: ReactiveCompositeDiscoveryClient_WALLET-SERVICE
2026-03-27T10:11:05.249+05:30 DEBUG 4660 --- [Api-Gateway] [reshExecutor-%d] o.s.c.g.r.RouteDefinitionRouteLocator    : RouteDefinition ReactiveCompositeDiscoveryClient_NOTIFICATION-SERVICE applying {pattern=/notification-service/**} to Path
2026-03-27T10:11:05.250+05:30 DEBUG 4660 --- [Api-Gateway] [reshExecutor-%d] o.s.c.g.r.RouteDefinitionRouteLocator    : RouteDefinition ReactiveCompositeDiscoveryClient_NOTIFICATION-SERVICE applying filter {regexp=/notification-service/?(?<remaining>.*), replacement=/${remaining}} to RewritePath
2026-03-27T10:11:05.251+05:30 DEBUG 4660 --- [Api-Gateway] [reshExecutor-%d] o.s.c.g.r.RouteDefinitionRouteLocator    : RouteDefinition matched: ReactiveCompositeDiscoveryClient_NOTIFICATION-SERVICE
2026-03-27T10:11:05.252+05:30 DEBUG 4660 --- [Api-Gateway] [reshExecutor-%d] o.s.c.g.r.RouteDefinitionRouteLocator    : RouteDefinition ReactiveCompositeDiscoveryClient_USER-SERVICE applying {pattern=/user-service/**} to Path
2026-03-27T10:11:05.253+05:30 DEBUG 4660 --- [Api-Gateway] [reshExecutor-%d] o.s.c.g.r.RouteDefinitionRouteLocator    : RouteDefinition ReactiveCompositeDiscoveryClient_USER-SERVICE applying filter {regexp=/user-service/?(?<remaining>.*), replacement=/${remaining}} to RewritePath
2026-03-27T10:11:05.254+05:30 DEBUG 4660 --- [Api-Gateway] [reshExecutor-%d] o.s.c.g.r.RouteDefinitionRouteLocator    : RouteDefinition matched: ReactiveCompositeDiscoveryClient_USER-SERVICE
2026-03-27T10:11:05.254+05:30 DEBUG 4660 --- [Api-Gateway] [reshExecutor-%d] o.s.c.g.r.RouteDefinitionRouteLocator    : RouteDefinition ReactiveCompositeDiscoveryClient_PAYMENT-SERVICES applying {pattern=/payment-services/**} to Path
2026-03-27T10:11:05.255+05:30 DEBUG 4660 --- [Api-Gateway] [reshExecutor-%d] o.s.c.g.r.RouteDefinitionRouteLocator    : RouteDefinition ReactiveCompositeDiscoveryClient_PAYMENT-SERVICES applying filter {regexp=/payment-services/?(?<remaining>.*), replacement=/${remaining}} to RewritePath
2026-03-27T10:11:05.256+05:30 DEBUG 4660 --- [Api-Gateway] [reshExecutor-%d] o.s.c.g.r.RouteDefinitionRouteLocator    : RouteDefinition matched: ReactiveCompositeDiscoveryClient_PAYMENT-SERVICES
2026-03-27T10:11:05.256+05:30 DEBUG 4660 --- [Api-Gateway] [reshExecutor-%d] o.s.c.g.r.RouteDefinitionRouteLocator    : RouteDefinition AUTH-SERVICE applying {_genkey_0=/auth/**} to Path
2026-03-27T10:11:05.257+05:30 DEBUG 4660 --- [Api-Gateway] [reshExecutor-%d] o.s.c.g.r.RouteDefinitionRouteLocator    : RouteDefinition matched: AUTH-SERVICE
2026-03-27T10:11:05.257+05:30 DEBUG 4660 --- [Api-Gateway] [reshExecutor-%d] o.s.c.g.r.RouteDefinitionRouteLocator    : RouteDefinition ADMIN-SERVICE applying {_genkey_0=/admin/**} to Path
2026-03-27T10:11:05.259+05:30 DEBUG 4660 --- [Api-Gateway] [reshExecutor-%d] o.s.c.g.r.RouteDefinitionRouteLocator    : RouteDefinition matched: ADMIN-SERVICE
2026-03-27T10:11:05.259+05:30 DEBUG 4660 --- [Api-Gateway] [reshExecutor-%d] o.s.c.g.r.RouteDefinitionRouteLocator    : RouteDefinition KYC-SERVICE applying {_genkey_0=/kyc/**} to Path
2026-03-27T10:11:05.259+05:30 DEBUG 4660 --- [Api-Gateway] [reshExecutor-%d] o.s.c.g.r.RouteDefinitionRouteLocator    : RouteDefinition matched: KYC-SERVICE
2026-03-27T10:11:05.260+05:30 DEBUG 4660 --- [Api-Gateway] [reshExecutor-%d] o.s.c.g.r.RouteDefinitionRouteLocator    : RouteDefinition PAYMENT-SERVICES applying {_genkey_0=/api/payments/**} to Path
2026-03-27T10:11:05.260+05:30 DEBUG 4660 --- [Api-Gateway] [reshExecutor-%d] o.s.c.g.r.RouteDefinitionRouteLocator    : RouteDefinition PAYMENT-SERVICES applying filter {_genkey_0=name:paymentCircuitBreaker, _genkey_1=fallbackUri:forward:/fallback/payment} to CircuitBreaker
2026-03-27T10:11:05.261+05:30 DEBUG 4660 --- [Api-Gateway] [reshExecutor-%d] o.s.c.g.r.RouteDefinitionRouteLocator    : RouteDefinition matched: PAYMENT-SERVICES
2026-03-27T10:11:05.262+05:30 DEBUG 4660 --- [Api-Gateway] [reshExecutor-%d] o.s.c.g.r.RouteDefinitionRouteLocator    : RouteDefinition WALLET-SERVICE applying {_genkey_0=/api/wallets/**} to Path
2026-03-27T10:11:05.262+05:30 DEBUG 4660 --- [Api-Gateway] [reshExecutor-%d] o.s.c.g.r.RouteDefinitionRouteLocator    : RouteDefinition WALLET-SERVICE applying filter {_genkey_0=name:walletCircuitBreaker, _genkey_1=fallbackUri:forward:/fallback/general} to CircuitBreaker
2026-03-27T10:11:05.263+05:30 DEBUG 4660 --- [Api-Gateway] [reshExecutor-%d] o.s.c.g.r.RouteDefinitionRouteLocator    : RouteDefinition matched: WALLET-SERVICE
2026-03-27T10:11:05.263+05:30 DEBUG 4660 --- [Api-Gateway] [reshExecutor-%d] o.s.c.g.r.RouteDefinitionRouteLocator    : RouteDefinition TRANSACTION-SERVICE applying {_genkey_0=/api/transaction/**} to Path
2026-03-27T10:11:05.264+05:30 DEBUG 4660 --- [Api-Gateway] [reshExecutor-%d] o.s.c.g.r.RouteDefinitionRouteLocator    : RouteDefinition TRANSACTION-SERVICE applying filter {_genkey_0=name:transactionCircuitBreaker, _genkey_1=fallbackUri:forward:/fallback/general} to CircuitBreaker
2026-03-27T10:11:05.264+05:30 DEBUG 4660 --- [Api-Gateway] [reshExecutor-%d] o.s.c.g.r.RouteDefinitionRouteLocator    : RouteDefinition matched: TRANSACTION-SERVICE
2026-03-27T10:11:05.265+05:30 DEBUG 4660 --- [Api-Gateway] [reshExecutor-%d] o.s.c.g.r.RouteDefinitionRouteLocator    : RouteDefinition REWARDS-SERVICE applying {_genkey_0=/api/rewards/**} to Path
2026-03-27T10:11:05.266+05:30 DEBUG 4660 --- [Api-Gateway] [reshExecutor-%d] o.s.c.g.r.RouteDefinitionRouteLocator    : RouteDefinition REWARDS-SERVICE applying filter {_genkey_0=name:rewardCircuitBreaker, _genkey_1=fallbackUri:forward:/fallback/reward} to CircuitBreaker
2026-03-27T10:11:05.267+05:30 DEBUG 4660 --- [Api-Gateway] [reshExecutor-%d] o.s.c.g.r.RouteDefinitionRouteLocator    : RouteDefinition matched: REWARDS-SERVICE
2026-03-27T10:11:05.267+05:30 DEBUG 4660 --- [Api-Gateway] [reshExecutor-%d] o.s.c.g.r.RouteDefinitionRouteLocator    : RouteDefinition NOTIFICATION-SERVICE applying {_genkey_0=/api/notifications/**} to Path
2026-03-27T10:11:05.268+05:30 DEBUG 4660 --- [Api-Gateway] [reshExecutor-%d] o.s.c.g.r.RouteDefinitionRouteLocator    : RouteDefinition NOTIFICATION-SERVICE applying filter {_genkey_0=name:notificationCircuitBreaker, _genkey_1=fallbackUri:forward:/fallback/general} to CircuitBreaker
2026-03-27T10:11:05.268+05:30 DEBUG 4660 --- [Api-Gateway] [reshExecutor-%d] o.s.c.g.r.RouteDefinitionRouteLocator    : RouteDefinition matched: NOTIFICATION-SERVICE
2026-03-27T10:11:05.268+05:30 DEBUG 4660 --- [Api-Gateway] [reshExecutor-%d] o.s.c.g.r.RouteDefinitionRouteLocator    : RouteDefinition USER-SERVICE applying {_genkey_0=/users/**} to Path
2026-03-27T10:11:05.279+05:30 DEBUG 4660 --- [Api-Gateway] [reshExecutor-%d] o.s.c.g.r.RouteDefinitionRouteLocator    : RouteDefinition matched: USER-SERVICE
2026-03-27T10:11:05.281+05:30 DEBUG 4660 --- [Api-Gateway] [reshExecutor-%d] o.s.c.g.filter.GatewayMetricsFilter      : New routes count: 19
2026-03-27T10:11:35.304+05:30 DEBUG 4660 --- [Api-Gateway] [reshExecutor-%d] o.s.c.g.r.RouteDefinitionRouteLocator    : RouteDefinition ReactiveCompositeDiscoveryClient_CONFIG-SERVIER applying {pattern=/config-servier/**} to Path
2026-03-27T10:11:35.308+05:30 DEBUG 4660 --- [Api-Gateway] [reshExecutor-%d] o.s.c.g.r.RouteDefinitionRouteLocator    : RouteDefinition ReactiveCompositeDiscoveryClient_CONFIG-SERVIER applying filter {regexp=/config-servier/?(?<remaining>.*), replacement=/${remaining}} to RewritePath
2026-03-27T10:11:35.309+05:30 DEBUG 4660 --- [Api-Gateway] [reshExecutor-%d] o.s.c.g.r.RouteDefinitionRouteLocator    : RouteDefinition matched: ReactiveCompositeDiscoveryClient_CONFIG-SERVIER
2026-03-27T10:11:35.310+05:30 DEBUG 4660 --- [Api-Gateway] [reshExecutor-%d] o.s.c.g.r.RouteDefinitionRouteLocator    : RouteDefinition ReactiveCompositeDiscoveryClient_API-GATEWAY applying {pattern=/api-gateway/**} to Path
2026-03-27T10:11:35.310+05:30 DEBUG 4660 --- [Api-Gateway] [reshExecutor-%d] o.s.c.g.r.RouteDefinitionRouteLocator    : RouteDefinition ReactiveCompositeDiscoveryClient_API-GATEWAY applying filter {regexp=/api-gateway/?(?<remaining>.*), replacement=/${remaining}} to RewritePath
2026-03-27T10:11:35.311+05:30 DEBUG 4660 --- [Api-Gateway] [reshExecutor-%d] o.s.c.g.r.RouteDefinitionRouteLocator    : RouteDefinition matched: ReactiveCompositeDiscoveryClient_API-GATEWAY
2026-03-27T10:11:35.311+05:30 DEBUG 4660 --- [Api-Gateway] [reshExecutor-%d] o.s.c.g.r.RouteDefinitionRouteLocator    : RouteDefinition ReactiveCompositeDiscoveryClient_REWARDS-SERVICE applying {pattern=/rewards-service/**} to Path
2026-03-27T10:11:35.312+05:30 DEBUG 4660 --- [Api-Gateway] [reshExecutor-%d] o.s.c.g.r.RouteDefinitionRouteLocator    : RouteDefinition ReactiveCompositeDiscoveryClient_REWARDS-SERVICE applying filter {regexp=/rewards-service/?(?<remaining>.*), replacement=/${remaining}} to RewritePath
2026-03-27T10:11:35.312+05:30 DEBUG 4660 --- [Api-Gateway] [reshExecutor-%d] o.s.c.g.r.RouteDefinitionRouteLocator    : RouteDefinition matched: ReactiveCompositeDiscoveryClient_REWARDS-SERVICE
2026-03-27T10:11:35.313+05:30 DEBUG 4660 --- [Api-Gateway] [reshExecutor-%d] o.s.c.g.r.RouteDefinitionRouteLocator    : RouteDefinition ReactiveCompositeDiscoveryClient_KYC-SERVICE applying {pattern=/kyc-service/**} to Path
2026-03-27T10:11:35.314+05:30 DEBUG 4660 --- [Api-Gateway] [reshExecutor-%d] o.s.c.g.r.RouteDefinitionRouteLocator    : RouteDefinition ReactiveCompositeDiscoveryClient_KYC-SERVICE applying filter {regexp=/kyc-service/?(?<remaining>.*), replacement=/${remaining}} to RewritePath
2026-03-27T10:11:35.315+05:30 DEBUG 4660 --- [Api-Gateway] [reshExecutor-%d] o.s.c.g.r.RouteDefinitionRouteLocator    : RouteDefinition matched: ReactiveCompositeDiscoveryClient_KYC-SERVICE
2026-03-27T10:11:35.315+05:30 DEBUG 4660 --- [Api-Gateway] [reshExecutor-%d] o.s.c.g.r.RouteDefinitionRouteLocator    : RouteDefinition ReactiveCompositeDiscoveryClient_ADMIN-SERVICE applying {pattern=/admin-service/**} to Path
2026-03-27T10:11:35.316+05:30 DEBUG 4660 --- [Api-Gateway] [reshExecutor-%d] o.s.c.g.r.RouteDefinitionRouteLocator    : RouteDefinition ReactiveCompositeDiscoveryClient_ADMIN-SERVICE applying filter {regexp=/admin-service/?(?<remaining>.*), replacement=/${remaining}} to RewritePath
2026-03-27T10:11:35.317+05:30 DEBUG 4660 --- [Api-Gateway] [reshExecutor-%d] o.s.c.g.r.RouteDefinitionRouteLocator    : RouteDefinition matched: ReactiveCompositeDiscoveryClient_ADMIN-SERVICE
2026-03-27T10:11:35.317+05:30 DEBUG 4660 --- [Api-Gateway] [reshExecutor-%d] o.s.c.g.r.RouteDefinitionRouteLocator    : RouteDefinition ReactiveCompositeDiscoveryClient_TRANSACTION-SERVICE applying {pattern=/transaction-service/**} to Path
2026-03-27T10:11:35.318+05:30 DEBUG 4660 --- [Api-Gateway] [reshExecutor-%d] o.s.c.g.r.RouteDefinitionRouteLocator    : RouteDefinition ReactiveCompositeDiscoveryClient_TRANSACTION-SERVICE applying filter {regexp=/transaction-service/?(?<remaining>.*), replacement=/${remaining}} to RewritePath
2026-03-27T10:11:35.319+05:30 DEBUG 4660 --- [Api-Gateway] [reshExecutor-%d] o.s.c.g.r.RouteDefinitionRouteLocator    : RouteDefinition matched: ReactiveCompositeDiscoveryClient_TRANSACTION-SERVICE
2026-03-27T10:11:35.319+05:30 DEBUG 4660 --- [Api-Gateway] [reshExecutor-%d] o.s.c.g.r.RouteDefinitionRouteLocator    : RouteDefinition ReactiveCompositeDiscoveryClient_WALLET-SERVICE applying {pattern=/wallet-service/**} to Path
2026-03-27T10:11:35.320+05:30 DEBUG 4660 --- [Api-Gateway] [reshExecutor-%d] o.s.c.g.r.RouteDefinitionRouteLocator    : RouteDefinition ReactiveCompositeDiscoveryClient_WALLET-SERVICE applying filter {regexp=/wallet-service/?(?<remaining>.*), replacement=/${remaining}} to RewritePath
2026-03-27T10:11:35.321+05:30 DEBUG 4660 --- [Api-Gateway] [reshExecutor-%d] o.s.c.g.r.RouteDefinitionRouteLocator    : RouteDefinition matched: ReactiveCompositeDiscoveryClient_WALLET-SERVICE
2026-03-27T10:11:35.322+05:30 DEBUG 4660 --- [Api-Gateway] [reshExecutor-%d] o.s.c.g.r.RouteDefinitionRouteLocator    : RouteDefinition ReactiveCompositeDiscoveryClient_NOTIFICATION-SERVICE applying {pattern=/notification-service/**} to Path
2026-03-27T10:11:35.322+05:30 DEBUG 4660 --- [Api-Gateway] [reshExecutor-%d] o.s.c.g.r.RouteDefinitionRouteLocator    : RouteDefinition ReactiveCompositeDiscoveryClient_NOTIFICATION-SERVICE applying filter {regexp=/notification-service/?(?<remaining>.*), replacement=/${remaining}} to RewritePath
2026-03-27T10:11:35.324+05:30 DEBUG 4660 --- [Api-Gateway] [reshExecutor-%d] o.s.c.g.r.RouteDefinitionRouteLocator    : RouteDefinition matched: ReactiveCompositeDiscoveryClient_NOTIFICATION-SERVICE
2026-03-27T10:11:35.324+05:30 DEBUG 4660 --- [Api-Gateway] [reshExecutor-%d] o.s.c.g.r.RouteDefinitionRouteLocator    : RouteDefinition ReactiveCompositeDiscoveryClient_USER-SERVICE applying {pattern=/user-service/**} to Path
2026-03-27T10:11:35.325+05:30 DEBUG 4660 --- [Api-Gateway] [reshExecutor-%d] o.s.c.g.r.RouteDefinitionRouteLocator    : RouteDefinition ReactiveCompositeDiscoveryClient_USER-SERVICE applying filter {regexp=/user-service/?(?<remaining>.*), replacement=/${remaining}} to RewritePath
2026-03-27T10:11:35.325+05:30 DEBUG 4660 --- [Api-Gateway] [reshExecutor-%d] o.s.c.g.r.RouteDefinitionRouteLocator    : RouteDefinition matched: ReactiveCompositeDiscoveryClient_USER-SERVICE
2026-03-27T10:11:35.326+05:30 DEBUG 4660 --- [Api-Gateway] [reshExecutor-%d] o.s.c.g.r.RouteDefinitionRouteLocator    : RouteDefinition ReactiveCompositeDiscoveryClient_PAYMENT-SERVICES applying {pattern=/payment-services/**} to Path
2026-03-27T10:11:35.326+05:30 DEBUG 4660 --- [Api-Gateway] [reshExecutor-%d] o.s.c.g.r.RouteDefinitionRouteLocator    : RouteDefinition ReactiveCompositeDiscoveryClient_PAYMENT-SERVICES applying filter {regexp=/payment-services/?(?<remaining>.*), replacement=/${remaining}} to RewritePath
2026-03-27T10:11:35.327+05:30 DEBUG 4660 --- [Api-Gateway] [reshExecutor-%d] o.s.c.g.r.RouteDefinitionRouteLocator    : RouteDefinition matched: ReactiveCompositeDiscoveryClient_PAYMENT-SERVICES
2026-03-27T10:11:35.327+05:30 DEBUG 4660 --- [Api-Gateway] [reshExecutor-%d] o.s.c.g.r.RouteDefinitionRouteLocator    : RouteDefinition AUTH-SERVICE applying {_genkey_0=/auth/**} to Path
2026-03-27T10:11:35.327+05:30 DEBUG 4660 --- [Api-Gateway] [reshExecutor-%d] o.s.c.g.r.RouteDefinitionRouteLocator    : RouteDefinition matched: AUTH-SERVICE
2026-03-27T10:11:35.327+05:30 DEBUG 4660 --- [Api-Gateway] [reshExecutor-%d] o.s.c.g.r.RouteDefinitionRouteLocator    : RouteDefinition ADMIN-SERVICE applying {_genkey_0=/admin/**} to Path
2026-03-27T10:11:35.328+05:30 DEBUG 4660 --- [Api-Gateway] [reshExecutor-%d] o.s.c.g.r.RouteDefinitionRouteLocator    : RouteDefinition matched: ADMIN-SERVICE
2026-03-27T10:11:35.328+05:30 DEBUG 4660 --- [Api-Gateway] [reshExecutor-%d] o.s.c.g.r.RouteDefinitionRouteLocator    : RouteDefinition KYC-SERVICE applying {_genkey_0=/kyc/**} to Path
2026-03-27T10:11:35.328+05:30 DEBUG 4660 --- [Api-Gateway] [reshExecutor-%d] o.s.c.g.r.RouteDefinitionRouteLocator    : RouteDefinition matched: KYC-SERVICE
2026-03-27T10:11:35.328+05:30 DEBUG 4660 --- [Api-Gateway] [reshExecutor-%d] o.s.c.g.r.RouteDefinitionRouteLocator    : RouteDefinition PAYMENT-SERVICES applying {_genkey_0=/api/payments/**} to Path
2026-03-27T10:11:35.329+05:30 DEBUG 4660 --- [Api-Gateway] [reshExecutor-%d] o.s.c.g.r.RouteDefinitionRouteLocator    : RouteDefinition PAYMENT-SERVICES applying filter {_genkey_0=name:paymentCircuitBreaker, _genkey_1=fallbackUri:forward:/fallback/payment} to CircuitBreaker
2026-03-27T10:11:35.329+05:30 DEBUG 4660 --- [Api-Gateway] [reshExecutor-%d] o.s.c.g.r.RouteDefinitionRouteLocator    : RouteDefinition matched: PAYMENT-SERVICES
2026-03-27T10:11:35.329+05:30 DEBUG 4660 --- [Api-Gateway] [reshExecutor-%d] o.s.c.g.r.RouteDefinitionRouteLocator    : RouteDefinition WALLET-SERVICE applying {_genkey_0=/api/wallets/**} to Path
2026-03-27T10:11:35.330+05:30 DEBUG 4660 --- [Api-Gateway] [reshExecutor-%d] o.s.c.g.r.RouteDefinitionRouteLocator    : RouteDefinition WALLET-SERVICE applying filter {_genkey_0=name:walletCircuitBreaker, _genkey_1=fallbackUri:forward:/fallback/general} to CircuitBreaker
2026-03-27T10:11:35.330+05:30 DEBUG 4660 --- [Api-Gateway] [reshExecutor-%d] o.s.c.g.r.RouteDefinitionRouteLocator    : RouteDefinition matched: WALLET-SERVICE
2026-03-27T10:11:35.330+05:30 DEBUG 4660 --- [Api-Gateway] [reshExecutor-%d] o.s.c.g.r.RouteDefinitionRouteLocator    : RouteDefinition TRANSACTION-SERVICE applying {_genkey_0=/api/transaction/**} to Path
2026-03-27T10:11:35.330+05:30 DEBUG 4660 --- [Api-Gateway] [reshExecutor-%d] o.s.c.g.r.RouteDefinitionRouteLocator    : RouteDefinition TRANSACTION-SERVICE applying filter {_genkey_0=name:transactionCircuitBreaker, _genkey_1=fallbackUri:forward:/fallback/general} to CircuitBreaker
2026-03-27T10:11:35.331+05:30 DEBUG 4660 --- [Api-Gateway] [reshExecutor-%d] o.s.c.g.r.RouteDefinitionRouteLocator    : RouteDefinition matched: TRANSACTION-SERVICE
2026-03-27T10:11:35.331+05:30 DEBUG 4660 --- [Api-Gateway] [reshExecutor-%d] o.s.c.g.r.RouteDefinitionRouteLocator    : RouteDefinition REWARDS-SERVICE applying {_genkey_0=/api/rewards/**} to Path
2026-03-27T10:11:35.332+05:30 DEBUG 4660 --- [Api-Gateway] [reshExecutor-%d] o.s.c.g.r.RouteDefinitionRouteLocator    : RouteDefinition REWARDS-SERVICE applying filter {_genkey_0=name:rewardCircuitBreaker, _genkey_1=fallbackUri:forward:/fallback/reward} to CircuitBreaker
2026-03-27T10:11:35.332+05:30 DEBUG 4660 --- [Api-Gateway] [reshExecutor-%d] o.s.c.g.r.RouteDefinitionRouteLocator    : RouteDefinition matched: REWARDS-SERVICE
2026-03-27T10:11:35.332+05:30 DEBUG 4660 --- [Api-Gateway] [reshExecutor-%d] o.s.c.g.r.RouteDefinitionRouteLocator    : RouteDefinition NOTIFICATION-SERVICE applying {_genkey_0=/api/notifications/**} to Path
2026-03-27T10:11:35.333+05:30 DEBUG 4660 --- [Api-Gateway] [reshExecutor-%d] o.s.c.g.r.RouteDefinitionRouteLocator    : RouteDefinition NOTIFICATION-SERVICE applying filter {_genkey_0=name:notificationCircuitBreaker, _genkey_1=fallbackUri:forward:/fallback/general} to CircuitBreaker
2026-03-27T10:11:35.333+05:30 DEBUG 4660 --- [Api-Gateway] [reshExecutor-%d] o.s.c.g.r.RouteDefinitionRouteLocator    : RouteDefinition matched: NOTIFICATION-SERVICE
2026-03-27T10:11:35.333+05:30 DEBUG 4660 --- [Api-Gateway] [reshExecutor-%d] o.s.c.g.r.RouteDefinitionRouteLocator    : RouteDefinition USER-SERVICE applying {_genkey_0=/users/**} to Path
2026-03-27T10:11:35.334+05:30 DEBUG 4660 --- [Api-Gateway] [reshExecutor-%d] o.s.c.g.r.RouteDefinitionRouteLocator    : RouteDefinition matched: USER-SERVICE
2026-03-27T10:11:35.335+05:30 DEBUG 4660 --- [Api-Gateway] [reshExecutor-%d] o.s.c.g.filter.GatewayMetricsFilter      : New routes count: 19
2026-03-27T10:12:05.361+05:30 DEBUG 4660 --- [Api-Gateway] [reshExecutor-%d] o.s.c.g.r.RouteDefinitionRouteLocator    : RouteDefinition ReactiveCompositeDiscoveryClient_CONFIG-SERVIER applying {pattern=/config-servier/**} to Path
2026-03-27T10:12:05.368+05:30 DEBUG 4660 --- [Api-Gateway] [reshExecutor-%d] o.s.c.g.r.RouteDefinitionRouteLocator    : RouteDefinition ReactiveCompositeDiscoveryClient_CONFIG-SERVIER applying filter {regexp=/config-servier/?(?<remaining>.*), replacement=/${remaining}} to RewritePath
2026-03-27T10:12:05.368+05:30 DEBUG 4660 --- [Api-Gateway] [reshExecutor-%d] o.s.c.g.r.RouteDefinitionRouteLocator    : RouteDefinition matched: ReactiveCompositeDiscoveryClient_CONFIG-SERVIER
2026-03-27T10:12:05.369+05:30 DEBUG 4660 --- [Api-Gateway] [reshExecutor-%d] o.s.c.g.r.RouteDefinitionRouteLocator    : RouteDefinition ReactiveCompositeDiscoveryClient_API-GATEWAY applying {pattern=/api-gateway/**} to Path
2026-03-27T10:12:05.370+05:30 DEBUG 4660 --- [Api-Gateway] [reshExecutor-%d] o.s.c.g.r.RouteDefinitionRouteLocator    : RouteDefinition ReactiveCompositeDiscoveryClient_API-GATEWAY applying filter {regexp=/api-gateway/?(?<remaining>.*), replacement=/${remaining}} to RewritePath
2026-03-27T10:12:05.372+05:30 DEBUG 4660 --- [Api-Gateway] [reshExecutor-%d] o.s.c.g.r.RouteDefinitionRouteLocator    : RouteDefinition matched: ReactiveCompositeDiscoveryClient_API-GATEWAY
2026-03-27T10:12:05.373+05:30 DEBUG 4660 --- [Api-Gateway] [reshExecutor-%d] o.s.c.g.r.RouteDefinitionRouteLocator    : RouteDefinition ReactiveCompositeDiscoveryClient_REWARDS-SERVICE applying {pattern=/rewards-service/**} to Path
2026-03-27T10:12:05.374+05:30 DEBUG 4660 --- [Api-Gateway] [reshExecutor-%d] o.s.c.g.r.RouteDefinitionRouteLocator    : RouteDefinition ReactiveCompositeDiscoveryClient_REWARDS-SERVICE applying filter {regexp=/rewards-service/?(?<remaining>.*), replacement=/${remaining}} to RewritePath
2026-03-27T10:12:05.375+05:30 DEBUG 4660 --- [Api-Gateway] [reshExecutor-%d] o.s.c.g.r.RouteDefinitionRouteLocator    : RouteDefinition matched: ReactiveCompositeDiscoveryClient_REWARDS-SERVICE
2026-03-27T10:12:05.376+05:30 DEBUG 4660 --- [Api-Gateway] [reshExecutor-%d] o.s.c.g.r.RouteDefinitionRouteLocator    : RouteDefinition ReactiveCompositeDiscoveryClient_KYC-SERVICE applying {pattern=/kyc-service/**} to Path
2026-03-27T10:12:05.378+05:30 DEBUG 4660 --- [Api-Gateway] [reshExecutor-%d] o.s.c.g.r.RouteDefinitionRouteLocator    : RouteDefinition ReactiveCompositeDiscoveryClient_KYC-SERVICE applying filter {regexp=/kyc-service/?(?<remaining>.*), replacement=/${remaining}} to RewritePath
2026-03-27T10:12:05.380+05:30 DEBUG 4660 --- [Api-Gateway] [reshExecutor-%d] o.s.c.g.r.RouteDefinitionRouteLocator    : RouteDefinition matched: ReactiveCompositeDiscoveryClient_KYC-SERVICE
2026-03-27T10:12:05.381+05:30 DEBUG 4660 --- [Api-Gateway] [reshExecutor-%d] o.s.c.g.r.RouteDefinitionRouteLocator    : RouteDefinition ReactiveCompositeDiscoveryClient_ADMIN-SERVICE applying {pattern=/admin-service/**} to Path
2026-03-27T10:12:05.382+05:30 DEBUG 4660 --- [Api-Gateway] [reshExecutor-%d] o.s.c.g.r.RouteDefinitionRouteLocator    : RouteDefinition ReactiveCompositeDiscoveryClient_ADMIN-SERVICE applying filter {regexp=/admin-service/?(?<remaining>.*), replacement=/${remaining}} to RewritePath
2026-03-27T10:12:05.383+05:30 DEBUG 4660 --- [Api-Gateway] [reshExecutor-%d] o.s.c.g.r.RouteDefinitionRouteLocator    : RouteDefinition matched: ReactiveCompositeDiscoveryClient_ADMIN-SERVICE
2026-03-27T10:12:05.384+05:30 DEBUG 4660 --- [Api-Gateway] [reshExecutor-%d] o.s.c.g.r.RouteDefinitionRouteLocator    : RouteDefinition ReactiveCompositeDiscoveryClient_TRANSACTION-SERVICE applying {pattern=/transaction-service/**} to Path
2026-03-27T10:12:05.385+05:30 DEBUG 4660 --- [Api-Gateway] [reshExecutor-%d] o.s.c.g.r.RouteDefinitionRouteLocator    : RouteDefinition ReactiveCompositeDiscoveryClient_TRANSACTION-SERVICE applying filter {regexp=/transaction-service/?(?<remaining>.*), replacement=/${remaining}} to RewritePath
2026-03-27T10:12:05.386+05:30 DEBUG 4660 --- [Api-Gateway] [reshExecutor-%d] o.s.c.g.r.RouteDefinitionRouteLocator    : RouteDefinition matched: ReactiveCompositeDiscoveryClient_TRANSACTION-SERVICE
2026-03-27T10:12:05.387+05:30 DEBUG 4660 --- [Api-Gateway] [reshExecutor-%d] o.s.c.g.r.RouteDefinitionRouteLocator    : RouteDefinition ReactiveCompositeDiscoveryClient_WALLET-SERVICE applying {pattern=/wallet-service/**} to Path
2026-03-27T10:12:05.388+05:30 DEBUG 4660 --- [Api-Gateway] [reshExecutor-%d] o.s.c.g.r.RouteDefinitionRouteLocator    : RouteDefinition ReactiveCompositeDiscoveryClient_WALLET-SERVICE applying filter {regexp=/wallet-service/?(?<remaining>.*), replacement=/${remaining}} to RewritePath
2026-03-27T10:12:05.389+05:30 DEBUG 4660 --- [Api-Gateway] [reshExecutor-%d] o.s.c.g.r.RouteDefinitionRouteLocator    : RouteDefinition matched: ReactiveCompositeDiscoveryClient_WALLET-SERVICE
2026-03-27T10:12:05.390+05:30 DEBUG 4660 --- [Api-Gateway] [reshExecutor-%d] o.s.c.g.r.RouteDefinitionRouteLocator    : RouteDefinition ReactiveCompositeDiscoveryClient_NOTIFICATION-SERVICE applying {pattern=/notification-service/**} to Path
2026-03-27T10:12:05.390+05:30 DEBUG 4660 --- [Api-Gateway] [reshExecutor-%d] o.s.c.g.r.RouteDefinitionRouteLocator    : RouteDefinition ReactiveCompositeDiscoveryClient_NOTIFICATION-SERVICE applying filter {regexp=/notification-service/?(?<remaining>.*), replacement=/${remaining}} to RewritePath
2026-03-27T10:12:05.392+05:30 DEBUG 4660 --- [Api-Gateway] [reshExecutor-%d] o.s.c.g.r.RouteDefinitionRouteLocator    : RouteDefinition matched: ReactiveCompositeDiscoveryClient_NOTIFICATION-SERVICE
2026-03-27T10:12:05.393+05:30 DEBUG 4660 --- [Api-Gateway] [reshExecutor-%d] o.s.c.g.r.RouteDefinitionRouteLocator    : RouteDefinition ReactiveCompositeDiscoveryClient_USER-SERVICE applying {pattern=/user-service/**} to Path
2026-03-27T10:12:05.393+05:30 DEBUG 4660 --- [Api-Gateway] [reshExecutor-%d] o.s.c.g.r.RouteDefinitionRouteLocator    : RouteDefinition ReactiveCompositeDiscoveryClient_USER-SERVICE applying filter {regexp=/user-service/?(?<remaining>.*), replacement=/${remaining}} to RewritePath
2026-03-27T10:12:05.394+05:30 DEBUG 4660 --- [Api-Gateway] [reshExecutor-%d] o.s.c.g.r.RouteDefinitionRouteLocator    : RouteDefinition matched: ReactiveCompositeDiscoveryClient_USER-SERVICE
2026-03-27T10:12:05.395+05:30 DEBUG 4660 --- [Api-Gateway] [reshExecutor-%d] o.s.c.g.r.RouteDefinitionRouteLocator    : RouteDefinition ReactiveCompositeDiscoveryClient_PAYMENT-SERVICES applying {pattern=/payment-services/**} to Path
2026-03-27T10:12:05.396+05:30 DEBUG 4660 --- [Api-Gateway] [reshExecutor-%d] o.s.c.g.r.RouteDefinitionRouteLocator    : RouteDefinition ReactiveCompositeDiscoveryClient_PAYMENT-SERVICES applying filter {regexp=/payment-services/?(?<remaining>.*), replacement=/${remaining}} to RewritePath
2026-03-27T10:12:05.396+05:30 DEBUG 4660 --- [Api-Gateway] [reshExecutor-%d] o.s.c.g.r.RouteDefinitionRouteLocator    : RouteDefinition matched: ReactiveCompositeDiscoveryClient_PAYMENT-SERVICES
2026-03-27T10:12:05.398+05:30 DEBUG 4660 --- [Api-Gateway] [reshExecutor-%d] o.s.c.g.r.RouteDefinitionRouteLocator    : RouteDefinition AUTH-SERVICE applying {_genkey_0=/auth/**} to Path
2026-03-27T10:12:05.398+05:30 DEBUG 4660 --- [Api-Gateway] [reshExecutor-%d] o.s.c.g.r.RouteDefinitionRouteLocator    : RouteDefinition matched: AUTH-SERVICE
2026-03-27T10:12:05.399+05:30 DEBUG 4660 --- [Api-Gateway] [reshExecutor-%d] o.s.c.g.r.RouteDefinitionRouteLocator    : RouteDefinition ADMIN-SERVICE applying {_genkey_0=/admin/**} to Path
2026-03-27T10:12:05.400+05:30 DEBUG 4660 --- [Api-Gateway] [reshExecutor-%d] o.s.c.g.r.RouteDefinitionRouteLocator    : RouteDefinition matched: ADMIN-SERVICE
2026-03-27T10:12:05.401+05:30 DEBUG 4660 --- [Api-Gateway] [reshExecutor-%d] o.s.c.g.r.RouteDefinitionRouteLocator    : RouteDefinition KYC-SERVICE applying {_genkey_0=/kyc/**} to Path
2026-03-27T10:12:05.402+05:30 DEBUG 4660 --- [Api-Gateway] [reshExecutor-%d] o.s.c.g.r.RouteDefinitionRouteLocator    : RouteDefinition matched: KYC-SERVICE
2026-03-27T10:12:05.402+05:30 DEBUG 4660 --- [Api-Gateway] [reshExecutor-%d] o.s.c.g.r.RouteDefinitionRouteLocator    : RouteDefinition PAYMENT-SERVICES applying {_genkey_0=/api/payments/**} to Path
2026-03-27T10:12:05.403+05:30 DEBUG 4660 --- [Api-Gateway] [reshExecutor-%d] o.s.c.g.r.RouteDefinitionRouteLocator    : RouteDefinition PAYMENT-SERVICES applying filter {_genkey_0=name:paymentCircuitBreaker, _genkey_1=fallbackUri:forward:/fallback/payment} to CircuitBreaker
2026-03-27T10:12:05.405+05:30 DEBUG 4660 --- [Api-Gateway] [reshExecutor-%d] o.s.c.g.r.RouteDefinitionRouteLocator    : RouteDefinition matched: PAYMENT-SERVICES
2026-03-27T10:12:05.405+05:30 DEBUG 4660 --- [Api-Gateway] [reshExecutor-%d] o.s.c.g.r.RouteDefinitionRouteLocator    : RouteDefinition WALLET-SERVICE applying {_genkey_0=/api/wallets/**} to Path
2026-03-27T10:12:05.406+05:30 DEBUG 4660 --- [Api-Gateway] [reshExecutor-%d] o.s.c.g.r.RouteDefinitionRouteLocator    : RouteDefinition WALLET-SERVICE applying filter {_genkey_0=name:walletCircuitBreaker, _genkey_1=fallbackUri:forward:/fallback/general} to CircuitBreaker
2026-03-27T10:12:05.407+05:30 DEBUG 4660 --- [Api-Gateway] [reshExecutor-%d] o.s.c.g.r.RouteDefinitionRouteLocator    : RouteDefinition matched: WALLET-SERVICE
2026-03-27T10:12:05.407+05:30 DEBUG 4660 --- [Api-Gateway] [reshExecutor-%d] o.s.c.g.r.RouteDefinitionRouteLocator    : RouteDefinition TRANSACTION-SERVICE applying {_genkey_0=/api/transaction/**} to Path
2026-03-27T10:12:05.409+05:30 DEBUG 4660 --- [Api-Gateway] [reshExecutor-%d] o.s.c.g.r.RouteDefinitionRouteLocator    : RouteDefinition TRANSACTION-SERVICE applying filter {_genkey_0=name:transactionCircuitBreaker, _genkey_1=fallbackUri:forward:/fallback/general} to CircuitBreaker
2026-03-27T10:12:05.410+05:30 DEBUG 4660 --- [Api-Gateway] [reshExecutor-%d] o.s.c.g.r.RouteDefinitionRouteLocator    : RouteDefinition matched: TRANSACTION-SERVICE
2026-03-27T10:12:05.411+05:30 DEBUG 4660 --- [Api-Gateway] [reshExecutor-%d] o.s.c.g.r.RouteDefinitionRouteLocator    : RouteDefinition REWARDS-SERVICE applying {_genkey_0=/api/rewards/**} to Path
2026-03-27T10:12:05.411+05:30 DEBUG 4660 --- [Api-Gateway] [reshExecutor-%d] o.s.c.g.r.RouteDefinitionRouteLocator    : RouteDefinition REWARDS-SERVICE applying filter {_genkey_0=name:rewardCircuitBreaker, _genkey_1=fallbackUri:forward:/fallback/reward} to CircuitBreaker
2026-03-27T10:12:05.413+05:30 DEBUG 4660 --- [Api-Gateway] [reshExecutor-%d] o.s.c.g.r.RouteDefinitionRouteLocator    : RouteDefinition matched: REWARDS-SERVICE
2026-03-27T10:12:05.413+05:30 DEBUG 4660 --- [Api-Gateway] [reshExecutor-%d] o.s.c.g.r.RouteDefinitionRouteLocator    : RouteDefinition NOTIFICATION-SERVICE applying {_genkey_0=/api/notifications/**} to Path
2026-03-27T10:12:05.413+05:30 DEBUG 4660 --- [Api-Gateway] [reshExecutor-%d] o.s.c.g.r.RouteDefinitionRouteLocator    : RouteDefinition NOTIFICATION-SERVICE applying filter {_genkey_0=name:notificationCircuitBreaker, _genkey_1=fallbackUri:forward:/fallback/general} to CircuitBreaker
2026-03-27T10:12:05.414+05:30 DEBUG 4660 --- [Api-Gateway] [reshExecutor-%d] o.s.c.g.r.RouteDefinitionRouteLocator    : RouteDefinition matched: NOTIFICATION-SERVICE
2026-03-27T10:12:05.414+05:30 DEBUG 4660 --- [Api-Gateway] [reshExecutor-%d] o.s.c.g.r.RouteDefinitionRouteLocator    : RouteDefinition USER-SERVICE applying {_genkey_0=/users/**} to Path
2026-03-27T10:12:05.415+05:30 DEBUG 4660 --- [Api-Gateway] [reshExecutor-%d] o.s.c.g.r.RouteDefinitionRouteLocator    : RouteDefinition matched: USER-SERVICE
2026-03-27T10:12:05.416+05:30 DEBUG 4660 --- [Api-Gateway] [reshExecutor-%d] o.s.c.g.filter.GatewayMetricsFilter      : New routes count: 19
2026-03-27T10:12:35.440+05:30 DEBUG 4660 --- [Api-Gateway] [reshExecutor-%d] o.s.c.g.r.RouteDefinitionRouteLocator    : RouteDefinition ReactiveCompositeDiscoveryClient_CONFIG-SERVIER applying {pattern=/config-servier/**} to Path
2026-03-27T10:12:35.446+05:30 DEBUG 4660 --- [Api-Gateway] [reshExecutor-%d] o.s.c.g.r.RouteDefinitionRouteLocator    : RouteDefinition ReactiveCompositeDiscoveryClient_CONFIG-SERVIER applying filter {regexp=/config-servier/?(?<remaining>.*), replacement=/${remaining}} to RewritePath
2026-03-27T10:12:35.447+05:30 DEBUG 4660 --- [Api-Gateway] [reshExecutor-%d] o.s.c.g.r.RouteDefinitionRouteLocator    : RouteDefinition matched: ReactiveCompositeDiscoveryClient_CONFIG-SERVIER
2026-03-27T10:12:35.447+05:30 DEBUG 4660 --- [Api-Gateway] [reshExecutor-%d] o.s.c.g.r.RouteDefinitionRouteLocator    : RouteDefinition ReactiveCompositeDiscoveryClient_API-GATEWAY applying {pattern=/api-gateway/**} to Path
2026-03-27T10:12:35.450+05:30 DEBUG 4660 --- [Api-Gateway] [reshExecutor-%d] o.s.c.g.r.RouteDefinitionRouteLocator    : RouteDefinition ReactiveCompositeDiscoveryClient_API-GATEWAY applying filter {regexp=/api-gateway/?(?<remaining>.*), replacement=/${remaining}} to RewritePath
2026-03-27T10:12:35.451+05:30 DEBUG 4660 --- [Api-Gateway] [reshExecutor-%d] o.s.c.g.r.RouteDefinitionRouteLocator    : RouteDefinition matched: ReactiveCompositeDiscoveryClient_API-GATEWAY
2026-03-27T10:12:35.452+05:30 DEBUG 4660 --- [Api-Gateway] [reshExecutor-%d] o.s.c.g.r.RouteDefinitionRouteLocator    : RouteDefinition ReactiveCompositeDiscoveryClient_REWARDS-SERVICE applying {pattern=/rewards-service/**} to Path
2026-03-27T10:12:35.452+05:30 DEBUG 4660 --- [Api-Gateway] [reshExecutor-%d] o.s.c.g.r.RouteDefinitionRouteLocator    : RouteDefinition ReactiveCompositeDiscoveryClient_REWARDS-SERVICE applying filter {regexp=/rewards-service/?(?<remaining>.*), replacement=/${remaining}} to RewritePath
2026-03-27T10:12:35.454+05:30 DEBUG 4660 --- [Api-Gateway] [reshExecutor-%d] o.s.c.g.r.RouteDefinitionRouteLocator    : RouteDefinition matched: ReactiveCompositeDiscoveryClient_REWARDS-SERVICE
2026-03-27T10:12:35.454+05:30 DEBUG 4660 --- [Api-Gateway] [reshExecutor-%d] o.s.c.g.r.RouteDefinitionRouteLocator    : RouteDefinition ReactiveCompositeDiscoveryClient_KYC-SERVICE applying {pattern=/kyc-service/**} to Path
2026-03-27T10:12:35.455+05:30 DEBUG 4660 --- [Api-Gateway] [reshExecutor-%d] o.s.c.g.r.RouteDefinitionRouteLocator    : RouteDefinition ReactiveCompositeDiscoveryClient_KYC-SERVICE applying filter {regexp=/kyc-service/?(?<remaining>.*), replacement=/${remaining}} to RewritePath
2026-03-27T10:12:35.457+05:30 DEBUG 4660 --- [Api-Gateway] [reshExecutor-%d] o.s.c.g.r.RouteDefinitionRouteLocator    : RouteDefinition matched: ReactiveCompositeDiscoveryClient_KYC-SERVICE
2026-03-27T10:12:35.459+05:30 DEBUG 4660 --- [Api-Gateway] [reshExecutor-%d] o.s.c.g.r.RouteDefinitionRouteLocator    : RouteDefinition ReactiveCompositeDiscoveryClient_ADMIN-SERVICE applying {pattern=/admin-service/**} to Path
2026-03-27T10:12:35.460+05:30 DEBUG 4660 --- [Api-Gateway] [reshExecutor-%d] o.s.c.g.r.RouteDefinitionRouteLocator    : RouteDefinition ReactiveCompositeDiscoveryClient_ADMIN-SERVICE applying filter {regexp=/admin-service/?(?<remaining>.*), replacement=/${remaining}} to RewritePath
2026-03-27T10:12:35.461+05:30 DEBUG 4660 --- [Api-Gateway] [reshExecutor-%d] o.s.c.g.r.RouteDefinitionRouteLocator    : RouteDefinition matched: ReactiveCompositeDiscoveryClient_ADMIN-SERVICE
2026-03-27T10:12:35.462+05:30 DEBUG 4660 --- [Api-Gateway] [reshExecutor-%d] o.s.c.g.r.RouteDefinitionRouteLocator    : RouteDefinition ReactiveCompositeDiscoveryClient_TRANSACTION-SERVICE applying {pattern=/transaction-service/**} to Path
2026-03-27T10:12:35.463+05:30 DEBUG 4660 --- [Api-Gateway] [reshExecutor-%d] o.s.c.g.r.RouteDefinitionRouteLocator    : RouteDefinition ReactiveCompositeDiscoveryClient_TRANSACTION-SERVICE applying filter {regexp=/transaction-service/?(?<remaining>.*), replacement=/${remaining}} to RewritePath
2026-03-27T10:12:35.465+05:30 DEBUG 4660 --- [Api-Gateway] [reshExecutor-%d] o.s.c.g.r.RouteDefinitionRouteLocator    : RouteDefinition matched: ReactiveCompositeDiscoveryClient_TRANSACTION-SERVICE
2026-03-27T10:12:35.466+05:30 DEBUG 4660 --- [Api-Gateway] [reshExecutor-%d] o.s.c.g.r.RouteDefinitionRouteLocator    : RouteDefinition ReactiveCompositeDiscoveryClient_WALLET-SERVICE applying {pattern=/wallet-service/**} to Path
2026-03-27T10:12:35.467+05:30 DEBUG 4660 --- [Api-Gateway] [reshExecutor-%d] o.s.c.g.r.RouteDefinitionRouteLocator    : RouteDefinition ReactiveCompositeDiscoveryClient_WALLET-SERVICE applying filter {regexp=/wallet-service/?(?<remaining>.*), replacement=/${remaining}} to RewritePath
2026-03-27T10:12:35.468+05:30 DEBUG 4660 --- [Api-Gateway] [reshExecutor-%d] o.s.c.g.r.RouteDefinitionRouteLocator    : RouteDefinition matched: ReactiveCompositeDiscoveryClient_WALLET-SERVICE
2026-03-27T10:12:35.468+05:30 DEBUG 4660 --- [Api-Gateway] [reshExecutor-%d] o.s.c.g.r.RouteDefinitionRouteLocator    : RouteDefinition ReactiveCompositeDiscoveryClient_NOTIFICATION-SERVICE applying {pattern=/notification-service/**} to Path
2026-03-27T10:12:35.469+05:30 DEBUG 4660 --- [Api-Gateway] [reshExecutor-%d] o.s.c.g.r.RouteDefinitionRouteLocator    : RouteDefinition ReactiveCompositeDiscoveryClient_NOTIFICATION-SERVICE applying filter {regexp=/notification-service/?(?<remaining>.*), replacement=/${remaining}} to RewritePath
2026-03-27T10:12:35.471+05:30 DEBUG 4660 --- [Api-Gateway] [reshExecutor-%d] o.s.c.g.r.RouteDefinitionRouteLocator    : RouteDefinition matched: ReactiveCompositeDiscoveryClient_NOTIFICATION-SERVICE
2026-03-27T10:12:35.471+05:30 DEBUG 4660 --- [Api-Gateway] [reshExecutor-%d] o.s.c.g.r.RouteDefinitionRouteLocator    : RouteDefinition ReactiveCompositeDiscoveryClient_USER-SERVICE applying {pattern=/user-service/**} to Path
2026-03-27T10:12:35.472+05:30 DEBUG 4660 --- [Api-Gateway] [reshExecutor-%d] o.s.c.g.r.RouteDefinitionRouteLocator    : RouteDefinition ReactiveCompositeDiscoveryClient_USER-SERVICE applying filter {regexp=/user-service/?(?<remaining>.*), replacement=/${remaining}} to RewritePath
2026-03-27T10:12:35.474+05:30 DEBUG 4660 --- [Api-Gateway] [reshExecutor-%d] o.s.c.g.r.RouteDefinitionRouteLocator    : RouteDefinition matched: ReactiveCompositeDiscoveryClient_USER-SERVICE
2026-03-27T10:12:35.474+05:30 DEBUG 4660 --- [Api-Gateway] [reshExecutor-%d] o.s.c.g.r.RouteDefinitionRouteLocator    : RouteDefinition ReactiveCompositeDiscoveryClient_PAYMENT-SERVICES applying {pattern=/payment-services/**} to Path
2026-03-27T10:12:35.476+05:30 DEBUG 4660 --- [Api-Gateway] [reshExecutor-%d] o.s.c.g.r.RouteDefinitionRouteLocator    : RouteDefinition ReactiveCompositeDiscoveryClient_PAYMENT-SERVICES applying filter {regexp=/payment-services/?(?<remaining>.*), replacement=/${remaining}} to RewritePath
2026-03-27T10:12:35.477+05:30 DEBUG 4660 --- [Api-Gateway] [reshExecutor-%d] o.s.c.g.r.RouteDefinitionRouteLocator    : RouteDefinition matched: ReactiveCompositeDiscoveryClient_PAYMENT-SERVICES
2026-03-27T10:12:35.478+05:30 DEBUG 4660 --- [Api-Gateway] [reshExecutor-%d] o.s.c.g.r.RouteDefinitionRouteLocator    : RouteDefinition AUTH-SERVICE applying {_genkey_0=/auth/**} to Path
2026-03-27T10:12:35.479+05:30 DEBUG 4660 --- [Api-Gateway] [reshExecutor-%d] o.s.c.g.r.RouteDefinitionRouteLocator    : RouteDefinition matched: AUTH-SERVICE
2026-03-27T10:12:35.479+05:30 DEBUG 4660 --- [Api-Gateway] [reshExecutor-%d] o.s.c.g.r.RouteDefinitionRouteLocator    : RouteDefinition ADMIN-SERVICE applying {_genkey_0=/admin/**} to Path
2026-03-27T10:12:35.480+05:30 DEBUG 4660 --- [Api-Gateway] [reshExecutor-%d] o.s.c.g.r.RouteDefinitionRouteLocator    : RouteDefinition matched: ADMIN-SERVICE
2026-03-27T10:12:35.480+05:30 DEBUG 4660 --- [Api-Gateway] [reshExecutor-%d] o.s.c.g.r.RouteDefinitionRouteLocator    : RouteDefinition KYC-SERVICE applying {_genkey_0=/kyc/**} to Path
2026-03-27T10:12:35.481+05:30 DEBUG 4660 --- [Api-Gateway] [reshExecutor-%d] o.s.c.g.r.RouteDefinitionRouteLocator    : RouteDefinition matched: KYC-SERVICE
2026-03-27T10:12:35.482+05:30 DEBUG 4660 --- [Api-Gateway] [reshExecutor-%d] o.s.c.g.r.RouteDefinitionRouteLocator    : RouteDefinition PAYMENT-SERVICES applying {_genkey_0=/api/payments/**} to Path
2026-03-27T10:12:35.483+05:30 DEBUG 4660 --- [Api-Gateway] [reshExecutor-%d] o.s.c.g.r.RouteDefinitionRouteLocator    : RouteDefinition PAYMENT-SERVICES applying filter {_genkey_0=name:paymentCircuitBreaker, _genkey_1=fallbackUri:forward:/fallback/payment} to CircuitBreaker
2026-03-27T10:12:35.484+05:30 DEBUG 4660 --- [Api-Gateway] [reshExecutor-%d] o.s.c.g.r.RouteDefinitionRouteLocator    : RouteDefinition matched: PAYMENT-SERVICES
2026-03-27T10:12:35.484+05:30 DEBUG 4660 --- [Api-Gateway] [reshExecutor-%d] o.s.c.g.r.RouteDefinitionRouteLocator    : RouteDefinition WALLET-SERVICE applying {_genkey_0=/api/wallets/**} to Path
2026-03-27T10:12:35.485+05:30 DEBUG 4660 --- [Api-Gateway] [reshExecutor-%d] o.s.c.g.r.RouteDefinitionRouteLocator    : RouteDefinition WALLET-SERVICE applying filter {_genkey_0=name:walletCircuitBreaker, _genkey_1=fallbackUri:forward:/fallback/general} to CircuitBreaker
2026-03-27T10:12:35.486+05:30 DEBUG 4660 --- [Api-Gateway] [reshExecutor-%d] o.s.c.g.r.RouteDefinitionRouteLocator    : RouteDefinition matched: WALLET-SERVICE
2026-03-27T10:12:35.486+05:30 DEBUG 4660 --- [Api-Gateway] [reshExecutor-%d] o.s.c.g.r.RouteDefinitionRouteLocator    : RouteDefinition TRANSACTION-SERVICE applying {_genkey_0=/api/transaction/**} to Path
2026-03-27T10:12:35.487+05:30 DEBUG 4660 --- [Api-Gateway] [reshExecutor-%d] o.s.c.g.r.RouteDefinitionRouteLocator    : RouteDefinition TRANSACTION-SERVICE applying filter {_genkey_0=name:transactionCircuitBreaker, _genkey_1=fallbackUri:forward:/fallback/general} to CircuitBreaker
2026-03-27T10:12:35.487+05:30 DEBUG 4660 --- [Api-Gateway] [reshExecutor-%d] o.s.c.g.r.RouteDefinitionRouteLocator    : RouteDefinition matched: TRANSACTION-SERVICE
2026-03-27T10:12:35.488+05:30 DEBUG 4660 --- [Api-Gateway] [reshExecutor-%d] o.s.c.g.r.RouteDefinitionRouteLocator    : RouteDefinition REWARDS-SERVICE applying {_genkey_0=/api/rewards/**} to Path
2026-03-27T10:12:35.489+05:30 DEBUG 4660 --- [Api-Gateway] [reshExecutor-%d] o.s.c.g.r.RouteDefinitionRouteLocator    : RouteDefinition REWARDS-SERVICE applying filter {_genkey_0=name:rewardCircuitBreaker, _genkey_1=fallbackUri:forward:/fallback/reward} to CircuitBreaker
2026-03-27T10:12:35.490+05:30 DEBUG 4660 --- [Api-Gateway] [reshExecutor-%d] o.s.c.g.r.RouteDefinitionRouteLocator    : RouteDefinition matched: REWARDS-SERVICE
2026-03-27T10:12:35.490+05:30 DEBUG 4660 --- [Api-Gateway] [reshExecutor-%d] o.s.c.g.r.RouteDefinitionRouteLocator    : RouteDefinition NOTIFICATION-SERVICE applying {_genkey_0=/api/notifications/**} to Path
2026-03-27T10:12:35.491+05:30 DEBUG 4660 --- [Api-Gateway] [reshExecutor-%d] o.s.c.g.r.RouteDefinitionRouteLocator    : RouteDefinition NOTIFICATION-SERVICE applying filter {_genkey_0=name:notificationCircuitBreaker, _genkey_1=fallbackUri:forward:/fallback/general} to CircuitBreaker
2026-03-27T10:12:35.492+05:30 DEBUG 4660 --- [Api-Gateway] [reshExecutor-%d] o.s.c.g.r.RouteDefinitionRouteLocator    : RouteDefinition matched: NOTIFICATION-SERVICE
2026-03-27T10:12:35.492+05:30 DEBUG 4660 --- [Api-Gateway] [reshExecutor-%d] o.s.c.g.r.RouteDefinitionRouteLocator    : RouteDefinition USER-SERVICE applying {_genkey_0=/users/**} to Path
2026-03-27T10:12:35.492+05:30 DEBUG 4660 --- [Api-Gateway] [reshExecutor-%d] o.s.c.g.r.RouteDefinitionRouteLocator    : RouteDefinition matched: USER-SERVICE
2026-03-27T10:12:35.493+05:30 DEBUG 4660 --- [Api-Gateway] [reshExecutor-%d] o.s.c.g.filter.GatewayMetricsFilter      : New routes count: 19
2026-03-27T10:13:05.524+05:30 DEBUG 4660 --- [Api-Gateway] [reshExecutor-%d] o.s.c.g.r.RouteDefinitionRouteLocator    : RouteDefinition ReactiveCompositeDiscoveryClient_CONFIG-SERVIER applying {pattern=/config-servier/**} to Path
2026-03-27T10:13:05.528+05:30 DEBUG 4660 --- [Api-Gateway] [reshExecutor-%d] o.s.c.g.r.RouteDefinitionRouteLocator    : RouteDefinition ReactiveCompositeDiscoveryClient_CONFIG-SERVIER applying filter {regexp=/config-servier/?(?<remaining>.*), replacement=/${remaining}} to RewritePath
2026-03-27T10:13:05.529+05:30 DEBUG 4660 --- [Api-Gateway] [reshExecutor-%d] o.s.c.g.r.RouteDefinitionRouteLocator    : RouteDefinition matched: ReactiveCompositeDiscoveryClient_CONFIG-SERVIER
2026-03-27T10:13:05.529+05:30 DEBUG 4660 --- [Api-Gateway] [reshExecutor-%d] o.s.c.g.r.RouteDefinitionRouteLocator    : RouteDefinition ReactiveCompositeDiscoveryClient_API-GATEWAY applying {pattern=/api-gateway/**} to Path
2026-03-27T10:13:05.530+05:30 DEBUG 4660 --- [Api-Gateway] [reshExecutor-%d] o.s.c.g.r.RouteDefinitionRouteLocator    : RouteDefinition ReactiveCompositeDiscoveryClient_API-GATEWAY applying filter {regexp=/api-gateway/?(?<remaining>.*), replacement=/${remaining}} to RewritePath
2026-03-27T10:13:05.531+05:30 DEBUG 4660 --- [Api-Gateway] [reshExecutor-%d] o.s.c.g.r.RouteDefinitionRouteLocator    : RouteDefinition matched: ReactiveCompositeDiscoveryClient_API-GATEWAY
2026-03-27T10:13:05.531+05:30 DEBUG 4660 --- [Api-Gateway] [reshExecutor-%d] o.s.c.g.r.RouteDefinitionRouteLocator    : RouteDefinition ReactiveCompositeDiscoveryClient_REWARDS-SERVICE applying {pattern=/rewards-service/**} to Path
2026-03-27T10:13:05.532+05:30 DEBUG 4660 --- [Api-Gateway] [reshExecutor-%d] o.s.c.g.r.RouteDefinitionRouteLocator    : RouteDefinition ReactiveCompositeDiscoveryClient_REWARDS-SERVICE applying filter {regexp=/rewards-service/?(?<remaining>.*), replacement=/${remaining}} to RewritePath
2026-03-27T10:13:05.532+05:30 DEBUG 4660 --- [Api-Gateway] [reshExecutor-%d] o.s.c.g.r.RouteDefinitionRouteLocator    : RouteDefinition matched: ReactiveCompositeDiscoveryClient_REWARDS-SERVICE
2026-03-27T10:13:05.534+05:30 DEBUG 4660 --- [Api-Gateway] [reshExecutor-%d] o.s.c.g.r.RouteDefinitionRouteLocator    : RouteDefinition ReactiveCompositeDiscoveryClient_KYC-SERVICE applying {pattern=/kyc-service/**} to Path
2026-03-27T10:13:05.535+05:30 DEBUG 4660 --- [Api-Gateway] [reshExecutor-%d] o.s.c.g.r.RouteDefinitionRouteLocator    : RouteDefinition ReactiveCompositeDiscoveryClient_KYC-SERVICE applying filter {regexp=/kyc-service/?(?<remaining>.*), replacement=/${remaining}} to RewritePath
2026-03-27T10:13:05.535+05:30 DEBUG 4660 --- [Api-Gateway] [reshExecutor-%d] o.s.c.g.r.RouteDefinitionRouteLocator    : RouteDefinition matched: ReactiveCompositeDiscoveryClient_KYC-SERVICE
2026-03-27T10:13:05.536+05:30 DEBUG 4660 --- [Api-Gateway] [reshExecutor-%d] o.s.c.g.r.RouteDefinitionRouteLocator    : RouteDefinition ReactiveCompositeDiscoveryClient_ADMIN-SERVICE applying {pattern=/admin-service/**} to Path
2026-03-27T10:13:05.537+05:30 DEBUG 4660 --- [Api-Gateway] [reshExecutor-%d] o.s.c.g.r.RouteDefinitionRouteLocator    : RouteDefinition ReactiveCompositeDiscoveryClient_ADMIN-SERVICE applying filter {regexp=/admin-service/?(?<remaining>.*), replacement=/${remaining}} to RewritePath
2026-03-27T10:13:05.538+05:30 DEBUG 4660 --- [Api-Gateway] [reshExecutor-%d] o.s.c.g.r.RouteDefinitionRouteLocator    : RouteDefinition matched: ReactiveCompositeDiscoveryClient_ADMIN-SERVICE
2026-03-27T10:13:05.539+05:30 DEBUG 4660 --- [Api-Gateway] [reshExecutor-%d] o.s.c.g.r.RouteDefinitionRouteLocator    : RouteDefinition ReactiveCompositeDiscoveryClient_TRANSACTION-SERVICE applying {pattern=/transaction-service/**} to Path
2026-03-27T10:13:05.539+05:30 DEBUG 4660 --- [Api-Gateway] [reshExecutor-%d] o.s.c.g.r.RouteDefinitionRouteLocator    : RouteDefinition ReactiveCompositeDiscoveryClient_TRANSACTION-SERVICE applying filter {regexp=/transaction-service/?(?<remaining>.*), replacement=/${remaining}} to RewritePath
2026-03-27T10:13:05.540+05:30 DEBUG 4660 --- [Api-Gateway] [reshExecutor-%d] o.s.c.g.r.RouteDefinitionRouteLocator    : RouteDefinition matched: ReactiveCompositeDiscoveryClient_TRANSACTION-SERVICE
2026-03-27T10:13:05.541+05:30 DEBUG 4660 --- [Api-Gateway] [reshExecutor-%d] o.s.c.g.r.RouteDefinitionRouteLocator    : RouteDefinition ReactiveCompositeDiscoveryClient_WALLET-SERVICE applying {pattern=/wallet-service/**} to Path
2026-03-27T10:13:05.541+05:30 DEBUG 4660 --- [Api-Gateway] [reshExecutor-%d] o.s.c.g.r.RouteDefinitionRouteLocator    : RouteDefinition ReactiveCompositeDiscoveryClient_WALLET-SERVICE applying filter {regexp=/wallet-service/?(?<remaining>.*), replacement=/${remaining}} to RewritePath
2026-03-27T10:13:05.542+05:30 DEBUG 4660 --- [Api-Gateway] [reshExecutor-%d] o.s.c.g.r.RouteDefinitionRouteLocator    : RouteDefinition matched: ReactiveCompositeDiscoveryClient_WALLET-SERVICE
2026-03-27T10:13:05.542+05:30 DEBUG 4660 --- [Api-Gateway] [reshExecutor-%d] o.s.c.g.r.RouteDefinitionRouteLocator    : RouteDefinition ReactiveCompositeDiscoveryClient_NOTIFICATION-SERVICE applying {pattern=/notification-service/**} to Path
2026-03-27T10:13:05.542+05:30 DEBUG 4660 --- [Api-Gateway] [reshExecutor-%d] o.s.c.g.r.RouteDefinitionRouteLocator    : RouteDefinition ReactiveCompositeDiscoveryClient_NOTIFICATION-SERVICE applying filter {regexp=/notification-service/?(?<remaining>.*), replacement=/${remaining}} to RewritePath
2026-03-27T10:13:05.543+05:30 DEBUG 4660 --- [Api-Gateway] [reshExecutor-%d] o.s.c.g.r.RouteDefinitionRouteLocator    : RouteDefinition matched: ReactiveCompositeDiscoveryClient_NOTIFICATION-SERVICE
2026-03-27T10:13:05.543+05:30 DEBUG 4660 --- [Api-Gateway] [reshExecutor-%d] o.s.c.g.r.RouteDefinitionRouteLocator    : RouteDefinition ReactiveCompositeDiscoveryClient_USER-SERVICE applying {pattern=/user-service/**} to Path
2026-03-27T10:13:05.543+05:30 DEBUG 4660 --- [Api-Gateway] [reshExecutor-%d] o.s.c.g.r.RouteDefinitionRouteLocator    : RouteDefinition ReactiveCompositeDiscoveryClient_USER-SERVICE applying filter {regexp=/user-service/?(?<remaining>.*), replacement=/${remaining}} to RewritePath
2026-03-27T10:13:05.544+05:30 DEBUG 4660 --- [Api-Gateway] [reshExecutor-%d] o.s.c.g.r.RouteDefinitionRouteLocator    : RouteDefinition matched: ReactiveCompositeDiscoveryClient_USER-SERVICE
2026-03-27T10:13:05.544+05:30 DEBUG 4660 --- [Api-Gateway] [reshExecutor-%d] o.s.c.g.r.RouteDefinitionRouteLocator    : RouteDefinition ReactiveCompositeDiscoveryClient_PAYMENT-SERVICES applying {pattern=/payment-services/**} to Path
2026-03-27T10:13:05.545+05:30 DEBUG 4660 --- [Api-Gateway] [reshExecutor-%d] o.s.c.g.r.RouteDefinitionRouteLocator    : RouteDefinition ReactiveCompositeDiscoveryClient_PAYMENT-SERVICES applying filter {regexp=/payment-services/?(?<remaining>.*), replacement=/${remaining}} to RewritePath
2026-03-27T10:13:05.545+05:30 DEBUG 4660 --- [Api-Gateway] [reshExecutor-%d] o.s.c.g.r.RouteDefinitionRouteLocator    : RouteDefinition matched: ReactiveCompositeDiscoveryClient_PAYMENT-SERVICES
2026-03-27T10:13:05.546+05:30 DEBUG 4660 --- [Api-Gateway] [reshExecutor-%d] o.s.c.g.r.RouteDefinitionRouteLocator    : RouteDefinition AUTH-SERVICE applying {_genkey_0=/auth/**} to Path
2026-03-27T10:13:05.547+05:30 DEBUG 4660 --- [Api-Gateway] [reshExecutor-%d] o.s.c.g.r.RouteDefinitionRouteLocator    : RouteDefinition matched: AUTH-SERVICE
2026-03-27T10:13:05.547+05:30 DEBUG 4660 --- [Api-Gateway] [reshExecutor-%d] o.s.c.g.r.RouteDefinitionRouteLocator    : RouteDefinition ADMIN-SERVICE applying {_genkey_0=/admin/**} to Path
2026-03-27T10:13:05.548+05:30 DEBUG 4660 --- [Api-Gateway] [reshExecutor-%d] o.s.c.g.r.RouteDefinitionRouteLocator    : RouteDefinition matched: ADMIN-SERVICE
2026-03-27T10:13:05.548+05:30 DEBUG 4660 --- [Api-Gateway] [reshExecutor-%d] o.s.c.g.r.RouteDefinitionRouteLocator    : RouteDefinition KYC-SERVICE applying {_genkey_0=/kyc/**} to Path
2026-03-27T10:13:05.549+05:30 DEBUG 4660 --- [Api-Gateway] [reshExecutor-%d] o.s.c.g.r.RouteDefinitionRouteLocator    : RouteDefinition matched: KYC-SERVICE
2026-03-27T10:13:05.550+05:30 DEBUG 4660 --- [Api-Gateway] [reshExecutor-%d] o.s.c.g.r.RouteDefinitionRouteLocator    : RouteDefinition PAYMENT-SERVICES applying {_genkey_0=/api/payments/**} to Path
2026-03-27T10:13:05.550+05:30 DEBUG 4660 --- [Api-Gateway] [reshExecutor-%d] o.s.c.g.r.RouteDefinitionRouteLocator    : RouteDefinition PAYMENT-SERVICES applying filter {_genkey_0=name:paymentCircuitBreaker, _genkey_1=fallbackUri:forward:/fallback/payment} to CircuitBreaker
2026-03-27T10:13:05.552+05:30 DEBUG 4660 --- [Api-Gateway] [reshExecutor-%d] o.s.c.g.r.RouteDefinitionRouteLocator    : RouteDefinition matched: PAYMENT-SERVICES
2026-03-27T10:13:05.552+05:30 DEBUG 4660 --- [Api-Gateway] [reshExecutor-%d] o.s.c.g.r.RouteDefinitionRouteLocator    : RouteDefinition WALLET-SERVICE applying {_genkey_0=/api/wallets/**} to Path
2026-03-27T10:13:05.554+05:30 DEBUG 4660 --- [Api-Gateway] [reshExecutor-%d] o.s.c.g.r.RouteDefinitionRouteLocator    : RouteDefinition WALLET-SERVICE applying filter {_genkey_0=name:walletCircuitBreaker, _genkey_1=fallbackUri:forward:/fallback/general} to CircuitBreaker
2026-03-27T10:13:05.555+05:30 DEBUG 4660 --- [Api-Gateway] [reshExecutor-%d] o.s.c.g.r.RouteDefinitionRouteLocator    : RouteDefinition matched: WALLET-SERVICE
2026-03-27T10:13:05.556+05:30 DEBUG 4660 --- [Api-Gateway] [reshExecutor-%d] o.s.c.g.r.RouteDefinitionRouteLocator    : RouteDefinition TRANSACTION-SERVICE applying {_genkey_0=/api/transaction/**} to Path
2026-03-27T10:13:05.557+05:30 DEBUG 4660 --- [Api-Gateway] [reshExecutor-%d] o.s.c.g.r.RouteDefinitionRouteLocator    : RouteDefinition TRANSACTION-SERVICE applying filter {_genkey_0=name:transactionCircuitBreaker, _genkey_1=fallbackUri:forward:/fallback/general} to CircuitBreaker
2026-03-27T10:13:05.561+05:30 DEBUG 4660 --- [Api-Gateway] [reshExecutor-%d] o.s.c.g.r.RouteDefinitionRouteLocator    : RouteDefinition matched: TRANSACTION-SERVICE
2026-03-27T10:13:05.563+05:30 DEBUG 4660 --- [Api-Gateway] [reshExecutor-%d] o.s.c.g.r.RouteDefinitionRouteLocator    : RouteDefinition REWARDS-SERVICE applying {_genkey_0=/api/rewards/**} to Path
2026-03-27T10:13:05.564+05:30 DEBUG 4660 --- [Api-Gateway] [reshExecutor-%d] o.s.c.g.r.RouteDefinitionRouteLocator    : RouteDefinition REWARDS-SERVICE applying filter {_genkey_0=name:rewardCircuitBreaker, _genkey_1=fallbackUri:forward:/fallback/reward} to CircuitBreaker
2026-03-27T10:13:05.565+05:30 DEBUG 4660 --- [Api-Gateway] [reshExecutor-%d] o.s.c.g.r.RouteDefinitionRouteLocator    : RouteDefinition matched: REWARDS-SERVICE
2026-03-27T10:13:05.565+05:30 DEBUG 4660 --- [Api-Gateway] [reshExecutor-%d] o.s.c.g.r.RouteDefinitionRouteLocator    : RouteDefinition NOTIFICATION-SERVICE applying {_genkey_0=/api/notifications/**} to Path
2026-03-27T10:13:05.566+05:30 DEBUG 4660 --- [Api-Gateway] [reshExecutor-%d] o.s.c.g.r.RouteDefinitionRouteLocator    : RouteDefinition NOTIFICATION-SERVICE applying filter {_genkey_0=name:notificationCircuitBreaker, _genkey_1=fallbackUri:forward:/fallback/general} to CircuitBreaker
2026-03-27T10:13:05.567+05:30 DEBUG 4660 --- [Api-Gateway] [reshExecutor-%d] o.s.c.g.r.RouteDefinitionRouteLocator    : RouteDefinition matched: NOTIFICATION-SERVICE
2026-03-27T10:13:05.568+05:30 DEBUG 4660 --- [Api-Gateway] [reshExecutor-%d] o.s.c.g.r.RouteDefinitionRouteLocator    : RouteDefinition USER-SERVICE applying {_genkey_0=/users/**} to Path
2026-03-27T10:13:05.570+05:30 DEBUG 4660 --- [Api-Gateway] [reshExecutor-%d] o.s.c.g.r.RouteDefinitionRouteLocator    : RouteDefinition matched: USER-SERVICE
2026-03-27T10:13:05.573+05:30 DEBUG 4660 --- [Api-Gateway] [reshExecutor-%d] o.s.c.g.filter.GatewayMetricsFilter      : New routes count: 19
2026-03-27T10:13:35.604+05:30 DEBUG 4660 --- [Api-Gateway] [reshExecutor-%d] o.s.c.g.r.RouteDefinitionRouteLocator    : RouteDefinition ReactiveCompositeDiscoveryClient_CONFIG-SERVIER applying {pattern=/config-servier/**} to Path
2026-03-27T10:13:35.605+05:30 DEBUG 4660 --- [Api-Gateway] [reshExecutor-%d] o.s.c.g.r.RouteDefinitionRouteLocator    : RouteDefinition ReactiveCompositeDiscoveryClient_CONFIG-SERVIER applying filter {regexp=/config-servier/?(?<remaining>.*), replacement=/${remaining}} to RewritePath
2026-03-27T10:13:35.606+05:30 DEBUG 4660 --- [Api-Gateway] [reshExecutor-%d] o.s.c.g.r.RouteDefinitionRouteLocator    : RouteDefinition matched: ReactiveCompositeDiscoveryClient_CONFIG-SERVIER
2026-03-27T10:13:35.606+05:30 DEBUG 4660 --- [Api-Gateway] [reshExecutor-%d] o.s.c.g.r.RouteDefinitionRouteLocator    : RouteDefinition ReactiveCompositeDiscoveryClient_API-GATEWAY applying {pattern=/api-gateway/**} to Path
2026-03-27T10:13:35.608+05:30 DEBUG 4660 --- [Api-Gateway] [reshExecutor-%d] o.s.c.g.r.RouteDefinitionRouteLocator    : RouteDefinition ReactiveCompositeDiscoveryClient_API-GATEWAY applying filter {regexp=/api-gateway/?(?<remaining>.*), replacement=/${remaining}} to RewritePath
2026-03-27T10:13:35.608+05:30 DEBUG 4660 --- [Api-Gateway] [reshExecutor-%d] o.s.c.g.r.RouteDefinitionRouteLocator    : RouteDefinition matched: ReactiveCompositeDiscoveryClient_API-GATEWAY
2026-03-27T10:13:35.609+05:30 DEBUG 4660 --- [Api-Gateway] [reshExecutor-%d] o.s.c.g.r.RouteDefinitionRouteLocator    : RouteDefinition ReactiveCompositeDiscoveryClient_REWARDS-SERVICE applying {pattern=/rewards-service/**} to Path
2026-03-27T10:13:35.610+05:30 DEBUG 4660 --- [Api-Gateway] [reshExecutor-%d] o.s.c.g.r.RouteDefinitionRouteLocator    : RouteDefinition ReactiveCompositeDiscoveryClient_REWARDS-SERVICE applying filter {regexp=/rewards-service/?(?<remaining>.*), replacement=/${remaining}} to RewritePath
2026-03-27T10:13:35.611+05:30 DEBUG 4660 --- [Api-Gateway] [reshExecutor-%d] o.s.c.g.r.RouteDefinitionRouteLocator    : RouteDefinition matched: ReactiveCompositeDiscoveryClient_REWARDS-SERVICE
2026-03-27T10:13:35.611+05:30 DEBUG 4660 --- [Api-Gateway] [reshExecutor-%d] o.s.c.g.r.RouteDefinitionRouteLocator    : RouteDefinition ReactiveCompositeDiscoveryClient_KYC-SERVICE applying {pattern=/kyc-service/**} to Path
2026-03-27T10:13:35.612+05:30 DEBUG 4660 --- [Api-Gateway] [reshExecutor-%d] o.s.c.g.r.RouteDefinitionRouteLocator    : RouteDefinition ReactiveCompositeDiscoveryClient_KYC-SERVICE applying filter {regexp=/kyc-service/?(?<remaining>.*), replacement=/${remaining}} to RewritePath
2026-03-27T10:13:35.613+05:30 DEBUG 4660 --- [Api-Gateway] [reshExecutor-%d] o.s.c.g.r.RouteDefinitionRouteLocator    : RouteDefinition matched: ReactiveCompositeDiscoveryClient_KYC-SERVICE
2026-03-27T10:13:35.613+05:30 DEBUG 4660 --- [Api-Gateway] [reshExecutor-%d] o.s.c.g.r.RouteDefinitionRouteLocator    : RouteDefinition ReactiveCompositeDiscoveryClient_ADMIN-SERVICE applying {pattern=/admin-service/**} to Path
2026-03-27T10:13:35.614+05:30 DEBUG 4660 --- [Api-Gateway] [reshExecutor-%d] o.s.c.g.r.RouteDefinitionRouteLocator    : RouteDefinition ReactiveCompositeDiscoveryClient_ADMIN-SERVICE applying filter {regexp=/admin-service/?(?<remaining>.*), replacement=/${remaining}} to RewritePath
2026-03-27T10:13:35.615+05:30 DEBUG 4660 --- [Api-Gateway] [reshExecutor-%d] o.s.c.g.r.RouteDefinitionRouteLocator    : RouteDefinition matched: ReactiveCompositeDiscoveryClient_ADMIN-SERVICE
2026-03-27T10:13:35.615+05:30 DEBUG 4660 --- [Api-Gateway] [reshExecutor-%d] o.s.c.g.r.RouteDefinitionRouteLocator    : RouteDefinition ReactiveCompositeDiscoveryClient_TRANSACTION-SERVICE applying {pattern=/transaction-service/**} to Path
2026-03-27T10:13:35.617+05:30 DEBUG 4660 --- [Api-Gateway] [reshExecutor-%d] o.s.c.g.r.RouteDefinitionRouteLocator    : RouteDefinition ReactiveCompositeDiscoveryClient_TRANSACTION-SERVICE applying filter {regexp=/transaction-service/?(?<remaining>.*), replacement=/${remaining}} to RewritePath
2026-03-27T10:13:35.618+05:30 DEBUG 4660 --- [Api-Gateway] [reshExecutor-%d] o.s.c.g.r.RouteDefinitionRouteLocator    : RouteDefinition matched: ReactiveCompositeDiscoveryClient_TRANSACTION-SERVICE
2026-03-27T10:13:35.618+05:30 DEBUG 4660 --- [Api-Gateway] [reshExecutor-%d] o.s.c.g.r.RouteDefinitionRouteLocator    : RouteDefinition ReactiveCompositeDiscoveryClient_WALLET-SERVICE applying {pattern=/wallet-service/**} to Path
2026-03-27T10:13:35.620+05:30 DEBUG 4660 --- [Api-Gateway] [reshExecutor-%d] o.s.c.g.r.RouteDefinitionRouteLocator    : RouteDefinition ReactiveCompositeDiscoveryClient_WALLET-SERVICE applying filter {regexp=/wallet-service/?(?<remaining>.*), replacement=/${remaining}} to RewritePath
2026-03-27T10:13:35.621+05:30 DEBUG 4660 --- [Api-Gateway] [reshExecutor-%d] o.s.c.g.r.RouteDefinitionRouteLocator    : RouteDefinition matched: ReactiveCompositeDiscoveryClient_WALLET-SERVICE
2026-03-27T10:13:35.622+05:30 DEBUG 4660 --- [Api-Gateway] [reshExecutor-%d] o.s.c.g.r.RouteDefinitionRouteLocator    : RouteDefinition ReactiveCompositeDiscoveryClient_NOTIFICATION-SERVICE applying {pattern=/notification-service/**} to Path
2026-03-27T10:13:35.622+05:30 DEBUG 4660 --- [Api-Gateway] [reshExecutor-%d] o.s.c.g.r.RouteDefinitionRouteLocator    : RouteDefinition ReactiveCompositeDiscoveryClient_NOTIFICATION-SERVICE applying filter {regexp=/notification-service/?(?<remaining>.*), replacement=/${remaining}} to RewritePath
2026-03-27T10:13:35.623+05:30 DEBUG 4660 --- [Api-Gateway] [reshExecutor-%d] o.s.c.g.r.RouteDefinitionRouteLocator    : RouteDefinition matched: ReactiveCompositeDiscoveryClient_NOTIFICATION-SERVICE
2026-03-27T10:13:35.623+05:30 DEBUG 4660 --- [Api-Gateway] [reshExecutor-%d] o.s.c.g.r.RouteDefinitionRouteLocator    : RouteDefinition ReactiveCompositeDiscoveryClient_USER-SERVICE applying {pattern=/user-service/**} to Path
2026-03-27T10:13:35.624+05:30 DEBUG 4660 --- [Api-Gateway] [reshExecutor-%d] o.s.c.g.r.RouteDefinitionRouteLocator    : RouteDefinition ReactiveCompositeDiscoveryClient_USER-SERVICE applying filter {regexp=/user-service/?(?<remaining>.*), replacement=/${remaining}} to RewritePath
2026-03-27T10:13:35.625+05:30 DEBUG 4660 --- [Api-Gateway] [reshExecutor-%d] o.s.c.g.r.RouteDefinitionRouteLocator    : RouteDefinition matched: ReactiveCompositeDiscoveryClient_USER-SERVICE
2026-03-27T10:13:35.625+05:30 DEBUG 4660 --- [Api-Gateway] [reshExecutor-%d] o.s.c.g.r.RouteDefinitionRouteLocator    : RouteDefinition ReactiveCompositeDiscoveryClient_PAYMENT-SERVICES applying {pattern=/payment-services/**} to Path
2026-03-27T10:13:35.627+05:30 DEBUG 4660 --- [Api-Gateway] [reshExecutor-%d] o.s.c.g.r.RouteDefinitionRouteLocator    : RouteDefinition ReactiveCompositeDiscoveryClient_PAYMENT-SERVICES applying filter {regexp=/payment-services/?(?<remaining>.*), replacement=/${remaining}} to RewritePath
2026-03-27T10:13:35.627+05:30 DEBUG 4660 --- [Api-Gateway] [reshExecutor-%d] o.s.c.g.r.RouteDefinitionRouteLocator    : RouteDefinition matched: ReactiveCompositeDiscoveryClient_PAYMENT-SERVICES
2026-03-27T10:13:35.628+05:30 DEBUG 4660 --- [Api-Gateway] [reshExecutor-%d] o.s.c.g.r.RouteDefinitionRouteLocator    : RouteDefinition AUTH-SERVICE applying {_genkey_0=/auth/**} to Path
2026-03-27T10:13:35.628+05:30 DEBUG 4660 --- [Api-Gateway] [reshExecutor-%d] o.s.c.g.r.RouteDefinitionRouteLocator    : RouteDefinition matched: AUTH-SERVICE
2026-03-27T10:13:35.629+05:30 DEBUG 4660 --- [Api-Gateway] [reshExecutor-%d] o.s.c.g.r.RouteDefinitionRouteLocator    : RouteDefinition ADMIN-SERVICE applying {_genkey_0=/admin/**} to Path
2026-03-27T10:13:35.629+05:30 DEBUG 4660 --- [Api-Gateway] [reshExecutor-%d] o.s.c.g.r.RouteDefinitionRouteLocator    : RouteDefinition matched: ADMIN-SERVICE
2026-03-27T10:13:35.630+05:30 DEBUG 4660 --- [Api-Gateway] [reshExecutor-%d] o.s.c.g.r.RouteDefinitionRouteLocator    : RouteDefinition KYC-SERVICE applying {_genkey_0=/kyc/**} to Path
2026-03-27T10:13:35.630+05:30 DEBUG 4660 --- [Api-Gateway] [reshExecutor-%d] o.s.c.g.r.RouteDefinitionRouteLocator    : RouteDefinition matched: KYC-SERVICE
2026-03-27T10:13:35.631+05:30 DEBUG 4660 --- [Api-Gateway] [reshExecutor-%d] o.s.c.g.r.RouteDefinitionRouteLocator    : RouteDefinition PAYMENT-SERVICES applying {_genkey_0=/api/payments/**} to Path
2026-03-27T10:13:35.632+05:30 DEBUG 4660 --- [Api-Gateway] [reshExecutor-%d] o.s.c.g.r.RouteDefinitionRouteLocator    : RouteDefinition PAYMENT-SERVICES applying filter {_genkey_0=name:paymentCircuitBreaker, _genkey_1=fallbackUri:forward:/fallback/payment} to CircuitBreaker
2026-03-27T10:13:35.633+05:30 DEBUG 4660 --- [Api-Gateway] [reshExecutor-%d] o.s.c.g.r.RouteDefinitionRouteLocator    : RouteDefinition matched: PAYMENT-SERVICES
2026-03-27T10:13:35.633+05:30 DEBUG 4660 --- [Api-Gateway] [reshExecutor-%d] o.s.c.g.r.RouteDefinitionRouteLocator    : RouteDefinition WALLET-SERVICE applying {_genkey_0=/api/wallets/**} to Path
2026-03-27T10:13:35.634+05:30 DEBUG 4660 --- [Api-Gateway] [reshExecutor-%d] o.s.c.g.r.RouteDefinitionRouteLocator    : RouteDefinition WALLET-SERVICE applying filter {_genkey_0=name:walletCircuitBreaker, _genkey_1=fallbackUri:forward:/fallback/general} to CircuitBreaker
2026-03-27T10:13:35.634+05:30 DEBUG 4660 --- [Api-Gateway] [reshExecutor-%d] o.s.c.g.r.RouteDefinitionRouteLocator    : RouteDefinition matched: WALLET-SERVICE
2026-03-27T10:13:35.635+05:30 DEBUG 4660 --- [Api-Gateway] [reshExecutor-%d] o.s.c.g.r.RouteDefinitionRouteLocator    : RouteDefinition TRANSACTION-SERVICE applying {_genkey_0=/api/transaction/**} to Path
2026-03-27T10:13:35.636+05:30 DEBUG 4660 --- [Api-Gateway] [reshExecutor-%d] o.s.c.g.r.RouteDefinitionRouteLocator    : RouteDefinition TRANSACTION-SERVICE applying filter {_genkey_0=name:transactionCircuitBreaker, _genkey_1=fallbackUri:forward:/fallback/general} to CircuitBreaker
2026-03-27T10:13:35.637+05:30 DEBUG 4660 --- [Api-Gateway] [reshExecutor-%d] o.s.c.g.r.RouteDefinitionRouteLocator    : RouteDefinition matched: TRANSACTION-SERVICE
2026-03-27T10:13:35.637+05:30 DEBUG 4660 --- [Api-Gateway] [reshExecutor-%d] o.s.c.g.r.RouteDefinitionRouteLocator    : RouteDefinition REWARDS-SERVICE applying {_genkey_0=/api/rewards/**} to Path
2026-03-27T10:13:35.638+05:30 DEBUG 4660 --- [Api-Gateway] [reshExecutor-%d] o.s.c.g.r.RouteDefinitionRouteLocator    : RouteDefinition REWARDS-SERVICE applying filter {_genkey_0=name:rewardCircuitBreaker, _genkey_1=fallbackUri:forward:/fallback/reward} to CircuitBreaker
2026-03-27T10:13:35.639+05:30 DEBUG 4660 --- [Api-Gateway] [reshExecutor-%d] o.s.c.g.r.RouteDefinitionRouteLocator    : RouteDefinition matched: REWARDS-SERVICE
2026-03-27T10:13:35.640+05:30 DEBUG 4660 --- [Api-Gateway] [reshExecutor-%d] o.s.c.g.r.RouteDefinitionRouteLocator    : RouteDefinition NOTIFICATION-SERVICE applying {_genkey_0=/api/notifications/**} to Path
2026-03-27T10:13:35.641+05:30 DEBUG 4660 --- [Api-Gateway] [reshExecutor-%d] o.s.c.g.r.RouteDefinitionRouteLocator    : RouteDefinition NOTIFICATION-SERVICE applying filter {_genkey_0=name:notificationCircuitBreaker, _genkey_1=fallbackUri:forward:/fallback/general} to CircuitBreaker
2026-03-27T10:13:35.642+05:30 DEBUG 4660 --- [Api-Gateway] [reshExecutor-%d] o.s.c.g.r.RouteDefinitionRouteLocator    : RouteDefinition matched: NOTIFICATION-SERVICE
2026-03-27T10:13:35.642+05:30 DEBUG 4660 --- [Api-Gateway] [reshExecutor-%d] o.s.c.g.r.RouteDefinitionRouteLocator    : RouteDefinition USER-SERVICE applying {_genkey_0=/users/**} to Path
2026-03-27T10:13:35.643+05:30 DEBUG 4660 --- [Api-Gateway] [reshExecutor-%d] o.s.c.g.r.RouteDefinitionRouteLocator    : RouteDefinition matched: USER-SERVICE
2026-03-27T10:13:35.645+05:30 DEBUG 4660 --- [Api-Gateway] [reshExecutor-%d] o.s.c.g.filter.GatewayMetricsFilter      : New routes count: 19
2026-03-27T10:13:46.266+05:30 DEBUG 4660 --- [Api-Gateway] [tor-http-nio-12] o.s.c.g.h.RoutePredicateHandlerMapping   : Route matched: KYC-SERVICE
2026-03-27T10:13:46.269+05:30 DEBUG 4660 --- [Api-Gateway] [tor-http-nio-12] o.s.c.g.h.RoutePredicateHandlerMapping   : Mapping [Exchange: GET http://localhost:7505/kyc/v3/api-docs] to Route{id='KYC-SERVICE', uri=lb://KYC-SERVICE, order=0, predicate=Paths: [/kyc/**], match trailing slash: true, gatewayFilters=[], metadata={}}
2026-03-27T10:13:46.270+05:30 DEBUG 4660 --- [Api-Gateway] [tor-http-nio-12] o.s.c.g.h.RoutePredicateHandlerMapping   : [8725e6b8-32] Mapped to org.springframework.cloud.gateway.handler.FilteringWebHandler@6394ca3c
2026-03-27T10:13:46.272+05:30 DEBUG 4660 --- [Api-Gateway] [tor-http-nio-12] o.s.c.g.handler.FilteringWebHandler      : Sorted gatewayFilterFactories: [[GatewayFilterAdapter{delegate=org.springframework.cloud.gateway.filter.RemoveCachedBodyFilter@1edf71d9}, order = -2147483648], [GatewayFilterAdapter{delegate=org.springframework.cloud.gateway.filter.AdaptCachedBodyGlobalFilter@6ace919c}, order = -2147482648], [GatewayFilterAdapter{delegate=org.springframework.cloud.gateway.filter.NettyWriteResponseFilter@6f106af8}, order = -1], [GatewayFilterAdapter{delegate=org.springframework.cloud.gateway.filter.ForwardPathFilter@7f305f34}, order = 0], [GatewayFilterAdapter{delegate=org.springframework.cloud.gateway.filter.GatewayMetricsFilter@601d295}, order = 0], [GatewayFilterAdapter{delegate=org.springframework.cloud.gateway.filter.RouteToRequestUrlFilter@52d9d817}, order = 10000], [GatewayFilterAdapter{delegate=org.springframework.cloud.gateway.filter.ReactiveLoadBalancerClientFilter@3e39e0fb}, order = 10150], [GatewayFilterAdapter{delegate=org.springframework.cloud.gateway.filter.LoadBalancerServiceInstanceCookieFilter@260d48f5}, order = 10151], [GatewayFilterAdapter{delegate=org.springframework.cloud.gateway.filter.WebsocketRoutingFilter@1a84a8b2}, order = 2147483646], [GatewayFilterAdapter{delegate=org.springframework.cloud.gateway.filter.NettyRoutingFilter@148ab138}, order = 2147483647], [GatewayFilterAdapter{delegate=org.springframework.cloud.gateway.filter.ForwardRoutingFilter@131ba005}, order = 2147483647]]
2026-03-27T10:13:46.278+05:30 DEBUG 4660 --- [Api-Gateway] [tor-http-nio-12] g.f.h.o.ObservedRequestHttpHeadersFilter : Will instrument the HTTP request headers [Host:"localhost:7505", sec-ch-ua-platform:""Windows"", User-Agent:"Mozilla/5.0 (Windows NT 10.0; Win64; x64) AppleWebKit/537.36 (KHTML, like Gecko) Chrome/146.0.0.0 Safari/537.36", Accept:"application/json,*/*", sec-ch-ua:""Chromium";v="146", "Not-A.Brand";v="24", "Google Chrome";v="146"", sec-ch-ua-mobile:"?0", Sec-Fetch-Site:"same-origin", Sec-Fetch-Mode:"cors", Sec-Fetch-Dest:"empty", Referer:"http://localhost:7505/webjars/swagger-ui/index.html?urls.primaryName=KYC%20Service", Accept-Encoding:"gzip, deflate, br, zstd", Accept-Language:"en-US,en;q=0.9", Cookie:"m=", Forwarded:"proto=http;host="localhost:7505";for="[0:0:0:0:0:0:0:1]:54008"", X-Forwarded-For:"0:0:0:0:0:0:0:1", X-Forwarded-Proto:"http", X-Forwarded-Port:"7505", X-Forwarded-Host:"localhost:7505"]
2026-03-27T10:13:46.280+05:30 DEBUG 4660 --- [Api-Gateway] [tor-http-nio-12] g.f.h.o.ObservedRequestHttpHeadersFilter : Client observation  {name=http.client.requests(null), error=null, context=name='http.client.requests', contextualName='null', error='null', lowCardinalityKeyValues=[http.method='GET', http.status_code='UNKNOWN', spring.cloud.gateway.route.id='KYC-SERVICE', spring.cloud.gateway.route.uri='lb://KYC-SERVICE'], highCardinalityKeyValues=[http.uri='http://localhost:7505/kyc/v3/api-docs'], map=[class io.micrometer.core.instrument.Timer$Sample='io.micrometer.core.instrument.Timer$Sample@c212fe5', class io.micrometer.core.instrument.LongTaskTimer$Sample='SampleImpl{duration(seconds)=1.997E-4, duration(nanos)=199700.0, startTimeNanos=88923265662500}'], parentObservation={name=http.server.requests(null), error=null, context=name='http.server.requests', contextualName='null', error='null', lowCardinalityKeyValues=[exception='none', method='GET', outcome='SUCCESS', status='200', uri='UNKNOWN'], highCardinalityKeyValues=[http.url='/kyc/v3/api-docs'], map=[class io.micrometer.core.instrument.Timer$Sample='io.micrometer.core.instrument.Timer$Sample@11f980df', class io.micrometer.core.instrument.LongTaskTimer$Sample='SampleImpl{duration(seconds)=0.0134301, duration(nanos)=1.34301E7, startTimeNanos=88923252611400}'], parentObservation=null}} created for the request. New headers are [Host:"localhost:7505", sec-ch-ua-platform:""Windows"", User-Agent:"Mozilla/5.0 (Windows NT 10.0; Win64; x64) AppleWebKit/537.36 (KHTML, like Gecko) Chrome/146.0.0.0 Safari/537.36", Accept:"application/json,*/*", sec-ch-ua:""Chromium";v="146", "Not-A.Brand";v="24", "Google Chrome";v="146"", sec-ch-ua-mobile:"?0", Sec-Fetch-Site:"same-origin", Sec-Fetch-Mode:"cors", Sec-Fetch-Dest:"empty", Referer:"http://localhost:7505/webjars/swagger-ui/index.html?urls.primaryName=KYC%20Service", Accept-Encoding:"gzip, deflate, br, zstd", Accept-Language:"en-US,en;q=0.9", Cookie:"m=", Forwarded:"proto=http;host="localhost:7505";for="[0:0:0:0:0:0:0:1]:54008"", X-Forwarded-For:"0:0:0:0:0:0:0:1", X-Forwarded-Proto:"http", X-Forwarded-Port:"7505", X-Forwarded-Host:"localhost:7505"]
2026-03-27T10:13:46.327+05:30 DEBUG 4660 --- [Api-Gateway] [tor-http-nio-12] .f.h.o.ObservedResponseHttpHeadersFilter : Will instrument the response
2026-03-27T10:13:46.329+05:30 DEBUG 4660 --- [Api-Gateway] [tor-http-nio-12] .f.h.o.ObservedResponseHttpHeadersFilter : The response was handled for observation {name=http.client.requests(null), error=null, context=name='http.client.requests', contextualName='null', error='null', lowCardinalityKeyValues=[http.method='GET', http.status_code='UNKNOWN', spring.cloud.gateway.route.id='KYC-SERVICE', spring.cloud.gateway.route.uri='lb://KYC-SERVICE'], highCardinalityKeyValues=[http.uri='http://localhost:7505/kyc/v3/api-docs'], map=[class io.micrometer.core.instrument.Timer$Sample='io.micrometer.core.instrument.Timer$Sample@c212fe5', class io.micrometer.core.instrument.LongTaskTimer$Sample='SampleImpl{duration(seconds)=0.0494383, duration(nanos)=4.94383E7, startTimeNanos=88923265662500}'], parentObservation={name=http.server.requests(null), error=null, context=name='http.server.requests', contextualName='null', error='null', lowCardinalityKeyValues=[exception='none', method='GET', outcome='SUCCESS', status='200', uri='UNKNOWN'], highCardinalityKeyValues=[http.url='/kyc/v3/api-docs'], map=[class io.micrometer.core.instrument.Timer$Sample='io.micrometer.core.instrument.Timer$Sample@11f980df', class io.micrometer.core.instrument.LongTaskTimer$Sample='SampleImpl{duration(seconds)=0.0626084, duration(nanos)=6.26084E7, startTimeNanos=88923252611400}'], parentObservation=null}}
2026-03-27T10:13:51.106+05:30 DEBUG 4660 --- [Api-Gateway] [tor-http-nio-12] o.s.c.g.h.RoutePredicateHandlerMapping   : Route matched: ADMIN-SERVICE
2026-03-27T10:13:51.109+05:30 DEBUG 4660 --- [Api-Gateway] [tor-http-nio-12] o.s.c.g.h.RoutePredicateHandlerMapping   : Mapping [Exchange: GET http://localhost:7505/admin/v3/api-docs] to Route{id='ADMIN-SERVICE', uri=lb://ADMIN-SERVICE, order=0, predicate=Paths: [/admin/**], match trailing slash: true, gatewayFilters=[], metadata={}}
2026-03-27T10:13:51.110+05:30 DEBUG 4660 --- [Api-Gateway] [tor-http-nio-12] o.s.c.g.h.RoutePredicateHandlerMapping   : [8725e6b8-33] Mapped to org.springframework.cloud.gateway.handler.FilteringWebHandler@6394ca3c
2026-03-27T10:13:51.111+05:30 DEBUG 4660 --- [Api-Gateway] [tor-http-nio-12] o.s.c.g.handler.FilteringWebHandler      : Sorted gatewayFilterFactories: [[GatewayFilterAdapter{delegate=org.springframework.cloud.gateway.filter.RemoveCachedBodyFilter@1edf71d9}, order = -2147483648], [GatewayFilterAdapter{delegate=org.springframework.cloud.gateway.filter.AdaptCachedBodyGlobalFilter@6ace919c}, order = -2147482648], [GatewayFilterAdapter{delegate=org.springframework.cloud.gateway.filter.NettyWriteResponseFilter@6f106af8}, order = -1], [GatewayFilterAdapter{delegate=org.springframework.cloud.gateway.filter.ForwardPathFilter@7f305f34}, order = 0], [GatewayFilterAdapter{delegate=org.springframework.cloud.gateway.filter.GatewayMetricsFilter@601d295}, order = 0], [GatewayFilterAdapter{delegate=org.springframework.cloud.gateway.filter.RouteToRequestUrlFilter@52d9d817}, order = 10000], [GatewayFilterAdapter{delegate=org.springframework.cloud.gateway.filter.ReactiveLoadBalancerClientFilter@3e39e0fb}, order = 10150], [GatewayFilterAdapter{delegate=org.springframework.cloud.gateway.filter.LoadBalancerServiceInstanceCookieFilter@260d48f5}, order = 10151], [GatewayFilterAdapter{delegate=org.springframework.cloud.gateway.filter.WebsocketRoutingFilter@1a84a8b2}, order = 2147483646], [GatewayFilterAdapter{delegate=org.springframework.cloud.gateway.filter.NettyRoutingFilter@148ab138}, order = 2147483647], [GatewayFilterAdapter{delegate=org.springframework.cloud.gateway.filter.ForwardRoutingFilter@131ba005}, order = 2147483647]]
2026-03-27T10:13:51.112+05:30 DEBUG 4660 --- [Api-Gateway] [tor-http-nio-12] g.f.h.o.ObservedRequestHttpHeadersFilter : Will instrument the HTTP request headers [Host:"localhost:7505", sec-ch-ua-platform:""Windows"", User-Agent:"Mozilla/5.0 (Windows NT 10.0; Win64; x64) AppleWebKit/537.36 (KHTML, like Gecko) Chrome/146.0.0.0 Safari/537.36", Accept:"application/json,*/*", sec-ch-ua:""Chromium";v="146", "Not-A.Brand";v="24", "Google Chrome";v="146"", sec-ch-ua-mobile:"?0", Sec-Fetch-Site:"same-origin", Sec-Fetch-Mode:"cors", Sec-Fetch-Dest:"empty", Referer:"http://localhost:7505/webjars/swagger-ui/index.html?urls.primaryName=Admin%20Service", Accept-Encoding:"gzip, deflate, br, zstd", Accept-Language:"en-US,en;q=0.9", Cookie:"m=", Forwarded:"proto=http;host="localhost:7505";for="[0:0:0:0:0:0:0:1]:54008"", X-Forwarded-For:"0:0:0:0:0:0:0:1", X-Forwarded-Proto:"http", X-Forwarded-Port:"7505", X-Forwarded-Host:"localhost:7505"]
2026-03-27T10:13:51.113+05:30 DEBUG 4660 --- [Api-Gateway] [tor-http-nio-12] g.f.h.o.ObservedRequestHttpHeadersFilter : Client observation  {name=http.client.requests(null), error=null, context=name='http.client.requests', contextualName='null', error='null', lowCardinalityKeyValues=[http.method='GET', http.status_code='UNKNOWN', spring.cloud.gateway.route.id='ADMIN-SERVICE', spring.cloud.gateway.route.uri='lb://ADMIN-SERVICE'], highCardinalityKeyValues=[http.uri='http://localhost:7505/admin/v3/api-docs'], map=[class io.micrometer.core.instrument.Timer$Sample='io.micrometer.core.instrument.Timer$Sample@3b844940', class io.micrometer.core.instrument.LongTaskTimer$Sample='SampleImpl{duration(seconds)=1.077E-4, duration(nanos)=107700.0, startTimeNanos=88928098572300}'], parentObservation={name=http.server.requests(null), error=null, context=name='http.server.requests', contextualName='null', error='null', lowCardinalityKeyValues=[exception='none', method='GET', outcome='SUCCESS', status='200', uri='UNKNOWN'], highCardinalityKeyValues=[http.url='/admin/v3/api-docs'], map=[class io.micrometer.core.instrument.Timer$Sample='io.micrometer.core.instrument.Timer$Sample@5290f79c', class io.micrometer.core.instrument.LongTaskTimer$Sample='SampleImpl{duration(seconds)=0.0073952, duration(nanos)=7395200.0, startTimeNanos=88928091331200}'], parentObservation=null}} created for the request. New headers are [Host:"localhost:7505", sec-ch-ua-platform:""Windows"", User-Agent:"Mozilla/5.0 (Windows NT 10.0; Win64; x64) AppleWebKit/537.36 (KHTML, like Gecko) Chrome/146.0.0.0 Safari/537.36", Accept:"application/json,*/*", sec-ch-ua:""Chromium";v="146", "Not-A.Brand";v="24", "Google Chrome";v="146"", sec-ch-ua-mobile:"?0", Sec-Fetch-Site:"same-origin", Sec-Fetch-Mode:"cors", Sec-Fetch-Dest:"empty", Referer:"http://localhost:7505/webjars/swagger-ui/index.html?urls.primaryName=Admin%20Service", Accept-Encoding:"gzip, deflate, br, zstd", Accept-Language:"en-US,en;q=0.9", Cookie:"m=", Forwarded:"proto=http;host="localhost:7505";for="[0:0:0:0:0:0:0:1]:54008"", X-Forwarded-For:"0:0:0:0:0:0:0:1", X-Forwarded-Proto:"http", X-Forwarded-Port:"7505", X-Forwarded-Host:"localhost:7505"]
2026-03-27T10:13:51.157+05:30 DEBUG 4660 --- [Api-Gateway] [tor-http-nio-12] .f.h.o.ObservedResponseHttpHeadersFilter : Will instrument the response
2026-03-27T10:13:51.159+05:30 DEBUG 4660 --- [Api-Gateway] [tor-http-nio-12] .f.h.o.ObservedResponseHttpHeadersFilter : The response was handled for observation {name=http.client.requests(null), error=null, context=name='http.client.requests', contextualName='null', error='null', lowCardinalityKeyValues=[http.method='GET', http.status_code='UNKNOWN', spring.cloud.gateway.route.id='ADMIN-SERVICE', spring.cloud.gateway.route.uri='lb://ADMIN-SERVICE'], highCardinalityKeyValues=[http.uri='http://localhost:7505/admin/v3/api-docs'], map=[class io.micrometer.core.instrument.Timer$Sample='io.micrometer.core.instrument.Timer$Sample@3b844940', class io.micrometer.core.instrument.LongTaskTimer$Sample='SampleImpl{duration(seconds)=0.0466035, duration(nanos)=4.66035E7, startTimeNanos=88928098572300}'], parentObservation={name=http.server.requests(null), error=null, context=name='http.server.requests', contextualName='null', error='null', lowCardinalityKeyValues=[exception='none', method='GET', outcome='SUCCESS', status='200', uri='UNKNOWN'], highCardinalityKeyValues=[http.url='/admin/v3/api-docs'], map=[class io.micrometer.core.instrument.Timer$Sample='io.micrometer.core.instrument.Timer$Sample@5290f79c', class io.micrometer.core.instrument.LongTaskTimer$Sample='SampleImpl{duration(seconds)=0.0539698, duration(nanos)=5.39698E7, startTimeNanos=88928091331200}'], parentObservation=null}}
2026-03-27T10:14:00.255+05:30  INFO 4660 --- [Api-Gateway] [rap-executor-%d] c.n.d.s.r.aws.ConfigClusterResolver      : Resolving eureka endpoints via configuration
2026-03-27T10:14:05.681+05:30 DEBUG 4660 --- [Api-Gateway] [reshExecutor-%d] o.s.c.g.r.RouteDefinitionRouteLocator    : RouteDefinition ReactiveCompositeDiscoveryClient_CONFIG-SERVIER applying {pattern=/config-servier/**} to Path
2026-03-27T10:14:05.687+05:30 DEBUG 4660 --- [Api-Gateway] [reshExecutor-%d] o.s.c.g.r.RouteDefinitionRouteLocator    : RouteDefinition ReactiveCompositeDiscoveryClient_CONFIG-SERVIER applying filter {regexp=/config-servier/?(?<remaining>.*), replacement=/${remaining}} to RewritePath
2026-03-27T10:14:05.688+05:30 DEBUG 4660 --- [Api-Gateway] [reshExecutor-%d] o.s.c.g.r.RouteDefinitionRouteLocator    : RouteDefinition matched: ReactiveCompositeDiscoveryClient_CONFIG-SERVIER
2026-03-27T10:14:05.690+05:30 DEBUG 4660 --- [Api-Gateway] [reshExecutor-%d] o.s.c.g.r.RouteDefinitionRouteLocator    : RouteDefinition ReactiveCompositeDiscoveryClient_API-GATEWAY applying {pattern=/api-gateway/**} to Path
2026-03-27T10:14:05.690+05:30 DEBUG 4660 --- [Api-Gateway] [reshExecutor-%d] o.s.c.g.r.RouteDefinitionRouteLocator    : RouteDefinition ReactiveCompositeDiscoveryClient_API-GATEWAY applying filter {regexp=/api-gateway/?(?<remaining>.*), replacement=/${remaining}} to RewritePath
2026-03-27T10:14:05.692+05:30 DEBUG 4660 --- [Api-Gateway] [reshExecutor-%d] o.s.c.g.r.RouteDefinitionRouteLocator    : RouteDefinition matched: ReactiveCompositeDiscoveryClient_API-GATEWAY
2026-03-27T10:14:05.694+05:30 DEBUG 4660 --- [Api-Gateway] [reshExecutor-%d] o.s.c.g.r.RouteDefinitionRouteLocator    : RouteDefinition ReactiveCompositeDiscoveryClient_REWARDS-SERVICE applying {pattern=/rewards-service/**} to Path
2026-03-27T10:14:05.696+05:30 DEBUG 4660 --- [Api-Gateway] [reshExecutor-%d] o.s.c.g.r.RouteDefinitionRouteLocator    : RouteDefinition ReactiveCompositeDiscoveryClient_REWARDS-SERVICE applying filter {regexp=/rewards-service/?(?<remaining>.*), replacement=/${remaining}} to RewritePath
2026-03-27T10:14:05.696+05:30 DEBUG 4660 --- [Api-Gateway] [reshExecutor-%d] o.s.c.g.r.RouteDefinitionRouteLocator    : RouteDefinition matched: ReactiveCompositeDiscoveryClient_REWARDS-SERVICE
2026-03-27T10:14:05.698+05:30 DEBUG 4660 --- [Api-Gateway] [reshExecutor-%d] o.s.c.g.r.RouteDefinitionRouteLocator    : RouteDefinition ReactiveCompositeDiscoveryClient_KYC-SERVICE applying {pattern=/kyc-service/**} to Path
2026-03-27T10:14:05.700+05:30 DEBUG 4660 --- [Api-Gateway] [reshExecutor-%d] o.s.c.g.r.RouteDefinitionRouteLocator    : RouteDefinition ReactiveCompositeDiscoveryClient_KYC-SERVICE applying filter {regexp=/kyc-service/?(?<remaining>.*), replacement=/${remaining}} to RewritePath
2026-03-27T10:14:05.700+05:30 DEBUG 4660 --- [Api-Gateway] [reshExecutor-%d] o.s.c.g.r.RouteDefinitionRouteLocator    : RouteDefinition matched: ReactiveCompositeDiscoveryClient_KYC-SERVICE
2026-03-27T10:14:05.702+05:30 DEBUG 4660 --- [Api-Gateway] [reshExecutor-%d] o.s.c.g.r.RouteDefinitionRouteLocator    : RouteDefinition ReactiveCompositeDiscoveryClient_ADMIN-SERVICE applying {pattern=/admin-service/**} to Path
2026-03-27T10:14:05.703+05:30 DEBUG 4660 --- [Api-Gateway] [reshExecutor-%d] o.s.c.g.r.RouteDefinitionRouteLocator    : RouteDefinition ReactiveCompositeDiscoveryClient_ADMIN-SERVICE applying filter {regexp=/admin-service/?(?<remaining>.*), replacement=/${remaining}} to RewritePath
2026-03-27T10:14:05.704+05:30 DEBUG 4660 --- [Api-Gateway] [reshExecutor-%d] o.s.c.g.r.RouteDefinitionRouteLocator    : RouteDefinition matched: ReactiveCompositeDiscoveryClient_ADMIN-SERVICE
2026-03-27T10:14:05.705+05:30 DEBUG 4660 --- [Api-Gateway] [reshExecutor-%d] o.s.c.g.r.RouteDefinitionRouteLocator    : RouteDefinition ReactiveCompositeDiscoveryClient_TRANSACTION-SERVICE applying {pattern=/transaction-service/**} to Path
2026-03-27T10:14:05.706+05:30 DEBUG 4660 --- [Api-Gateway] [reshExecutor-%d] o.s.c.g.r.RouteDefinitionRouteLocator    : RouteDefinition ReactiveCompositeDiscoveryClient_TRANSACTION-SERVICE applying filter {regexp=/transaction-service/?(?<remaining>.*), replacement=/${remaining}} to RewritePath
2026-03-27T10:14:05.707+05:30 DEBUG 4660 --- [Api-Gateway] [reshExecutor-%d] o.s.c.g.r.RouteDefinitionRouteLocator    : RouteDefinition matched: ReactiveCompositeDiscoveryClient_TRANSACTION-SERVICE
2026-03-27T10:14:05.708+05:30 DEBUG 4660 --- [Api-Gateway] [reshExecutor-%d] o.s.c.g.r.RouteDefinitionRouteLocator    : RouteDefinition ReactiveCompositeDiscoveryClient_WALLET-SERVICE applying {pattern=/wallet-service/**} to Path
2026-03-27T10:14:05.709+05:30 DEBUG 4660 --- [Api-Gateway] [reshExecutor-%d] o.s.c.g.r.RouteDefinitionRouteLocator    : RouteDefinition ReactiveCompositeDiscoveryClient_WALLET-SERVICE applying filter {regexp=/wallet-service/?(?<remaining>.*), replacement=/${remaining}} to RewritePath
2026-03-27T10:14:05.710+05:30 DEBUG 4660 --- [Api-Gateway] [reshExecutor-%d] o.s.c.g.r.RouteDefinitionRouteLocator    : RouteDefinition matched: ReactiveCompositeDiscoveryClient_WALLET-SERVICE
2026-03-27T10:14:05.711+05:30 DEBUG 4660 --- [Api-Gateway] [reshExecutor-%d] o.s.c.g.r.RouteDefinitionRouteLocator    : RouteDefinition ReactiveCompositeDiscoveryClient_NOTIFICATION-SERVICE applying {pattern=/notification-service/**} to Path
2026-03-27T10:14:05.712+05:30 DEBUG 4660 --- [Api-Gateway] [reshExecutor-%d] o.s.c.g.r.RouteDefinitionRouteLocator    : RouteDefinition ReactiveCompositeDiscoveryClient_NOTIFICATION-SERVICE applying filter {regexp=/notification-service/?(?<remaining>.*), replacement=/${remaining}} to RewritePath
2026-03-27T10:14:05.713+05:30 DEBUG 4660 --- [Api-Gateway] [reshExecutor-%d] o.s.c.g.r.RouteDefinitionRouteLocator    : RouteDefinition matched: ReactiveCompositeDiscoveryClient_NOTIFICATION-SERVICE
2026-03-27T10:14:05.715+05:30 DEBUG 4660 --- [Api-Gateway] [reshExecutor-%d] o.s.c.g.r.RouteDefinitionRouteLocator    : RouteDefinition ReactiveCompositeDiscoveryClient_USER-SERVICE applying {pattern=/user-service/**} to Path
2026-03-27T10:14:05.716+05:30 DEBUG 4660 --- [Api-Gateway] [reshExecutor-%d] o.s.c.g.r.RouteDefinitionRouteLocator    : RouteDefinition ReactiveCompositeDiscoveryClient_USER-SERVICE applying filter {regexp=/user-service/?(?<remaining>.*), replacement=/${remaining}} to RewritePath
2026-03-27T10:14:05.717+05:30 DEBUG 4660 --- [Api-Gateway] [reshExecutor-%d] o.s.c.g.r.RouteDefinitionRouteLocator    : RouteDefinition matched: ReactiveCompositeDiscoveryClient_USER-SERVICE
2026-03-27T10:14:05.718+05:30 DEBUG 4660 --- [Api-Gateway] [reshExecutor-%d] o.s.c.g.r.RouteDefinitionRouteLocator    : RouteDefinition ReactiveCompositeDiscoveryClient_PAYMENT-SERVICES applying {pattern=/payment-services/**} to Path
2026-03-27T10:14:05.718+05:30 DEBUG 4660 --- [Api-Gateway] [reshExecutor-%d] o.s.c.g.r.RouteDefinitionRouteLocator    : RouteDefinition ReactiveCompositeDiscoveryClient_PAYMENT-SERVICES applying filter {regexp=/payment-services/?(?<remaining>.*), replacement=/${remaining}} to RewritePath
2026-03-27T10:14:05.719+05:30 DEBUG 4660 --- [Api-Gateway] [reshExecutor-%d] o.s.c.g.r.RouteDefinitionRouteLocator    : RouteDefinition matched: ReactiveCompositeDiscoveryClient_PAYMENT-SERVICES
2026-03-27T10:14:05.720+05:30 DEBUG 4660 --- [Api-Gateway] [reshExecutor-%d] o.s.c.g.r.RouteDefinitionRouteLocator    : RouteDefinition AUTH-SERVICE applying {_genkey_0=/auth/**} to Path
2026-03-27T10:14:05.720+05:30 DEBUG 4660 --- [Api-Gateway] [reshExecutor-%d] o.s.c.g.r.RouteDefinitionRouteLocator    : RouteDefinition matched: AUTH-SERVICE
2026-03-27T10:14:05.721+05:30 DEBUG 4660 --- [Api-Gateway] [reshExecutor-%d] o.s.c.g.r.RouteDefinitionRouteLocator    : RouteDefinition ADMIN-SERVICE applying {_genkey_0=/admin/**} to Path
2026-03-27T10:14:05.722+05:30 DEBUG 4660 --- [Api-Gateway] [reshExecutor-%d] o.s.c.g.r.RouteDefinitionRouteLocator    : RouteDefinition matched: ADMIN-SERVICE
2026-03-27T10:14:05.722+05:30 DEBUG 4660 --- [Api-Gateway] [reshExecutor-%d] o.s.c.g.r.RouteDefinitionRouteLocator    : RouteDefinition KYC-SERVICE applying {_genkey_0=/kyc/**} to Path
2026-03-27T10:14:05.723+05:30 DEBUG 4660 --- [Api-Gateway] [reshExecutor-%d] o.s.c.g.r.RouteDefinitionRouteLocator    : RouteDefinition matched: KYC-SERVICE
2026-03-27T10:14:05.724+05:30 DEBUG 4660 --- [Api-Gateway] [reshExecutor-%d] o.s.c.g.r.RouteDefinitionRouteLocator    : RouteDefinition PAYMENT-SERVICES applying {_genkey_0=/api/payments/**} to Path
2026-03-27T10:14:05.724+05:30 DEBUG 4660 --- [Api-Gateway] [reshExecutor-%d] o.s.c.g.r.RouteDefinitionRouteLocator    : RouteDefinition PAYMENT-SERVICES applying filter {_genkey_0=name:paymentCircuitBreaker, _genkey_1=fallbackUri:forward:/fallback/payment} to CircuitBreaker
2026-03-27T10:14:05.727+05:30 DEBUG 4660 --- [Api-Gateway] [reshExecutor-%d] o.s.c.g.r.RouteDefinitionRouteLocator    : RouteDefinition matched: PAYMENT-SERVICES
2026-03-27T10:14:05.727+05:30 DEBUG 4660 --- [Api-Gateway] [reshExecutor-%d] o.s.c.g.r.RouteDefinitionRouteLocator    : RouteDefinition WALLET-SERVICE applying {_genkey_0=/api/wallets/**} to Path
2026-03-27T10:14:05.727+05:30 DEBUG 4660 --- [Api-Gateway] [reshExecutor-%d] o.s.c.g.r.RouteDefinitionRouteLocator    : RouteDefinition WALLET-SERVICE applying filter {_genkey_0=name:walletCircuitBreaker, _genkey_1=fallbackUri:forward:/fallback/general} to CircuitBreaker
2026-03-27T10:14:05.728+05:30 DEBUG 4660 --- [Api-Gateway] [reshExecutor-%d] o.s.c.g.r.RouteDefinitionRouteLocator    : RouteDefinition matched: WALLET-SERVICE
2026-03-27T10:14:05.729+05:30 DEBUG 4660 --- [Api-Gateway] [reshExecutor-%d] o.s.c.g.r.RouteDefinitionRouteLocator    : RouteDefinition TRANSACTION-SERVICE applying {_genkey_0=/api/transaction/**} to Path
2026-03-27T10:14:05.729+05:30 DEBUG 4660 --- [Api-Gateway] [reshExecutor-%d] o.s.c.g.r.RouteDefinitionRouteLocator    : RouteDefinition TRANSACTION-SERVICE applying filter {_genkey_0=name:transactionCircuitBreaker, _genkey_1=fallbackUri:forward:/fallback/general} to CircuitBreaker
2026-03-27T10:14:05.731+05:30 DEBUG 4660 --- [Api-Gateway] [reshExecutor-%d] o.s.c.g.r.RouteDefinitionRouteLocator    : RouteDefinition matched: TRANSACTION-SERVICE
2026-03-27T10:14:05.731+05:30 DEBUG 4660 --- [Api-Gateway] [reshExecutor-%d] o.s.c.g.r.RouteDefinitionRouteLocator    : RouteDefinition REWARDS-SERVICE applying {_genkey_0=/api/rewards/**} to Path
2026-03-27T10:14:05.733+05:30 DEBUG 4660 --- [Api-Gateway] [reshExecutor-%d] o.s.c.g.r.RouteDefinitionRouteLocator    : RouteDefinition REWARDS-SERVICE applying filter {_genkey_0=name:rewardCircuitBreaker, _genkey_1=fallbackUri:forward:/fallback/reward} to CircuitBreaker
2026-03-27T10:14:05.734+05:30 DEBUG 4660 --- [Api-Gateway] [reshExecutor-%d] o.s.c.g.r.RouteDefinitionRouteLocator    : RouteDefinition matched: REWARDS-SERVICE
2026-03-27T10:14:05.735+05:30 DEBUG 4660 --- [Api-Gateway] [reshExecutor-%d] o.s.c.g.r.RouteDefinitionRouteLocator    : RouteDefinition NOTIFICATION-SERVICE applying {_genkey_0=/api/notifications/**} to Path
2026-03-27T10:14:05.736+05:30 DEBUG 4660 --- [Api-Gateway] [reshExecutor-%d] o.s.c.g.r.RouteDefinitionRouteLocator    : RouteDefinition NOTIFICATION-SERVICE applying filter {_genkey_0=name:notificationCircuitBreaker, _genkey_1=fallbackUri:forward:/fallback/general} to CircuitBreaker
2026-03-27T10:14:05.737+05:30 DEBUG 4660 --- [Api-Gateway] [reshExecutor-%d] o.s.c.g.r.RouteDefinitionRouteLocator    : RouteDefinition matched: NOTIFICATION-SERVICE
2026-03-27T10:14:05.737+05:30 DEBUG 4660 --- [Api-Gateway] [reshExecutor-%d] o.s.c.g.r.RouteDefinitionRouteLocator    : RouteDefinition USER-SERVICE applying {_genkey_0=/users/**} to Path
2026-03-27T10:14:05.738+05:30 DEBUG 4660 --- [Api-Gateway] [reshExecutor-%d] o.s.c.g.r.RouteDefinitionRouteLocator    : RouteDefinition matched: USER-SERVICE
2026-03-27T10:14:05.739+05:30 DEBUG 4660 --- [Api-Gateway] [reshExecutor-%d] o.s.c.g.filter.GatewayMetricsFilter      : New routes count: 19
2026-03-27T10:14:07.790+05:30 DEBUG 4660 --- [Api-Gateway] [tor-http-nio-12] o.s.c.g.h.RoutePredicateHandlerMapping   : Route matched: USER-SERVICE
2026-03-27T10:14:07.792+05:30 DEBUG 4660 --- [Api-Gateway] [tor-http-nio-12] o.s.c.g.h.RoutePredicateHandlerMapping   : Mapping [Exchange: GET http://localhost:7505/users/v3/api-docs] to Route{id='USER-SERVICE', uri=lb://USER-SERVICE, order=0, predicate=Paths: [/users/**], match trailing slash: true, gatewayFilters=[], metadata={}}
2026-03-27T10:14:07.793+05:30 DEBUG 4660 --- [Api-Gateway] [tor-http-nio-12] o.s.c.g.h.RoutePredicateHandlerMapping   : [8725e6b8-34] Mapped to org.springframework.cloud.gateway.handler.FilteringWebHandler@6394ca3c
2026-03-27T10:14:07.794+05:30 DEBUG 4660 --- [Api-Gateway] [tor-http-nio-12] o.s.c.g.handler.FilteringWebHandler      : Sorted gatewayFilterFactories: [[GatewayFilterAdapter{delegate=org.springframework.cloud.gateway.filter.RemoveCachedBodyFilter@1edf71d9}, order = -2147483648], [GatewayFilterAdapter{delegate=org.springframework.cloud.gateway.filter.AdaptCachedBodyGlobalFilter@6ace919c}, order = -2147482648], [GatewayFilterAdapter{delegate=org.springframework.cloud.gateway.filter.NettyWriteResponseFilter@6f106af8}, order = -1], [GatewayFilterAdapter{delegate=org.springframework.cloud.gateway.filter.ForwardPathFilter@7f305f34}, order = 0], [GatewayFilterAdapter{delegate=org.springframework.cloud.gateway.filter.GatewayMetricsFilter@601d295}, order = 0], [GatewayFilterAdapter{delegate=org.springframework.cloud.gateway.filter.RouteToRequestUrlFilter@52d9d817}, order = 10000], [GatewayFilterAdapter{delegate=org.springframework.cloud.gateway.filter.ReactiveLoadBalancerClientFilter@3e39e0fb}, order = 10150], [GatewayFilterAdapter{delegate=org.springframework.cloud.gateway.filter.LoadBalancerServiceInstanceCookieFilter@260d48f5}, order = 10151], [GatewayFilterAdapter{delegate=org.springframework.cloud.gateway.filter.WebsocketRoutingFilter@1a84a8b2}, order = 2147483646], [GatewayFilterAdapter{delegate=org.springframework.cloud.gateway.filter.NettyRoutingFilter@148ab138}, order = 2147483647], [GatewayFilterAdapter{delegate=org.springframework.cloud.gateway.filter.ForwardRoutingFilter@131ba005}, order = 2147483647]]
2026-03-27T10:14:07.799+05:30 DEBUG 4660 --- [Api-Gateway] [tor-http-nio-12] g.f.h.o.ObservedRequestHttpHeadersFilter : Will instrument the HTTP request headers [Host:"localhost:7505", sec-ch-ua-platform:""Windows"", User-Agent:"Mozilla/5.0 (Windows NT 10.0; Win64; x64) AppleWebKit/537.36 (KHTML, like Gecko) Chrome/146.0.0.0 Safari/537.36", Accept:"application/json,*/*", sec-ch-ua:""Chromium";v="146", "Not-A.Brand";v="24", "Google Chrome";v="146"", sec-ch-ua-mobile:"?0", Sec-Fetch-Site:"same-origin", Sec-Fetch-Mode:"cors", Sec-Fetch-Dest:"empty", Referer:"http://localhost:7505/webjars/swagger-ui/index.html?urls.primaryName=User%20Service", Accept-Encoding:"gzip, deflate, br, zstd", Accept-Language:"en-US,en;q=0.9", Cookie:"m=", Forwarded:"proto=http;host="localhost:7505";for="[0:0:0:0:0:0:0:1]:54008"", X-Forwarded-For:"0:0:0:0:0:0:0:1", X-Forwarded-Proto:"http", X-Forwarded-Port:"7505", X-Forwarded-Host:"localhost:7505"]
2026-03-27T10:14:07.801+05:30 DEBUG 4660 --- [Api-Gateway] [tor-http-nio-12] g.f.h.o.ObservedRequestHttpHeadersFilter : Client observation  {name=http.client.requests(null), error=null, context=name='http.client.requests', contextualName='null', error='null', lowCardinalityKeyValues=[http.method='GET', http.status_code='UNKNOWN', spring.cloud.gateway.route.id='USER-SERVICE', spring.cloud.gateway.route.uri='lb://USER-SERVICE'], highCardinalityKeyValues=[http.uri='http://localhost:7505/users/v3/api-docs'], map=[class io.micrometer.core.instrument.Timer$Sample='io.micrometer.core.instrument.Timer$Sample@2c167ea3', class io.micrometer.core.instrument.LongTaskTimer$Sample='SampleImpl{duration(seconds)=1.565E-4, duration(nanos)=156500.0, startTimeNanos=88944787159300}'], parentObservation={name=http.server.requests(null), error=null, context=name='http.server.requests', contextualName='null', error='null', lowCardinalityKeyValues=[exception='none', method='GET', outcome='SUCCESS', status='200', uri='UNKNOWN'], highCardinalityKeyValues=[http.url='/users/v3/api-docs'], map=[class io.micrometer.core.instrument.Timer$Sample='io.micrometer.core.instrument.Timer$Sample@22e582dd', class io.micrometer.core.instrument.LongTaskTimer$Sample='SampleImpl{duration(seconds)=0.012474, duration(nanos)=1.2474E7, startTimeNanos=88944774976600}'], parentObservation=null}} created for the request. New headers are [Host:"localhost:7505", sec-ch-ua-platform:""Windows"", User-Agent:"Mozilla/5.0 (Windows NT 10.0; Win64; x64) AppleWebKit/537.36 (KHTML, like Gecko) Chrome/146.0.0.0 Safari/537.36", Accept:"application/json,*/*", sec-ch-ua:""Chromium";v="146", "Not-A.Brand";v="24", "Google Chrome";v="146"", sec-ch-ua-mobile:"?0", Sec-Fetch-Site:"same-origin", Sec-Fetch-Mode:"cors", Sec-Fetch-Dest:"empty", Referer:"http://localhost:7505/webjars/swagger-ui/index.html?urls.primaryName=User%20Service", Accept-Encoding:"gzip, deflate, br, zstd", Accept-Language:"en-US,en;q=0.9", Cookie:"m=", Forwarded:"proto=http;host="localhost:7505";for="[0:0:0:0:0:0:0:1]:54008"", X-Forwarded-For:"0:0:0:0:0:0:0:1", X-Forwarded-Proto:"http", X-Forwarded-Port:"7505", X-Forwarded-Host:"localhost:7505"]
2026-03-27T10:14:07.839+05:30 DEBUG 4660 --- [Api-Gateway] [tor-http-nio-12] .f.h.o.ObservedResponseHttpHeadersFilter : Will instrument the response
2026-03-27T10:14:07.841+05:30 DEBUG 4660 --- [Api-Gateway] [tor-http-nio-12] .f.h.o.ObservedResponseHttpHeadersFilter : The response was handled for observation {name=http.client.requests(null), error=null, context=name='http.client.requests', contextualName='null', error='null', lowCardinalityKeyValues=[http.method='GET', http.status_code='UNKNOWN', spring.cloud.gateway.route.id='USER-SERVICE', spring.cloud.gateway.route.uri='lb://USER-SERVICE'], highCardinalityKeyValues=[http.uri='http://localhost:7505/users/v3/api-docs'], map=[class io.micrometer.core.instrument.Timer$Sample='io.micrometer.core.instrument.Timer$Sample@2c167ea3', class io.micrometer.core.instrument.LongTaskTimer$Sample='SampleImpl{duration(seconds)=0.0402346, duration(nanos)=4.02346E7, startTimeNanos=88944787159300}'], parentObservation={name=http.server.requests(null), error=null, context=name='http.server.requests', contextualName='null', error='null', lowCardinalityKeyValues=[exception='none', method='GET', outcome='SUCCESS', status='200', uri='UNKNOWN'], highCardinalityKeyValues=[http.url='/users/v3/api-docs'], map=[class io.micrometer.core.instrument.Timer$Sample='io.micrometer.core.instrument.Timer$Sample@22e582dd', class io.micrometer.core.instrument.LongTaskTimer$Sample='SampleImpl{duration(seconds)=0.05254, duration(nanos)=5.254E7, startTimeNanos=88944774976600}'], parentObservation=null}}
2026-03-27T10:14:35.769+05:30 DEBUG 4660 --- [Api-Gateway] [reshExecutor-%d] o.s.c.g.r.RouteDefinitionRouteLocator    : RouteDefinition ReactiveCompositeDiscoveryClient_CONFIG-SERVIER applying {pattern=/config-servier/**} to Path
2026-03-27T10:14:35.774+05:30 DEBUG 4660 --- [Api-Gateway] [reshExecutor-%d] o.s.c.g.r.RouteDefinitionRouteLocator    : RouteDefinition ReactiveCompositeDiscoveryClient_CONFIG-SERVIER applying filter {regexp=/config-servier/?(?<remaining>.*), replacement=/${remaining}} to RewritePath
2026-03-27T10:14:35.775+05:30 DEBUG 4660 --- [Api-Gateway] [reshExecutor-%d] o.s.c.g.r.RouteDefinitionRouteLocator    : RouteDefinition matched: ReactiveCompositeDiscoveryClient_CONFIG-SERVIER
2026-03-27T10:14:35.776+05:30 DEBUG 4660 --- [Api-Gateway] [reshExecutor-%d] o.s.c.g.r.RouteDefinitionRouteLocator    : RouteDefinition ReactiveCompositeDiscoveryClient_API-GATEWAY applying {pattern=/api-gateway/**} to Path
2026-03-27T10:14:35.777+05:30 DEBUG 4660 --- [Api-Gateway] [reshExecutor-%d] o.s.c.g.r.RouteDefinitionRouteLocator    : RouteDefinition ReactiveCompositeDiscoveryClient_API-GATEWAY applying filter {regexp=/api-gateway/?(?<remaining>.*), replacement=/${remaining}} to RewritePath
2026-03-27T10:14:35.778+05:30 DEBUG 4660 --- [Api-Gateway] [reshExecutor-%d] o.s.c.g.r.RouteDefinitionRouteLocator    : RouteDefinition matched: ReactiveCompositeDiscoveryClient_API-GATEWAY
2026-03-27T10:14:35.778+05:30 DEBUG 4660 --- [Api-Gateway] [reshExecutor-%d] o.s.c.g.r.RouteDefinitionRouteLocator    : RouteDefinition ReactiveCompositeDiscoveryClient_REWARDS-SERVICE applying {pattern=/rewards-service/**} to Path
2026-03-27T10:14:35.780+05:30 DEBUG 4660 --- [Api-Gateway] [reshExecutor-%d] o.s.c.g.r.RouteDefinitionRouteLocator    : RouteDefinition ReactiveCompositeDiscoveryClient_REWARDS-SERVICE applying filter {regexp=/rewards-service/?(?<remaining>.*), replacement=/${remaining}} to RewritePath
2026-03-27T10:14:35.781+05:30 DEBUG 4660 --- [Api-Gateway] [reshExecutor-%d] o.s.c.g.r.RouteDefinitionRouteLocator    : RouteDefinition matched: ReactiveCompositeDiscoveryClient_REWARDS-SERVICE
2026-03-27T10:14:35.782+05:30 DEBUG 4660 --- [Api-Gateway] [reshExecutor-%d] o.s.c.g.r.RouteDefinitionRouteLocator    : RouteDefinition ReactiveCompositeDiscoveryClient_KYC-SERVICE applying {pattern=/kyc-service/**} to Path
2026-03-27T10:14:35.783+05:30 DEBUG 4660 --- [Api-Gateway] [reshExecutor-%d] o.s.c.g.r.RouteDefinitionRouteLocator    : RouteDefinition ReactiveCompositeDiscoveryClient_KYC-SERVICE applying filter {regexp=/kyc-service/?(?<remaining>.*), replacement=/${remaining}} to RewritePath
2026-03-27T10:14:35.784+05:30 DEBUG 4660 --- [Api-Gateway] [reshExecutor-%d] o.s.c.g.r.RouteDefinitionRouteLocator    : RouteDefinition matched: ReactiveCompositeDiscoveryClient_KYC-SERVICE
2026-03-27T10:14:35.785+05:30 DEBUG 4660 --- [Api-Gateway] [reshExecutor-%d] o.s.c.g.r.RouteDefinitionRouteLocator    : RouteDefinition ReactiveCompositeDiscoveryClient_ADMIN-SERVICE applying {pattern=/admin-service/**} to Path
2026-03-27T10:14:35.787+05:30 DEBUG 4660 --- [Api-Gateway] [reshExecutor-%d] o.s.c.g.r.RouteDefinitionRouteLocator    : RouteDefinition ReactiveCompositeDiscoveryClient_ADMIN-SERVICE applying filter {regexp=/admin-service/?(?<remaining>.*), replacement=/${remaining}} to RewritePath
2026-03-27T10:14:35.788+05:30 DEBUG 4660 --- [Api-Gateway] [reshExecutor-%d] o.s.c.g.r.RouteDefinitionRouteLocator    : RouteDefinition matched: ReactiveCompositeDiscoveryClient_ADMIN-SERVICE
2026-03-27T10:14:35.788+05:30 DEBUG 4660 --- [Api-Gateway] [reshExecutor-%d] o.s.c.g.r.RouteDefinitionRouteLocator    : RouteDefinition ReactiveCompositeDiscoveryClient_TRANSACTION-SERVICE applying {pattern=/transaction-service/**} to Path
2026-03-27T10:14:35.790+05:30 DEBUG 4660 --- [Api-Gateway] [reshExecutor-%d] o.s.c.g.r.RouteDefinitionRouteLocator    : RouteDefinition ReactiveCompositeDiscoveryClient_TRANSACTION-SERVICE applying filter {regexp=/transaction-service/?(?<remaining>.*), replacement=/${remaining}} to RewritePath
2026-03-27T10:14:35.791+05:30 DEBUG 4660 --- [Api-Gateway] [reshExecutor-%d] o.s.c.g.r.RouteDefinitionRouteLocator    : RouteDefinition matched: ReactiveCompositeDiscoveryClient_TRANSACTION-SERVICE
2026-03-27T10:14:35.792+05:30 DEBUG 4660 --- [Api-Gateway] [reshExecutor-%d] o.s.c.g.r.RouteDefinitionRouteLocator    : RouteDefinition ReactiveCompositeDiscoveryClient_WALLET-SERVICE applying {pattern=/wallet-service/**} to Path
2026-03-27T10:14:35.794+05:30 DEBUG 4660 --- [Api-Gateway] [reshExecutor-%d] o.s.c.g.r.RouteDefinitionRouteLocator    : RouteDefinition ReactiveCompositeDiscoveryClient_WALLET-SERVICE applying filter {regexp=/wallet-service/?(?<remaining>.*), replacement=/${remaining}} to RewritePath
2026-03-27T10:14:35.795+05:30 DEBUG 4660 --- [Api-Gateway] [reshExecutor-%d] o.s.c.g.r.RouteDefinitionRouteLocator    : RouteDefinition matched: ReactiveCompositeDiscoveryClient_WALLET-SERVICE
2026-03-27T10:14:35.795+05:30 DEBUG 4660 --- [Api-Gateway] [reshExecutor-%d] o.s.c.g.r.RouteDefinitionRouteLocator    : RouteDefinition ReactiveCompositeDiscoveryClient_NOTIFICATION-SERVICE applying {pattern=/notification-service/**} to Path
2026-03-27T10:14:35.796+05:30 DEBUG 4660 --- [Api-Gateway] [reshExecutor-%d] o.s.c.g.r.RouteDefinitionRouteLocator    : RouteDefinition ReactiveCompositeDiscoveryClient_NOTIFICATION-SERVICE applying filter {regexp=/notification-service/?(?<remaining>.*), replacement=/${remaining}} to RewritePath
2026-03-27T10:14:35.797+05:30 DEBUG 4660 --- [Api-Gateway] [reshExecutor-%d] o.s.c.g.r.RouteDefinitionRouteLocator    : RouteDefinition matched: ReactiveCompositeDiscoveryClient_NOTIFICATION-SERVICE
2026-03-27T10:14:35.799+05:30 DEBUG 4660 --- [Api-Gateway] [reshExecutor-%d] o.s.c.g.r.RouteDefinitionRouteLocator    : RouteDefinition ReactiveCompositeDiscoveryClient_USER-SERVICE applying {pattern=/user-service/**} to Path
2026-03-27T10:14:35.800+05:30 DEBUG 4660 --- [Api-Gateway] [reshExecutor-%d] o.s.c.g.r.RouteDefinitionRouteLocator    : RouteDefinition ReactiveCompositeDiscoveryClient_USER-SERVICE applying filter {regexp=/user-service/?(?<remaining>.*), replacement=/${remaining}} to RewritePath
2026-03-27T10:14:35.801+05:30 DEBUG 4660 --- [Api-Gateway] [reshExecutor-%d] o.s.c.g.r.RouteDefinitionRouteLocator    : RouteDefinition matched: ReactiveCompositeDiscoveryClient_USER-SERVICE
2026-03-27T10:14:35.802+05:30 DEBUG 4660 --- [Api-Gateway] [reshExecutor-%d] o.s.c.g.r.RouteDefinitionRouteLocator    : RouteDefinition ReactiveCompositeDiscoveryClient_PAYMENT-SERVICES applying {pattern=/payment-services/**} to Path
2026-03-27T10:14:35.803+05:30 DEBUG 4660 --- [Api-Gateway] [reshExecutor-%d] o.s.c.g.r.RouteDefinitionRouteLocator    : RouteDefinition ReactiveCompositeDiscoveryClient_PAYMENT-SERVICES applying filter {regexp=/payment-services/?(?<remaining>.*), replacement=/${remaining}} to RewritePath
2026-03-27T10:14:35.804+05:30 DEBUG 4660 --- [Api-Gateway] [reshExecutor-%d] o.s.c.g.r.RouteDefinitionRouteLocator    : RouteDefinition matched: ReactiveCompositeDiscoveryClient_PAYMENT-SERVICES
2026-03-27T10:14:35.805+05:30 DEBUG 4660 --- [Api-Gateway] [reshExecutor-%d] o.s.c.g.r.RouteDefinitionRouteLocator    : RouteDefinition AUTH-SERVICE applying {_genkey_0=/auth/**} to Path
2026-03-27T10:14:35.806+05:30 DEBUG 4660 --- [Api-Gateway] [reshExecutor-%d] o.s.c.g.r.RouteDefinitionRouteLocator    : RouteDefinition matched: AUTH-SERVICE
2026-03-27T10:14:35.806+05:30 DEBUG 4660 --- [Api-Gateway] [reshExecutor-%d] o.s.c.g.r.RouteDefinitionRouteLocator    : RouteDefinition ADMIN-SERVICE applying {_genkey_0=/admin/**} to Path
2026-03-27T10:14:35.807+05:30 DEBUG 4660 --- [Api-Gateway] [reshExecutor-%d] o.s.c.g.r.RouteDefinitionRouteLocator    : RouteDefinition matched: ADMIN-SERVICE
2026-03-27T10:14:35.807+05:30 DEBUG 4660 --- [Api-Gateway] [reshExecutor-%d] o.s.c.g.r.RouteDefinitionRouteLocator    : RouteDefinition KYC-SERVICE applying {_genkey_0=/kyc/**} to Path
2026-03-27T10:14:35.808+05:30 DEBUG 4660 --- [Api-Gateway] [reshExecutor-%d] o.s.c.g.r.RouteDefinitionRouteLocator    : RouteDefinition matched: KYC-SERVICE
2026-03-27T10:14:35.808+05:30 DEBUG 4660 --- [Api-Gateway] [reshExecutor-%d] o.s.c.g.r.RouteDefinitionRouteLocator    : RouteDefinition PAYMENT-SERVICES applying {_genkey_0=/api/payments/**} to Path
2026-03-27T10:14:35.809+05:30 DEBUG 4660 --- [Api-Gateway] [reshExecutor-%d] o.s.c.g.r.RouteDefinitionRouteLocator    : RouteDefinition PAYMENT-SERVICES applying filter {_genkey_0=name:paymentCircuitBreaker, _genkey_1=fallbackUri:forward:/fallback/payment} to CircuitBreaker
2026-03-27T10:14:35.809+05:30 DEBUG 4660 --- [Api-Gateway] [reshExecutor-%d] o.s.c.g.r.RouteDefinitionRouteLocator    : RouteDefinition matched: PAYMENT-SERVICES
2026-03-27T10:14:35.810+05:30 DEBUG 4660 --- [Api-Gateway] [reshExecutor-%d] o.s.c.g.r.RouteDefinitionRouteLocator    : RouteDefinition WALLET-SERVICE applying {_genkey_0=/api/wallets/**} to Path
2026-03-27T10:14:35.812+05:30 DEBUG 4660 --- [Api-Gateway] [reshExecutor-%d] o.s.c.g.r.RouteDefinitionRouteLocator    : RouteDefinition WALLET-SERVICE applying filter {_genkey_0=name:walletCircuitBreaker, _genkey_1=fallbackUri:forward:/fallback/general} to CircuitBreaker
2026-03-27T10:14:35.813+05:30 DEBUG 4660 --- [Api-Gateway] [reshExecutor-%d] o.s.c.g.r.RouteDefinitionRouteLocator    : RouteDefinition matched: WALLET-SERVICE
2026-03-27T10:14:35.813+05:30 DEBUG 4660 --- [Api-Gateway] [reshExecutor-%d] o.s.c.g.r.RouteDefinitionRouteLocator    : RouteDefinition TRANSACTION-SERVICE applying {_genkey_0=/api/transaction/**} to Path
2026-03-27T10:14:35.814+05:30 DEBUG 4660 --- [Api-Gateway] [reshExecutor-%d] o.s.c.g.r.RouteDefinitionRouteLocator    : RouteDefinition TRANSACTION-SERVICE applying filter {_genkey_0=name:transactionCircuitBreaker, _genkey_1=fallbackUri:forward:/fallback/general} to CircuitBreaker
2026-03-27T10:14:35.815+05:30 DEBUG 4660 --- [Api-Gateway] [reshExecutor-%d] o.s.c.g.r.RouteDefinitionRouteLocator    : RouteDefinition matched: TRANSACTION-SERVICE
2026-03-27T10:14:35.815+05:30 DEBUG 4660 --- [Api-Gateway] [reshExecutor-%d] o.s.c.g.r.RouteDefinitionRouteLocator    : RouteDefinition REWARDS-SERVICE applying {_genkey_0=/api/rewards/**} to Path
2026-03-27T10:14:35.816+05:30 DEBUG 4660 --- [Api-Gateway] [reshExecutor-%d] o.s.c.g.r.RouteDefinitionRouteLocator    : RouteDefinition REWARDS-SERVICE applying filter {_genkey_0=name:rewardCircuitBreaker, _genkey_1=fallbackUri:forward:/fallback/reward} to CircuitBreaker
2026-03-27T10:14:35.817+05:30 DEBUG 4660 --- [Api-Gateway] [reshExecutor-%d] o.s.c.g.r.RouteDefinitionRouteLocator    : RouteDefinition matched: REWARDS-SERVICE
2026-03-27T10:14:35.817+05:30 DEBUG 4660 --- [Api-Gateway] [reshExecutor-%d] o.s.c.g.r.RouteDefinitionRouteLocator    : RouteDefinition NOTIFICATION-SERVICE applying {_genkey_0=/api/notifications/**} to Path
2026-03-27T10:14:35.818+05:30 DEBUG 4660 --- [Api-Gateway] [reshExecutor-%d] o.s.c.g.r.RouteDefinitionRouteLocator    : RouteDefinition NOTIFICATION-SERVICE applying filter {_genkey_0=name:notificationCircuitBreaker, _genkey_1=fallbackUri:forward:/fallback/general} to CircuitBreaker
2026-03-27T10:14:35.819+05:30 DEBUG 4660 --- [Api-Gateway] [reshExecutor-%d] o.s.c.g.r.RouteDefinitionRouteLocator    : RouteDefinition matched: NOTIFICATION-SERVICE
2026-03-27T10:14:35.819+05:30 DEBUG 4660 --- [Api-Gateway] [reshExecutor-%d] o.s.c.g.r.RouteDefinitionRouteLocator    : RouteDefinition USER-SERVICE applying {_genkey_0=/users/**} to Path
2026-03-27T10:14:35.820+05:30 DEBUG 4660 --- [Api-Gateway] [reshExecutor-%d] o.s.c.g.r.RouteDefinitionRouteLocator    : RouteDefinition matched: USER-SERVICE
2026-03-27T10:14:35.820+05:30 DEBUG 4660 --- [Api-Gateway] [reshExecutor-%d] o.s.c.g.filter.GatewayMetricsFilter      : New routes count: 19
2026-03-27T10:15:05.851+05:30 DEBUG 4660 --- [Api-Gateway] [reshExecutor-%d] o.s.c.g.r.RouteDefinitionRouteLocator    : RouteDefinition ReactiveCompositeDiscoveryClient_CONFIG-SERVIER applying {pattern=/config-servier/**} to Path
2026-03-27T10:15:05.854+05:30 DEBUG 4660 --- [Api-Gateway] [reshExecutor-%d] o.s.c.g.r.RouteDefinitionRouteLocator    : RouteDefinition ReactiveCompositeDiscoveryClient_CONFIG-SERVIER applying filter {regexp=/config-servier/?(?<remaining>.*), replacement=/${remaining}} to RewritePath
2026-03-27T10:15:05.856+05:30 DEBUG 4660 --- [Api-Gateway] [reshExecutor-%d] o.s.c.g.r.RouteDefinitionRouteLocator    : RouteDefinition matched: ReactiveCompositeDiscoveryClient_CONFIG-SERVIER
2026-03-27T10:15:05.857+05:30 DEBUG 4660 --- [Api-Gateway] [reshExecutor-%d] o.s.c.g.r.RouteDefinitionRouteLocator    : RouteDefinition ReactiveCompositeDiscoveryClient_API-GATEWAY applying {pattern=/api-gateway/**} to Path
2026-03-27T10:15:05.858+05:30 DEBUG 4660 --- [Api-Gateway] [reshExecutor-%d] o.s.c.g.r.RouteDefinitionRouteLocator    : RouteDefinition ReactiveCompositeDiscoveryClient_API-GATEWAY applying filter {regexp=/api-gateway/?(?<remaining>.*), replacement=/${remaining}} to RewritePath
2026-03-27T10:15:05.859+05:30 DEBUG 4660 --- [Api-Gateway] [reshExecutor-%d] o.s.c.g.r.RouteDefinitionRouteLocator    : RouteDefinition matched: ReactiveCompositeDiscoveryClient_API-GATEWAY
2026-03-27T10:15:05.860+05:30 DEBUG 4660 --- [Api-Gateway] [reshExecutor-%d] o.s.c.g.r.RouteDefinitionRouteLocator    : RouteDefinition ReactiveCompositeDiscoveryClient_REWARDS-SERVICE applying {pattern=/rewards-service/**} to Path
2026-03-27T10:15:05.861+05:30 DEBUG 4660 --- [Api-Gateway] [reshExecutor-%d] o.s.c.g.r.RouteDefinitionRouteLocator    : RouteDefinition ReactiveCompositeDiscoveryClient_REWARDS-SERVICE applying filter {regexp=/rewards-service/?(?<remaining>.*), replacement=/${remaining}} to RewritePath
2026-03-27T10:15:05.863+05:30 DEBUG 4660 --- [Api-Gateway] [reshExecutor-%d] o.s.c.g.r.RouteDefinitionRouteLocator    : RouteDefinition matched: ReactiveCompositeDiscoveryClient_REWARDS-SERVICE
2026-03-27T10:15:05.864+05:30 DEBUG 4660 --- [Api-Gateway] [reshExecutor-%d] o.s.c.g.r.RouteDefinitionRouteLocator    : RouteDefinition ReactiveCompositeDiscoveryClient_KYC-SERVICE applying {pattern=/kyc-service/**} to Path
2026-03-27T10:15:05.865+05:30 DEBUG 4660 --- [Api-Gateway] [reshExecutor-%d] o.s.c.g.r.RouteDefinitionRouteLocator    : RouteDefinition ReactiveCompositeDiscoveryClient_KYC-SERVICE applying filter {regexp=/kyc-service/?(?<remaining>.*), replacement=/${remaining}} to RewritePath
2026-03-27T10:15:05.866+05:30 DEBUG 4660 --- [Api-Gateway] [reshExecutor-%d] o.s.c.g.r.RouteDefinitionRouteLocator    : RouteDefinition matched: ReactiveCompositeDiscoveryClient_KYC-SERVICE
2026-03-27T10:15:05.866+05:30 DEBUG 4660 --- [Api-Gateway] [reshExecutor-%d] o.s.c.g.r.RouteDefinitionRouteLocator    : RouteDefinition ReactiveCompositeDiscoveryClient_ADMIN-SERVICE applying {pattern=/admin-service/**} to Path
2026-03-27T10:15:05.868+05:30 DEBUG 4660 --- [Api-Gateway] [reshExecutor-%d] o.s.c.g.r.RouteDefinitionRouteLocator    : RouteDefinition ReactiveCompositeDiscoveryClient_ADMIN-SERVICE applying filter {regexp=/admin-service/?(?<remaining>.*), replacement=/${remaining}} to RewritePath
2026-03-27T10:15:05.868+05:30 DEBUG 4660 --- [Api-Gateway] [reshExecutor-%d] o.s.c.g.r.RouteDefinitionRouteLocator    : RouteDefinition matched: ReactiveCompositeDiscoveryClient_ADMIN-SERVICE
2026-03-27T10:15:05.869+05:30 DEBUG 4660 --- [Api-Gateway] [reshExecutor-%d] o.s.c.g.r.RouteDefinitionRouteLocator    : RouteDefinition ReactiveCompositeDiscoveryClient_TRANSACTION-SERVICE applying {pattern=/transaction-service/**} to Path
2026-03-27T10:15:05.870+05:30 DEBUG 4660 --- [Api-Gateway] [reshExecutor-%d] o.s.c.g.r.RouteDefinitionRouteLocator    : RouteDefinition ReactiveCompositeDiscoveryClient_TRANSACTION-SERVICE applying filter {regexp=/transaction-service/?(?<remaining>.*), replacement=/${remaining}} to RewritePath
2026-03-27T10:15:05.870+05:30 DEBUG 4660 --- [Api-Gateway] [reshExecutor-%d] o.s.c.g.r.RouteDefinitionRouteLocator    : RouteDefinition matched: ReactiveCompositeDiscoveryClient_TRANSACTION-SERVICE
2026-03-27T10:15:05.873+05:30 DEBUG 4660 --- [Api-Gateway] [reshExecutor-%d] o.s.c.g.r.RouteDefinitionRouteLocator    : RouteDefinition ReactiveCompositeDiscoveryClient_WALLET-SERVICE applying {pattern=/wallet-service/**} to Path
2026-03-27T10:15:05.874+05:30 DEBUG 4660 --- [Api-Gateway] [reshExecutor-%d] o.s.c.g.r.RouteDefinitionRouteLocator    : RouteDefinition ReactiveCompositeDiscoveryClient_WALLET-SERVICE applying filter {regexp=/wallet-service/?(?<remaining>.*), replacement=/${remaining}} to RewritePath
2026-03-27T10:15:05.875+05:30 DEBUG 4660 --- [Api-Gateway] [reshExecutor-%d] o.s.c.g.r.RouteDefinitionRouteLocator    : RouteDefinition matched: ReactiveCompositeDiscoveryClient_WALLET-SERVICE
2026-03-27T10:15:05.876+05:30 DEBUG 4660 --- [Api-Gateway] [reshExecutor-%d] o.s.c.g.r.RouteDefinitionRouteLocator    : RouteDefinition ReactiveCompositeDiscoveryClient_NOTIFICATION-SERVICE applying {pattern=/notification-service/**} to Path
2026-03-27T10:15:05.877+05:30 DEBUG 4660 --- [Api-Gateway] [reshExecutor-%d] o.s.c.g.r.RouteDefinitionRouteLocator    : RouteDefinition ReactiveCompositeDiscoveryClient_NOTIFICATION-SERVICE applying filter {regexp=/notification-service/?(?<remaining>.*), replacement=/${remaining}} to RewritePath
2026-03-27T10:15:05.878+05:30 DEBUG 4660 --- [Api-Gateway] [reshExecutor-%d] o.s.c.g.r.RouteDefinitionRouteLocator    : RouteDefinition matched: ReactiveCompositeDiscoveryClient_NOTIFICATION-SERVICE
2026-03-27T10:15:05.880+05:30 DEBUG 4660 --- [Api-Gateway] [reshExecutor-%d] o.s.c.g.r.RouteDefinitionRouteLocator    : RouteDefinition ReactiveCompositeDiscoveryClient_USER-SERVICE applying {pattern=/user-service/**} to Path
2026-03-27T10:15:05.881+05:30 DEBUG 4660 --- [Api-Gateway] [reshExecutor-%d] o.s.c.g.r.RouteDefinitionRouteLocator    : RouteDefinition ReactiveCompositeDiscoveryClient_USER-SERVICE applying filter {regexp=/user-service/?(?<remaining>.*), replacement=/${remaining}} to RewritePath
2026-03-27T10:15:05.882+05:30 DEBUG 4660 --- [Api-Gateway] [reshExecutor-%d] o.s.c.g.r.RouteDefinitionRouteLocator    : RouteDefinition matched: ReactiveCompositeDiscoveryClient_USER-SERVICE
2026-03-27T10:15:05.883+05:30 DEBUG 4660 --- [Api-Gateway] [reshExecutor-%d] o.s.c.g.r.RouteDefinitionRouteLocator    : RouteDefinition ReactiveCompositeDiscoveryClient_PAYMENT-SERVICES applying {pattern=/payment-services/**} to Path
2026-03-27T10:15:05.884+05:30 DEBUG 4660 --- [Api-Gateway] [reshExecutor-%d] o.s.c.g.r.RouteDefinitionRouteLocator    : RouteDefinition ReactiveCompositeDiscoveryClient_PAYMENT-SERVICES applying filter {regexp=/payment-services/?(?<remaining>.*), replacement=/${remaining}} to RewritePath
2026-03-27T10:15:05.885+05:30 DEBUG 4660 --- [Api-Gateway] [reshExecutor-%d] o.s.c.g.r.RouteDefinitionRouteLocator    : RouteDefinition matched: ReactiveCompositeDiscoveryClient_PAYMENT-SERVICES
2026-03-27T10:15:05.885+05:30 DEBUG 4660 --- [Api-Gateway] [reshExecutor-%d] o.s.c.g.r.RouteDefinitionRouteLocator    : RouteDefinition AUTH-SERVICE applying {_genkey_0=/auth/**} to Path
2026-03-27T10:15:05.886+05:30 DEBUG 4660 --- [Api-Gateway] [reshExecutor-%d] o.s.c.g.r.RouteDefinitionRouteLocator    : RouteDefinition matched: AUTH-SERVICE
2026-03-27T10:15:05.887+05:30 DEBUG 4660 --- [Api-Gateway] [reshExecutor-%d] o.s.c.g.r.RouteDefinitionRouteLocator    : RouteDefinition ADMIN-SERVICE applying {_genkey_0=/admin/**} to Path
2026-03-27T10:15:05.888+05:30 DEBUG 4660 --- [Api-Gateway] [reshExecutor-%d] o.s.c.g.r.RouteDefinitionRouteLocator    : RouteDefinition matched: ADMIN-SERVICE
2026-03-27T10:15:05.888+05:30 DEBUG 4660 --- [Api-Gateway] [reshExecutor-%d] o.s.c.g.r.RouteDefinitionRouteLocator    : RouteDefinition KYC-SERVICE applying {_genkey_0=/kyc/**} to Path
2026-03-27T10:15:05.889+05:30 DEBUG 4660 --- [Api-Gateway] [reshExecutor-%d] o.s.c.g.r.RouteDefinitionRouteLocator    : RouteDefinition matched: KYC-SERVICE
2026-03-27T10:15:05.889+05:30 DEBUG 4660 --- [Api-Gateway] [reshExecutor-%d] o.s.c.g.r.RouteDefinitionRouteLocator    : RouteDefinition PAYMENT-SERVICES applying {_genkey_0=/api/payments/**} to Path
2026-03-27T10:15:05.890+05:30 DEBUG 4660 --- [Api-Gateway] [reshExecutor-%d] o.s.c.g.r.RouteDefinitionRouteLocator    : RouteDefinition PAYMENT-SERVICES applying filter {_genkey_0=name:paymentCircuitBreaker, _genkey_1=fallbackUri:forward:/fallback/payment} to CircuitBreaker
2026-03-27T10:15:05.891+05:30 DEBUG 4660 --- [Api-Gateway] [reshExecutor-%d] o.s.c.g.r.RouteDefinitionRouteLocator    : RouteDefinition matched: PAYMENT-SERVICES
2026-03-27T10:15:05.892+05:30 DEBUG 4660 --- [Api-Gateway] [reshExecutor-%d] o.s.c.g.r.RouteDefinitionRouteLocator    : RouteDefinition WALLET-SERVICE applying {_genkey_0=/api/wallets/**} to Path
2026-03-27T10:15:05.893+05:30 DEBUG 4660 --- [Api-Gateway] [reshExecutor-%d] o.s.c.g.r.RouteDefinitionRouteLocator    : RouteDefinition WALLET-SERVICE applying filter {_genkey_0=name:walletCircuitBreaker, _genkey_1=fallbackUri:forward:/fallback/general} to CircuitBreaker
2026-03-27T10:15:05.895+05:30 DEBUG 4660 --- [Api-Gateway] [reshExecutor-%d] o.s.c.g.r.RouteDefinitionRouteLocator    : RouteDefinition matched: WALLET-SERVICE
2026-03-27T10:15:05.895+05:30 DEBUG 4660 --- [Api-Gateway] [reshExecutor-%d] o.s.c.g.r.RouteDefinitionRouteLocator    : RouteDefinition TRANSACTION-SERVICE applying {_genkey_0=/api/transaction/**} to Path
2026-03-27T10:15:05.895+05:30 DEBUG 4660 --- [Api-Gateway] [reshExecutor-%d] o.s.c.g.r.RouteDefinitionRouteLocator    : RouteDefinition TRANSACTION-SERVICE applying filter {_genkey_0=name:transactionCircuitBreaker, _genkey_1=fallbackUri:forward:/fallback/general} to CircuitBreaker
2026-03-27T10:15:05.897+05:30 DEBUG 4660 --- [Api-Gateway] [reshExecutor-%d] o.s.c.g.r.RouteDefinitionRouteLocator    : RouteDefinition matched: TRANSACTION-SERVICE
2026-03-27T10:15:05.897+05:30 DEBUG 4660 --- [Api-Gateway] [reshExecutor-%d] o.s.c.g.r.RouteDefinitionRouteLocator    : RouteDefinition REWARDS-SERVICE applying {_genkey_0=/api/rewards/**} to Path
2026-03-27T10:15:05.899+05:30 DEBUG 4660 --- [Api-Gateway] [reshExecutor-%d] o.s.c.g.r.RouteDefinitionRouteLocator    : RouteDefinition REWARDS-SERVICE applying filter {_genkey_0=name:rewardCircuitBreaker, _genkey_1=fallbackUri:forward:/fallback/reward} to CircuitBreaker
2026-03-27T10:15:05.900+05:30 DEBUG 4660 --- [Api-Gateway] [reshExecutor-%d] o.s.c.g.r.RouteDefinitionRouteLocator    : RouteDefinition matched: REWARDS-SERVICE
2026-03-27T10:15:05.901+05:30 DEBUG 4660 --- [Api-Gateway] [reshExecutor-%d] o.s.c.g.r.RouteDefinitionRouteLocator    : RouteDefinition NOTIFICATION-SERVICE applying {_genkey_0=/api/notifications/**} to Path
2026-03-27T10:15:05.902+05:30 DEBUG 4660 --- [Api-Gateway] [reshExecutor-%d] o.s.c.g.r.RouteDefinitionRouteLocator    : RouteDefinition NOTIFICATION-SERVICE applying filter {_genkey_0=name:notificationCircuitBreaker, _genkey_1=fallbackUri:forward:/fallback/general} to CircuitBreaker
2026-03-27T10:15:05.902+05:30 DEBUG 4660 --- [Api-Gateway] [reshExecutor-%d] o.s.c.g.r.RouteDefinitionRouteLocator    : RouteDefinition matched: NOTIFICATION-SERVICE
2026-03-27T10:15:05.903+05:30 DEBUG 4660 --- [Api-Gateway] [reshExecutor-%d] o.s.c.g.r.RouteDefinitionRouteLocator    : RouteDefinition USER-SERVICE applying {_genkey_0=/users/**} to Path
2026-03-27T10:15:05.904+05:30 DEBUG 4660 --- [Api-Gateway] [reshExecutor-%d] o.s.c.g.r.RouteDefinitionRouteLocator    : RouteDefinition matched: USER-SERVICE
2026-03-27T10:15:05.906+05:30 DEBUG 4660 --- [Api-Gateway] [reshExecutor-%d] o.s.c.g.filter.GatewayMetricsFilter      : New routes count: 19
2026-03-27T10:15:35.936+05:30 DEBUG 4660 --- [Api-Gateway] [reshExecutor-%d] o.s.c.g.r.RouteDefinitionRouteLocator    : RouteDefinition ReactiveCompositeDiscoveryClient_CONFIG-SERVIER applying {pattern=/config-servier/**} to Path
2026-03-27T10:15:35.937+05:30 DEBUG 4660 --- [Api-Gateway] [reshExecutor-%d] o.s.c.g.r.RouteDefinitionRouteLocator    : RouteDefinition ReactiveCompositeDiscoveryClient_CONFIG-SERVIER applying filter {regexp=/config-servier/?(?<remaining>.*), replacement=/${remaining}} to RewritePath
2026-03-27T10:15:35.938+05:30 DEBUG 4660 --- [Api-Gateway] [reshExecutor-%d] o.s.c.g.r.RouteDefinitionRouteLocator    : RouteDefinition matched: ReactiveCompositeDiscoveryClient_CONFIG-SERVIER
2026-03-27T10:15:35.939+05:30 DEBUG 4660 --- [Api-Gateway] [reshExecutor-%d] o.s.c.g.r.RouteDefinitionRouteLocator    : RouteDefinition ReactiveCompositeDiscoveryClient_API-GATEWAY applying {pattern=/api-gateway/**} to Path
2026-03-27T10:15:35.941+05:30 DEBUG 4660 --- [Api-Gateway] [reshExecutor-%d] o.s.c.g.r.RouteDefinitionRouteLocator    : RouteDefinition ReactiveCompositeDiscoveryClient_API-GATEWAY applying filter {regexp=/api-gateway/?(?<remaining>.*), replacement=/${remaining}} to RewritePath
2026-03-27T10:15:35.942+05:30 DEBUG 4660 --- [Api-Gateway] [reshExecutor-%d] o.s.c.g.r.RouteDefinitionRouteLocator    : RouteDefinition matched: ReactiveCompositeDiscoveryClient_API-GATEWAY
2026-03-27T10:15:35.942+05:30 DEBUG 4660 --- [Api-Gateway] [reshExecutor-%d] o.s.c.g.r.RouteDefinitionRouteLocator    : RouteDefinition ReactiveCompositeDiscoveryClient_REWARDS-SERVICE applying {pattern=/rewards-service/**} to Path
2026-03-27T10:15:35.944+05:30 DEBUG 4660 --- [Api-Gateway] [reshExecutor-%d] o.s.c.g.r.RouteDefinitionRouteLocator    : RouteDefinition ReactiveCompositeDiscoveryClient_REWARDS-SERVICE applying filter {regexp=/rewards-service/?(?<remaining>.*), replacement=/${remaining}} to RewritePath
2026-03-27T10:15:35.944+05:30 DEBUG 4660 --- [Api-Gateway] [reshExecutor-%d] o.s.c.g.r.RouteDefinitionRouteLocator    : RouteDefinition matched: ReactiveCompositeDiscoveryClient_REWARDS-SERVICE
2026-03-27T10:15:35.945+05:30 DEBUG 4660 --- [Api-Gateway] [reshExecutor-%d] o.s.c.g.r.RouteDefinitionRouteLocator    : RouteDefinition ReactiveCompositeDiscoveryClient_KYC-SERVICE applying {pattern=/kyc-service/**} to Path
2026-03-27T10:15:35.947+05:30 DEBUG 4660 --- [Api-Gateway] [reshExecutor-%d] o.s.c.g.r.RouteDefinitionRouteLocator    : RouteDefinition ReactiveCompositeDiscoveryClient_KYC-SERVICE applying filter {regexp=/kyc-service/?(?<remaining>.*), replacement=/${remaining}} to RewritePath
2026-03-27T10:15:35.948+05:30 DEBUG 4660 --- [Api-Gateway] [reshExecutor-%d] o.s.c.g.r.RouteDefinitionRouteLocator    : RouteDefinition matched: ReactiveCompositeDiscoveryClient_KYC-SERVICE
2026-03-27T10:15:35.948+05:30 DEBUG 4660 --- [Api-Gateway] [reshExecutor-%d] o.s.c.g.r.RouteDefinitionRouteLocator    : RouteDefinition ReactiveCompositeDiscoveryClient_ADMIN-SERVICE applying {pattern=/admin-service/**} to Path
2026-03-27T10:15:35.950+05:30 DEBUG 4660 --- [Api-Gateway] [reshExecutor-%d] o.s.c.g.r.RouteDefinitionRouteLocator    : RouteDefinition ReactiveCompositeDiscoveryClient_ADMIN-SERVICE applying filter {regexp=/admin-service/?(?<remaining>.*), replacement=/${remaining}} to RewritePath
2026-03-27T10:15:35.950+05:30 DEBUG 4660 --- [Api-Gateway] [reshExecutor-%d] o.s.c.g.r.RouteDefinitionRouteLocator    : RouteDefinition matched: ReactiveCompositeDiscoveryClient_ADMIN-SERVICE
2026-03-27T10:15:35.951+05:30 DEBUG 4660 --- [Api-Gateway] [reshExecutor-%d] o.s.c.g.r.RouteDefinitionRouteLocator    : RouteDefinition ReactiveCompositeDiscoveryClient_TRANSACTION-SERVICE applying {pattern=/transaction-service/**} to Path
2026-03-27T10:15:35.952+05:30 DEBUG 4660 --- [Api-Gateway] [reshExecutor-%d] o.s.c.g.r.RouteDefinitionRouteLocator    : RouteDefinition ReactiveCompositeDiscoveryClient_TRANSACTION-SERVICE applying filter {regexp=/transaction-service/?(?<remaining>.*), replacement=/${remaining}} to RewritePath
2026-03-27T10:15:35.953+05:30 DEBUG 4660 --- [Api-Gateway] [reshExecutor-%d] o.s.c.g.r.RouteDefinitionRouteLocator    : RouteDefinition matched: ReactiveCompositeDiscoveryClient_TRANSACTION-SERVICE
2026-03-27T10:15:35.953+05:30 DEBUG 4660 --- [Api-Gateway] [reshExecutor-%d] o.s.c.g.r.RouteDefinitionRouteLocator    : RouteDefinition ReactiveCompositeDiscoveryClient_WALLET-SERVICE applying {pattern=/wallet-service/**} to Path
2026-03-27T10:15:35.953+05:30 DEBUG 4660 --- [Api-Gateway] [reshExecutor-%d] o.s.c.g.r.RouteDefinitionRouteLocator    : RouteDefinition ReactiveCompositeDiscoveryClient_WALLET-SERVICE applying filter {regexp=/wallet-service/?(?<remaining>.*), replacement=/${remaining}} to RewritePath
2026-03-27T10:15:35.955+05:30 DEBUG 4660 --- [Api-Gateway] [reshExecutor-%d] o.s.c.g.r.RouteDefinitionRouteLocator    : RouteDefinition matched: ReactiveCompositeDiscoveryClient_WALLET-SERVICE
2026-03-27T10:15:35.955+05:30 DEBUG 4660 --- [Api-Gateway] [reshExecutor-%d] o.s.c.g.r.RouteDefinitionRouteLocator    : RouteDefinition ReactiveCompositeDiscoveryClient_NOTIFICATION-SERVICE applying {pattern=/notification-service/**} to Path
2026-03-27T10:15:35.955+05:30 DEBUG 4660 --- [Api-Gateway] [reshExecutor-%d] o.s.c.g.r.RouteDefinitionRouteLocator    : RouteDefinition ReactiveCompositeDiscoveryClient_NOTIFICATION-SERVICE applying filter {regexp=/notification-service/?(?<remaining>.*), replacement=/${remaining}} to RewritePath
2026-03-27T10:15:35.956+05:30 DEBUG 4660 --- [Api-Gateway] [reshExecutor-%d] o.s.c.g.r.RouteDefinitionRouteLocator    : RouteDefinition matched: ReactiveCompositeDiscoveryClient_NOTIFICATION-SERVICE
2026-03-27T10:15:35.956+05:30 DEBUG 4660 --- [Api-Gateway] [reshExecutor-%d] o.s.c.g.r.RouteDefinitionRouteLocator    : RouteDefinition ReactiveCompositeDiscoveryClient_USER-SERVICE applying {pattern=/user-service/**} to Path
2026-03-27T10:15:35.957+05:30 DEBUG 4660 --- [Api-Gateway] [reshExecutor-%d] o.s.c.g.r.RouteDefinitionRouteLocator    : RouteDefinition ReactiveCompositeDiscoveryClient_USER-SERVICE applying filter {regexp=/user-service/?(?<remaining>.*), replacement=/${remaining}} to RewritePath
2026-03-27T10:15:35.957+05:30 DEBUG 4660 --- [Api-Gateway] [reshExecutor-%d] o.s.c.g.r.RouteDefinitionRouteLocator    : RouteDefinition matched: ReactiveCompositeDiscoveryClient_USER-SERVICE
2026-03-27T10:15:35.957+05:30 DEBUG 4660 --- [Api-Gateway] [reshExecutor-%d] o.s.c.g.r.RouteDefinitionRouteLocator    : RouteDefinition ReactiveCompositeDiscoveryClient_PAYMENT-SERVICES applying {pattern=/payment-services/**} to Path
2026-03-27T10:15:35.959+05:30 DEBUG 4660 --- [Api-Gateway] [reshExecutor-%d] o.s.c.g.r.RouteDefinitionRouteLocator    : RouteDefinition ReactiveCompositeDiscoveryClient_PAYMENT-SERVICES applying filter {regexp=/payment-services/?(?<remaining>.*), replacement=/${remaining}} to RewritePath
2026-03-27T10:15:35.959+05:30 DEBUG 4660 --- [Api-Gateway] [reshExecutor-%d] o.s.c.g.r.RouteDefinitionRouteLocator    : RouteDefinition matched: ReactiveCompositeDiscoveryClient_PAYMENT-SERVICES
2026-03-27T10:15:35.959+05:30 DEBUG 4660 --- [Api-Gateway] [reshExecutor-%d] o.s.c.g.r.RouteDefinitionRouteLocator    : RouteDefinition AUTH-SERVICE applying {_genkey_0=/auth/**} to Path
2026-03-27T10:15:35.960+05:30 DEBUG 4660 --- [Api-Gateway] [reshExecutor-%d] o.s.c.g.r.RouteDefinitionRouteLocator    : RouteDefinition matched: AUTH-SERVICE
2026-03-27T10:15:35.960+05:30 DEBUG 4660 --- [Api-Gateway] [reshExecutor-%d] o.s.c.g.r.RouteDefinitionRouteLocator    : RouteDefinition ADMIN-SERVICE applying {_genkey_0=/admin/**} to Path
2026-03-27T10:15:35.960+05:30 DEBUG 4660 --- [Api-Gateway] [reshExecutor-%d] o.s.c.g.r.RouteDefinitionRouteLocator    : RouteDefinition matched: ADMIN-SERVICE
2026-03-27T10:15:35.960+05:30 DEBUG 4660 --- [Api-Gateway] [reshExecutor-%d] o.s.c.g.r.RouteDefinitionRouteLocator    : RouteDefinition KYC-SERVICE applying {_genkey_0=/kyc/**} to Path
2026-03-27T10:15:35.961+05:30 DEBUG 4660 --- [Api-Gateway] [reshExecutor-%d] o.s.c.g.r.RouteDefinitionRouteLocator    : RouteDefinition matched: KYC-SERVICE
2026-03-27T10:15:35.961+05:30 DEBUG 4660 --- [Api-Gateway] [reshExecutor-%d] o.s.c.g.r.RouteDefinitionRouteLocator    : RouteDefinition PAYMENT-SERVICES applying {_genkey_0=/api/payments/**} to Path
2026-03-27T10:15:35.961+05:30 DEBUG 4660 --- [Api-Gateway] [reshExecutor-%d] o.s.c.g.r.RouteDefinitionRouteLocator    : RouteDefinition PAYMENT-SERVICES applying filter {_genkey_0=name:paymentCircuitBreaker, _genkey_1=fallbackUri:forward:/fallback/payment} to CircuitBreaker
2026-03-27T10:15:35.962+05:30 DEBUG 4660 --- [Api-Gateway] [reshExecutor-%d] o.s.c.g.r.RouteDefinitionRouteLocator    : RouteDefinition matched: PAYMENT-SERVICES
2026-03-27T10:15:35.963+05:30 DEBUG 4660 --- [Api-Gateway] [reshExecutor-%d] o.s.c.g.r.RouteDefinitionRouteLocator    : RouteDefinition WALLET-SERVICE applying {_genkey_0=/api/wallets/**} to Path
2026-03-27T10:15:35.963+05:30 DEBUG 4660 --- [Api-Gateway] [reshExecutor-%d] o.s.c.g.r.RouteDefinitionRouteLocator    : RouteDefinition WALLET-SERVICE applying filter {_genkey_0=name:walletCircuitBreaker, _genkey_1=fallbackUri:forward:/fallback/general} to CircuitBreaker
2026-03-27T10:15:35.964+05:30 DEBUG 4660 --- [Api-Gateway] [reshExecutor-%d] o.s.c.g.r.RouteDefinitionRouteLocator    : RouteDefinition matched: WALLET-SERVICE
2026-03-27T10:15:35.964+05:30 DEBUG 4660 --- [Api-Gateway] [reshExecutor-%d] o.s.c.g.r.RouteDefinitionRouteLocator    : RouteDefinition TRANSACTION-SERVICE applying {_genkey_0=/api/transaction/**} to Path
2026-03-27T10:15:35.964+05:30 DEBUG 4660 --- [Api-Gateway] [reshExecutor-%d] o.s.c.g.r.RouteDefinitionRouteLocator    : RouteDefinition TRANSACTION-SERVICE applying filter {_genkey_0=name:transactionCircuitBreaker, _genkey_1=fallbackUri:forward:/fallback/general} to CircuitBreaker
2026-03-27T10:15:35.965+05:30 DEBUG 4660 --- [Api-Gateway] [reshExecutor-%d] o.s.c.g.r.RouteDefinitionRouteLocator    : RouteDefinition matched: TRANSACTION-SERVICE
2026-03-27T10:15:35.965+05:30 DEBUG 4660 --- [Api-Gateway] [reshExecutor-%d] o.s.c.g.r.RouteDefinitionRouteLocator    : RouteDefinition REWARDS-SERVICE applying {_genkey_0=/api/rewards/**} to Path
2026-03-27T10:15:35.965+05:30 DEBUG 4660 --- [Api-Gateway] [reshExecutor-%d] o.s.c.g.r.RouteDefinitionRouteLocator    : RouteDefinition REWARDS-SERVICE applying filter {_genkey_0=name:rewardCircuitBreaker, _genkey_1=fallbackUri:forward:/fallback/reward} to CircuitBreaker
2026-03-27T10:15:35.966+05:30 DEBUG 4660 --- [Api-Gateway] [reshExecutor-%d] o.s.c.g.r.RouteDefinitionRouteLocator    : RouteDefinition matched: REWARDS-SERVICE
2026-03-27T10:15:35.966+05:30 DEBUG 4660 --- [Api-Gateway] [reshExecutor-%d] o.s.c.g.r.RouteDefinitionRouteLocator    : RouteDefinition NOTIFICATION-SERVICE applying {_genkey_0=/api/notifications/**} to Path
2026-03-27T10:15:35.966+05:30 DEBUG 4660 --- [Api-Gateway] [reshExecutor-%d] o.s.c.g.r.RouteDefinitionRouteLocator    : RouteDefinition NOTIFICATION-SERVICE applying filter {_genkey_0=name:notificationCircuitBreaker, _genkey_1=fallbackUri:forward:/fallback/general} to CircuitBreaker
2026-03-27T10:15:35.967+05:30 DEBUG 4660 --- [Api-Gateway] [reshExecutor-%d] o.s.c.g.r.RouteDefinitionRouteLocator    : RouteDefinition matched: NOTIFICATION-SERVICE
2026-03-27T10:15:35.967+05:30 DEBUG 4660 --- [Api-Gateway] [reshExecutor-%d] o.s.c.g.r.RouteDefinitionRouteLocator    : RouteDefinition USER-SERVICE applying {_genkey_0=/users/**} to Path
2026-03-27T10:15:35.967+05:30 DEBUG 4660 --- [Api-Gateway] [reshExecutor-%d] o.s.c.g.r.RouteDefinitionRouteLocator    : RouteDefinition matched: USER-SERVICE
2026-03-27T10:15:35.968+05:30 DEBUG 4660 --- [Api-Gateway] [reshExecutor-%d] o.s.c.g.filter.GatewayMetricsFilter      : New routes count: 19
2026-03-27T10:16:05.994+05:30 DEBUG 4660 --- [Api-Gateway] [reshExecutor-%d] o.s.c.g.r.RouteDefinitionRouteLocator    : RouteDefinition ReactiveCompositeDiscoveryClient_CONFIG-SERVIER applying {pattern=/config-servier/**} to Path
2026-03-27T10:16:05.995+05:30 DEBUG 4660 --- [Api-Gateway] [reshExecutor-%d] o.s.c.g.r.RouteDefinitionRouteLocator    : RouteDefinition ReactiveCompositeDiscoveryClient_CONFIG-SERVIER applying filter {regexp=/config-servier/?(?<remaining>.*), replacement=/${remaining}} to RewritePath
2026-03-27T10:16:05.997+05:30 DEBUG 4660 --- [Api-Gateway] [reshExecutor-%d] o.s.c.g.r.RouteDefinitionRouteLocator    : RouteDefinition matched: ReactiveCompositeDiscoveryClient_CONFIG-SERVIER
2026-03-27T10:16:05.998+05:30 DEBUG 4660 --- [Api-Gateway] [reshExecutor-%d] o.s.c.g.r.RouteDefinitionRouteLocator    : RouteDefinition ReactiveCompositeDiscoveryClient_API-GATEWAY applying {pattern=/api-gateway/**} to Path
2026-03-27T10:16:05.999+05:30 DEBUG 4660 --- [Api-Gateway] [reshExecutor-%d] o.s.c.g.r.RouteDefinitionRouteLocator    : RouteDefinition ReactiveCompositeDiscoveryClient_API-GATEWAY applying filter {regexp=/api-gateway/?(?<remaining>.*), replacement=/${remaining}} to RewritePath
2026-03-27T10:16:06.000+05:30 DEBUG 4660 --- [Api-Gateway] [reshExecutor-%d] o.s.c.g.r.RouteDefinitionRouteLocator    : RouteDefinition matched: ReactiveCompositeDiscoveryClient_API-GATEWAY
2026-03-27T10:16:06.000+05:30 DEBUG 4660 --- [Api-Gateway] [reshExecutor-%d] o.s.c.g.r.RouteDefinitionRouteLocator    : RouteDefinition ReactiveCompositeDiscoveryClient_REWARDS-SERVICE applying {pattern=/rewards-service/**} to Path
2026-03-27T10:16:06.001+05:30 DEBUG 4660 --- [Api-Gateway] [reshExecutor-%d] o.s.c.g.r.RouteDefinitionRouteLocator    : RouteDefinition ReactiveCompositeDiscoveryClient_REWARDS-SERVICE applying filter {regexp=/rewards-service/?(?<remaining>.*), replacement=/${remaining}} to RewritePath
2026-03-27T10:16:06.002+05:30 DEBUG 4660 --- [Api-Gateway] [reshExecutor-%d] o.s.c.g.r.RouteDefinitionRouteLocator    : RouteDefinition matched: ReactiveCompositeDiscoveryClient_REWARDS-SERVICE
2026-03-27T10:16:06.003+05:30 DEBUG 4660 --- [Api-Gateway] [reshExecutor-%d] o.s.c.g.r.RouteDefinitionRouteLocator    : RouteDefinition ReactiveCompositeDiscoveryClient_KYC-SERVICE applying {pattern=/kyc-service/**} to Path
2026-03-27T10:16:06.004+05:30 DEBUG 4660 --- [Api-Gateway] [reshExecutor-%d] o.s.c.g.r.RouteDefinitionRouteLocator    : RouteDefinition ReactiveCompositeDiscoveryClient_KYC-SERVICE applying filter {regexp=/kyc-service/?(?<remaining>.*), replacement=/${remaining}} to RewritePath
2026-03-27T10:16:06.004+05:30 DEBUG 4660 --- [Api-Gateway] [reshExecutor-%d] o.s.c.g.r.RouteDefinitionRouteLocator    : RouteDefinition matched: ReactiveCompositeDiscoveryClient_KYC-SERVICE
2026-03-27T10:16:06.005+05:30 DEBUG 4660 --- [Api-Gateway] [reshExecutor-%d] o.s.c.g.r.RouteDefinitionRouteLocator    : RouteDefinition ReactiveCompositeDiscoveryClient_ADMIN-SERVICE applying {pattern=/admin-service/**} to Path
2026-03-27T10:16:06.006+05:30 DEBUG 4660 --- [Api-Gateway] [reshExecutor-%d] o.s.c.g.r.RouteDefinitionRouteLocator    : RouteDefinition ReactiveCompositeDiscoveryClient_ADMIN-SERVICE applying filter {regexp=/admin-service/?(?<remaining>.*), replacement=/${remaining}} to RewritePath
2026-03-27T10:16:06.007+05:30 DEBUG 4660 --- [Api-Gateway] [reshExecutor-%d] o.s.c.g.r.RouteDefinitionRouteLocator    : RouteDefinition matched: ReactiveCompositeDiscoveryClient_ADMIN-SERVICE
2026-03-27T10:16:06.007+05:30 DEBUG 4660 --- [Api-Gateway] [reshExecutor-%d] o.s.c.g.r.RouteDefinitionRouteLocator    : RouteDefinition ReactiveCompositeDiscoveryClient_TRANSACTION-SERVICE applying {pattern=/transaction-service/**} to Path
2026-03-27T10:16:06.009+05:30 DEBUG 4660 --- [Api-Gateway] [reshExecutor-%d] o.s.c.g.r.RouteDefinitionRouteLocator    : RouteDefinition ReactiveCompositeDiscoveryClient_TRANSACTION-SERVICE applying filter {regexp=/transaction-service/?(?<remaining>.*), replacement=/${remaining}} to RewritePath
2026-03-27T10:16:06.009+05:30 DEBUG 4660 --- [Api-Gateway] [reshExecutor-%d] o.s.c.g.r.RouteDefinitionRouteLocator    : RouteDefinition matched: ReactiveCompositeDiscoveryClient_TRANSACTION-SERVICE
2026-03-27T10:16:06.010+05:30 DEBUG 4660 --- [Api-Gateway] [reshExecutor-%d] o.s.c.g.r.RouteDefinitionRouteLocator    : RouteDefinition ReactiveCompositeDiscoveryClient_WALLET-SERVICE applying {pattern=/wallet-service/**} to Path
2026-03-27T10:16:06.010+05:30 DEBUG 4660 --- [Api-Gateway] [reshExecutor-%d] o.s.c.g.r.RouteDefinitionRouteLocator    : RouteDefinition ReactiveCompositeDiscoveryClient_WALLET-SERVICE applying filter {regexp=/wallet-service/?(?<remaining>.*), replacement=/${remaining}} to RewritePath
2026-03-27T10:16:06.011+05:30 DEBUG 4660 --- [Api-Gateway] [reshExecutor-%d] o.s.c.g.r.RouteDefinitionRouteLocator    : RouteDefinition matched: ReactiveCompositeDiscoveryClient_WALLET-SERVICE
2026-03-27T10:16:06.012+05:30 DEBUG 4660 --- [Api-Gateway] [reshExecutor-%d] o.s.c.g.r.RouteDefinitionRouteLocator    : RouteDefinition ReactiveCompositeDiscoveryClient_NOTIFICATION-SERVICE applying {pattern=/notification-service/**} to Path
2026-03-27T10:16:06.012+05:30 DEBUG 4660 --- [Api-Gateway] [reshExecutor-%d] o.s.c.g.r.RouteDefinitionRouteLocator    : RouteDefinition ReactiveCompositeDiscoveryClient_NOTIFICATION-SERVICE applying filter {regexp=/notification-service/?(?<remaining>.*), replacement=/${remaining}} to RewritePath
2026-03-27T10:16:06.013+05:30 DEBUG 4660 --- [Api-Gateway] [reshExecutor-%d] o.s.c.g.r.RouteDefinitionRouteLocator    : RouteDefinition matched: ReactiveCompositeDiscoveryClient_NOTIFICATION-SERVICE
2026-03-27T10:16:06.013+05:30 DEBUG 4660 --- [Api-Gateway] [reshExecutor-%d] o.s.c.g.r.RouteDefinitionRouteLocator    : RouteDefinition ReactiveCompositeDiscoveryClient_USER-SERVICE applying {pattern=/user-service/**} to Path
2026-03-27T10:16:06.014+05:30 DEBUG 4660 --- [Api-Gateway] [reshExecutor-%d] o.s.c.g.r.RouteDefinitionRouteLocator    : RouteDefinition ReactiveCompositeDiscoveryClient_USER-SERVICE applying filter {regexp=/user-service/?(?<remaining>.*), replacement=/${remaining}} to RewritePath
2026-03-27T10:16:06.014+05:30 DEBUG 4660 --- [Api-Gateway] [reshExecutor-%d] o.s.c.g.r.RouteDefinitionRouteLocator    : RouteDefinition matched: ReactiveCompositeDiscoveryClient_USER-SERVICE
2026-03-27T10:16:06.014+05:30 DEBUG 4660 --- [Api-Gateway] [reshExecutor-%d] o.s.c.g.r.RouteDefinitionRouteLocator    : RouteDefinition ReactiveCompositeDiscoveryClient_PAYMENT-SERVICES applying {pattern=/payment-services/**} to Path
2026-03-27T10:16:06.015+05:30 DEBUG 4660 --- [Api-Gateway] [reshExecutor-%d] o.s.c.g.r.RouteDefinitionRouteLocator    : RouteDefinition ReactiveCompositeDiscoveryClient_PAYMENT-SERVICES applying filter {regexp=/payment-services/?(?<remaining>.*), replacement=/${remaining}} to RewritePath
2026-03-27T10:16:06.015+05:30 DEBUG 4660 --- [Api-Gateway] [reshExecutor-%d] o.s.c.g.r.RouteDefinitionRouteLocator    : RouteDefinition matched: ReactiveCompositeDiscoveryClient_PAYMENT-SERVICES
2026-03-27T10:16:06.016+05:30 DEBUG 4660 --- [Api-Gateway] [reshExecutor-%d] o.s.c.g.r.RouteDefinitionRouteLocator    : RouteDefinition AUTH-SERVICE applying {_genkey_0=/auth/**} to Path
2026-03-27T10:16:06.016+05:30 DEBUG 4660 --- [Api-Gateway] [reshExecutor-%d] o.s.c.g.r.RouteDefinitionRouteLocator    : RouteDefinition matched: AUTH-SERVICE
2026-03-27T10:16:06.016+05:30 DEBUG 4660 --- [Api-Gateway] [reshExecutor-%d] o.s.c.g.r.RouteDefinitionRouteLocator    : RouteDefinition ADMIN-SERVICE applying {_genkey_0=/admin/**} to Path
2026-03-27T10:16:06.017+05:30 DEBUG 4660 --- [Api-Gateway] [reshExecutor-%d] o.s.c.g.r.RouteDefinitionRouteLocator    : RouteDefinition matched: ADMIN-SERVICE
2026-03-27T10:16:06.017+05:30 DEBUG 4660 --- [Api-Gateway] [reshExecutor-%d] o.s.c.g.r.RouteDefinitionRouteLocator    : RouteDefinition KYC-SERVICE applying {_genkey_0=/kyc/**} to Path
2026-03-27T10:16:06.017+05:30 DEBUG 4660 --- [Api-Gateway] [reshExecutor-%d] o.s.c.g.r.RouteDefinitionRouteLocator    : RouteDefinition matched: KYC-SERVICE
2026-03-27T10:16:06.017+05:30 DEBUG 4660 --- [Api-Gateway] [reshExecutor-%d] o.s.c.g.r.RouteDefinitionRouteLocator    : RouteDefinition PAYMENT-SERVICES applying {_genkey_0=/api/payments/**} to Path
2026-03-27T10:16:06.018+05:30 DEBUG 4660 --- [Api-Gateway] [reshExecutor-%d] o.s.c.g.r.RouteDefinitionRouteLocator    : RouteDefinition PAYMENT-SERVICES applying filter {_genkey_0=name:paymentCircuitBreaker, _genkey_1=fallbackUri:forward:/fallback/payment} to CircuitBreaker
2026-03-27T10:16:06.018+05:30 DEBUG 4660 --- [Api-Gateway] [reshExecutor-%d] o.s.c.g.r.RouteDefinitionRouteLocator    : RouteDefinition matched: PAYMENT-SERVICES
2026-03-27T10:16:06.018+05:30 DEBUG 4660 --- [Api-Gateway] [reshExecutor-%d] o.s.c.g.r.RouteDefinitionRouteLocator    : RouteDefinition WALLET-SERVICE applying {_genkey_0=/api/wallets/**} to Path
2026-03-27T10:16:06.019+05:30 DEBUG 4660 --- [Api-Gateway] [reshExecutor-%d] o.s.c.g.r.RouteDefinitionRouteLocator    : RouteDefinition WALLET-SERVICE applying filter {_genkey_0=name:walletCircuitBreaker, _genkey_1=fallbackUri:forward:/fallback/general} to CircuitBreaker
2026-03-27T10:16:06.019+05:30 DEBUG 4660 --- [Api-Gateway] [reshExecutor-%d] o.s.c.g.r.RouteDefinitionRouteLocator    : RouteDefinition matched: WALLET-SERVICE
2026-03-27T10:16:06.019+05:30 DEBUG 4660 --- [Api-Gateway] [reshExecutor-%d] o.s.c.g.r.RouteDefinitionRouteLocator    : RouteDefinition TRANSACTION-SERVICE applying {_genkey_0=/api/transaction/**} to Path
2026-03-27T10:16:06.020+05:30 DEBUG 4660 --- [Api-Gateway] [reshExecutor-%d] o.s.c.g.r.RouteDefinitionRouteLocator    : RouteDefinition TRANSACTION-SERVICE applying filter {_genkey_0=name:transactionCircuitBreaker, _genkey_1=fallbackUri:forward:/fallback/general} to CircuitBreaker
2026-03-27T10:16:06.020+05:30 DEBUG 4660 --- [Api-Gateway] [reshExecutor-%d] o.s.c.g.r.RouteDefinitionRouteLocator    : RouteDefinition matched: TRANSACTION-SERVICE
2026-03-27T10:16:06.020+05:30 DEBUG 4660 --- [Api-Gateway] [reshExecutor-%d] o.s.c.g.r.RouteDefinitionRouteLocator    : RouteDefinition REWARDS-SERVICE applying {_genkey_0=/api/rewards/**} to Path
2026-03-27T10:16:06.021+05:30 DEBUG 4660 --- [Api-Gateway] [reshExecutor-%d] o.s.c.g.r.RouteDefinitionRouteLocator    : RouteDefinition REWARDS-SERVICE applying filter {_genkey_0=name:rewardCircuitBreaker, _genkey_1=fallbackUri:forward:/fallback/reward} to CircuitBreaker
2026-03-27T10:16:06.021+05:30 DEBUG 4660 --- [Api-Gateway] [reshExecutor-%d] o.s.c.g.r.RouteDefinitionRouteLocator    : RouteDefinition matched: REWARDS-SERVICE
2026-03-27T10:16:06.021+05:30 DEBUG 4660 --- [Api-Gateway] [reshExecutor-%d] o.s.c.g.r.RouteDefinitionRouteLocator    : RouteDefinition NOTIFICATION-SERVICE applying {_genkey_0=/api/notifications/**} to Path
2026-03-27T10:16:06.022+05:30 DEBUG 4660 --- [Api-Gateway] [reshExecutor-%d] o.s.c.g.r.RouteDefinitionRouteLocator    : RouteDefinition NOTIFICATION-SERVICE applying filter {_genkey_0=name:notificationCircuitBreaker, _genkey_1=fallbackUri:forward:/fallback/general} to CircuitBreaker
2026-03-27T10:16:06.022+05:30 DEBUG 4660 --- [Api-Gateway] [reshExecutor-%d] o.s.c.g.r.RouteDefinitionRouteLocator    : RouteDefinition matched: NOTIFICATION-SERVICE
2026-03-27T10:16:06.022+05:30 DEBUG 4660 --- [Api-Gateway] [reshExecutor-%d] o.s.c.g.r.RouteDefinitionRouteLocator    : RouteDefinition USER-SERVICE applying {_genkey_0=/users/**} to Path
2026-03-27T10:16:06.022+05:30 DEBUG 4660 --- [Api-Gateway] [reshExecutor-%d] o.s.c.g.r.RouteDefinitionRouteLocator    : RouteDefinition matched: USER-SERVICE
2026-03-27T10:16:06.024+05:30 DEBUG 4660 --- [Api-Gateway] [reshExecutor-%d] o.s.c.g.filter.GatewayMetricsFilter      : New routes count: 19
2026-03-27T10:16:36.043+05:30 DEBUG 4660 --- [Api-Gateway] [reshExecutor-%d] o.s.c.g.r.RouteDefinitionRouteLocator    : RouteDefinition ReactiveCompositeDiscoveryClient_CONFIG-SERVIER applying {pattern=/config-servier/**} to Path
2026-03-27T10:16:36.047+05:30 DEBUG 4660 --- [Api-Gateway] [reshExecutor-%d] o.s.c.g.r.RouteDefinitionRouteLocator    : RouteDefinition ReactiveCompositeDiscoveryClient_CONFIG-SERVIER applying filter {regexp=/config-servier/?(?<remaining>.*), replacement=/${remaining}} to RewritePath
2026-03-27T10:16:36.047+05:30 DEBUG 4660 --- [Api-Gateway] [reshExecutor-%d] o.s.c.g.r.RouteDefinitionRouteLocator    : RouteDefinition matched: ReactiveCompositeDiscoveryClient_CONFIG-SERVIER
2026-03-27T10:16:36.048+05:30 DEBUG 4660 --- [Api-Gateway] [reshExecutor-%d] o.s.c.g.r.RouteDefinitionRouteLocator    : RouteDefinition ReactiveCompositeDiscoveryClient_API-GATEWAY applying {pattern=/api-gateway/**} to Path
2026-03-27T10:16:36.048+05:30 DEBUG 4660 --- [Api-Gateway] [reshExecutor-%d] o.s.c.g.r.RouteDefinitionRouteLocator    : RouteDefinition ReactiveCompositeDiscoveryClient_API-GATEWAY applying filter {regexp=/api-gateway/?(?<remaining>.*), replacement=/${remaining}} to RewritePath
2026-03-27T10:16:36.049+05:30 DEBUG 4660 --- [Api-Gateway] [reshExecutor-%d] o.s.c.g.r.RouteDefinitionRouteLocator    : RouteDefinition matched: ReactiveCompositeDiscoveryClient_API-GATEWAY
2026-03-27T10:16:36.050+05:30 DEBUG 4660 --- [Api-Gateway] [reshExecutor-%d] o.s.c.g.r.RouteDefinitionRouteLocator    : RouteDefinition ReactiveCompositeDiscoveryClient_REWARDS-SERVICE applying {pattern=/rewards-service/**} to Path
2026-03-27T10:16:36.051+05:30 DEBUG 4660 --- [Api-Gateway] [reshExecutor-%d] o.s.c.g.r.RouteDefinitionRouteLocator    : RouteDefinition ReactiveCompositeDiscoveryClient_REWARDS-SERVICE applying filter {regexp=/rewards-service/?(?<remaining>.*), replacement=/${remaining}} to RewritePath
2026-03-27T10:16:36.051+05:30 DEBUG 4660 --- [Api-Gateway] [reshExecutor-%d] o.s.c.g.r.RouteDefinitionRouteLocator    : RouteDefinition matched: ReactiveCompositeDiscoveryClient_REWARDS-SERVICE
2026-03-27T10:16:36.051+05:30 DEBUG 4660 --- [Api-Gateway] [reshExecutor-%d] o.s.c.g.r.RouteDefinitionRouteLocator    : RouteDefinition ReactiveCompositeDiscoveryClient_KYC-SERVICE applying {pattern=/kyc-service/**} to Path
2026-03-27T10:16:36.052+05:30 DEBUG 4660 --- [Api-Gateway] [reshExecutor-%d] o.s.c.g.r.RouteDefinitionRouteLocator    : RouteDefinition ReactiveCompositeDiscoveryClient_KYC-SERVICE applying filter {regexp=/kyc-service/?(?<remaining>.*), replacement=/${remaining}} to RewritePath
2026-03-27T10:16:36.052+05:30 DEBUG 4660 --- [Api-Gateway] [reshExecutor-%d] o.s.c.g.r.RouteDefinitionRouteLocator    : RouteDefinition matched: ReactiveCompositeDiscoveryClient_KYC-SERVICE
2026-03-27T10:16:36.052+05:30 DEBUG 4660 --- [Api-Gateway] [reshExecutor-%d] o.s.c.g.r.RouteDefinitionRouteLocator    : RouteDefinition ReactiveCompositeDiscoveryClient_ADMIN-SERVICE applying {pattern=/admin-service/**} to Path
2026-03-27T10:16:36.053+05:30 DEBUG 4660 --- [Api-Gateway] [reshExecutor-%d] o.s.c.g.r.RouteDefinitionRouteLocator    : RouteDefinition ReactiveCompositeDiscoveryClient_ADMIN-SERVICE applying filter {regexp=/admin-service/?(?<remaining>.*), replacement=/${remaining}} to RewritePath
2026-03-27T10:16:36.053+05:30 DEBUG 4660 --- [Api-Gateway] [reshExecutor-%d] o.s.c.g.r.RouteDefinitionRouteLocator    : RouteDefinition matched: ReactiveCompositeDiscoveryClient_ADMIN-SERVICE
2026-03-27T10:16:36.053+05:30 DEBUG 4660 --- [Api-Gateway] [reshExecutor-%d] o.s.c.g.r.RouteDefinitionRouteLocator    : RouteDefinition ReactiveCompositeDiscoveryClient_TRANSACTION-SERVICE applying {pattern=/transaction-service/**} to Path
2026-03-27T10:16:36.054+05:30 DEBUG 4660 --- [Api-Gateway] [reshExecutor-%d] o.s.c.g.r.RouteDefinitionRouteLocator    : RouteDefinition ReactiveCompositeDiscoveryClient_TRANSACTION-SERVICE applying filter {regexp=/transaction-service/?(?<remaining>.*), replacement=/${remaining}} to RewritePath
2026-03-27T10:16:36.054+05:30 DEBUG 4660 --- [Api-Gateway] [reshExecutor-%d] o.s.c.g.r.RouteDefinitionRouteLocator    : RouteDefinition matched: ReactiveCompositeDiscoveryClient_TRANSACTION-SERVICE
2026-03-27T10:16:36.054+05:30 DEBUG 4660 --- [Api-Gateway] [reshExecutor-%d] o.s.c.g.r.RouteDefinitionRouteLocator    : RouteDefinition ReactiveCompositeDiscoveryClient_WALLET-SERVICE applying {pattern=/wallet-service/**} to Path
2026-03-27T10:16:36.055+05:30 DEBUG 4660 --- [Api-Gateway] [reshExecutor-%d] o.s.c.g.r.RouteDefinitionRouteLocator    : RouteDefinition ReactiveCompositeDiscoveryClient_WALLET-SERVICE applying filter {regexp=/wallet-service/?(?<remaining>.*), replacement=/${remaining}} to RewritePath
2026-03-27T10:16:36.055+05:30 DEBUG 4660 --- [Api-Gateway] [reshExecutor-%d] o.s.c.g.r.RouteDefinitionRouteLocator    : RouteDefinition matched: ReactiveCompositeDiscoveryClient_WALLET-SERVICE
2026-03-27T10:16:36.055+05:30 DEBUG 4660 --- [Api-Gateway] [reshExecutor-%d] o.s.c.g.r.RouteDefinitionRouteLocator    : RouteDefinition ReactiveCompositeDiscoveryClient_NOTIFICATION-SERVICE applying {pattern=/notification-service/**} to Path
2026-03-27T10:16:36.056+05:30 DEBUG 4660 --- [Api-Gateway] [reshExecutor-%d] o.s.c.g.r.RouteDefinitionRouteLocator    : RouteDefinition ReactiveCompositeDiscoveryClient_NOTIFICATION-SERVICE applying filter {regexp=/notification-service/?(?<remaining>.*), replacement=/${remaining}} to RewritePath
2026-03-27T10:16:36.056+05:30 DEBUG 4660 --- [Api-Gateway] [reshExecutor-%d] o.s.c.g.r.RouteDefinitionRouteLocator    : RouteDefinition matched: ReactiveCompositeDiscoveryClient_NOTIFICATION-SERVICE
2026-03-27T10:16:36.056+05:30 DEBUG 4660 --- [Api-Gateway] [reshExecutor-%d] o.s.c.g.r.RouteDefinitionRouteLocator    : RouteDefinition ReactiveCompositeDiscoveryClient_USER-SERVICE applying {pattern=/user-service/**} to Path
2026-03-27T10:16:36.056+05:30 DEBUG 4660 --- [Api-Gateway] [reshExecutor-%d] o.s.c.g.r.RouteDefinitionRouteLocator    : RouteDefinition ReactiveCompositeDiscoveryClient_USER-SERVICE applying filter {regexp=/user-service/?(?<remaining>.*), replacement=/${remaining}} to RewritePath
2026-03-27T10:16:36.058+05:30 DEBUG 4660 --- [Api-Gateway] [reshExecutor-%d] o.s.c.g.r.RouteDefinitionRouteLocator    : RouteDefinition matched: ReactiveCompositeDiscoveryClient_USER-SERVICE
2026-03-27T10:16:36.058+05:30 DEBUG 4660 --- [Api-Gateway] [reshExecutor-%d] o.s.c.g.r.RouteDefinitionRouteLocator    : RouteDefinition ReactiveCompositeDiscoveryClient_PAYMENT-SERVICES applying {pattern=/payment-services/**} to Path
2026-03-27T10:16:36.058+05:30 DEBUG 4660 --- [Api-Gateway] [reshExecutor-%d] o.s.c.g.r.RouteDefinitionRouteLocator    : RouteDefinition ReactiveCompositeDiscoveryClient_PAYMENT-SERVICES applying filter {regexp=/payment-services/?(?<remaining>.*), replacement=/${remaining}} to RewritePath
2026-03-27T10:16:36.059+05:30 DEBUG 4660 --- [Api-Gateway] [reshExecutor-%d] o.s.c.g.r.RouteDefinitionRouteLocator    : RouteDefinition matched: ReactiveCompositeDiscoveryClient_PAYMENT-SERVICES
2026-03-27T10:16:36.059+05:30 DEBUG 4660 --- [Api-Gateway] [reshExecutor-%d] o.s.c.g.r.RouteDefinitionRouteLocator    : RouteDefinition AUTH-SERVICE applying {_genkey_0=/auth/**} to Path
2026-03-27T10:16:36.060+05:30 DEBUG 4660 --- [Api-Gateway] [reshExecutor-%d] o.s.c.g.r.RouteDefinitionRouteLocator    : RouteDefinition matched: AUTH-SERVICE
2026-03-27T10:16:36.060+05:30 DEBUG 4660 --- [Api-Gateway] [reshExecutor-%d] o.s.c.g.r.RouteDefinitionRouteLocator    : RouteDefinition ADMIN-SERVICE applying {_genkey_0=/admin/**} to Path
2026-03-27T10:16:36.060+05:30 DEBUG 4660 --- [Api-Gateway] [reshExecutor-%d] o.s.c.g.r.RouteDefinitionRouteLocator    : RouteDefinition matched: ADMIN-SERVICE
2026-03-27T10:16:36.061+05:30 DEBUG 4660 --- [Api-Gateway] [reshExecutor-%d] o.s.c.g.r.RouteDefinitionRouteLocator    : RouteDefinition KYC-SERVICE applying {_genkey_0=/kyc/**} to Path
2026-03-27T10:16:36.061+05:30 DEBUG 4660 --- [Api-Gateway] [reshExecutor-%d] o.s.c.g.r.RouteDefinitionRouteLocator    : RouteDefinition matched: KYC-SERVICE
2026-03-27T10:16:36.061+05:30 DEBUG 4660 --- [Api-Gateway] [reshExecutor-%d] o.s.c.g.r.RouteDefinitionRouteLocator    : RouteDefinition PAYMENT-SERVICES applying {_genkey_0=/api/payments/**} to Path
2026-03-27T10:16:36.061+05:30 DEBUG 4660 --- [Api-Gateway] [reshExecutor-%d] o.s.c.g.r.RouteDefinitionRouteLocator    : RouteDefinition PAYMENT-SERVICES applying filter {_genkey_0=name:paymentCircuitBreaker, _genkey_1=fallbackUri:forward:/fallback/payment} to CircuitBreaker
2026-03-27T10:16:36.061+05:30 DEBUG 4660 --- [Api-Gateway] [reshExecutor-%d] o.s.c.g.r.RouteDefinitionRouteLocator    : RouteDefinition matched: PAYMENT-SERVICES
2026-03-27T10:16:36.062+05:30 DEBUG 4660 --- [Api-Gateway] [reshExecutor-%d] o.s.c.g.r.RouteDefinitionRouteLocator    : RouteDefinition WALLET-SERVICE applying {_genkey_0=/api/wallets/**} to Path
2026-03-27T10:16:36.062+05:30 DEBUG 4660 --- [Api-Gateway] [reshExecutor-%d] o.s.c.g.r.RouteDefinitionRouteLocator    : RouteDefinition WALLET-SERVICE applying filter {_genkey_0=name:walletCircuitBreaker, _genkey_1=fallbackUri:forward:/fallback/general} to CircuitBreaker
2026-03-27T10:16:36.063+05:30 DEBUG 4660 --- [Api-Gateway] [reshExecutor-%d] o.s.c.g.r.RouteDefinitionRouteLocator    : RouteDefinition matched: WALLET-SERVICE
2026-03-27T10:16:36.063+05:30 DEBUG 4660 --- [Api-Gateway] [reshExecutor-%d] o.s.c.g.r.RouteDefinitionRouteLocator    : RouteDefinition TRANSACTION-SERVICE applying {_genkey_0=/api/transaction/**} to Path
2026-03-27T10:16:36.063+05:30 DEBUG 4660 --- [Api-Gateway] [reshExecutor-%d] o.s.c.g.r.RouteDefinitionRouteLocator    : RouteDefinition TRANSACTION-SERVICE applying filter {_genkey_0=name:transactionCircuitBreaker, _genkey_1=fallbackUri:forward:/fallback/general} to CircuitBreaker
2026-03-27T10:16:36.063+05:30 DEBUG 4660 --- [Api-Gateway] [reshExecutor-%d] o.s.c.g.r.RouteDefinitionRouteLocator    : RouteDefinition matched: TRANSACTION-SERVICE
2026-03-27T10:16:36.064+05:30 DEBUG 4660 --- [Api-Gateway] [reshExecutor-%d] o.s.c.g.r.RouteDefinitionRouteLocator    : RouteDefinition REWARDS-SERVICE applying {_genkey_0=/api/rewards/**} to Path
2026-03-27T10:16:36.064+05:30 DEBUG 4660 --- [Api-Gateway] [reshExecutor-%d] o.s.c.g.r.RouteDefinitionRouteLocator    : RouteDefinition REWARDS-SERVICE applying filter {_genkey_0=name:rewardCircuitBreaker, _genkey_1=fallbackUri:forward:/fallback/reward} to CircuitBreaker
2026-03-27T10:16:36.064+05:30 DEBUG 4660 --- [Api-Gateway] [reshExecutor-%d] o.s.c.g.r.RouteDefinitionRouteLocator    : RouteDefinition matched: REWARDS-SERVICE
2026-03-27T10:16:36.065+05:30 DEBUG 4660 --- [Api-Gateway] [reshExecutor-%d] o.s.c.g.r.RouteDefinitionRouteLocator    : RouteDefinition NOTIFICATION-SERVICE applying {_genkey_0=/api/notifications/**} to Path
2026-03-27T10:16:36.065+05:30 DEBUG 4660 --- [Api-Gateway] [reshExecutor-%d] o.s.c.g.r.RouteDefinitionRouteLocator    : RouteDefinition NOTIFICATION-SERVICE applying filter {_genkey_0=name:notificationCircuitBreaker, _genkey_1=fallbackUri:forward:/fallback/general} to CircuitBreaker
2026-03-27T10:16:36.065+05:30 DEBUG 4660 --- [Api-Gateway] [reshExecutor-%d] o.s.c.g.r.RouteDefinitionRouteLocator    : RouteDefinition matched: NOTIFICATION-SERVICE
2026-03-27T10:16:36.066+05:30 DEBUG 4660 --- [Api-Gateway] [reshExecutor-%d] o.s.c.g.r.RouteDefinitionRouteLocator    : RouteDefinition USER-SERVICE applying {_genkey_0=/users/**} to Path
2026-03-27T10:16:36.066+05:30 DEBUG 4660 --- [Api-Gateway] [reshExecutor-%d] o.s.c.g.r.RouteDefinitionRouteLocator    : RouteDefinition matched: USER-SERVICE
2026-03-27T10:16:36.067+05:30 DEBUG 4660 --- [Api-Gateway] [reshExecutor-%d] o.s.c.g.filter.GatewayMetricsFilter      : New routes count: 19
2026-03-27T10:17:06.105+05:30 DEBUG 4660 --- [Api-Gateway] [reshExecutor-%d] o.s.c.g.r.RouteDefinitionRouteLocator    : RouteDefinition ReactiveCompositeDiscoveryClient_CONFIG-SERVIER applying {pattern=/config-servier/**} to Path
2026-03-27T10:17:06.106+05:30 DEBUG 4660 --- [Api-Gateway] [reshExecutor-%d] o.s.c.g.r.RouteDefinitionRouteLocator    : RouteDefinition ReactiveCompositeDiscoveryClient_CONFIG-SERVIER applying filter {regexp=/config-servier/?(?<remaining>.*), replacement=/${remaining}} to RewritePath
2026-03-27T10:17:06.107+05:30 DEBUG 4660 --- [Api-Gateway] [reshExecutor-%d] o.s.c.g.r.RouteDefinitionRouteLocator    : RouteDefinition matched: ReactiveCompositeDiscoveryClient_CONFIG-SERVIER
2026-03-27T10:17:06.107+05:30 DEBUG 4660 --- [Api-Gateway] [reshExecutor-%d] o.s.c.g.r.RouteDefinitionRouteLocator    : RouteDefinition ReactiveCompositeDiscoveryClient_API-GATEWAY applying {pattern=/api-gateway/**} to Path
2026-03-27T10:17:06.107+05:30 DEBUG 4660 --- [Api-Gateway] [reshExecutor-%d] o.s.c.g.r.RouteDefinitionRouteLocator    : RouteDefinition ReactiveCompositeDiscoveryClient_API-GATEWAY applying filter {regexp=/api-gateway/?(?<remaining>.*), replacement=/${remaining}} to RewritePath
2026-03-27T10:17:06.109+05:30 DEBUG 4660 --- [Api-Gateway] [reshExecutor-%d] o.s.c.g.r.RouteDefinitionRouteLocator    : RouteDefinition matched: ReactiveCompositeDiscoveryClient_API-GATEWAY
2026-03-27T10:17:06.109+05:30 DEBUG 4660 --- [Api-Gateway] [reshExecutor-%d] o.s.c.g.r.RouteDefinitionRouteLocator    : RouteDefinition ReactiveCompositeDiscoveryClient_REWARDS-SERVICE applying {pattern=/rewards-service/**} to Path
2026-03-27T10:17:06.110+05:30 DEBUG 4660 --- [Api-Gateway] [reshExecutor-%d] o.s.c.g.r.RouteDefinitionRouteLocator    : RouteDefinition ReactiveCompositeDiscoveryClient_REWARDS-SERVICE applying filter {regexp=/rewards-service/?(?<remaining>.*), replacement=/${remaining}} to RewritePath
2026-03-27T10:17:06.110+05:30 DEBUG 4660 --- [Api-Gateway] [reshExecutor-%d] o.s.c.g.r.RouteDefinitionRouteLocator    : RouteDefinition matched: ReactiveCompositeDiscoveryClient_REWARDS-SERVICE
2026-03-27T10:17:06.111+05:30 DEBUG 4660 --- [Api-Gateway] [reshExecutor-%d] o.s.c.g.r.RouteDefinitionRouteLocator    : RouteDefinition ReactiveCompositeDiscoveryClient_KYC-SERVICE applying {pattern=/kyc-service/**} to Path
2026-03-27T10:17:06.111+05:30 DEBUG 4660 --- [Api-Gateway] [reshExecutor-%d] o.s.c.g.r.RouteDefinitionRouteLocator    : RouteDefinition ReactiveCompositeDiscoveryClient_KYC-SERVICE applying filter {regexp=/kyc-service/?(?<remaining>.*), replacement=/${remaining}} to RewritePath
2026-03-27T10:17:06.111+05:30 DEBUG 4660 --- [Api-Gateway] [reshExecutor-%d] o.s.c.g.r.RouteDefinitionRouteLocator    : RouteDefinition matched: ReactiveCompositeDiscoveryClient_KYC-SERVICE
2026-03-27T10:17:06.112+05:30 DEBUG 4660 --- [Api-Gateway] [reshExecutor-%d] o.s.c.g.r.RouteDefinitionRouteLocator    : RouteDefinition ReactiveCompositeDiscoveryClient_ADMIN-SERVICE applying {pattern=/admin-service/**} to Path
2026-03-27T10:17:06.112+05:30 DEBUG 4660 --- [Api-Gateway] [reshExecutor-%d] o.s.c.g.r.RouteDefinitionRouteLocator    : RouteDefinition ReactiveCompositeDiscoveryClient_ADMIN-SERVICE applying filter {regexp=/admin-service/?(?<remaining>.*), replacement=/${remaining}} to RewritePath
2026-03-27T10:17:06.112+05:30 DEBUG 4660 --- [Api-Gateway] [reshExecutor-%d] o.s.c.g.r.RouteDefinitionRouteLocator    : RouteDefinition matched: ReactiveCompositeDiscoveryClient_ADMIN-SERVICE
2026-03-27T10:17:06.112+05:30 DEBUG 4660 --- [Api-Gateway] [reshExecutor-%d] o.s.c.g.r.RouteDefinitionRouteLocator    : RouteDefinition ReactiveCompositeDiscoveryClient_TRANSACTION-SERVICE applying {pattern=/transaction-service/**} to Path
2026-03-27T10:17:06.112+05:30 DEBUG 4660 --- [Api-Gateway] [reshExecutor-%d] o.s.c.g.r.RouteDefinitionRouteLocator    : RouteDefinition ReactiveCompositeDiscoveryClient_TRANSACTION-SERVICE applying filter {regexp=/transaction-service/?(?<remaining>.*), replacement=/${remaining}} to RewritePath
2026-03-27T10:17:06.114+05:30 DEBUG 4660 --- [Api-Gateway] [reshExecutor-%d] o.s.c.g.r.RouteDefinitionRouteLocator    : RouteDefinition matched: ReactiveCompositeDiscoveryClient_TRANSACTION-SERVICE
2026-03-27T10:17:06.114+05:30 DEBUG 4660 --- [Api-Gateway] [reshExecutor-%d] o.s.c.g.r.RouteDefinitionRouteLocator    : RouteDefinition ReactiveCompositeDiscoveryClient_NOTIFICATION-SERVICE applying {pattern=/notification-service/**} to Path
2026-03-27T10:17:06.114+05:30 DEBUG 4660 --- [Api-Gateway] [reshExecutor-%d] o.s.c.g.r.RouteDefinitionRouteLocator    : RouteDefinition ReactiveCompositeDiscoveryClient_NOTIFICATION-SERVICE applying filter {regexp=/notification-service/?(?<remaining>.*), replacement=/${remaining}} to RewritePath
2026-03-27T10:17:06.115+05:30 DEBUG 4660 --- [Api-Gateway] [reshExecutor-%d] o.s.c.g.r.RouteDefinitionRouteLocator    : RouteDefinition matched: ReactiveCompositeDiscoveryClient_NOTIFICATION-SERVICE
2026-03-27T10:17:06.115+05:30 DEBUG 4660 --- [Api-Gateway] [reshExecutor-%d] o.s.c.g.r.RouteDefinitionRouteLocator    : RouteDefinition ReactiveCompositeDiscoveryClient_USER-SERVICE applying {pattern=/user-service/**} to Path
2026-03-27T10:17:06.116+05:30 DEBUG 4660 --- [Api-Gateway] [reshExecutor-%d] o.s.c.g.r.RouteDefinitionRouteLocator    : RouteDefinition ReactiveCompositeDiscoveryClient_USER-SERVICE applying filter {regexp=/user-service/?(?<remaining>.*), replacement=/${remaining}} to RewritePath
2026-03-27T10:17:06.116+05:30 DEBUG 4660 --- [Api-Gateway] [reshExecutor-%d] o.s.c.g.r.RouteDefinitionRouteLocator    : RouteDefinition matched: ReactiveCompositeDiscoveryClient_USER-SERVICE
2026-03-27T10:17:06.116+05:30 DEBUG 4660 --- [Api-Gateway] [reshExecutor-%d] o.s.c.g.r.RouteDefinitionRouteLocator    : RouteDefinition ReactiveCompositeDiscoveryClient_PAYMENT-SERVICES applying {pattern=/payment-services/**} to Path
2026-03-27T10:17:06.117+05:30 DEBUG 4660 --- [Api-Gateway] [reshExecutor-%d] o.s.c.g.r.RouteDefinitionRouteLocator    : RouteDefinition ReactiveCompositeDiscoveryClient_PAYMENT-SERVICES applying filter {regexp=/payment-services/?(?<remaining>.*), replacement=/${remaining}} to RewritePath
2026-03-27T10:17:06.118+05:30 DEBUG 4660 --- [Api-Gateway] [reshExecutor-%d] o.s.c.g.r.RouteDefinitionRouteLocator    : RouteDefinition matched: ReactiveCompositeDiscoveryClient_PAYMENT-SERVICES
2026-03-27T10:17:06.118+05:30 DEBUG 4660 --- [Api-Gateway] [reshExecutor-%d] o.s.c.g.r.RouteDefinitionRouteLocator    : RouteDefinition AUTH-SERVICE applying {_genkey_0=/auth/**} to Path
2026-03-27T10:17:06.119+05:30 DEBUG 4660 --- [Api-Gateway] [reshExecutor-%d] o.s.c.g.r.RouteDefinitionRouteLocator    : RouteDefinition matched: AUTH-SERVICE
2026-03-27T10:17:06.119+05:30 DEBUG 4660 --- [Api-Gateway] [reshExecutor-%d] o.s.c.g.r.RouteDefinitionRouteLocator    : RouteDefinition ADMIN-SERVICE applying {_genkey_0=/admin/**} to Path
2026-03-27T10:17:06.119+05:30 DEBUG 4660 --- [Api-Gateway] [reshExecutor-%d] o.s.c.g.r.RouteDefinitionRouteLocator    : RouteDefinition matched: ADMIN-SERVICE
2026-03-27T10:17:06.119+05:30 DEBUG 4660 --- [Api-Gateway] [reshExecutor-%d] o.s.c.g.r.RouteDefinitionRouteLocator    : RouteDefinition KYC-SERVICE applying {_genkey_0=/kyc/**} to Path
2026-03-27T10:17:06.120+05:30 DEBUG 4660 --- [Api-Gateway] [reshExecutor-%d] o.s.c.g.r.RouteDefinitionRouteLocator    : RouteDefinition matched: KYC-SERVICE
2026-03-27T10:17:06.120+05:30 DEBUG 4660 --- [Api-Gateway] [reshExecutor-%d] o.s.c.g.r.RouteDefinitionRouteLocator    : RouteDefinition PAYMENT-SERVICES applying {_genkey_0=/api/payments/**} to Path
2026-03-27T10:17:06.120+05:30 DEBUG 4660 --- [Api-Gateway] [reshExecutor-%d] o.s.c.g.r.RouteDefinitionRouteLocator    : RouteDefinition PAYMENT-SERVICES applying filter {_genkey_0=name:paymentCircuitBreaker, _genkey_1=fallbackUri:forward:/fallback/payment} to CircuitBreaker
2026-03-27T10:17:06.121+05:30 DEBUG 4660 --- [Api-Gateway] [reshExecutor-%d] o.s.c.g.r.RouteDefinitionRouteLocator    : RouteDefinition matched: PAYMENT-SERVICES
2026-03-27T10:17:06.121+05:30 DEBUG 4660 --- [Api-Gateway] [reshExecutor-%d] o.s.c.g.r.RouteDefinitionRouteLocator    : RouteDefinition WALLET-SERVICE applying {_genkey_0=/api/wallets/**} to Path
2026-03-27T10:17:06.121+05:30 DEBUG 4660 --- [Api-Gateway] [reshExecutor-%d] o.s.c.g.r.RouteDefinitionRouteLocator    : RouteDefinition WALLET-SERVICE applying filter {_genkey_0=name:walletCircuitBreaker, _genkey_1=fallbackUri:forward:/fallback/general} to CircuitBreaker
2026-03-27T10:17:06.122+05:30 DEBUG 4660 --- [Api-Gateway] [reshExecutor-%d] o.s.c.g.r.RouteDefinitionRouteLocator    : RouteDefinition matched: WALLET-SERVICE
2026-03-27T10:17:06.122+05:30 DEBUG 4660 --- [Api-Gateway] [reshExecutor-%d] o.s.c.g.r.RouteDefinitionRouteLocator    : RouteDefinition TRANSACTION-SERVICE applying {_genkey_0=/api/transaction/**} to Path
2026-03-27T10:17:06.122+05:30 DEBUG 4660 --- [Api-Gateway] [reshExecutor-%d] o.s.c.g.r.RouteDefinitionRouteLocator    : RouteDefinition TRANSACTION-SERVICE applying filter {_genkey_0=name:transactionCircuitBreaker, _genkey_1=fallbackUri:forward:/fallback/general} to CircuitBreaker
2026-03-27T10:17:06.122+05:30 DEBUG 4660 --- [Api-Gateway] [reshExecutor-%d] o.s.c.g.r.RouteDefinitionRouteLocator    : RouteDefinition matched: TRANSACTION-SERVICE
2026-03-27T10:17:06.122+05:30 DEBUG 4660 --- [Api-Gateway] [reshExecutor-%d] o.s.c.g.r.RouteDefinitionRouteLocator    : RouteDefinition REWARDS-SERVICE applying {_genkey_0=/api/rewards/**} to Path
2026-03-27T10:17:06.122+05:30 DEBUG 4660 --- [Api-Gateway] [reshExecutor-%d] o.s.c.g.r.RouteDefinitionRouteLocator    : RouteDefinition REWARDS-SERVICE applying filter {_genkey_0=name:rewardCircuitBreaker, _genkey_1=fallbackUri:forward:/fallback/reward} to CircuitBreaker
2026-03-27T10:17:06.124+05:30 DEBUG 4660 --- [Api-Gateway] [reshExecutor-%d] o.s.c.g.r.RouteDefinitionRouteLocator    : RouteDefinition matched: REWARDS-SERVICE
2026-03-27T10:17:06.124+05:30 DEBUG 4660 --- [Api-Gateway] [reshExecutor-%d] o.s.c.g.r.RouteDefinitionRouteLocator    : RouteDefinition NOTIFICATION-SERVICE applying {_genkey_0=/api/notifications/**} to Path
2026-03-27T10:17:06.125+05:30 DEBUG 4660 --- [Api-Gateway] [reshExecutor-%d] o.s.c.g.r.RouteDefinitionRouteLocator    : RouteDefinition NOTIFICATION-SERVICE applying filter {_genkey_0=name:notificationCircuitBreaker, _genkey_1=fallbackUri:forward:/fallback/general} to CircuitBreaker
2026-03-27T10:17:06.125+05:30 DEBUG 4660 --- [Api-Gateway] [reshExecutor-%d] o.s.c.g.r.RouteDefinitionRouteLocator    : RouteDefinition matched: NOTIFICATION-SERVICE
2026-03-27T10:17:06.125+05:30 DEBUG 4660 --- [Api-Gateway] [reshExecutor-%d] o.s.c.g.r.RouteDefinitionRouteLocator    : RouteDefinition USER-SERVICE applying {_genkey_0=/users/**} to Path
2026-03-27T10:17:06.126+05:30 DEBUG 4660 --- [Api-Gateway] [reshExecutor-%d] o.s.c.g.r.RouteDefinitionRouteLocator    : RouteDefinition matched: USER-SERVICE
2026-03-27T10:17:06.126+05:30 DEBUG 4660 --- [Api-Gateway] [reshExecutor-%d] o.s.c.g.filter.GatewayMetricsFilter      : New routes count: 18
2026-03-27T10:17:36.154+05:30 DEBUG 4660 --- [Api-Gateway] [reshExecutor-%d] o.s.c.g.r.RouteDefinitionRouteLocator    : RouteDefinition ReactiveCompositeDiscoveryClient_CONFIG-SERVIER applying {pattern=/config-servier/**} to Path
2026-03-27T10:17:36.172+05:30 DEBUG 4660 --- [Api-Gateway] [reshExecutor-%d] o.s.c.g.r.RouteDefinitionRouteLocator    : RouteDefinition ReactiveCompositeDiscoveryClient_CONFIG-SERVIER applying filter {regexp=/config-servier/?(?<remaining>.*), replacement=/${remaining}} to RewritePath
2026-03-27T10:17:36.174+05:30 DEBUG 4660 --- [Api-Gateway] [reshExecutor-%d] o.s.c.g.r.RouteDefinitionRouteLocator    : RouteDefinition matched: ReactiveCompositeDiscoveryClient_CONFIG-SERVIER
2026-03-27T10:17:36.274+05:30 DEBUG 4660 --- [Api-Gateway] [reshExecutor-%d] o.s.c.g.r.RouteDefinitionRouteLocator    : RouteDefinition ReactiveCompositeDiscoveryClient_API-GATEWAY applying {pattern=/api-gateway/**} to Path
2026-03-27T10:17:36.277+05:30 DEBUG 4660 --- [Api-Gateway] [reshExecutor-%d] o.s.c.g.r.RouteDefinitionRouteLocator    : RouteDefinition ReactiveCompositeDiscoveryClient_API-GATEWAY applying filter {regexp=/api-gateway/?(?<remaining>.*), replacement=/${remaining}} to RewritePath
2026-03-27T10:17:36.279+05:30 DEBUG 4660 --- [Api-Gateway] [reshExecutor-%d] o.s.c.g.r.RouteDefinitionRouteLocator    : RouteDefinition matched: ReactiveCompositeDiscoveryClient_API-GATEWAY
2026-03-27T10:17:36.281+05:30 DEBUG 4660 --- [Api-Gateway] [reshExecutor-%d] o.s.c.g.r.RouteDefinitionRouteLocator    : RouteDefinition ReactiveCompositeDiscoveryClient_KYC-SERVICE applying {pattern=/kyc-service/**} to Path
2026-03-27T10:17:36.282+05:30 DEBUG 4660 --- [Api-Gateway] [reshExecutor-%d] o.s.c.g.r.RouteDefinitionRouteLocator    : RouteDefinition ReactiveCompositeDiscoveryClient_KYC-SERVICE applying filter {regexp=/kyc-service/?(?<remaining>.*), replacement=/${remaining}} to RewritePath
2026-03-27T10:17:36.283+05:30 DEBUG 4660 --- [Api-Gateway] [reshExecutor-%d] o.s.c.g.r.RouteDefinitionRouteLocator    : RouteDefinition matched: ReactiveCompositeDiscoveryClient_KYC-SERVICE
2026-03-27T10:17:36.285+05:30 DEBUG 4660 --- [Api-Gateway] [reshExecutor-%d] o.s.c.g.r.RouteDefinitionRouteLocator    : RouteDefinition ReactiveCompositeDiscoveryClient_ADMIN-SERVICE applying {pattern=/admin-service/**} to Path
2026-03-27T10:17:36.287+05:30 DEBUG 4660 --- [Api-Gateway] [reshExecutor-%d] o.s.c.g.r.RouteDefinitionRouteLocator    : RouteDefinition ReactiveCompositeDiscoveryClient_ADMIN-SERVICE applying filter {regexp=/admin-service/?(?<remaining>.*), replacement=/${remaining}} to RewritePath
2026-03-27T10:17:36.288+05:30 DEBUG 4660 --- [Api-Gateway] [reshExecutor-%d] o.s.c.g.r.RouteDefinitionRouteLocator    : RouteDefinition matched: ReactiveCompositeDiscoveryClient_ADMIN-SERVICE
2026-03-27T10:17:36.288+05:30 DEBUG 4660 --- [Api-Gateway] [reshExecutor-%d] o.s.c.g.r.RouteDefinitionRouteLocator    : RouteDefinition ReactiveCompositeDiscoveryClient_TRANSACTION-SERVICE applying {pattern=/transaction-service/**} to Path
2026-03-27T10:17:36.291+05:30 DEBUG 4660 --- [Api-Gateway] [reshExecutor-%d] o.s.c.g.r.RouteDefinitionRouteLocator    : RouteDefinition ReactiveCompositeDiscoveryClient_TRANSACTION-SERVICE applying filter {regexp=/transaction-service/?(?<remaining>.*), replacement=/${remaining}} to RewritePath
2026-03-27T10:17:36.292+05:30 DEBUG 4660 --- [Api-Gateway] [reshExecutor-%d] o.s.c.g.r.RouteDefinitionRouteLocator    : RouteDefinition matched: ReactiveCompositeDiscoveryClient_TRANSACTION-SERVICE
2026-03-27T10:17:36.292+05:30 DEBUG 4660 --- [Api-Gateway] [reshExecutor-%d] o.s.c.g.r.RouteDefinitionRouteLocator    : RouteDefinition ReactiveCompositeDiscoveryClient_WALLET-SERVICE applying {pattern=/wallet-service/**} to Path
2026-03-27T10:17:36.293+05:30 DEBUG 4660 --- [Api-Gateway] [reshExecutor-%d] o.s.c.g.r.RouteDefinitionRouteLocator    : RouteDefinition ReactiveCompositeDiscoveryClient_WALLET-SERVICE applying filter {regexp=/wallet-service/?(?<remaining>.*), replacement=/${remaining}} to RewritePath
2026-03-27T10:17:36.295+05:30 DEBUG 4660 --- [Api-Gateway] [reshExecutor-%d] o.s.c.g.r.RouteDefinitionRouteLocator    : RouteDefinition matched: ReactiveCompositeDiscoveryClient_WALLET-SERVICE
2026-03-27T10:17:36.296+05:30 DEBUG 4660 --- [Api-Gateway] [reshExecutor-%d] o.s.c.g.r.RouteDefinitionRouteLocator    : RouteDefinition ReactiveCompositeDiscoveryClient_USER-SERVICE applying {pattern=/user-service/**} to Path
2026-03-27T10:17:36.298+05:30 DEBUG 4660 --- [Api-Gateway] [reshExecutor-%d] o.s.c.g.r.RouteDefinitionRouteLocator    : RouteDefinition ReactiveCompositeDiscoveryClient_USER-SERVICE applying filter {regexp=/user-service/?(?<remaining>.*), replacement=/${remaining}} to RewritePath
2026-03-27T10:17:36.401+05:30 DEBUG 4660 --- [Api-Gateway] [reshExecutor-%d] o.s.c.g.r.RouteDefinitionRouteLocator    : RouteDefinition matched: ReactiveCompositeDiscoveryClient_USER-SERVICE
2026-03-27T10:17:36.402+05:30 DEBUG 4660 --- [Api-Gateway] [reshExecutor-%d] o.s.c.g.r.RouteDefinitionRouteLocator    : RouteDefinition ReactiveCompositeDiscoveryClient_PAYMENT-SERVICES applying {pattern=/payment-services/**} to Path
2026-03-27T10:17:36.403+05:30 DEBUG 4660 --- [Api-Gateway] [reshExecutor-%d] o.s.c.g.r.RouteDefinitionRouteLocator    : RouteDefinition ReactiveCompositeDiscoveryClient_PAYMENT-SERVICES applying filter {regexp=/payment-services/?(?<remaining>.*), replacement=/${remaining}} to RewritePath
2026-03-27T10:17:36.404+05:30 DEBUG 4660 --- [Api-Gateway] [reshExecutor-%d] o.s.c.g.r.RouteDefinitionRouteLocator    : RouteDefinition matched: ReactiveCompositeDiscoveryClient_PAYMENT-SERVICES
2026-03-27T10:17:36.405+05:30 DEBUG 4660 --- [Api-Gateway] [reshExecutor-%d] o.s.c.g.r.RouteDefinitionRouteLocator    : RouteDefinition AUTH-SERVICE applying {_genkey_0=/auth/**} to Path
2026-03-27T10:17:36.618+05:30 DEBUG 4660 --- [Api-Gateway] [reshExecutor-%d] o.s.c.g.r.RouteDefinitionRouteLocator    : RouteDefinition matched: AUTH-SERVICE
2026-03-27T10:17:36.619+05:30 DEBUG 4660 --- [Api-Gateway] [reshExecutor-%d] o.s.c.g.r.RouteDefinitionRouteLocator    : RouteDefinition ADMIN-SERVICE applying {_genkey_0=/admin/**} to Path
2026-03-27T10:17:36.620+05:30 DEBUG 4660 --- [Api-Gateway] [reshExecutor-%d] o.s.c.g.r.RouteDefinitionRouteLocator    : RouteDefinition matched: ADMIN-SERVICE
2026-03-27T10:17:36.621+05:30 DEBUG 4660 --- [Api-Gateway] [reshExecutor-%d] o.s.c.g.r.RouteDefinitionRouteLocator    : RouteDefinition KYC-SERVICE applying {_genkey_0=/kyc/**} to Path
2026-03-27T10:17:36.623+05:30 DEBUG 4660 --- [Api-Gateway] [reshExecutor-%d] o.s.c.g.r.RouteDefinitionRouteLocator    : RouteDefinition matched: KYC-SERVICE
2026-03-27T10:17:36.625+05:30 DEBUG 4660 --- [Api-Gateway] [reshExecutor-%d] o.s.c.g.r.RouteDefinitionRouteLocator    : RouteDefinition PAYMENT-SERVICES applying {_genkey_0=/api/payments/**} to Path
2026-03-27T10:17:36.626+05:30 DEBUG 4660 --- [Api-Gateway] [reshExecutor-%d] o.s.c.g.r.RouteDefinitionRouteLocator    : RouteDefinition PAYMENT-SERVICES applying filter {_genkey_0=name:paymentCircuitBreaker, _genkey_1=fallbackUri:forward:/fallback/payment} to CircuitBreaker
2026-03-27T10:17:36.627+05:30 DEBUG 4660 --- [Api-Gateway] [reshExecutor-%d] o.s.c.g.r.RouteDefinitionRouteLocator    : RouteDefinition matched: PAYMENT-SERVICES
2026-03-27T10:17:36.628+05:30 DEBUG 4660 --- [Api-Gateway] [reshExecutor-%d] o.s.c.g.r.RouteDefinitionRouteLocator    : RouteDefinition WALLET-SERVICE applying {_genkey_0=/api/wallets/**} to Path
2026-03-27T10:17:36.630+05:30 DEBUG 4660 --- [Api-Gateway] [reshExecutor-%d] o.s.c.g.r.RouteDefinitionRouteLocator    : RouteDefinition WALLET-SERVICE applying filter {_genkey_0=name:walletCircuitBreaker, _genkey_1=fallbackUri:forward:/fallback/general} to CircuitBreaker
2026-03-27T10:17:36.631+05:30 DEBUG 4660 --- [Api-Gateway] [reshExecutor-%d] o.s.c.g.r.RouteDefinitionRouteLocator    : RouteDefinition matched: WALLET-SERVICE
2026-03-27T10:17:36.632+05:30 DEBUG 4660 --- [Api-Gateway] [reshExecutor-%d] o.s.c.g.r.RouteDefinitionRouteLocator    : RouteDefinition TRANSACTION-SERVICE applying {_genkey_0=/api/transaction/**} to Path
2026-03-27T10:17:36.733+05:30 DEBUG 4660 --- [Api-Gateway] [reshExecutor-%d] o.s.c.g.r.RouteDefinitionRouteLocator    : RouteDefinition TRANSACTION-SERVICE applying filter {_genkey_0=name:transactionCircuitBreaker, _genkey_1=fallbackUri:forward:/fallback/general} to CircuitBreaker
2026-03-27T10:17:36.837+05:30 DEBUG 4660 --- [Api-Gateway] [reshExecutor-%d] o.s.c.g.r.RouteDefinitionRouteLocator    : RouteDefinition matched: TRANSACTION-SERVICE
2026-03-27T10:17:36.846+05:30 DEBUG 4660 --- [Api-Gateway] [reshExecutor-%d] o.s.c.g.r.RouteDefinitionRouteLocator    : RouteDefinition REWARDS-SERVICE applying {_genkey_0=/api/rewards/**} to Path
2026-03-27T10:17:36.851+05:30 DEBUG 4660 --- [Api-Gateway] [reshExecutor-%d] o.s.c.g.r.RouteDefinitionRouteLocator    : RouteDefinition REWARDS-SERVICE applying filter {_genkey_0=name:rewardCircuitBreaker, _genkey_1=fallbackUri:forward:/fallback/reward} to CircuitBreaker
2026-03-27T10:17:36.852+05:30 DEBUG 4660 --- [Api-Gateway] [reshExecutor-%d] o.s.c.g.r.RouteDefinitionRouteLocator    : RouteDefinition matched: REWARDS-SERVICE
2026-03-27T10:17:36.852+05:30 DEBUG 4660 --- [Api-Gateway] [reshExecutor-%d] o.s.c.g.r.RouteDefinitionRouteLocator    : RouteDefinition NOTIFICATION-SERVICE applying {_genkey_0=/api/notifications/**} to Path
2026-03-27T10:17:36.853+05:30 DEBUG 4660 --- [Api-Gateway] [reshExecutor-%d] o.s.c.g.r.RouteDefinitionRouteLocator    : RouteDefinition NOTIFICATION-SERVICE applying filter {_genkey_0=name:notificationCircuitBreaker, _genkey_1=fallbackUri:forward:/fallback/general} to CircuitBreaker
2026-03-27T10:17:36.854+05:30 DEBUG 4660 --- [Api-Gateway] [reshExecutor-%d] o.s.c.g.r.RouteDefinitionRouteLocator    : RouteDefinition matched: NOTIFICATION-SERVICE
2026-03-27T10:17:36.854+05:30 DEBUG 4660 --- [Api-Gateway] [reshExecutor-%d] o.s.c.g.r.RouteDefinitionRouteLocator    : RouteDefinition USER-SERVICE applying {_genkey_0=/users/**} to Path
2026-03-27T10:17:36.855+05:30 DEBUG 4660 --- [Api-Gateway] [reshExecutor-%d] o.s.c.g.r.RouteDefinitionRouteLocator    : RouteDefinition matched: USER-SERVICE
2026-03-27T10:17:37.061+05:30 DEBUG 4660 --- [Api-Gateway] [reshExecutor-%d] o.s.c.g.filter.GatewayMetricsFilter      : New routes count: 17
2026-03-27T10:18:07.295+05:30 DEBUG 4660 --- [Api-Gateway] [reshExecutor-%d] o.s.c.g.r.RouteDefinitionRouteLocator    : RouteDefinition ReactiveCompositeDiscoveryClient_CONFIG-SERVIER applying {pattern=/config-servier/**} to Path
2026-03-27T10:18:07.331+05:30 DEBUG 4660 --- [Api-Gateway] [reshExecutor-%d] o.s.c.g.r.RouteDefinitionRouteLocator    : RouteDefinition ReactiveCompositeDiscoveryClient_CONFIG-SERVIER applying filter {regexp=/config-servier/?(?<remaining>.*), replacement=/${remaining}} to RewritePath
2026-03-27T10:18:07.331+05:30 DEBUG 4660 --- [Api-Gateway] [reshExecutor-%d] o.s.c.g.r.RouteDefinitionRouteLocator    : RouteDefinition matched: ReactiveCompositeDiscoveryClient_CONFIG-SERVIER
2026-03-27T10:18:07.333+05:30 DEBUG 4660 --- [Api-Gateway] [reshExecutor-%d] o.s.c.g.r.RouteDefinitionRouteLocator    : RouteDefinition ReactiveCompositeDiscoveryClient_API-GATEWAY applying {pattern=/api-gateway/**} to Path
2026-03-27T10:18:07.334+05:30 DEBUG 4660 --- [Api-Gateway] [reshExecutor-%d] o.s.c.g.r.RouteDefinitionRouteLocator    : RouteDefinition ReactiveCompositeDiscoveryClient_API-GATEWAY applying filter {regexp=/api-gateway/?(?<remaining>.*), replacement=/${remaining}} to RewritePath
2026-03-27T10:18:07.334+05:30 DEBUG 4660 --- [Api-Gateway] [reshExecutor-%d] o.s.c.g.r.RouteDefinitionRouteLocator    : RouteDefinition matched: ReactiveCompositeDiscoveryClient_API-GATEWAY
2026-03-27T10:18:07.334+05:30 DEBUG 4660 --- [Api-Gateway] [reshExecutor-%d] o.s.c.g.r.RouteDefinitionRouteLocator    : RouteDefinition ReactiveCompositeDiscoveryClient_REWARDS-SERVICE applying {pattern=/rewards-service/**} to Path
2026-03-27T10:18:07.335+05:30 DEBUG 4660 --- [Api-Gateway] [reshExecutor-%d] o.s.c.g.r.RouteDefinitionRouteLocator    : RouteDefinition ReactiveCompositeDiscoveryClient_REWARDS-SERVICE applying filter {regexp=/rewards-service/?(?<remaining>.*), replacement=/${remaining}} to RewritePath
2026-03-27T10:18:07.335+05:30 DEBUG 4660 --- [Api-Gateway] [reshExecutor-%d] o.s.c.g.r.RouteDefinitionRouteLocator    : RouteDefinition matched: ReactiveCompositeDiscoveryClient_REWARDS-SERVICE
2026-03-27T10:18:07.335+05:30 DEBUG 4660 --- [Api-Gateway] [reshExecutor-%d] o.s.c.g.r.RouteDefinitionRouteLocator    : RouteDefinition ReactiveCompositeDiscoveryClient_KYC-SERVICE applying {pattern=/kyc-service/**} to Path
2026-03-27T10:18:07.336+05:30 DEBUG 4660 --- [Api-Gateway] [reshExecutor-%d] o.s.c.g.r.RouteDefinitionRouteLocator    : RouteDefinition ReactiveCompositeDiscoveryClient_KYC-SERVICE applying filter {regexp=/kyc-service/?(?<remaining>.*), replacement=/${remaining}} to RewritePath
2026-03-27T10:18:07.336+05:30 DEBUG 4660 --- [Api-Gateway] [reshExecutor-%d] o.s.c.g.r.RouteDefinitionRouteLocator    : RouteDefinition matched: ReactiveCompositeDiscoveryClient_KYC-SERVICE
2026-03-27T10:18:07.337+05:30 DEBUG 4660 --- [Api-Gateway] [reshExecutor-%d] o.s.c.g.r.RouteDefinitionRouteLocator    : RouteDefinition ReactiveCompositeDiscoveryClient_ADMIN-SERVICE applying {pattern=/admin-service/**} to Path
2026-03-27T10:18:07.338+05:30 DEBUG 4660 --- [Api-Gateway] [reshExecutor-%d] o.s.c.g.r.RouteDefinitionRouteLocator    : RouteDefinition ReactiveCompositeDiscoveryClient_ADMIN-SERVICE applying filter {regexp=/admin-service/?(?<remaining>.*), replacement=/${remaining}} to RewritePath
2026-03-27T10:18:07.339+05:30 DEBUG 4660 --- [Api-Gateway] [reshExecutor-%d] o.s.c.g.r.RouteDefinitionRouteLocator    : RouteDefinition matched: ReactiveCompositeDiscoveryClient_ADMIN-SERVICE
2026-03-27T10:18:08.106+05:30 DEBUG 4660 --- [Api-Gateway] [reshExecutor-%d] o.s.c.g.r.RouteDefinitionRouteLocator    : RouteDefinition ReactiveCompositeDiscoveryClient_TRANSACTION-SERVICE applying {pattern=/transaction-service/**} to Path
2026-03-27T10:18:08.113+05:30 DEBUG 4660 --- [Api-Gateway] [reshExecutor-%d] o.s.c.g.r.RouteDefinitionRouteLocator    : RouteDefinition ReactiveCompositeDiscoveryClient_TRANSACTION-SERVICE applying filter {regexp=/transaction-service/?(?<remaining>.*), replacement=/${remaining}} to RewritePath
2026-03-27T10:18:08.237+05:30 DEBUG 4660 --- [Api-Gateway] [reshExecutor-%d] o.s.c.g.r.RouteDefinitionRouteLocator    : RouteDefinition matched: ReactiveCompositeDiscoveryClient_TRANSACTION-SERVICE
2026-03-27T10:18:08.238+05:30 DEBUG 4660 --- [Api-Gateway] [reshExecutor-%d] o.s.c.g.r.RouteDefinitionRouteLocator    : RouteDefinition ReactiveCompositeDiscoveryClient_WALLET-SERVICE applying {pattern=/wallet-service/**} to Path
2026-03-27T10:18:08.239+05:30 DEBUG 4660 --- [Api-Gateway] [reshExecutor-%d] o.s.c.g.r.RouteDefinitionRouteLocator    : RouteDefinition ReactiveCompositeDiscoveryClient_WALLET-SERVICE applying filter {regexp=/wallet-service/?(?<remaining>.*), replacement=/${remaining}} to RewritePath
2026-03-27T10:18:08.241+05:30 DEBUG 4660 --- [Api-Gateway] [reshExecutor-%d] o.s.c.g.r.RouteDefinitionRouteLocator    : RouteDefinition matched: ReactiveCompositeDiscoveryClient_WALLET-SERVICE
2026-03-27T10:18:08.242+05:30 DEBUG 4660 --- [Api-Gateway] [reshExecutor-%d] o.s.c.g.r.RouteDefinitionRouteLocator    : RouteDefinition ReactiveCompositeDiscoveryClient_NOTIFICATION-SERVICE applying {pattern=/notification-service/**} to Path
2026-03-27T10:18:08.246+05:30 DEBUG 4660 --- [Api-Gateway] [reshExecutor-%d] o.s.c.g.r.RouteDefinitionRouteLocator    : RouteDefinition ReactiveCompositeDiscoveryClient_NOTIFICATION-SERVICE applying filter {regexp=/notification-service/?(?<remaining>.*), replacement=/${remaining}} to RewritePath
2026-03-27T10:18:08.247+05:30 DEBUG 4660 --- [Api-Gateway] [reshExecutor-%d] o.s.c.g.r.RouteDefinitionRouteLocator    : RouteDefinition matched: ReactiveCompositeDiscoveryClient_NOTIFICATION-SERVICE
2026-03-27T10:18:08.247+05:30 DEBUG 4660 --- [Api-Gateway] [reshExecutor-%d] o.s.c.g.r.RouteDefinitionRouteLocator    : RouteDefinition ReactiveCompositeDiscoveryClient_USER-SERVICE applying {pattern=/user-service/**} to Path
2026-03-27T10:18:08.250+05:30 DEBUG 4660 --- [Api-Gateway] [reshExecutor-%d] o.s.c.g.r.RouteDefinitionRouteLocator    : RouteDefinition ReactiveCompositeDiscoveryClient_USER-SERVICE applying filter {regexp=/user-service/?(?<remaining>.*), replacement=/${remaining}} to RewritePath
2026-03-27T10:18:08.251+05:30 DEBUG 4660 --- [Api-Gateway] [reshExecutor-%d] o.s.c.g.r.RouteDefinitionRouteLocator    : RouteDefinition matched: ReactiveCompositeDiscoveryClient_USER-SERVICE
2026-03-27T10:18:08.251+05:30 DEBUG 4660 --- [Api-Gateway] [reshExecutor-%d] o.s.c.g.r.RouteDefinitionRouteLocator    : RouteDefinition ReactiveCompositeDiscoveryClient_PAYMENT-SERVICES applying {pattern=/payment-services/**} to Path
2026-03-27T10:18:08.253+05:30 DEBUG 4660 --- [Api-Gateway] [reshExecutor-%d] o.s.c.g.r.RouteDefinitionRouteLocator    : RouteDefinition ReactiveCompositeDiscoveryClient_PAYMENT-SERVICES applying filter {regexp=/payment-services/?(?<remaining>.*), replacement=/${remaining}} to RewritePath
2026-03-27T10:18:08.312+05:30 DEBUG 4660 --- [Api-Gateway] [reshExecutor-%d] o.s.c.g.r.RouteDefinitionRouteLocator    : RouteDefinition matched: ReactiveCompositeDiscoveryClient_PAYMENT-SERVICES
2026-03-27T10:18:08.312+05:30 DEBUG 4660 --- [Api-Gateway] [reshExecutor-%d] o.s.c.g.r.RouteDefinitionRouteLocator    : RouteDefinition AUTH-SERVICE applying {_genkey_0=/auth/**} to Path
2026-03-27T10:18:08.314+05:30 DEBUG 4660 --- [Api-Gateway] [reshExecutor-%d] o.s.c.g.r.RouteDefinitionRouteLocator    : RouteDefinition matched: AUTH-SERVICE
2026-03-27T10:18:08.376+05:30 DEBUG 4660 --- [Api-Gateway] [reshExecutor-%d] o.s.c.g.r.RouteDefinitionRouteLocator    : RouteDefinition ADMIN-SERVICE applying {_genkey_0=/admin/**} to Path
2026-03-27T10:18:08.378+05:30 DEBUG 4660 --- [Api-Gateway] [reshExecutor-%d] o.s.c.g.r.RouteDefinitionRouteLocator    : RouteDefinition matched: ADMIN-SERVICE
2026-03-27T10:18:08.380+05:30 DEBUG 4660 --- [Api-Gateway] [reshExecutor-%d] o.s.c.g.r.RouteDefinitionRouteLocator    : RouteDefinition KYC-SERVICE applying {_genkey_0=/kyc/**} to Path
2026-03-27T10:18:08.381+05:30 DEBUG 4660 --- [Api-Gateway] [reshExecutor-%d] o.s.c.g.r.RouteDefinitionRouteLocator    : RouteDefinition matched: KYC-SERVICE
2026-03-27T10:18:08.382+05:30 DEBUG 4660 --- [Api-Gateway] [reshExecutor-%d] o.s.c.g.r.RouteDefinitionRouteLocator    : RouteDefinition PAYMENT-SERVICES applying {_genkey_0=/api/payments/**} to Path
2026-03-27T10:18:08.384+05:30 DEBUG 4660 --- [Api-Gateway] [reshExecutor-%d] o.s.c.g.r.RouteDefinitionRouteLocator    : RouteDefinition PAYMENT-SERVICES applying filter {_genkey_0=name:paymentCircuitBreaker, _genkey_1=fallbackUri:forward:/fallback/payment} to CircuitBreaker
2026-03-27T10:18:08.385+05:30 DEBUG 4660 --- [Api-Gateway] [reshExecutor-%d] o.s.c.g.r.RouteDefinitionRouteLocator    : RouteDefinition matched: PAYMENT-SERVICES
2026-03-27T10:18:08.386+05:30 DEBUG 4660 --- [Api-Gateway] [reshExecutor-%d] o.s.c.g.r.RouteDefinitionRouteLocator    : RouteDefinition WALLET-SERVICE applying {_genkey_0=/api/wallets/**} to Path
2026-03-27T10:18:08.387+05:30 DEBUG 4660 --- [Api-Gateway] [reshExecutor-%d] o.s.c.g.r.RouteDefinitionRouteLocator    : RouteDefinition WALLET-SERVICE applying filter {_genkey_0=name:walletCircuitBreaker, _genkey_1=fallbackUri:forward:/fallback/general} to CircuitBreaker
2026-03-27T10:18:08.446+05:30 DEBUG 4660 --- [Api-Gateway] [reshExecutor-%d] o.s.c.g.r.RouteDefinitionRouteLocator    : RouteDefinition matched: WALLET-SERVICE
2026-03-27T10:18:08.447+05:30 DEBUG 4660 --- [Api-Gateway] [reshExecutor-%d] o.s.c.g.r.RouteDefinitionRouteLocator    : RouteDefinition TRANSACTION-SERVICE applying {_genkey_0=/api/transaction/**} to Path
2026-03-27T10:18:08.450+05:30 DEBUG 4660 --- [Api-Gateway] [reshExecutor-%d] o.s.c.g.r.RouteDefinitionRouteLocator    : RouteDefinition TRANSACTION-SERVICE applying filter {_genkey_0=name:transactionCircuitBreaker, _genkey_1=fallbackUri:forward:/fallback/general} to CircuitBreaker
2026-03-27T10:18:08.452+05:30 DEBUG 4660 --- [Api-Gateway] [reshExecutor-%d] o.s.c.g.r.RouteDefinitionRouteLocator    : RouteDefinition matched: TRANSACTION-SERVICE
2026-03-27T10:18:08.452+05:30 DEBUG 4660 --- [Api-Gateway] [reshExecutor-%d] o.s.c.g.r.RouteDefinitionRouteLocator    : RouteDefinition REWARDS-SERVICE applying {_genkey_0=/api/rewards/**} to Path
2026-03-27T10:18:08.516+05:30 DEBUG 4660 --- [Api-Gateway] [reshExecutor-%d] o.s.c.g.r.RouteDefinitionRouteLocator    : RouteDefinition REWARDS-SERVICE applying filter {_genkey_0=name:rewardCircuitBreaker, _genkey_1=fallbackUri:forward:/fallback/reward} to CircuitBreaker
2026-03-27T10:18:08.579+05:30 DEBUG 4660 --- [Api-Gateway] [reshExecutor-%d] o.s.c.g.r.RouteDefinitionRouteLocator    : RouteDefinition matched: REWARDS-SERVICE
2026-03-27T10:18:08.580+05:30 DEBUG 4660 --- [Api-Gateway] [reshExecutor-%d] o.s.c.g.r.RouteDefinitionRouteLocator    : RouteDefinition NOTIFICATION-SERVICE applying {_genkey_0=/api/notifications/**} to Path
2026-03-27T10:18:08.582+05:30 DEBUG 4660 --- [Api-Gateway] [reshExecutor-%d] o.s.c.g.r.RouteDefinitionRouteLocator    : RouteDefinition NOTIFICATION-SERVICE applying filter {_genkey_0=name:notificationCircuitBreaker, _genkey_1=fallbackUri:forward:/fallback/general} to CircuitBreaker
2026-03-27T10:18:08.701+05:30 DEBUG 4660 --- [Api-Gateway] [reshExecutor-%d] o.s.c.g.r.RouteDefinitionRouteLocator    : RouteDefinition matched: NOTIFICATION-SERVICE
2026-03-27T10:18:08.763+05:30 DEBUG 4660 --- [Api-Gateway] [reshExecutor-%d] o.s.c.g.r.RouteDefinitionRouteLocator    : RouteDefinition USER-SERVICE applying {_genkey_0=/users/**} to Path
2026-03-27T10:18:08.765+05:30 DEBUG 4660 --- [Api-Gateway] [reshExecutor-%d] o.s.c.g.r.RouteDefinitionRouteLocator    : RouteDefinition matched: USER-SERVICE
2026-03-27T10:18:08.828+05:30 DEBUG 4660 --- [Api-Gateway] [reshExecutor-%d] o.s.c.g.filter.GatewayMetricsFilter      : New routes count: 19
[INFO] ------------------------------------------------------------------------
[INFO] BUILD FAILURE
[INFO] ------------------------------------------------------------------------
[INFO] Total time:  29:28 min
[INFO] Finished at: 2026-03-27T10:18:17+05:30
[INFO] ------------------------------------------------------------------------
[ERROR] Failed to execute goal org.springframework.boot:spring-boot-maven-plugin:3.3.5:run (default-cli) on project Api-Gateway: Process terminated with exit code: -1 -> [Help 1]
[ERROR] 
[ERROR] To see the full stack trace of the errors, re-run Maven with the -e switch.
[ERROR] Re-run Maven using the -X switch to enable full debug logging.
[ERROR] 
[ERROR] For more information about the errors and possible solutions, please read the following articles:
[ERROR] [Help 1] http://cwiki.apache.org/confluence/display/MAVEN/MojoExecutionException
