[INFO] Scanning for projects...
[INFO] 
[INFO] --------------------< com.payment-app:Api-Gateway >---------------------
[INFO] Building Api-Gateway 0.0.1-SNAPSHOT
[INFO]   from pom.xml
[INFO] --------------------------------[ jar ]---------------------------------
[INFO] 
[INFO] >>> spring-boot:3.3.5:run (default-cli) > test-compile @ Api-Gateway >>>
[INFO] 
[INFO] --- resources:3.3.1:resources (default-resources) @ Api-Gateway ---
[INFO] Copying 1 resource from src\main\resources to target\classes
[INFO] Copying 0 resource from src\main\resources to target\classes
[INFO] 
[INFO] --- compiler:3.13.0:compile (default-compile) @ Api-Gateway ---
[INFO] Recompiling the module because of added or removed source files.
[INFO] Compiling 3 source files with javac [debug parameters release 17] to target\classes
[INFO] Annotation processing is enabled because one or more processors were found
  on the class path. A future release of javac may disable annotation processing
  unless at least one processor is specified by name (-processor), or a search
  path is specified (--processor-path, --processor-module-path), or annotation
  processing is enabled explicitly (-proc:only, -proc:full).
  Use -Xlint:-options to suppress this message.
  Use -proc:none to disable annotation processing.
[INFO] 
[INFO] --- resources:3.3.1:testResources (default-testResources) @ Api-Gateway ---
[INFO] skip non existing resourceDirectory C:\Users\Asus\Desktop\Payment-wallet\Api-Gateway\src\test\resources
[INFO] 
[INFO] --- compiler:3.13.0:testCompile (default-testCompile) @ Api-Gateway ---
[INFO] Recompiling the module because of changed dependency.
[INFO] Compiling 1 source file with javac [debug parameters release 17] to target\test-classes
[INFO] Annotation processing is enabled because one or more processors were found
  on the class path. A future release of javac may disable annotation processing
  unless at least one processor is specified by name (-processor), or a search
  path is specified (--processor-path, --processor-module-path), or annotation
  processing is enabled explicitly (-proc:only, -proc:full).
  Use -Xlint:-options to suppress this message.
  Use -proc:none to disable annotation processing.
[INFO] 
[INFO] <<< spring-boot:3.3.5:run (default-cli) < test-compile @ Api-Gateway <<<
[INFO] 
[INFO] 
[INFO] --- spring-boot:3.3.5:run (default-cli) @ Api-Gateway ---
[INFO] Attaching agents: []
10:53:34.394 [main] INFO com.admin.ApiGatewayApplication -- Starting Api-Gateway...

  .   ____          _            __ _ _
 /\\ / ___'_ __ _ _(_)_ __  __ _ \ \ \ \
( ( )\___ | '_ | '_| | '_ \/ _` | \ \ \ \
 \\/  ___)| |_)| | | | | || (_| |  ) ) ) )
  '  |____| .__|_| |_|_| |_\__, | / / / /
 =========|_|==============|___/=/_/_/_/

 :: Spring Boot ::                (v3.3.5)

2026-03-27T10:53:35.952+05:30  INFO 24304 --- [Api-Gateway] [           main] com.admin.ApiGatewayApplication          : Starting ApiGatewayApplication using Java 21.0.6 with PID 24304 (C:\Users\Asus\Desktop\Payment-wallet\Api-Gateway\target\classes started by Asus in C:\Users\Asus\Desktop\Payment-wallet\Api-Gateway)
2026-03-27T10:53:35.955+05:30  INFO 24304 --- [Api-Gateway] [           main] com.admin.ApiGatewayApplication          : No active profile set, falling back to 1 default profile: "default"
2026-03-27T10:53:37.248+05:30  INFO 24304 --- [Api-Gateway] [           main] o.s.cloud.context.scope.GenericScope     : BeanFactory id=b6022c09-d933-3611-a2a2-2ceb754a2be8
2026-03-27T10:53:37.312+05:30  WARN 24304 --- [Api-Gateway] [           main] trationDelegate$BeanPostProcessorChecker : Bean 'org.springframework.cloud.client.loadbalancer.LoadBalancerAutoConfiguration$DeferringLoadBalancerInterceptorConfig' of type [org.springframework.cloud.client.loadbalancer.LoadBalancerAutoConfiguration$DeferringLoadBalancerInterceptorConfig] is not eligible for getting processed by all BeanPostProcessors (for example: not eligible for auto-proxying). The currently created BeanPostProcessor [lbRestClientPostProcessor] is declared through a non-static factory method on that class; consider declaring it as static instead.
2026-03-27T10:53:37.316+05:30  WARN 24304 --- [Api-Gateway] [           main] trationDelegate$BeanPostProcessorChecker : Bean 'deferringLoadBalancerInterceptor' of type [org.springframework.cloud.client.loadbalancer.DeferringLoadBalancerInterceptor] is not eligible for getting processed by all BeanPostProcessors (for example: not eligible for auto-proxying). Is this bean getting eagerly injected/applied to a currently created BeanPostProcessor [lbRestClientPostProcessor]? Check the corresponding BeanPostProcessor declaration and its dependencies/advisors. If this bean does not have to be post-processed, declare it with ROLE_INFRASTRUCTURE.
2026-03-27T10:53:37.320+05:30  WARN 24304 --- [Api-Gateway] [           main] trationDelegate$BeanPostProcessorChecker : Bean 'org.springframework.cloud.client.loadbalancer.reactive.LoadBalancerBeanPostProcessorAutoConfiguration' of type [org.springframework.cloud.client.loadbalancer.reactive.LoadBalancerBeanPostProcessorAutoConfiguration] is not eligible for getting processed by all BeanPostProcessors (for example: not eligible for auto-proxying). The currently created BeanPostProcessor [loadBalancerWebClientBuilderBeanPostProcessor] is declared through a non-static factory method on that class; consider declaring it as static instead.
2026-03-27T10:53:37.320+05:30  WARN 24304 --- [Api-Gateway] [           main] trationDelegate$BeanPostProcessorChecker : Bean 'org.springframework.cloud.client.loadbalancer.reactive.LoadBalancerBeanPostProcessorAutoConfiguration$ReactorDeferringLoadBalancerFilterConfig' of type [org.springframework.cloud.client.loadbalancer.reactive.LoadBalancerBeanPostProcessorAutoConfiguration$ReactorDeferringLoadBalancerFilterConfig] is not eligible for getting processed by all BeanPostProcessors (for example: not eligible for auto-proxying). Is this bean getting eagerly injected/applied to a currently created BeanPostProcessor [loadBalancerWebClientBuilderBeanPostProcessor]? Check the corresponding BeanPostProcessor declaration and its dependencies/advisors. If this bean does not have to be post-processed, declare it with ROLE_INFRASTRUCTURE.
2026-03-27T10:53:37.322+05:30  WARN 24304 --- [Api-Gateway] [           main] trationDelegate$BeanPostProcessorChecker : Bean 'reactorDeferringLoadBalancerExchangeFilterFunction' of type [org.springframework.cloud.client.loadbalancer.reactive.DeferringLoadBalancerExchangeFilterFunction] is not eligible for getting processed by all BeanPostProcessors (for example: not eligible for auto-proxying). Is this bean getting eagerly injected/applied to a currently created BeanPostProcessor [loadBalancerWebClientBuilderBeanPostProcessor]? Check the corresponding BeanPostProcessor declaration and its dependencies/advisors. If this bean does not have to be post-processed, declare it with ROLE_INFRASTRUCTURE.
2026-03-27T10:53:38.886+05:30  INFO 24304 --- [Api-Gateway] [           main] o.s.cloud.commons.util.InetUtils         : Cannot determine local hostname
2026-03-27T10:53:39.940+05:30  INFO 24304 --- [Api-Gateway] [           main] o.s.cloud.commons.util.InetUtils         : Cannot determine local hostname
2026-03-27T10:53:40.205+05:30 DEBUG 24304 --- [Api-Gateway] [           main] o.s.c.gateway.config.GatewayProperties   : Routes supplied from Gateway Properties: [RouteDefinition{id='AUTH-SERVICE', predicates=[PredicateDefinition{name='Path', args={_genkey_0=/auth/**}}], filters=[], uri=lb://USER-SERVICE, order=0, metadata={}}, RouteDefinition{id='ADMIN-SERVICE', predicates=[PredicateDefinition{name='Path', args={_genkey_0=/admin/**}}], filters=[], uri=lb://ADMIN-SERVICE, order=0, metadata={}}, RouteDefinition{id='KYC-SERVICE', predicates=[PredicateDefinition{name='Path', args={_genkey_0=/kyc/**}}], filters=[], uri=lb://KYC-SERVICE, order=0, metadata={}}, RouteDefinition{id='PAYMENT-SERVICES', predicates=[PredicateDefinition{name='Path', args={_genkey_0=/api/payments/**}}], filters=[FilterDefinition{name='CircuitBreaker', args={_genkey_0=name:paymentCircuitBreaker, _genkey_1=fallbackUri:forward:/fallback/payment}}], uri=lb://PAYMENT-SERVICES, order=0, metadata={}}, RouteDefinition{id='WALLET-SERVICE', predicates=[PredicateDefinition{name='Path', args={_genkey_0=/api/wallets/**}}], filters=[FilterDefinition{name='CircuitBreaker', args={_genkey_0=name:walletCircuitBreaker, _genkey_1=fallbackUri:forward:/fallback/general}}], uri=lb://WALLET-SERVICE, order=0, metadata={}}, RouteDefinition{id='TRANSACTION-SERVICE', predicates=[PredicateDefinition{name='Path', args={_genkey_0=/api/transaction/**}}], filters=[FilterDefinition{name='CircuitBreaker', args={_genkey_0=name:transactionCircuitBreaker, _genkey_1=fallbackUri:forward:/fallback/general}}], uri=lb://TRANSACTION-SERVICE, order=0, metadata={}}, RouteDefinition{id='REWARDS-SERVICE', predicates=[PredicateDefinition{name='Path', args={_genkey_0=/api/rewards/**}}], filters=[FilterDefinition{name='CircuitBreaker', args={_genkey_0=name:rewardCircuitBreaker, _genkey_1=fallbackUri:forward:/fallback/reward}}], uri=lb://REWARDS-SERVICE, order=0, metadata={}}, RouteDefinition{id='NOTIFICATION-SERVICE', predicates=[PredicateDefinition{name='Path', args={_genkey_0=/api/notifications/**}}], filters=[FilterDefinition{name='CircuitBreaker', args={_genkey_0=name:notificationCircuitBreaker, _genkey_1=fallbackUri:forward:/fallback/general}}], uri=lb://NOTIFICATION-SERVICE, order=0, metadata={}}, RouteDefinition{id='USER-SERVICE', predicates=[PredicateDefinition{name='Path', args={_genkey_0=/users/**}}], filters=[], uri=lb://USER-SERVICE, order=0, metadata={}}]
2026-03-27T10:53:40.389+05:30  INFO 24304 --- [Api-Gateway] [           main] o.s.c.g.r.RouteDefinitionRouteLocator    : Loaded RoutePredicateFactory [After]
2026-03-27T10:53:40.390+05:30  INFO 24304 --- [Api-Gateway] [           main] o.s.c.g.r.RouteDefinitionRouteLocator    : Loaded RoutePredicateFactory [Before]
2026-03-27T10:53:40.390+05:30  INFO 24304 --- [Api-Gateway] [           main] o.s.c.g.r.RouteDefinitionRouteLocator    : Loaded RoutePredicateFactory [Between]
2026-03-27T10:53:40.391+05:30  INFO 24304 --- [Api-Gateway] [           main] o.s.c.g.r.RouteDefinitionRouteLocator    : Loaded RoutePredicateFactory [Cookie]
2026-03-27T10:53:40.391+05:30  INFO 24304 --- [Api-Gateway] [           main] o.s.c.g.r.RouteDefinitionRouteLocator    : Loaded RoutePredicateFactory [Header]
2026-03-27T10:53:40.391+05:30  INFO 24304 --- [Api-Gateway] [           main] o.s.c.g.r.RouteDefinitionRouteLocator    : Loaded RoutePredicateFactory [Host]
2026-03-27T10:53:40.391+05:30  INFO 24304 --- [Api-Gateway] [           main] o.s.c.g.r.RouteDefinitionRouteLocator    : Loaded RoutePredicateFactory [Method]
2026-03-27T10:53:40.392+05:30  INFO 24304 --- [Api-Gateway] [           main] o.s.c.g.r.RouteDefinitionRouteLocator    : Loaded RoutePredicateFactory [Path]
2026-03-27T10:53:40.392+05:30  INFO 24304 --- [Api-Gateway] [           main] o.s.c.g.r.RouteDefinitionRouteLocator    : Loaded RoutePredicateFactory [Query]
2026-03-27T10:53:40.393+05:30  INFO 24304 --- [Api-Gateway] [           main] o.s.c.g.r.RouteDefinitionRouteLocator    : Loaded RoutePredicateFactory [ReadBody]
2026-03-27T10:53:40.393+05:30  INFO 24304 --- [Api-Gateway] [           main] o.s.c.g.r.RouteDefinitionRouteLocator    : Loaded RoutePredicateFactory [RemoteAddr]
2026-03-27T10:53:40.393+05:30  INFO 24304 --- [Api-Gateway] [           main] o.s.c.g.r.RouteDefinitionRouteLocator    : Loaded RoutePredicateFactory [XForwardedRemoteAddr]
2026-03-27T10:53:40.393+05:30  INFO 24304 --- [Api-Gateway] [           main] o.s.c.g.r.RouteDefinitionRouteLocator    : Loaded RoutePredicateFactory [Weight]
2026-03-27T10:53:40.393+05:30  INFO 24304 --- [Api-Gateway] [           main] o.s.c.g.r.RouteDefinitionRouteLocator    : Loaded RoutePredicateFactory [CloudFoundryRouteService]
2026-03-27T10:53:41.555+05:30  INFO 24304 --- [Api-Gateway] [           main] o.s.cloud.commons.util.InetUtils         : Cannot determine local hostname
2026-03-27T10:53:41.625+05:30  INFO 24304 --- [Api-Gateway] [           main] o.s.b.a.e.web.EndpointLinksResolver      : Exposing 3 endpoints beneath base path '/actuator'
2026-03-27T10:53:41.912+05:30  INFO 24304 --- [Api-Gateway] [           main] DiscoveryClientOptionalArgsConfiguration : Eureka HTTP Client uses RestTemplate.
2026-03-27T10:53:41.946+05:30  WARN 24304 --- [Api-Gateway] [           main] iguration$LoadBalancerCaffeineWarnLogger : Spring Cloud LoadBalancer is currently working with the default cache. While this cache implementation is useful for development and tests, it's recommended to use Caffeine cache in production.You can switch to using Caffeine cache, by adding it and org.springframework.cache.caffeine.CaffeineCacheManager to the classpath.
2026-03-27T10:53:41.995+05:30  INFO 24304 --- [Api-Gateway] [           main] o.s.c.n.eureka.InstanceInfoFactory       : Setting initial instance status as: STARTING
2026-03-27T10:53:42.014+05:30  INFO 24304 --- [Api-Gateway] [           main] com.netflix.discovery.DiscoveryClient    : Initializing Eureka in region us-east-1
2026-03-27T10:53:42.018+05:30  INFO 24304 --- [Api-Gateway] [           main] c.n.d.s.r.aws.ConfigClusterResolver      : Resolving eureka endpoints via configuration
2026-03-27T10:53:42.026+05:30  INFO 24304 --- [Api-Gateway] [           main] com.netflix.discovery.DiscoveryClient    : Disable delta property : false
2026-03-27T10:53:42.027+05:30  INFO 24304 --- [Api-Gateway] [           main] com.netflix.discovery.DiscoveryClient    : Single vip registry refresh property : null
2026-03-27T10:53:42.027+05:30  INFO 24304 --- [Api-Gateway] [           main] com.netflix.discovery.DiscoveryClient    : Force full registry fetch : false
2026-03-27T10:53:42.027+05:30  INFO 24304 --- [Api-Gateway] [           main] com.netflix.discovery.DiscoveryClient    : Application is null : false
2026-03-27T10:53:42.028+05:30  INFO 24304 --- [Api-Gateway] [           main] com.netflix.discovery.DiscoveryClient    : Registered Applications size is zero : true
2026-03-27T10:53:42.028+05:30  INFO 24304 --- [Api-Gateway] [           main] com.netflix.discovery.DiscoveryClient    : Application version is -1: true
2026-03-27T10:53:42.028+05:30  INFO 24304 --- [Api-Gateway] [           main] com.netflix.discovery.DiscoveryClient    : Getting all instance registry info from the eureka server
2026-03-27T10:53:42.350+05:30  INFO 24304 --- [Api-Gateway] [           main] com.netflix.discovery.DiscoveryClient    : The response status is 200
2026-03-27T10:53:42.355+05:30  INFO 24304 --- [Api-Gateway] [           main] com.netflix.discovery.DiscoveryClient    : Starting heartbeat executor: renew interval is: 30
2026-03-27T10:53:42.357+05:30  INFO 24304 --- [Api-Gateway] [           main] c.n.discovery.InstanceInfoReplicator     : InstanceInfoReplicator onDemand update allowed rate per min is 4
2026-03-27T10:53:42.359+05:30  INFO 24304 --- [Api-Gateway] [           main] com.netflix.discovery.DiscoveryClient    : Discovery Client initialized at timestamp 1774589022358 with initial instances count: 5
2026-03-27T10:53:42.362+05:30  INFO 24304 --- [Api-Gateway] [           main] o.s.c.n.e.s.EurekaServiceRegistry        : Registering application API-GATEWAY with eureka with status UP
2026-03-27T10:53:42.363+05:30  INFO 24304 --- [Api-Gateway] [           main] com.netflix.discovery.DiscoveryClient    : Saw local status change event StatusChangeEvent [timestamp=1774589022363, current=UP, previous=STARTING]
2026-03-27T10:53:42.364+05:30  INFO 24304 --- [Api-Gateway] [foReplicator-%d] com.netflix.discovery.DiscoveryClient    : DiscoveryClient_API-GATEWAY/localhost:Api-Gateway:7505: registering service...
2026-03-27T10:53:42.398+05:30 DEBUG 24304 --- [Api-Gateway] [           main] o.s.c.g.r.RouteDefinitionRouteLocator    : RouteDefinition ReactiveCompositeDiscoveryClient_CONFIG-SERVIER applying {pattern=/config-servier/**} to Path
2026-03-27T10:53:42.403+05:30  INFO 24304 --- [Api-Gateway] [foReplicator-%d] com.netflix.discovery.DiscoveryClient    : DiscoveryClient_API-GATEWAY/localhost:Api-Gateway:7505 - registration status: 204
2026-03-27T10:53:42.412+05:30 DEBUG 24304 --- [Api-Gateway] [           main] o.s.c.g.r.RouteDefinitionRouteLocator    : RouteDefinition ReactiveCompositeDiscoveryClient_CONFIG-SERVIER applying filter {regexp=/config-servier/?(?<remaining>.*), replacement=/${remaining}} to RewritePath
2026-03-27T10:53:42.418+05:30 DEBUG 24304 --- [Api-Gateway] [           main] o.s.c.g.r.RouteDefinitionRouteLocator    : RouteDefinition matched: ReactiveCompositeDiscoveryClient_CONFIG-SERVIER
2026-03-27T10:53:42.419+05:30 DEBUG 24304 --- [Api-Gateway] [           main] o.s.c.g.r.RouteDefinitionRouteLocator    : RouteDefinition ReactiveCompositeDiscoveryClient_KYC-SERVICE applying {pattern=/kyc-service/**} to Path
2026-03-27T10:53:42.420+05:30 DEBUG 24304 --- [Api-Gateway] [           main] o.s.c.g.r.RouteDefinitionRouteLocator    : RouteDefinition ReactiveCompositeDiscoveryClient_KYC-SERVICE applying filter {regexp=/kyc-service/?(?<remaining>.*), replacement=/${remaining}} to RewritePath
2026-03-27T10:53:42.421+05:30 DEBUG 24304 --- [Api-Gateway] [           main] o.s.c.g.r.RouteDefinitionRouteLocator    : RouteDefinition matched: ReactiveCompositeDiscoveryClient_KYC-SERVICE
2026-03-27T10:53:42.422+05:30 DEBUG 24304 --- [Api-Gateway] [           main] o.s.c.g.r.RouteDefinitionRouteLocator    : RouteDefinition ReactiveCompositeDiscoveryClient_ADMIN-SERVICE applying {pattern=/admin-service/**} to Path
2026-03-27T10:53:42.422+05:30 DEBUG 24304 --- [Api-Gateway] [           main] o.s.c.g.r.RouteDefinitionRouteLocator    : RouteDefinition ReactiveCompositeDiscoveryClient_ADMIN-SERVICE applying filter {regexp=/admin-service/?(?<remaining>.*), replacement=/${remaining}} to RewritePath
2026-03-27T10:53:42.424+05:30 DEBUG 24304 --- [Api-Gateway] [           main] o.s.c.g.r.RouteDefinitionRouteLocator    : RouteDefinition matched: ReactiveCompositeDiscoveryClient_ADMIN-SERVICE
2026-03-27T10:53:42.425+05:30 DEBUG 24304 --- [Api-Gateway] [           main] o.s.c.g.r.RouteDefinitionRouteLocator    : RouteDefinition ReactiveCompositeDiscoveryClient_WALLET-SERVICE applying {pattern=/wallet-service/**} to Path
2026-03-27T10:53:42.426+05:30 DEBUG 24304 --- [Api-Gateway] [           main] o.s.c.g.r.RouteDefinitionRouteLocator    : RouteDefinition ReactiveCompositeDiscoveryClient_WALLET-SERVICE applying filter {regexp=/wallet-service/?(?<remaining>.*), replacement=/${remaining}} to RewritePath
2026-03-27T10:53:42.426+05:30 DEBUG 24304 --- [Api-Gateway] [           main] o.s.c.g.r.RouteDefinitionRouteLocator    : RouteDefinition matched: ReactiveCompositeDiscoveryClient_WALLET-SERVICE
2026-03-27T10:53:42.427+05:30 DEBUG 24304 --- [Api-Gateway] [           main] o.s.c.g.r.RouteDefinitionRouteLocator    : RouteDefinition ReactiveCompositeDiscoveryClient_USER-SERVICE applying {pattern=/user-service/**} to Path
2026-03-27T10:53:42.427+05:30 DEBUG 24304 --- [Api-Gateway] [           main] o.s.c.g.r.RouteDefinitionRouteLocator    : RouteDefinition ReactiveCompositeDiscoveryClient_USER-SERVICE applying filter {regexp=/user-service/?(?<remaining>.*), replacement=/${remaining}} to RewritePath
2026-03-27T10:53:42.428+05:30 DEBUG 24304 --- [Api-Gateway] [           main] o.s.c.g.r.RouteDefinitionRouteLocator    : RouteDefinition matched: ReactiveCompositeDiscoveryClient_USER-SERVICE
2026-03-27T10:53:42.429+05:30 DEBUG 24304 --- [Api-Gateway] [           main] o.s.c.g.r.RouteDefinitionRouteLocator    : RouteDefinition AUTH-SERVICE applying {_genkey_0=/auth/**} to Path
2026-03-27T10:53:42.430+05:30 DEBUG 24304 --- [Api-Gateway] [           main] o.s.c.g.r.RouteDefinitionRouteLocator    : RouteDefinition matched: AUTH-SERVICE
2026-03-27T10:53:42.430+05:30 DEBUG 24304 --- [Api-Gateway] [           main] o.s.c.g.r.RouteDefinitionRouteLocator    : RouteDefinition ADMIN-SERVICE applying {_genkey_0=/admin/**} to Path
2026-03-27T10:53:42.431+05:30 DEBUG 24304 --- [Api-Gateway] [           main] o.s.c.g.r.RouteDefinitionRouteLocator    : RouteDefinition matched: ADMIN-SERVICE
2026-03-27T10:53:42.431+05:30 DEBUG 24304 --- [Api-Gateway] [           main] o.s.c.g.r.RouteDefinitionRouteLocator    : RouteDefinition KYC-SERVICE applying {_genkey_0=/kyc/**} to Path
2026-03-27T10:53:42.432+05:30 DEBUG 24304 --- [Api-Gateway] [           main] o.s.c.g.r.RouteDefinitionRouteLocator    : RouteDefinition matched: KYC-SERVICE
2026-03-27T10:53:42.432+05:30 DEBUG 24304 --- [Api-Gateway] [           main] o.s.c.g.r.RouteDefinitionRouteLocator    : RouteDefinition PAYMENT-SERVICES applying {_genkey_0=/api/payments/**} to Path
2026-03-27T10:53:42.433+05:30 DEBUG 24304 --- [Api-Gateway] [           main] o.s.c.g.r.RouteDefinitionRouteLocator    : RouteDefinition PAYMENT-SERVICES applying filter {_genkey_0=name:paymentCircuitBreaker, _genkey_1=fallbackUri:forward:/fallback/payment} to CircuitBreaker
2026-03-27T10:53:42.436+05:30 DEBUG 24304 --- [Api-Gateway] [           main] o.s.c.g.r.RouteDefinitionRouteLocator    : RouteDefinition matched: PAYMENT-SERVICES
2026-03-27T10:53:42.437+05:30 DEBUG 24304 --- [Api-Gateway] [           main] o.s.c.g.r.RouteDefinitionRouteLocator    : RouteDefinition WALLET-SERVICE applying {_genkey_0=/api/wallets/**} to Path
2026-03-27T10:53:42.438+05:30 DEBUG 24304 --- [Api-Gateway] [           main] o.s.c.g.r.RouteDefinitionRouteLocator    : RouteDefinition WALLET-SERVICE applying filter {_genkey_0=name:walletCircuitBreaker, _genkey_1=fallbackUri:forward:/fallback/general} to CircuitBreaker
2026-03-27T10:53:42.438+05:30 DEBUG 24304 --- [Api-Gateway] [           main] o.s.c.g.r.RouteDefinitionRouteLocator    : RouteDefinition matched: WALLET-SERVICE
2026-03-27T10:53:42.439+05:30 DEBUG 24304 --- [Api-Gateway] [           main] o.s.c.g.r.RouteDefinitionRouteLocator    : RouteDefinition TRANSACTION-SERVICE applying {_genkey_0=/api/transaction/**} to Path
2026-03-27T10:53:42.439+05:30 DEBUG 24304 --- [Api-Gateway] [           main] o.s.c.g.r.RouteDefinitionRouteLocator    : RouteDefinition TRANSACTION-SERVICE applying filter {_genkey_0=name:transactionCircuitBreaker, _genkey_1=fallbackUri:forward:/fallback/general} to CircuitBreaker
2026-03-27T10:53:42.440+05:30 DEBUG 24304 --- [Api-Gateway] [           main] o.s.c.g.r.RouteDefinitionRouteLocator    : RouteDefinition matched: TRANSACTION-SERVICE
2026-03-27T10:53:42.440+05:30 DEBUG 24304 --- [Api-Gateway] [           main] o.s.c.g.r.RouteDefinitionRouteLocator    : RouteDefinition REWARDS-SERVICE applying {_genkey_0=/api/rewards/**} to Path
2026-03-27T10:53:42.442+05:30 DEBUG 24304 --- [Api-Gateway] [           main] o.s.c.g.r.RouteDefinitionRouteLocator    : RouteDefinition REWARDS-SERVICE applying filter {_genkey_0=name:rewardCircuitBreaker, _genkey_1=fallbackUri:forward:/fallback/reward} to CircuitBreaker
2026-03-27T10:53:42.443+05:30 DEBUG 24304 --- [Api-Gateway] [           main] o.s.c.g.r.RouteDefinitionRouteLocator    : RouteDefinition matched: REWARDS-SERVICE
2026-03-27T10:53:42.443+05:30 DEBUG 24304 --- [Api-Gateway] [           main] o.s.c.g.r.RouteDefinitionRouteLocator    : RouteDefinition NOTIFICATION-SERVICE applying {_genkey_0=/api/notifications/**} to Path
2026-03-27T10:53:42.444+05:30 DEBUG 24304 --- [Api-Gateway] [           main] o.s.c.g.r.RouteDefinitionRouteLocator    : RouteDefinition NOTIFICATION-SERVICE applying filter {_genkey_0=name:notificationCircuitBreaker, _genkey_1=fallbackUri:forward:/fallback/general} to CircuitBreaker
2026-03-27T10:53:42.444+05:30 DEBUG 24304 --- [Api-Gateway] [           main] o.s.c.g.r.RouteDefinitionRouteLocator    : RouteDefinition matched: NOTIFICATION-SERVICE
2026-03-27T10:53:42.445+05:30 DEBUG 24304 --- [Api-Gateway] [           main] o.s.c.g.r.RouteDefinitionRouteLocator    : RouteDefinition USER-SERVICE applying {_genkey_0=/users/**} to Path
2026-03-27T10:53:42.446+05:30 DEBUG 24304 --- [Api-Gateway] [           main] o.s.c.g.r.RouteDefinitionRouteLocator    : RouteDefinition matched: USER-SERVICE
2026-03-27T10:53:42.452+05:30 DEBUG 24304 --- [Api-Gateway] [           main] o.s.c.g.filter.GatewayMetricsFilter      : New routes count: 14
2026-03-27T10:53:42.589+05:30  INFO 24304 --- [Api-Gateway] [           main] o.s.b.web.embedded.netty.NettyWebServer  : Netty started on port 7505 (http)
2026-03-27T10:53:42.590+05:30  INFO 24304 --- [Api-Gateway] [           main] .s.c.n.e.s.EurekaAutoServiceRegistration : Updating port to 7505
2026-03-27T10:53:43.603+05:30  INFO 24304 --- [Api-Gateway] [           main] o.s.cloud.commons.util.InetUtils         : Cannot determine local hostname
2026-03-27T10:53:44.615+05:30  INFO 24304 --- [Api-Gateway] [           main] o.s.cloud.commons.util.InetUtils         : Cannot determine local hostname
2026-03-27T10:53:44.628+05:30 DEBUG 24304 --- [Api-Gateway] [           main] o.s.c.g.r.RouteDefinitionRouteLocator    : RouteDefinition ReactiveCompositeDiscoveryClient_CONFIG-SERVIER applying {pattern=/config-servier/**} to Path
2026-03-27T10:53:44.630+05:30 DEBUG 24304 --- [Api-Gateway] [           main] o.s.c.g.r.RouteDefinitionRouteLocator    : RouteDefinition ReactiveCompositeDiscoveryClient_CONFIG-SERVIER applying filter {regexp=/config-servier/?(?<remaining>.*), replacement=/${remaining}} to RewritePath
2026-03-27T10:53:44.631+05:30 DEBUG 24304 --- [Api-Gateway] [           main] o.s.c.g.r.RouteDefinitionRouteLocator    : RouteDefinition matched: ReactiveCompositeDiscoveryClient_CONFIG-SERVIER
2026-03-27T10:53:44.632+05:30 DEBUG 24304 --- [Api-Gateway] [           main] o.s.c.g.r.RouteDefinitionRouteLocator    : RouteDefinition ReactiveCompositeDiscoveryClient_KYC-SERVICE applying {pattern=/kyc-service/**} to Path
2026-03-27T10:53:44.633+05:30 DEBUG 24304 --- [Api-Gateway] [           main] o.s.c.g.r.RouteDefinitionRouteLocator    : RouteDefinition ReactiveCompositeDiscoveryClient_KYC-SERVICE applying filter {regexp=/kyc-service/?(?<remaining>.*), replacement=/${remaining}} to RewritePath
2026-03-27T10:53:44.634+05:30 DEBUG 24304 --- [Api-Gateway] [           main] o.s.c.g.r.RouteDefinitionRouteLocator    : RouteDefinition matched: ReactiveCompositeDiscoveryClient_KYC-SERVICE
2026-03-27T10:53:44.634+05:30 DEBUG 24304 --- [Api-Gateway] [           main] o.s.c.g.r.RouteDefinitionRouteLocator    : RouteDefinition ReactiveCompositeDiscoveryClient_ADMIN-SERVICE applying {pattern=/admin-service/**} to Path
2026-03-27T10:53:44.635+05:30 DEBUG 24304 --- [Api-Gateway] [           main] o.s.c.g.r.RouteDefinitionRouteLocator    : RouteDefinition ReactiveCompositeDiscoveryClient_ADMIN-SERVICE applying filter {regexp=/admin-service/?(?<remaining>.*), replacement=/${remaining}} to RewritePath
2026-03-27T10:53:44.636+05:30 DEBUG 24304 --- [Api-Gateway] [           main] o.s.c.g.r.RouteDefinitionRouteLocator    : RouteDefinition matched: ReactiveCompositeDiscoveryClient_ADMIN-SERVICE
2026-03-27T10:53:44.637+05:30 DEBUG 24304 --- [Api-Gateway] [           main] o.s.c.g.r.RouteDefinitionRouteLocator    : RouteDefinition ReactiveCompositeDiscoveryClient_WALLET-SERVICE applying {pattern=/wallet-service/**} to Path
2026-03-27T10:53:44.638+05:30 DEBUG 24304 --- [Api-Gateway] [           main] o.s.c.g.r.RouteDefinitionRouteLocator    : RouteDefinition ReactiveCompositeDiscoveryClient_WALLET-SERVICE applying filter {regexp=/wallet-service/?(?<remaining>.*), replacement=/${remaining}} to RewritePath
2026-03-27T10:53:44.638+05:30 DEBUG 24304 --- [Api-Gateway] [           main] o.s.c.g.r.RouteDefinitionRouteLocator    : RouteDefinition matched: ReactiveCompositeDiscoveryClient_WALLET-SERVICE
2026-03-27T10:53:44.640+05:30 DEBUG 24304 --- [Api-Gateway] [           main] o.s.c.g.r.RouteDefinitionRouteLocator    : RouteDefinition ReactiveCompositeDiscoveryClient_USER-SERVICE applying {pattern=/user-service/**} to Path
2026-03-27T10:53:44.641+05:30 DEBUG 24304 --- [Api-Gateway] [           main] o.s.c.g.r.RouteDefinitionRouteLocator    : RouteDefinition ReactiveCompositeDiscoveryClient_USER-SERVICE applying filter {regexp=/user-service/?(?<remaining>.*), replacement=/${remaining}} to RewritePath
2026-03-27T10:53:44.642+05:30 DEBUG 24304 --- [Api-Gateway] [           main] o.s.c.g.r.RouteDefinitionRouteLocator    : RouteDefinition matched: ReactiveCompositeDiscoveryClient_USER-SERVICE
2026-03-27T10:53:44.642+05:30 DEBUG 24304 --- [Api-Gateway] [           main] o.s.c.g.r.RouteDefinitionRouteLocator    : RouteDefinition AUTH-SERVICE applying {_genkey_0=/auth/**} to Path
2026-03-27T10:53:44.643+05:30 DEBUG 24304 --- [Api-Gateway] [           main] o.s.c.g.r.RouteDefinitionRouteLocator    : RouteDefinition matched: AUTH-SERVICE
2026-03-27T10:53:44.643+05:30 DEBUG 24304 --- [Api-Gateway] [           main] o.s.c.g.r.RouteDefinitionRouteLocator    : RouteDefinition ADMIN-SERVICE applying {_genkey_0=/admin/**} to Path
2026-03-27T10:53:44.644+05:30 DEBUG 24304 --- [Api-Gateway] [           main] o.s.c.g.r.RouteDefinitionRouteLocator    : RouteDefinition matched: ADMIN-SERVICE
2026-03-27T10:53:44.644+05:30 DEBUG 24304 --- [Api-Gateway] [           main] o.s.c.g.r.RouteDefinitionRouteLocator    : RouteDefinition KYC-SERVICE applying {_genkey_0=/kyc/**} to Path
2026-03-27T10:53:44.645+05:30 DEBUG 24304 --- [Api-Gateway] [           main] o.s.c.g.r.RouteDefinitionRouteLocator    : RouteDefinition matched: KYC-SERVICE
2026-03-27T10:53:44.645+05:30 DEBUG 24304 --- [Api-Gateway] [           main] o.s.c.g.r.RouteDefinitionRouteLocator    : RouteDefinition PAYMENT-SERVICES applying {_genkey_0=/api/payments/**} to Path
2026-03-27T10:53:44.645+05:30 DEBUG 24304 --- [Api-Gateway] [           main] o.s.c.g.r.RouteDefinitionRouteLocator    : RouteDefinition PAYMENT-SERVICES applying filter {_genkey_0=name:paymentCircuitBreaker, _genkey_1=fallbackUri:forward:/fallback/payment} to CircuitBreaker
2026-03-27T10:53:44.646+05:30 DEBUG 24304 --- [Api-Gateway] [           main] o.s.c.g.r.RouteDefinitionRouteLocator    : RouteDefinition matched: PAYMENT-SERVICES
2026-03-27T10:53:44.647+05:30 DEBUG 24304 --- [Api-Gateway] [           main] o.s.c.g.r.RouteDefinitionRouteLocator    : RouteDefinition WALLET-SERVICE applying {_genkey_0=/api/wallets/**} to Path
2026-03-27T10:53:44.647+05:30 DEBUG 24304 --- [Api-Gateway] [           main] o.s.c.g.r.RouteDefinitionRouteLocator    : RouteDefinition WALLET-SERVICE applying filter {_genkey_0=name:walletCircuitBreaker, _genkey_1=fallbackUri:forward:/fallback/general} to CircuitBreaker
2026-03-27T10:53:44.648+05:30 DEBUG 24304 --- [Api-Gateway] [           main] o.s.c.g.r.RouteDefinitionRouteLocator    : RouteDefinition matched: WALLET-SERVICE
2026-03-27T10:53:44.648+05:30 DEBUG 24304 --- [Api-Gateway] [           main] o.s.c.g.r.RouteDefinitionRouteLocator    : RouteDefinition TRANSACTION-SERVICE applying {_genkey_0=/api/transaction/**} to Path
2026-03-27T10:53:44.649+05:30 DEBUG 24304 --- [Api-Gateway] [           main] o.s.c.g.r.RouteDefinitionRouteLocator    : RouteDefinition TRANSACTION-SERVICE applying filter {_genkey_0=name:transactionCircuitBreaker, _genkey_1=fallbackUri:forward:/fallback/general} to CircuitBreaker
2026-03-27T10:53:44.649+05:30 DEBUG 24304 --- [Api-Gateway] [           main] o.s.c.g.r.RouteDefinitionRouteLocator    : RouteDefinition matched: TRANSACTION-SERVICE
2026-03-27T10:53:44.650+05:30 DEBUG 24304 --- [Api-Gateway] [           main] o.s.c.g.r.RouteDefinitionRouteLocator    : RouteDefinition REWARDS-SERVICE applying {_genkey_0=/api/rewards/**} to Path
2026-03-27T10:53:44.650+05:30 DEBUG 24304 --- [Api-Gateway] [           main] o.s.c.g.r.RouteDefinitionRouteLocator    : RouteDefinition REWARDS-SERVICE applying filter {_genkey_0=name:rewardCircuitBreaker, _genkey_1=fallbackUri:forward:/fallback/reward} to CircuitBreaker
2026-03-27T10:53:44.651+05:30 DEBUG 24304 --- [Api-Gateway] [           main] o.s.c.g.r.RouteDefinitionRouteLocator    : RouteDefinition matched: REWARDS-SERVICE
2026-03-27T10:53:44.651+05:30 DEBUG 24304 --- [Api-Gateway] [           main] o.s.c.g.r.RouteDefinitionRouteLocator    : RouteDefinition NOTIFICATION-SERVICE applying {_genkey_0=/api/notifications/**} to Path
2026-03-27T10:53:44.652+05:30 DEBUG 24304 --- [Api-Gateway] [           main] o.s.c.g.r.RouteDefinitionRouteLocator    : RouteDefinition NOTIFICATION-SERVICE applying filter {_genkey_0=name:notificationCircuitBreaker, _genkey_1=fallbackUri:forward:/fallback/general} to CircuitBreaker
2026-03-27T10:53:44.653+05:30 DEBUG 24304 --- [Api-Gateway] [           main] o.s.c.g.r.RouteDefinitionRouteLocator    : RouteDefinition matched: NOTIFICATION-SERVICE
2026-03-27T10:53:44.653+05:30 DEBUG 24304 --- [Api-Gateway] [           main] o.s.c.g.r.RouteDefinitionRouteLocator    : RouteDefinition USER-SERVICE applying {_genkey_0=/users/**} to Path
2026-03-27T10:53:44.654+05:30 DEBUG 24304 --- [Api-Gateway] [           main] o.s.c.g.r.RouteDefinitionRouteLocator    : RouteDefinition matched: USER-SERVICE
2026-03-27T10:53:44.659+05:30 DEBUG 24304 --- [Api-Gateway] [           main] o.s.c.g.filter.GatewayMetricsFilter      : New routes count: 14
2026-03-27T10:53:44.661+05:30  INFO 24304 --- [Api-Gateway] [           main] com.admin.ApiGatewayApplication          : Started ApiGatewayApplication in 10.166 seconds (process running for 10.506)
2026-03-27T10:53:44.666+05:30  INFO 24304 --- [Api-Gateway] [           main] com.admin.ApiGatewayApplication          : Api-Gateway started successfully.
2026-03-27T10:54:12.390+05:30 DEBUG 24304 --- [Api-Gateway] [reshExecutor-%d] o.s.c.g.r.RouteDefinitionRouteLocator    : RouteDefinition ReactiveCompositeDiscoveryClient_CONFIG-SERVIER applying {pattern=/config-servier/**} to Path
2026-03-27T10:54:13.034+05:30 DEBUG 24304 --- [Api-Gateway] [reshExecutor-%d] o.s.c.g.r.RouteDefinitionRouteLocator    : RouteDefinition ReactiveCompositeDiscoveryClient_CONFIG-SERVIER applying filter {regexp=/config-servier/?(?<remaining>.*), replacement=/${remaining}} to RewritePath
2026-03-27T10:54:13.592+05:30 DEBUG 24304 --- [Api-Gateway] [reshExecutor-%d] o.s.c.g.r.RouteDefinitionRouteLocator    : RouteDefinition matched: ReactiveCompositeDiscoveryClient_CONFIG-SERVIER
2026-03-27T10:54:13.909+05:30 DEBUG 24304 --- [Api-Gateway] [reshExecutor-%d] o.s.c.g.r.RouteDefinitionRouteLocator    : RouteDefinition ReactiveCompositeDiscoveryClient_API-GATEWAY applying {pattern=/api-gateway/**} to Path
2026-03-27T10:54:14.705+05:30 DEBUG 24304 --- [Api-Gateway] [reshExecutor-%d] o.s.c.g.r.RouteDefinitionRouteLocator    : RouteDefinition ReactiveCompositeDiscoveryClient_API-GATEWAY applying filter {regexp=/api-gateway/?(?<remaining>.*), replacement=/${remaining}} to RewritePath
2026-03-27T10:54:15.189+05:30 DEBUG 24304 --- [Api-Gateway] [reshExecutor-%d] o.s.c.g.r.RouteDefinitionRouteLocator    : RouteDefinition matched: ReactiveCompositeDiscoveryClient_API-GATEWAY
2026-03-27T10:54:15.911+05:30 DEBUG 24304 --- [Api-Gateway] [reshExecutor-%d] o.s.c.g.r.RouteDefinitionRouteLocator    : RouteDefinition ReactiveCompositeDiscoveryClient_KYC-SERVICE applying {pattern=/kyc-service/**} to Path
2026-03-27T10:54:16.619+05:30 DEBUG 24304 --- [Api-Gateway] [reshExecutor-%d] o.s.c.g.r.RouteDefinitionRouteLocator    : RouteDefinition ReactiveCompositeDiscoveryClient_KYC-SERVICE applying filter {regexp=/kyc-service/?(?<remaining>.*), replacement=/${remaining}} to RewritePath
2026-03-27T10:54:16.685+05:30 DEBUG 24304 --- [Api-Gateway] [reshExecutor-%d] o.s.c.g.r.RouteDefinitionRouteLocator    : RouteDefinition matched: ReactiveCompositeDiscoveryClient_KYC-SERVICE
2026-03-27T10:54:16.688+05:30 DEBUG 24304 --- [Api-Gateway] [reshExecutor-%d] o.s.c.g.r.RouteDefinitionRouteLocator    : RouteDefinition ReactiveCompositeDiscoveryClient_ADMIN-SERVICE applying {pattern=/admin-service/**} to Path
2026-03-27T10:54:16.690+05:30 DEBUG 24304 --- [Api-Gateway] [reshExecutor-%d] o.s.c.g.r.RouteDefinitionRouteLocator    : RouteDefinition ReactiveCompositeDiscoveryClient_ADMIN-SERVICE applying filter {regexp=/admin-service/?(?<remaining>.*), replacement=/${remaining}} to RewritePath
2026-03-27T10:54:16.751+05:30 DEBUG 24304 --- [Api-Gateway] [reshExecutor-%d] o.s.c.g.r.RouteDefinitionRouteLocator    : RouteDefinition matched: ReactiveCompositeDiscoveryClient_ADMIN-SERVICE
2026-03-27T10:54:16.754+05:30 DEBUG 24304 --- [Api-Gateway] [reshExecutor-%d] o.s.c.g.r.RouteDefinitionRouteLocator    : RouteDefinition ReactiveCompositeDiscoveryClient_TRANSACTION-SERVICE applying {pattern=/transaction-service/**} to Path
2026-03-27T10:54:16.757+05:30 DEBUG 24304 --- [Api-Gateway] [reshExecutor-%d] o.s.c.g.r.RouteDefinitionRouteLocator    : RouteDefinition ReactiveCompositeDiscoveryClient_TRANSACTION-SERVICE applying filter {regexp=/transaction-service/?(?<remaining>.*), replacement=/${remaining}} to RewritePath
2026-03-27T10:54:16.786+05:30 DEBUG 24304 --- [Api-Gateway] [reshExecutor-%d] o.s.c.g.r.RouteDefinitionRouteLocator    : RouteDefinition matched: ReactiveCompositeDiscoveryClient_TRANSACTION-SERVICE
2026-03-27T10:54:16.788+05:30 DEBUG 24304 --- [Api-Gateway] [reshExecutor-%d] o.s.c.g.r.RouteDefinitionRouteLocator    : RouteDefinition ReactiveCompositeDiscoveryClient_WALLET-SERVICE applying {pattern=/wallet-service/**} to Path
2026-03-27T10:54:16.790+05:30 DEBUG 24304 --- [Api-Gateway] [reshExecutor-%d] o.s.c.g.r.RouteDefinitionRouteLocator    : RouteDefinition ReactiveCompositeDiscoveryClient_WALLET-SERVICE applying filter {regexp=/wallet-service/?(?<remaining>.*), replacement=/${remaining}} to RewritePath
2026-03-27T10:54:16.792+05:30 DEBUG 24304 --- [Api-Gateway] [reshExecutor-%d] o.s.c.g.r.RouteDefinitionRouteLocator    : RouteDefinition matched: ReactiveCompositeDiscoveryClient_WALLET-SERVICE
2026-03-27T10:54:16.795+05:30 DEBUG 24304 --- [Api-Gateway] [reshExecutor-%d] o.s.c.g.r.RouteDefinitionRouteLocator    : RouteDefinition ReactiveCompositeDiscoveryClient_USER-SERVICE applying {pattern=/user-service/**} to Path
2026-03-27T10:54:16.797+05:30 DEBUG 24304 --- [Api-Gateway] [reshExecutor-%d] o.s.c.g.r.RouteDefinitionRouteLocator    : RouteDefinition ReactiveCompositeDiscoveryClient_USER-SERVICE applying filter {regexp=/user-service/?(?<remaining>.*), replacement=/${remaining}} to RewritePath
2026-03-27T10:54:16.800+05:30 DEBUG 24304 --- [Api-Gateway] [reshExecutor-%d] o.s.c.g.r.RouteDefinitionRouteLocator    : RouteDefinition matched: ReactiveCompositeDiscoveryClient_USER-SERVICE
2026-03-27T10:54:16.859+05:30 DEBUG 24304 --- [Api-Gateway] [reshExecutor-%d] o.s.c.g.r.RouteDefinitionRouteLocator    : RouteDefinition ReactiveCompositeDiscoveryClient_PAYMENT-SERVICES applying {pattern=/payment-services/**} to Path
2026-03-27T10:54:16.860+05:30 DEBUG 24304 --- [Api-Gateway] [reshExecutor-%d] o.s.c.g.r.RouteDefinitionRouteLocator    : RouteDefinition ReactiveCompositeDiscoveryClient_PAYMENT-SERVICES applying filter {regexp=/payment-services/?(?<remaining>.*), replacement=/${remaining}} to RewritePath
2026-03-27T10:54:16.861+05:30 DEBUG 24304 --- [Api-Gateway] [reshExecutor-%d] o.s.c.g.r.RouteDefinitionRouteLocator    : RouteDefinition matched: ReactiveCompositeDiscoveryClient_PAYMENT-SERVICES
2026-03-27T10:54:16.862+05:30 DEBUG 24304 --- [Api-Gateway] [reshExecutor-%d] o.s.c.g.r.RouteDefinitionRouteLocator    : RouteDefinition AUTH-SERVICE applying {_genkey_0=/auth/**} to Path
2026-03-27T10:54:16.863+05:30 DEBUG 24304 --- [Api-Gateway] [reshExecutor-%d] o.s.c.g.r.RouteDefinitionRouteLocator    : RouteDefinition matched: AUTH-SERVICE
2026-03-27T10:54:16.864+05:30 DEBUG 24304 --- [Api-Gateway] [reshExecutor-%d] o.s.c.g.r.RouteDefinitionRouteLocator    : RouteDefinition ADMIN-SERVICE applying {_genkey_0=/admin/**} to Path
2026-03-27T10:54:16.865+05:30 DEBUG 24304 --- [Api-Gateway] [reshExecutor-%d] o.s.c.g.r.RouteDefinitionRouteLocator    : RouteDefinition matched: ADMIN-SERVICE
2026-03-27T10:54:16.871+05:30 DEBUG 24304 --- [Api-Gateway] [reshExecutor-%d] o.s.c.g.r.RouteDefinitionRouteLocator    : RouteDefinition KYC-SERVICE applying {_genkey_0=/kyc/**} to Path
2026-03-27T10:54:16.872+05:30 DEBUG 24304 --- [Api-Gateway] [reshExecutor-%d] o.s.c.g.r.RouteDefinitionRouteLocator    : RouteDefinition matched: KYC-SERVICE
2026-03-27T10:54:16.873+05:30 DEBUG 24304 --- [Api-Gateway] [reshExecutor-%d] o.s.c.g.r.RouteDefinitionRouteLocator    : RouteDefinition PAYMENT-SERVICES applying {_genkey_0=/api/payments/**} to Path
2026-03-27T10:54:16.875+05:30 DEBUG 24304 --- [Api-Gateway] [reshExecutor-%d] o.s.c.g.r.RouteDefinitionRouteLocator    : RouteDefinition PAYMENT-SERVICES applying filter {_genkey_0=name:paymentCircuitBreaker, _genkey_1=fallbackUri:forward:/fallback/payment} to CircuitBreaker
2026-03-27T10:54:16.877+05:30 DEBUG 24304 --- [Api-Gateway] [reshExecutor-%d] o.s.c.g.r.RouteDefinitionRouteLocator    : RouteDefinition matched: PAYMENT-SERVICES
2026-03-27T10:54:16.878+05:30 DEBUG 24304 --- [Api-Gateway] [reshExecutor-%d] o.s.c.g.r.RouteDefinitionRouteLocator    : RouteDefinition WALLET-SERVICE applying {_genkey_0=/api/wallets/**} to Path
2026-03-27T10:54:16.880+05:30 DEBUG 24304 --- [Api-Gateway] [reshExecutor-%d] o.s.c.g.r.RouteDefinitionRouteLocator    : RouteDefinition WALLET-SERVICE applying filter {_genkey_0=name:walletCircuitBreaker, _genkey_1=fallbackUri:forward:/fallback/general} to CircuitBreaker
2026-03-27T10:54:16.881+05:30 DEBUG 24304 --- [Api-Gateway] [reshExecutor-%d] o.s.c.g.r.RouteDefinitionRouteLocator    : RouteDefinition matched: WALLET-SERVICE
2026-03-27T10:54:16.938+05:30 DEBUG 24304 --- [Api-Gateway] [reshExecutor-%d] o.s.c.g.r.RouteDefinitionRouteLocator    : RouteDefinition TRANSACTION-SERVICE applying {_genkey_0=/api/transaction/**} to Path
2026-03-27T10:54:16.942+05:30 DEBUG 24304 --- [Api-Gateway] [reshExecutor-%d] o.s.c.g.r.RouteDefinitionRouteLocator    : RouteDefinition TRANSACTION-SERVICE applying filter {_genkey_0=name:transactionCircuitBreaker, _genkey_1=fallbackUri:forward:/fallback/general} to CircuitBreaker
2026-03-27T10:54:16.944+05:30 DEBUG 24304 --- [Api-Gateway] [reshExecutor-%d] o.s.c.g.r.RouteDefinitionRouteLocator    : RouteDefinition matched: TRANSACTION-SERVICE
2026-03-27T10:54:16.945+05:30 DEBUG 24304 --- [Api-Gateway] [reshExecutor-%d] o.s.c.g.r.RouteDefinitionRouteLocator    : RouteDefinition REWARDS-SERVICE applying {_genkey_0=/api/rewards/**} to Path
2026-03-27T10:54:16.947+05:30 DEBUG 24304 --- [Api-Gateway] [reshExecutor-%d] o.s.c.g.r.RouteDefinitionRouteLocator    : RouteDefinition REWARDS-SERVICE applying filter {_genkey_0=name:rewardCircuitBreaker, _genkey_1=fallbackUri:forward:/fallback/reward} to CircuitBreaker
2026-03-27T10:54:16.948+05:30 DEBUG 24304 --- [Api-Gateway] [reshExecutor-%d] o.s.c.g.r.RouteDefinitionRouteLocator    : RouteDefinition matched: REWARDS-SERVICE
2026-03-27T10:54:16.948+05:30 DEBUG 24304 --- [Api-Gateway] [reshExecutor-%d] o.s.c.g.r.RouteDefinitionRouteLocator    : RouteDefinition NOTIFICATION-SERVICE applying {_genkey_0=/api/notifications/**} to Path
2026-03-27T10:54:16.950+05:30 DEBUG 24304 --- [Api-Gateway] [reshExecutor-%d] o.s.c.g.r.RouteDefinitionRouteLocator    : RouteDefinition NOTIFICATION-SERVICE applying filter {_genkey_0=name:notificationCircuitBreaker, _genkey_1=fallbackUri:forward:/fallback/general} to CircuitBreaker
2026-03-27T10:54:16.951+05:30 DEBUG 24304 --- [Api-Gateway] [reshExecutor-%d] o.s.c.g.r.RouteDefinitionRouteLocator    : RouteDefinition matched: NOTIFICATION-SERVICE
2026-03-27T10:54:17.010+05:30 DEBUG 24304 --- [Api-Gateway] [reshExecutor-%d] o.s.c.g.r.RouteDefinitionRouteLocator    : RouteDefinition USER-SERVICE applying {_genkey_0=/users/**} to Path
2026-03-27T10:54:17.012+05:30 DEBUG 24304 --- [Api-Gateway] [reshExecutor-%d] o.s.c.g.r.RouteDefinitionRouteLocator    : RouteDefinition matched: USER-SERVICE
2026-03-27T10:54:17.213+05:30 DEBUG 24304 --- [Api-Gateway] [reshExecutor-%d] o.s.c.g.filter.GatewayMetricsFilter      : New routes count: 17
2026-03-27T10:54:36.530+05:30 DEBUG 24304 --- [Api-Gateway] [ctor-http-nio-2] o.s.c.g.h.RoutePredicateHandlerMapping   : Route matched: ADMIN-SERVICE
2026-03-27T10:54:36.532+05:30 DEBUG 24304 --- [Api-Gateway] [ctor-http-nio-2] o.s.c.g.h.RoutePredicateHandlerMapping   : Mapping [Exchange: GET http://localhost:7505/admin/v3/api-docs] to Route{id='ADMIN-SERVICE', uri=lb://ADMIN-SERVICE, order=0, predicate=Paths: [/admin/**], match trailing slash: true, gatewayFilters=[], metadata={}}
2026-03-27T10:54:36.532+05:30 DEBUG 24304 --- [Api-Gateway] [ctor-http-nio-2] o.s.c.g.h.RoutePredicateHandlerMapping   : [f5000188-3] Mapped to org.springframework.cloud.gateway.handler.FilteringWebHandler@1cb592da
2026-03-27T10:54:36.534+05:30 DEBUG 24304 --- [Api-Gateway] [ctor-http-nio-2] o.s.c.g.handler.FilteringWebHandler      : Sorted gatewayFilterFactories: [[GatewayFilterAdapter{delegate=org.springframework.cloud.gateway.filter.RemoveCachedBodyFilter@756c67cd}, order = -2147483648], [GatewayFilterAdapter{delegate=org.springframework.cloud.gateway.filter.AdaptCachedBodyGlobalFilter@1cc708a7}, order = -2147482648], [GatewayFilterAdapter{delegate=org.springframework.cloud.gateway.filter.NettyWriteResponseFilter@12214f2f}, order = -1], [GatewayFilterAdapter{delegate=org.springframework.cloud.gateway.filter.ForwardPathFilter@79308a2}, order = 0], [GatewayFilterAdapter{delegate=org.springframework.cloud.gateway.filter.GatewayMetricsFilter@352e5a82}, order = 0], [GatewayFilterAdapter{delegate=org.springframework.cloud.gateway.filter.RouteToRequestUrlFilter@50de907a}, order = 10000], [GatewayFilterAdapter{delegate=org.springframework.cloud.gateway.filter.ReactiveLoadBalancerClientFilter@3a2bb026}, order = 10150], [GatewayFilterAdapter{delegate=org.springframework.cloud.gateway.filter.LoadBalancerServiceInstanceCookieFilter@7645e64}, order = 10151], [GatewayFilterAdapter{delegate=org.springframework.cloud.gateway.filter.WebsocketRoutingFilter@11574592}, order = 2147483646], [GatewayFilterAdapter{delegate=org.springframework.cloud.gateway.filter.NettyRoutingFilter@7de6549d}, order = 2147483647], [GatewayFilterAdapter{delegate=org.springframework.cloud.gateway.filter.ForwardRoutingFilter@1fd37440}, order = 2147483647]]
2026-03-27T10:54:36.629+05:30 DEBUG 24304 --- [Api-Gateway] [ctor-http-nio-2] o.s.c.g.r.RouteDefinitionRouteLocator    : RouteDefinition ReactiveCompositeDiscoveryClient_CONFIG-SERVIER applying {pattern=/config-servier/**} to Path
2026-03-27T10:54:36.632+05:30 DEBUG 24304 --- [Api-Gateway] [ctor-http-nio-2] o.s.c.g.r.RouteDefinitionRouteLocator    : RouteDefinition ReactiveCompositeDiscoveryClient_CONFIG-SERVIER applying filter {regexp=/config-servier/?(?<remaining>.*), replacement=/${remaining}} to RewritePath
2026-03-27T10:54:36.633+05:30 DEBUG 24304 --- [Api-Gateway] [ctor-http-nio-2] o.s.c.g.r.RouteDefinitionRouteLocator    : RouteDefinition matched: ReactiveCompositeDiscoveryClient_CONFIG-SERVIER
2026-03-27T10:54:36.634+05:30 DEBUG 24304 --- [Api-Gateway] [ctor-http-nio-2] o.s.c.g.r.RouteDefinitionRouteLocator    : RouteDefinition ReactiveCompositeDiscoveryClient_API-GATEWAY applying {pattern=/api-gateway/**} to Path
2026-03-27T10:54:36.636+05:30 DEBUG 24304 --- [Api-Gateway] [ctor-http-nio-2] o.s.c.g.r.RouteDefinitionRouteLocator    : RouteDefinition ReactiveCompositeDiscoveryClient_API-GATEWAY applying filter {regexp=/api-gateway/?(?<remaining>.*), replacement=/${remaining}} to RewritePath
2026-03-27T10:54:36.638+05:30 DEBUG 24304 --- [Api-Gateway] [ctor-http-nio-2] o.s.c.g.r.RouteDefinitionRouteLocator    : RouteDefinition matched: ReactiveCompositeDiscoveryClient_API-GATEWAY
2026-03-27T10:54:36.639+05:30 DEBUG 24304 --- [Api-Gateway] [ctor-http-nio-2] o.s.c.g.r.RouteDefinitionRouteLocator    : RouteDefinition ReactiveCompositeDiscoveryClient_KYC-SERVICE applying {pattern=/kyc-service/**} to Path
2026-03-27T10:54:36.642+05:30 DEBUG 24304 --- [Api-Gateway] [ctor-http-nio-2] o.s.c.g.r.RouteDefinitionRouteLocator    : RouteDefinition ReactiveCompositeDiscoveryClient_KYC-SERVICE applying filter {regexp=/kyc-service/?(?<remaining>.*), replacement=/${remaining}} to RewritePath
2026-03-27T10:54:36.644+05:30 DEBUG 24304 --- [Api-Gateway] [ctor-http-nio-2] o.s.c.g.r.RouteDefinitionRouteLocator    : RouteDefinition matched: ReactiveCompositeDiscoveryClient_KYC-SERVICE
2026-03-27T10:54:36.645+05:30 DEBUG 24304 --- [Api-Gateway] [ctor-http-nio-2] o.s.c.g.r.RouteDefinitionRouteLocator    : RouteDefinition ReactiveCompositeDiscoveryClient_ADMIN-SERVICE applying {pattern=/admin-service/**} to Path
2026-03-27T10:54:36.647+05:30 DEBUG 24304 --- [Api-Gateway] [ctor-http-nio-2] o.s.c.g.r.RouteDefinitionRouteLocator    : RouteDefinition ReactiveCompositeDiscoveryClient_ADMIN-SERVICE applying filter {regexp=/admin-service/?(?<remaining>.*), replacement=/${remaining}} to RewritePath
2026-03-27T10:54:36.649+05:30 DEBUG 24304 --- [Api-Gateway] [ctor-http-nio-2] o.s.c.g.r.RouteDefinitionRouteLocator    : RouteDefinition matched: ReactiveCompositeDiscoveryClient_ADMIN-SERVICE
2026-03-27T10:54:36.651+05:30 DEBUG 24304 --- [Api-Gateway] [ctor-http-nio-2] o.s.c.g.r.RouteDefinitionRouteLocator    : RouteDefinition ReactiveCompositeDiscoveryClient_TRANSACTION-SERVICE applying {pattern=/transaction-service/**} to Path
2026-03-27T10:54:36.653+05:30 DEBUG 24304 --- [Api-Gateway] [ctor-http-nio-2] o.s.c.g.r.RouteDefinitionRouteLocator    : RouteDefinition ReactiveCompositeDiscoveryClient_TRANSACTION-SERVICE applying filter {regexp=/transaction-service/?(?<remaining>.*), replacement=/${remaining}} to RewritePath
2026-03-27T10:54:36.655+05:30 DEBUG 24304 --- [Api-Gateway] [ctor-http-nio-2] o.s.c.g.r.RouteDefinitionRouteLocator    : RouteDefinition matched: ReactiveCompositeDiscoveryClient_TRANSACTION-SERVICE
2026-03-27T10:54:36.656+05:30 DEBUG 24304 --- [Api-Gateway] [ctor-http-nio-2] o.s.c.g.r.RouteDefinitionRouteLocator    : RouteDefinition ReactiveCompositeDiscoveryClient_WALLET-SERVICE applying {pattern=/wallet-service/**} to Path
2026-03-27T10:54:36.660+05:30 DEBUG 24304 --- [Api-Gateway] [ctor-http-nio-2] o.s.c.g.r.RouteDefinitionRouteLocator    : RouteDefinition ReactiveCompositeDiscoveryClient_WALLET-SERVICE applying filter {regexp=/wallet-service/?(?<remaining>.*), replacement=/${remaining}} to RewritePath
2026-03-27T10:54:36.661+05:30 DEBUG 24304 --- [Api-Gateway] [ctor-http-nio-2] o.s.c.g.r.RouteDefinitionRouteLocator    : RouteDefinition matched: ReactiveCompositeDiscoveryClient_WALLET-SERVICE
2026-03-27T10:54:36.662+05:30 DEBUG 24304 --- [Api-Gateway] [ctor-http-nio-2] o.s.c.g.r.RouteDefinitionRouteLocator    : RouteDefinition ReactiveCompositeDiscoveryClient_USER-SERVICE applying {pattern=/user-service/**} to Path
2026-03-27T10:54:36.663+05:30 DEBUG 24304 --- [Api-Gateway] [ctor-http-nio-2] o.s.c.g.r.RouteDefinitionRouteLocator    : RouteDefinition ReactiveCompositeDiscoveryClient_USER-SERVICE applying filter {regexp=/user-service/?(?<remaining>.*), replacement=/${remaining}} to RewritePath
2026-03-27T10:54:36.664+05:30 DEBUG 24304 --- [Api-Gateway] [ctor-http-nio-2] o.s.c.g.r.RouteDefinitionRouteLocator    : RouteDefinition matched: ReactiveCompositeDiscoveryClient_USER-SERVICE
2026-03-27T10:54:36.665+05:30 DEBUG 24304 --- [Api-Gateway] [ctor-http-nio-2] o.s.c.g.r.RouteDefinitionRouteLocator    : RouteDefinition ReactiveCompositeDiscoveryClient_PAYMENT-SERVICES applying {pattern=/payment-services/**} to Path
2026-03-27T10:54:36.666+05:30 DEBUG 24304 --- [Api-Gateway] [ctor-http-nio-2] o.s.c.g.r.RouteDefinitionRouteLocator    : RouteDefinition ReactiveCompositeDiscoveryClient_PAYMENT-SERVICES applying filter {regexp=/payment-services/?(?<remaining>.*), replacement=/${remaining}} to RewritePath
2026-03-27T10:54:36.668+05:30 DEBUG 24304 --- [Api-Gateway] [ctor-http-nio-2] o.s.c.g.r.RouteDefinitionRouteLocator    : RouteDefinition matched: ReactiveCompositeDiscoveryClient_PAYMENT-SERVICES
2026-03-27T10:54:36.668+05:30 DEBUG 24304 --- [Api-Gateway] [ctor-http-nio-2] o.s.c.g.r.RouteDefinitionRouteLocator    : RouteDefinition AUTH-SERVICE applying {_genkey_0=/auth/**} to Path
2026-03-27T10:54:36.670+05:30 DEBUG 24304 --- [Api-Gateway] [ctor-http-nio-2] o.s.c.g.r.RouteDefinitionRouteLocator    : RouteDefinition matched: AUTH-SERVICE
2026-03-27T10:54:36.672+05:30 DEBUG 24304 --- [Api-Gateway] [ctor-http-nio-2] o.s.c.g.r.RouteDefinitionRouteLocator    : RouteDefinition ADMIN-SERVICE applying {_genkey_0=/admin/**} to Path
2026-03-27T10:54:36.672+05:30 DEBUG 24304 --- [Api-Gateway] [ctor-http-nio-2] o.s.c.g.r.RouteDefinitionRouteLocator    : RouteDefinition matched: ADMIN-SERVICE
2026-03-27T10:54:36.674+05:30 DEBUG 24304 --- [Api-Gateway] [ctor-http-nio-2] o.s.c.g.r.RouteDefinitionRouteLocator    : RouteDefinition KYC-SERVICE applying {_genkey_0=/kyc/**} to Path
2026-03-27T10:54:36.675+05:30 DEBUG 24304 --- [Api-Gateway] [ctor-http-nio-2] o.s.c.g.r.RouteDefinitionRouteLocator    : RouteDefinition matched: KYC-SERVICE
2026-03-27T10:54:36.676+05:30 DEBUG 24304 --- [Api-Gateway] [ctor-http-nio-2] o.s.c.g.r.RouteDefinitionRouteLocator    : RouteDefinition PAYMENT-SERVICES applying {_genkey_0=/api/payments/**} to Path
2026-03-27T10:54:36.678+05:30 DEBUG 24304 --- [Api-Gateway] [ctor-http-nio-2] o.s.c.g.r.RouteDefinitionRouteLocator    : RouteDefinition PAYMENT-SERVICES applying filter {_genkey_0=name:paymentCircuitBreaker, _genkey_1=fallbackUri:forward:/fallback/payment} to CircuitBreaker
2026-03-27T10:54:36.679+05:30 DEBUG 24304 --- [Api-Gateway] [ctor-http-nio-2] o.s.c.g.r.RouteDefinitionRouteLocator    : RouteDefinition matched: PAYMENT-SERVICES
2026-03-27T10:54:36.681+05:30 DEBUG 24304 --- [Api-Gateway] [ctor-http-nio-2] o.s.c.g.r.RouteDefinitionRouteLocator    : RouteDefinition WALLET-SERVICE applying {_genkey_0=/api/wallets/**} to Path
2026-03-27T10:54:36.682+05:30 DEBUG 24304 --- [Api-Gateway] [ctor-http-nio-2] o.s.c.g.r.RouteDefinitionRouteLocator    : RouteDefinition WALLET-SERVICE applying filter {_genkey_0=name:walletCircuitBreaker, _genkey_1=fallbackUri:forward:/fallback/general} to CircuitBreaker
2026-03-27T10:54:36.684+05:30 DEBUG 24304 --- [Api-Gateway] [ctor-http-nio-2] o.s.c.g.r.RouteDefinitionRouteLocator    : RouteDefinition matched: WALLET-SERVICE
2026-03-27T10:54:36.685+05:30 DEBUG 24304 --- [Api-Gateway] [ctor-http-nio-2] o.s.c.g.r.RouteDefinitionRouteLocator    : RouteDefinition TRANSACTION-SERVICE applying {_genkey_0=/api/transaction/**} to Path
2026-03-27T10:54:36.687+05:30 DEBUG 24304 --- [Api-Gateway] [ctor-http-nio-2] o.s.c.g.r.RouteDefinitionRouteLocator    : RouteDefinition TRANSACTION-SERVICE applying filter {_genkey_0=name:transactionCircuitBreaker, _genkey_1=fallbackUri:forward:/fallback/general} to CircuitBreaker
2026-03-27T10:54:36.689+05:30 DEBUG 24304 --- [Api-Gateway] [ctor-http-nio-2] o.s.c.g.r.RouteDefinitionRouteLocator    : RouteDefinition matched: TRANSACTION-SERVICE
2026-03-27T10:54:36.691+05:30 DEBUG 24304 --- [Api-Gateway] [ctor-http-nio-2] o.s.c.g.r.RouteDefinitionRouteLocator    : RouteDefinition REWARDS-SERVICE applying {_genkey_0=/api/rewards/**} to Path
2026-03-27T10:54:36.693+05:30 DEBUG 24304 --- [Api-Gateway] [ctor-http-nio-2] o.s.c.g.r.RouteDefinitionRouteLocator    : RouteDefinition REWARDS-SERVICE applying filter {_genkey_0=name:rewardCircuitBreaker, _genkey_1=fallbackUri:forward:/fallback/reward} to CircuitBreaker
2026-03-27T10:54:36.695+05:30 DEBUG 24304 --- [Api-Gateway] [ctor-http-nio-2] o.s.c.g.r.RouteDefinitionRouteLocator    : RouteDefinition matched: REWARDS-SERVICE
2026-03-27T10:54:36.696+05:30 DEBUG 24304 --- [Api-Gateway] [ctor-http-nio-2] o.s.c.g.r.RouteDefinitionRouteLocator    : RouteDefinition NOTIFICATION-SERVICE applying {_genkey_0=/api/notifications/**} to Path
2026-03-27T10:54:36.697+05:30 DEBUG 24304 --- [Api-Gateway] [ctor-http-nio-2] o.s.c.g.r.RouteDefinitionRouteLocator    : RouteDefinition NOTIFICATION-SERVICE applying filter {_genkey_0=name:notificationCircuitBreaker, _genkey_1=fallbackUri:forward:/fallback/general} to CircuitBreaker
2026-03-27T10:54:36.699+05:30 DEBUG 24304 --- [Api-Gateway] [ctor-http-nio-2] o.s.c.g.r.RouteDefinitionRouteLocator    : RouteDefinition matched: NOTIFICATION-SERVICE
2026-03-27T10:54:36.700+05:30 DEBUG 24304 --- [Api-Gateway] [ctor-http-nio-2] o.s.c.g.r.RouteDefinitionRouteLocator    : RouteDefinition USER-SERVICE applying {_genkey_0=/users/**} to Path
2026-03-27T10:54:36.701+05:30 DEBUG 24304 --- [Api-Gateway] [ctor-http-nio-2] o.s.c.g.r.RouteDefinitionRouteLocator    : RouteDefinition matched: USER-SERVICE
2026-03-27T10:54:36.710+05:30 DEBUG 24304 --- [Api-Gateway] [ctor-http-nio-2] o.s.c.g.filter.GatewayMetricsFilter      : New routes count: 17
2026-03-27T10:54:36.753+05:30 DEBUG 24304 --- [Api-Gateway] [ctor-http-nio-2] g.f.h.o.ObservedRequestHttpHeadersFilter : Will instrument the HTTP request headers [Host:"localhost:7505", sec-ch-ua-platform:""Windows"", User-Agent:"Mozilla/5.0 (Windows NT 10.0; Win64; x64) AppleWebKit/537.36 (KHTML, like Gecko) Chrome/146.0.0.0 Safari/537.36 Edg/146.0.0.0", Accept:"application/json,*/*", sec-ch-ua:""Chromium";v="146", "Not-A.Brand";v="24", "Microsoft Edge";v="146"", sec-ch-ua-mobile:"?0", Sec-Fetch-Site:"same-origin", Sec-Fetch-Mode:"cors", Sec-Fetch-Dest:"empty", Referer:"http://localhost:7505/webjars/swagger-ui/index.html", Accept-Encoding:"gzip, deflate, br, zstd", Accept-Language:"en-US,en;q=0.9", Cookie:"jenkins-timestamper-offset=-19800000; ajs_anonymous_id=bb3c0659-9741-4132-8e48-df1d063bdfc6; splunkweb_csrf_token_8000=4650811227071327921; m=", Forwarded:"proto=http;host="localhost:7505";for="[0:0:0:0:0:0:0:1]:51993"", X-Forwarded-For:"0:0:0:0:0:0:0:1", X-Forwarded-Proto:"http", X-Forwarded-Port:"7505", X-Forwarded-Host:"localhost:7505"]
2026-03-27T10:54:36.762+05:30 DEBUG 24304 --- [Api-Gateway] [ctor-http-nio-2] g.f.h.o.ObservedRequestHttpHeadersFilter : Client observation  {name=http.client.requests(null), error=null, context=name='http.client.requests', contextualName='null', error='null', lowCardinalityKeyValues=[http.method='GET', http.status_code='UNKNOWN', spring.cloud.gateway.route.id='ADMIN-SERVICE', spring.cloud.gateway.route.uri='lb://ADMIN-SERVICE'], highCardinalityKeyValues=[http.uri='http://localhost:7505/admin/v3/api-docs'], map=[class io.micrometer.core.instrument.LongTaskTimer$Sample='SampleImpl{duration(seconds)=0.0014486, duration(nanos)=1448600.0, startTimeNanos=91373746664400}', class io.micrometer.core.instrument.Timer$Sample='io.micrometer.core.instrument.Timer$Sample@2337eaff'], parentObservation={name=http.server.requests(null), error=null, context=name='http.server.requests', contextualName='null', error='null', lowCardinalityKeyValues=[exception='none', method='GET', outcome='SUCCESS', status='200', uri='UNKNOWN'], highCardinalityKeyValues=[http.url='/admin/v3/api-docs'], map=[class io.micrometer.core.instrument.LongTaskTimer$Sample='SampleImpl{duration(seconds)=0.2415209, duration(nanos)=2.415209E8, startTimeNanos=91373506819700}', class io.micrometer.core.instrument.Timer$Sample='io.micrometer.core.instrument.Timer$Sample@26a61954'], parentObservation=null}} created for the request. New headers are [Host:"localhost:7505", sec-ch-ua-platform:""Windows"", User-Agent:"Mozilla/5.0 (Windows NT 10.0; Win64; x64) AppleWebKit/537.36 (KHTML, like Gecko) Chrome/146.0.0.0 Safari/537.36 Edg/146.0.0.0", Accept:"application/json,*/*", sec-ch-ua:""Chromium";v="146", "Not-A.Brand";v="24", "Microsoft Edge";v="146"", sec-ch-ua-mobile:"?0", Sec-Fetch-Site:"same-origin", Sec-Fetch-Mode:"cors", Sec-Fetch-Dest:"empty", Referer:"http://localhost:7505/webjars/swagger-ui/index.html", Accept-Encoding:"gzip, deflate, br, zstd", Accept-Language:"en-US,en;q=0.9", Cookie:"jenkins-timestamper-offset=-19800000; ajs_anonymous_id=bb3c0659-9741-4132-8e48-df1d063bdfc6; splunkweb_csrf_token_8000=4650811227071327921; m=", Forwarded:"proto=http;host="localhost:7505";for="[0:0:0:0:0:0:0:1]:51993"", X-Forwarded-For:"0:0:0:0:0:0:0:1", X-Forwarded-Proto:"http", X-Forwarded-Port:"7505", X-Forwarded-Host:"localhost:7505"]
2026-03-27T10:54:38.127+05:30 DEBUG 24304 --- [Api-Gateway] [ctor-http-nio-2] .f.h.o.ObservedResponseHttpHeadersFilter : Will instrument the response
2026-03-27T10:54:38.128+05:30 DEBUG 24304 --- [Api-Gateway] [ctor-http-nio-2] .f.h.o.ObservedResponseHttpHeadersFilter : The response was handled for observation {name=http.client.requests(null), error=null, context=name='http.client.requests', contextualName='null', error='null', lowCardinalityKeyValues=[http.method='GET', http.status_code='UNKNOWN', spring.cloud.gateway.route.id='ADMIN-SERVICE', spring.cloud.gateway.route.uri='lb://ADMIN-SERVICE'], highCardinalityKeyValues=[http.uri='http://localhost:7505/admin/v3/api-docs'], map=[class io.micrometer.core.instrument.LongTaskTimer$Sample='SampleImpl{duration(seconds)=1.367418, duration(nanos)=1.367418E9, startTimeNanos=91373746664400}', class io.micrometer.core.instrument.Timer$Sample='io.micrometer.core.instrument.Timer$Sample@2337eaff'], parentObservation={name=http.server.requests(null), error=null, context=name='http.server.requests', contextualName='null', error='null', lowCardinalityKeyValues=[exception='none', method='GET', outcome='SUCCESS', status='200', uri='UNKNOWN'], highCardinalityKeyValues=[http.url='/admin/v3/api-docs'], map=[class io.micrometer.core.instrument.LongTaskTimer$Sample='SampleImpl{duration(seconds)=1.6074608, duration(nanos)=1.6074608E9, startTimeNanos=91373506819700}', class io.micrometer.core.instrument.Timer$Sample='io.micrometer.core.instrument.Timer$Sample@26a61954'], parentObservation=null}}
2026-03-27T10:54:44.422+05:30 DEBUG 24304 --- [Api-Gateway] [ctor-http-nio-2] o.s.c.g.h.RoutePredicateHandlerMapping   : Route matched: USER-SERVICE
2026-03-27T10:54:44.424+05:30 DEBUG 24304 --- [Api-Gateway] [ctor-http-nio-2] o.s.c.g.h.RoutePredicateHandlerMapping   : Mapping [Exchange: GET http://localhost:7505/users/v3/api-docs] to Route{id='USER-SERVICE', uri=lb://USER-SERVICE, order=0, predicate=Paths: [/users/**], match trailing slash: true, gatewayFilters=[], metadata={}}
2026-03-27T10:54:44.424+05:30 DEBUG 24304 --- [Api-Gateway] [ctor-http-nio-2] o.s.c.g.h.RoutePredicateHandlerMapping   : [f5000188-4] Mapped to org.springframework.cloud.gateway.handler.FilteringWebHandler@1cb592da
2026-03-27T10:54:44.425+05:30 DEBUG 24304 --- [Api-Gateway] [ctor-http-nio-2] o.s.c.g.handler.FilteringWebHandler      : Sorted gatewayFilterFactories: [[GatewayFilterAdapter{delegate=org.springframework.cloud.gateway.filter.RemoveCachedBodyFilter@756c67cd}, order = -2147483648], [GatewayFilterAdapter{delegate=org.springframework.cloud.gateway.filter.AdaptCachedBodyGlobalFilter@1cc708a7}, order = -2147482648], [GatewayFilterAdapter{delegate=org.springframework.cloud.gateway.filter.NettyWriteResponseFilter@12214f2f}, order = -1], [GatewayFilterAdapter{delegate=org.springframework.cloud.gateway.filter.ForwardPathFilter@79308a2}, order = 0], [GatewayFilterAdapter{delegate=org.springframework.cloud.gateway.filter.GatewayMetricsFilter@352e5a82}, order = 0], [GatewayFilterAdapter{delegate=org.springframework.cloud.gateway.filter.RouteToRequestUrlFilter@50de907a}, order = 10000], [GatewayFilterAdapter{delegate=org.springframework.cloud.gateway.filter.ReactiveLoadBalancerClientFilter@3a2bb026}, order = 10150], [GatewayFilterAdapter{delegate=org.springframework.cloud.gateway.filter.LoadBalancerServiceInstanceCookieFilter@7645e64}, order = 10151], [GatewayFilterAdapter{delegate=org.springframework.cloud.gateway.filter.WebsocketRoutingFilter@11574592}, order = 2147483646], [GatewayFilterAdapter{delegate=org.springframework.cloud.gateway.filter.NettyRoutingFilter@7de6549d}, order = 2147483647], [GatewayFilterAdapter{delegate=org.springframework.cloud.gateway.filter.ForwardRoutingFilter@1fd37440}, order = 2147483647]]
2026-03-27T10:54:44.484+05:30 DEBUG 24304 --- [Api-Gateway] [ctor-http-nio-2] o.s.c.g.r.RouteDefinitionRouteLocator    : RouteDefinition ReactiveCompositeDiscoveryClient_CONFIG-SERVIER applying {pattern=/config-servier/**} to Path
2026-03-27T10:54:44.489+05:30 DEBUG 24304 --- [Api-Gateway] [ctor-http-nio-2] o.s.c.g.r.RouteDefinitionRouteLocator    : RouteDefinition ReactiveCompositeDiscoveryClient_CONFIG-SERVIER applying filter {regexp=/config-servier/?(?<remaining>.*), replacement=/${remaining}} to RewritePath
2026-03-27T10:54:44.490+05:30 DEBUG 24304 --- [Api-Gateway] [ctor-http-nio-2] o.s.c.g.r.RouteDefinitionRouteLocator    : RouteDefinition matched: ReactiveCompositeDiscoveryClient_CONFIG-SERVIER
2026-03-27T10:54:44.493+05:30 DEBUG 24304 --- [Api-Gateway] [ctor-http-nio-2] o.s.c.g.r.RouteDefinitionRouteLocator    : RouteDefinition ReactiveCompositeDiscoveryClient_API-GATEWAY applying {pattern=/api-gateway/**} to Path
2026-03-27T10:54:44.495+05:30 DEBUG 24304 --- [Api-Gateway] [ctor-http-nio-2] o.s.c.g.r.RouteDefinitionRouteLocator    : RouteDefinition ReactiveCompositeDiscoveryClient_API-GATEWAY applying filter {regexp=/api-gateway/?(?<remaining>.*), replacement=/${remaining}} to RewritePath
2026-03-27T10:54:44.498+05:30 DEBUG 24304 --- [Api-Gateway] [ctor-http-nio-2] o.s.c.g.r.RouteDefinitionRouteLocator    : RouteDefinition matched: ReactiveCompositeDiscoveryClient_API-GATEWAY
2026-03-27T10:54:44.499+05:30 DEBUG 24304 --- [Api-Gateway] [ctor-http-nio-2] o.s.c.g.r.RouteDefinitionRouteLocator    : RouteDefinition ReactiveCompositeDiscoveryClient_KYC-SERVICE applying {pattern=/kyc-service/**} to Path
2026-03-27T10:54:44.502+05:30 DEBUG 24304 --- [Api-Gateway] [ctor-http-nio-2] o.s.c.g.r.RouteDefinitionRouteLocator    : RouteDefinition ReactiveCompositeDiscoveryClient_KYC-SERVICE applying filter {regexp=/kyc-service/?(?<remaining>.*), replacement=/${remaining}} to RewritePath
2026-03-27T10:54:44.504+05:30 DEBUG 24304 --- [Api-Gateway] [ctor-http-nio-2] o.s.c.g.r.RouteDefinitionRouteLocator    : RouteDefinition matched: ReactiveCompositeDiscoveryClient_KYC-SERVICE
2026-03-27T10:54:44.505+05:30 DEBUG 24304 --- [Api-Gateway] [ctor-http-nio-2] o.s.c.g.r.RouteDefinitionRouteLocator    : RouteDefinition ReactiveCompositeDiscoveryClient_ADMIN-SERVICE applying {pattern=/admin-service/**} to Path
2026-03-27T10:54:44.507+05:30 DEBUG 24304 --- [Api-Gateway] [ctor-http-nio-2] o.s.c.g.r.RouteDefinitionRouteLocator    : RouteDefinition ReactiveCompositeDiscoveryClient_ADMIN-SERVICE applying filter {regexp=/admin-service/?(?<remaining>.*), replacement=/${remaining}} to RewritePath
2026-03-27T10:54:44.509+05:30 DEBUG 24304 --- [Api-Gateway] [ctor-http-nio-2] o.s.c.g.r.RouteDefinitionRouteLocator    : RouteDefinition matched: ReactiveCompositeDiscoveryClient_ADMIN-SERVICE
2026-03-27T10:54:44.510+05:30 DEBUG 24304 --- [Api-Gateway] [ctor-http-nio-2] o.s.c.g.r.RouteDefinitionRouteLocator    : RouteDefinition ReactiveCompositeDiscoveryClient_TRANSACTION-SERVICE applying {pattern=/transaction-service/**} to Path
2026-03-27T10:54:44.511+05:30 DEBUG 24304 --- [Api-Gateway] [ctor-http-nio-2] o.s.c.g.r.RouteDefinitionRouteLocator    : RouteDefinition ReactiveCompositeDiscoveryClient_TRANSACTION-SERVICE applying filter {regexp=/transaction-service/?(?<remaining>.*), replacement=/${remaining}} to RewritePath
2026-03-27T10:54:44.514+05:30 DEBUG 24304 --- [Api-Gateway] [ctor-http-nio-2] o.s.c.g.r.RouteDefinitionRouteLocator    : RouteDefinition matched: ReactiveCompositeDiscoveryClient_TRANSACTION-SERVICE
2026-03-27T10:54:44.515+05:30 DEBUG 24304 --- [Api-Gateway] [ctor-http-nio-2] o.s.c.g.r.RouteDefinitionRouteLocator    : RouteDefinition ReactiveCompositeDiscoveryClient_WALLET-SERVICE applying {pattern=/wallet-service/**} to Path
2026-03-27T10:54:44.518+05:30 DEBUG 24304 --- [Api-Gateway] [ctor-http-nio-2] o.s.c.g.r.RouteDefinitionRouteLocator    : RouteDefinition ReactiveCompositeDiscoveryClient_WALLET-SERVICE applying filter {regexp=/wallet-service/?(?<remaining>.*), replacement=/${remaining}} to RewritePath
2026-03-27T10:54:44.520+05:30 DEBUG 24304 --- [Api-Gateway] [ctor-http-nio-2] o.s.c.g.r.RouteDefinitionRouteLocator    : RouteDefinition matched: ReactiveCompositeDiscoveryClient_WALLET-SERVICE
2026-03-27T10:54:44.523+05:30 DEBUG 24304 --- [Api-Gateway] [ctor-http-nio-2] o.s.c.g.r.RouteDefinitionRouteLocator    : RouteDefinition ReactiveCompositeDiscoveryClient_USER-SERVICE applying {pattern=/user-service/**} to Path
2026-03-27T10:54:44.524+05:30 DEBUG 24304 --- [Api-Gateway] [ctor-http-nio-2] o.s.c.g.r.RouteDefinitionRouteLocator    : RouteDefinition ReactiveCompositeDiscoveryClient_USER-SERVICE applying filter {regexp=/user-service/?(?<remaining>.*), replacement=/${remaining}} to RewritePath
2026-03-27T10:54:44.526+05:30 DEBUG 24304 --- [Api-Gateway] [ctor-http-nio-2] o.s.c.g.r.RouteDefinitionRouteLocator    : RouteDefinition matched: ReactiveCompositeDiscoveryClient_USER-SERVICE
2026-03-27T10:54:44.528+05:30 DEBUG 24304 --- [Api-Gateway] [ctor-http-nio-2] o.s.c.g.r.RouteDefinitionRouteLocator    : RouteDefinition ReactiveCompositeDiscoveryClient_PAYMENT-SERVICES applying {pattern=/payment-services/**} to Path
2026-03-27T10:54:44.531+05:30 DEBUG 24304 --- [Api-Gateway] [ctor-http-nio-2] o.s.c.g.r.RouteDefinitionRouteLocator    : RouteDefinition ReactiveCompositeDiscoveryClient_PAYMENT-SERVICES applying filter {regexp=/payment-services/?(?<remaining>.*), replacement=/${remaining}} to RewritePath
2026-03-27T10:54:44.533+05:30 DEBUG 24304 --- [Api-Gateway] [ctor-http-nio-2] o.s.c.g.r.RouteDefinitionRouteLocator    : RouteDefinition matched: ReactiveCompositeDiscoveryClient_PAYMENT-SERVICES
2026-03-27T10:54:44.533+05:30 DEBUG 24304 --- [Api-Gateway] [ctor-http-nio-2] o.s.c.g.r.RouteDefinitionRouteLocator    : RouteDefinition AUTH-SERVICE applying {_genkey_0=/auth/**} to Path
2026-03-27T10:54:44.535+05:30 DEBUG 24304 --- [Api-Gateway] [ctor-http-nio-2] o.s.c.g.r.RouteDefinitionRouteLocator    : RouteDefinition matched: AUTH-SERVICE
2026-03-27T10:54:44.535+05:30 DEBUG 24304 --- [Api-Gateway] [ctor-http-nio-2] o.s.c.g.r.RouteDefinitionRouteLocator    : RouteDefinition ADMIN-SERVICE applying {_genkey_0=/admin/**} to Path
2026-03-27T10:54:44.537+05:30 DEBUG 24304 --- [Api-Gateway] [ctor-http-nio-2] o.s.c.g.r.RouteDefinitionRouteLocator    : RouteDefinition matched: ADMIN-SERVICE
2026-03-27T10:54:44.538+05:30 DEBUG 24304 --- [Api-Gateway] [ctor-http-nio-2] o.s.c.g.r.RouteDefinitionRouteLocator    : RouteDefinition KYC-SERVICE applying {_genkey_0=/kyc/**} to Path
2026-03-27T10:54:44.539+05:30 DEBUG 24304 --- [Api-Gateway] [ctor-http-nio-2] o.s.c.g.r.RouteDefinitionRouteLocator    : RouteDefinition matched: KYC-SERVICE
2026-03-27T10:54:44.539+05:30 DEBUG 24304 --- [Api-Gateway] [ctor-http-nio-2] o.s.c.g.r.RouteDefinitionRouteLocator    : RouteDefinition PAYMENT-SERVICES applying {_genkey_0=/api/payments/**} to Path
2026-03-27T10:54:44.541+05:30 DEBUG 24304 --- [Api-Gateway] [ctor-http-nio-2] o.s.c.g.r.RouteDefinitionRouteLocator    : RouteDefinition PAYMENT-SERVICES applying filter {_genkey_0=name:paymentCircuitBreaker, _genkey_1=fallbackUri:forward:/fallback/payment} to CircuitBreaker
2026-03-27T10:54:44.542+05:30 DEBUG 24304 --- [Api-Gateway] [ctor-http-nio-2] o.s.c.g.r.RouteDefinitionRouteLocator    : RouteDefinition matched: PAYMENT-SERVICES
2026-03-27T10:54:44.543+05:30 DEBUG 24304 --- [Api-Gateway] [ctor-http-nio-2] o.s.c.g.r.RouteDefinitionRouteLocator    : RouteDefinition WALLET-SERVICE applying {_genkey_0=/api/wallets/**} to Path
2026-03-27T10:54:44.545+05:30 DEBUG 24304 --- [Api-Gateway] [ctor-http-nio-2] o.s.c.g.r.RouteDefinitionRouteLocator    : RouteDefinition WALLET-SERVICE applying filter {_genkey_0=name:walletCircuitBreaker, _genkey_1=fallbackUri:forward:/fallback/general} to CircuitBreaker
2026-03-27T10:54:44.546+05:30 DEBUG 24304 --- [Api-Gateway] [ctor-http-nio-2] o.s.c.g.r.RouteDefinitionRouteLocator    : RouteDefinition matched: WALLET-SERVICE
2026-03-27T10:54:44.547+05:30 DEBUG 24304 --- [Api-Gateway] [ctor-http-nio-2] o.s.c.g.r.RouteDefinitionRouteLocator    : RouteDefinition TRANSACTION-SERVICE applying {_genkey_0=/api/transaction/**} to Path
2026-03-27T10:54:44.547+05:30 DEBUG 24304 --- [Api-Gateway] [ctor-http-nio-2] o.s.c.g.r.RouteDefinitionRouteLocator    : RouteDefinition TRANSACTION-SERVICE applying filter {_genkey_0=name:transactionCircuitBreaker, _genkey_1=fallbackUri:forward:/fallback/general} to CircuitBreaker
2026-03-27T10:54:44.550+05:30 DEBUG 24304 --- [Api-Gateway] [ctor-http-nio-2] o.s.c.g.r.RouteDefinitionRouteLocator    : RouteDefinition matched: TRANSACTION-SERVICE
2026-03-27T10:54:44.550+05:30 DEBUG 24304 --- [Api-Gateway] [ctor-http-nio-2] o.s.c.g.r.RouteDefinitionRouteLocator    : RouteDefinition REWARDS-SERVICE applying {_genkey_0=/api/rewards/**} to Path
2026-03-27T10:54:44.551+05:30 DEBUG 24304 --- [Api-Gateway] [ctor-http-nio-2] o.s.c.g.r.RouteDefinitionRouteLocator    : RouteDefinition REWARDS-SERVICE applying filter {_genkey_0=name:rewardCircuitBreaker, _genkey_1=fallbackUri:forward:/fallback/reward} to CircuitBreaker
2026-03-27T10:54:44.552+05:30 DEBUG 24304 --- [Api-Gateway] [ctor-http-nio-2] o.s.c.g.r.RouteDefinitionRouteLocator    : RouteDefinition matched: REWARDS-SERVICE
2026-03-27T10:54:44.553+05:30 DEBUG 24304 --- [Api-Gateway] [ctor-http-nio-2] o.s.c.g.r.RouteDefinitionRouteLocator    : RouteDefinition NOTIFICATION-SERVICE applying {_genkey_0=/api/notifications/**} to Path
2026-03-27T10:54:44.554+05:30 DEBUG 24304 --- [Api-Gateway] [ctor-http-nio-2] o.s.c.g.r.RouteDefinitionRouteLocator    : RouteDefinition NOTIFICATION-SERVICE applying filter {_genkey_0=name:notificationCircuitBreaker, _genkey_1=fallbackUri:forward:/fallback/general} to CircuitBreaker
2026-03-27T10:54:44.555+05:30 DEBUG 24304 --- [Api-Gateway] [ctor-http-nio-2] o.s.c.g.r.RouteDefinitionRouteLocator    : RouteDefinition matched: NOTIFICATION-SERVICE
2026-03-27T10:54:44.556+05:30 DEBUG 24304 --- [Api-Gateway] [ctor-http-nio-2] o.s.c.g.r.RouteDefinitionRouteLocator    : RouteDefinition USER-SERVICE applying {_genkey_0=/users/**} to Path
2026-03-27T10:54:44.557+05:30 DEBUG 24304 --- [Api-Gateway] [ctor-http-nio-2] o.s.c.g.r.RouteDefinitionRouteLocator    : RouteDefinition matched: USER-SERVICE
2026-03-27T10:54:44.561+05:30 DEBUG 24304 --- [Api-Gateway] [ctor-http-nio-2] o.s.c.g.filter.GatewayMetricsFilter      : New routes count: 17
2026-03-27T10:54:44.564+05:30 DEBUG 24304 --- [Api-Gateway] [ctor-http-nio-2] g.f.h.o.ObservedRequestHttpHeadersFilter : Will instrument the HTTP request headers [Host:"localhost:7505", sec-ch-ua-platform:""Windows"", User-Agent:"Mozilla/5.0 (Windows NT 10.0; Win64; x64) AppleWebKit/537.36 (KHTML, like Gecko) Chrome/146.0.0.0 Safari/537.36 Edg/146.0.0.0", Accept:"application/json,*/*", sec-ch-ua:""Chromium";v="146", "Not-A.Brand";v="24", "Microsoft Edge";v="146"", sec-ch-ua-mobile:"?0", Sec-Fetch-Site:"same-origin", Sec-Fetch-Mode:"cors", Sec-Fetch-Dest:"empty", Referer:"http://localhost:7505/webjars/swagger-ui/index.html?urls.primaryName=User%20Service", Accept-Encoding:"gzip, deflate, br, zstd", Accept-Language:"en-US,en;q=0.9", Cookie:"jenkins-timestamper-offset=-19800000; ajs_anonymous_id=bb3c0659-9741-4132-8e48-df1d063bdfc6; splunkweb_csrf_token_8000=4650811227071327921; m=", Forwarded:"proto=http;host="localhost:7505";for="[0:0:0:0:0:0:0:1]:51993"", X-Forwarded-For:"0:0:0:0:0:0:0:1", X-Forwarded-Proto:"http", X-Forwarded-Port:"7505", X-Forwarded-Host:"localhost:7505"]
2026-03-27T10:54:44.565+05:30 DEBUG 24304 --- [Api-Gateway] [ctor-http-nio-2] g.f.h.o.ObservedRequestHttpHeadersFilter : Client observation  {name=http.client.requests(null), error=null, context=name='http.client.requests', contextualName='null', error='null', lowCardinalityKeyValues=[http.method='GET', http.status_code='UNKNOWN', spring.cloud.gateway.route.id='USER-SERVICE', spring.cloud.gateway.route.uri='lb://USER-SERVICE'], highCardinalityKeyValues=[http.uri='http://localhost:7505/users/v3/api-docs'], map=[class io.micrometer.core.instrument.LongTaskTimer$Sample='SampleImpl{duration(seconds)=1.46E-4, duration(nanos)=146000.0, startTimeNanos=91381550854800}', class io.micrometer.core.instrument.Timer$Sample='io.micrometer.core.instrument.Timer$Sample@6125bcde'], parentObservation={name=http.server.requests(null), error=null, context=name='http.server.requests', contextualName='null', error='null', lowCardinalityKeyValues=[exception='none', method='GET', outcome='SUCCESS', status='200', uri='UNKNOWN'], highCardinalityKeyValues=[http.url='/users/v3/api-docs'], map=[class io.micrometer.core.instrument.LongTaskTimer$Sample='SampleImpl{duration(seconds)=0.1482037, duration(nanos)=1.482037E8, startTimeNanos=91381402963500}', class io.micrometer.core.instrument.Timer$Sample='io.micrometer.core.instrument.Timer$Sample@282b3570'], parentObservation=null}} created for the request. New headers are [Host:"localhost:7505", sec-ch-ua-platform:""Windows"", User-Agent:"Mozilla/5.0 (Windows NT 10.0; Win64; x64) AppleWebKit/537.36 (KHTML, like Gecko) Chrome/146.0.0.0 Safari/537.36 Edg/146.0.0.0", Accept:"application/json,*/*", sec-ch-ua:""Chromium";v="146", "Not-A.Brand";v="24", "Microsoft Edge";v="146"", sec-ch-ua-mobile:"?0", Sec-Fetch-Site:"same-origin", Sec-Fetch-Mode:"cors", Sec-Fetch-Dest:"empty", Referer:"http://localhost:7505/webjars/swagger-ui/index.html?urls.primaryName=User%20Service", Accept-Encoding:"gzip, deflate, br, zstd", Accept-Language:"en-US,en;q=0.9", Cookie:"jenkins-timestamper-offset=-19800000; ajs_anonymous_id=bb3c0659-9741-4132-8e48-df1d063bdfc6; splunkweb_csrf_token_8000=4650811227071327921; m=", Forwarded:"proto=http;host="localhost:7505";for="[0:0:0:0:0:0:0:1]:51993"", X-Forwarded-For:"0:0:0:0:0:0:0:1", X-Forwarded-Proto:"http", X-Forwarded-Port:"7505", X-Forwarded-Host:"localhost:7505"]
2026-03-27T10:54:45.441+05:30 DEBUG 24304 --- [Api-Gateway] [ctor-http-nio-2] .f.h.o.ObservedResponseHttpHeadersFilter : Will instrument the response
2026-03-27T10:54:45.443+05:30 DEBUG 24304 --- [Api-Gateway] [ctor-http-nio-2] .f.h.o.ObservedResponseHttpHeadersFilter : The response was handled for observation {name=http.client.requests(null), error=null, context=name='http.client.requests', contextualName='null', error='null', lowCardinalityKeyValues=[http.method='GET', http.status_code='UNKNOWN', spring.cloud.gateway.route.id='USER-SERVICE', spring.cloud.gateway.route.uri='lb://USER-SERVICE'], highCardinalityKeyValues=[http.uri='http://localhost:7505/users/v3/api-docs'], map=[class io.micrometer.core.instrument.LongTaskTimer$Sample='SampleImpl{duration(seconds)=0.878426, duration(nanos)=8.78426E8, startTimeNanos=91381550854800}', class io.micrometer.core.instrument.Timer$Sample='io.micrometer.core.instrument.Timer$Sample@6125bcde'], parentObservation={name=http.server.requests(null), error=null, context=name='http.server.requests', contextualName='null', error='null', lowCardinalityKeyValues=[exception='none', method='GET', outcome='SUCCESS', status='200', uri='UNKNOWN'], highCardinalityKeyValues=[http.url='/users/v3/api-docs'], map=[class io.micrometer.core.instrument.LongTaskTimer$Sample='SampleImpl{duration(seconds)=1.0265867, duration(nanos)=1.0265867E9, startTimeNanos=91381402963500}', class io.micrometer.core.instrument.Timer$Sample='io.micrometer.core.instrument.Timer$Sample@282b3570'], parentObservation=null}}
2026-03-27T10:54:47.253+05:30 DEBUG 24304 --- [Api-Gateway] [reshExecutor-%d] o.s.c.g.r.RouteDefinitionRouteLocator    : RouteDefinition ReactiveCompositeDiscoveryClient_CONFIG-SERVIER applying {pattern=/config-servier/**} to Path
2026-03-27T10:54:47.255+05:30 DEBUG 24304 --- [Api-Gateway] [reshExecutor-%d] o.s.c.g.r.RouteDefinitionRouteLocator    : RouteDefinition ReactiveCompositeDiscoveryClient_CONFIG-SERVIER applying filter {regexp=/config-servier/?(?<remaining>.*), replacement=/${remaining}} to RewritePath
2026-03-27T10:54:47.256+05:30 DEBUG 24304 --- [Api-Gateway] [reshExecutor-%d] o.s.c.g.r.RouteDefinitionRouteLocator    : RouteDefinition matched: ReactiveCompositeDiscoveryClient_CONFIG-SERVIER
2026-03-27T10:54:47.257+05:30 DEBUG 24304 --- [Api-Gateway] [reshExecutor-%d] o.s.c.g.r.RouteDefinitionRouteLocator    : RouteDefinition ReactiveCompositeDiscoveryClient_API-GATEWAY applying {pattern=/api-gateway/**} to Path
2026-03-27T10:54:47.260+05:30 DEBUG 24304 --- [Api-Gateway] [reshExecutor-%d] o.s.c.g.r.RouteDefinitionRouteLocator    : RouteDefinition ReactiveCompositeDiscoveryClient_API-GATEWAY applying filter {regexp=/api-gateway/?(?<remaining>.*), replacement=/${remaining}} to RewritePath
2026-03-27T10:54:47.261+05:30 DEBUG 24304 --- [Api-Gateway] [reshExecutor-%d] o.s.c.g.r.RouteDefinitionRouteLocator    : RouteDefinition matched: ReactiveCompositeDiscoveryClient_API-GATEWAY
2026-03-27T10:54:47.262+05:30 DEBUG 24304 --- [Api-Gateway] [reshExecutor-%d] o.s.c.g.r.RouteDefinitionRouteLocator    : RouteDefinition ReactiveCompositeDiscoveryClient_REWARDS-SERVICE applying {pattern=/rewards-service/**} to Path
2026-03-27T10:54:47.263+05:30 DEBUG 24304 --- [Api-Gateway] [reshExecutor-%d] o.s.c.g.r.RouteDefinitionRouteLocator    : RouteDefinition ReactiveCompositeDiscoveryClient_REWARDS-SERVICE applying filter {regexp=/rewards-service/?(?<remaining>.*), replacement=/${remaining}} to RewritePath
2026-03-27T10:54:47.266+05:30 DEBUG 24304 --- [Api-Gateway] [reshExecutor-%d] o.s.c.g.r.RouteDefinitionRouteLocator    : RouteDefinition matched: ReactiveCompositeDiscoveryClient_REWARDS-SERVICE
2026-03-27T10:54:47.268+05:30 DEBUG 24304 --- [Api-Gateway] [reshExecutor-%d] o.s.c.g.r.RouteDefinitionRouteLocator    : RouteDefinition ReactiveCompositeDiscoveryClient_KYC-SERVICE applying {pattern=/kyc-service/**} to Path
2026-03-27T10:54:47.269+05:30 DEBUG 24304 --- [Api-Gateway] [reshExecutor-%d] o.s.c.g.r.RouteDefinitionRouteLocator    : RouteDefinition ReactiveCompositeDiscoveryClient_KYC-SERVICE applying filter {regexp=/kyc-service/?(?<remaining>.*), replacement=/${remaining}} to RewritePath
2026-03-27T10:54:47.271+05:30 DEBUG 24304 --- [Api-Gateway] [reshExecutor-%d] o.s.c.g.r.RouteDefinitionRouteLocator    : RouteDefinition matched: ReactiveCompositeDiscoveryClient_KYC-SERVICE
2026-03-27T10:54:47.272+05:30 DEBUG 24304 --- [Api-Gateway] [reshExecutor-%d] o.s.c.g.r.RouteDefinitionRouteLocator    : RouteDefinition ReactiveCompositeDiscoveryClient_ADMIN-SERVICE applying {pattern=/admin-service/**} to Path
2026-03-27T10:54:47.273+05:30 DEBUG 24304 --- [Api-Gateway] [reshExecutor-%d] o.s.c.g.r.RouteDefinitionRouteLocator    : RouteDefinition ReactiveCompositeDiscoveryClient_ADMIN-SERVICE applying filter {regexp=/admin-service/?(?<remaining>.*), replacement=/${remaining}} to RewritePath
2026-03-27T10:54:47.274+05:30 DEBUG 24304 --- [Api-Gateway] [reshExecutor-%d] o.s.c.g.r.RouteDefinitionRouteLocator    : RouteDefinition matched: ReactiveCompositeDiscoveryClient_ADMIN-SERVICE
2026-03-27T10:54:47.275+05:30 DEBUG 24304 --- [Api-Gateway] [reshExecutor-%d] o.s.c.g.r.RouteDefinitionRouteLocator    : RouteDefinition ReactiveCompositeDiscoveryClient_TRANSACTION-SERVICE applying {pattern=/transaction-service/**} to Path
2026-03-27T10:54:47.277+05:30 DEBUG 24304 --- [Api-Gateway] [reshExecutor-%d] o.s.c.g.r.RouteDefinitionRouteLocator    : RouteDefinition ReactiveCompositeDiscoveryClient_TRANSACTION-SERVICE applying filter {regexp=/transaction-service/?(?<remaining>.*), replacement=/${remaining}} to RewritePath
2026-03-27T10:54:47.278+05:30 DEBUG 24304 --- [Api-Gateway] [reshExecutor-%d] o.s.c.g.r.RouteDefinitionRouteLocator    : RouteDefinition matched: ReactiveCompositeDiscoveryClient_TRANSACTION-SERVICE
2026-03-27T10:54:47.279+05:30 DEBUG 24304 --- [Api-Gateway] [reshExecutor-%d] o.s.c.g.r.RouteDefinitionRouteLocator    : RouteDefinition ReactiveCompositeDiscoveryClient_WALLET-SERVICE applying {pattern=/wallet-service/**} to Path
2026-03-27T10:54:47.281+05:30 DEBUG 24304 --- [Api-Gateway] [reshExecutor-%d] o.s.c.g.r.RouteDefinitionRouteLocator    : RouteDefinition ReactiveCompositeDiscoveryClient_WALLET-SERVICE applying filter {regexp=/wallet-service/?(?<remaining>.*), replacement=/${remaining}} to RewritePath
2026-03-27T10:54:47.282+05:30 DEBUG 24304 --- [Api-Gateway] [reshExecutor-%d] o.s.c.g.r.RouteDefinitionRouteLocator    : RouteDefinition matched: ReactiveCompositeDiscoveryClient_WALLET-SERVICE
2026-03-27T10:54:47.283+05:30 DEBUG 24304 --- [Api-Gateway] [reshExecutor-%d] o.s.c.g.r.RouteDefinitionRouteLocator    : RouteDefinition ReactiveCompositeDiscoveryClient_NOTIFICATION-SERVICE applying {pattern=/notification-service/**} to Path
2026-03-27T10:54:47.284+05:30 DEBUG 24304 --- [Api-Gateway] [reshExecutor-%d] o.s.c.g.r.RouteDefinitionRouteLocator    : RouteDefinition ReactiveCompositeDiscoveryClient_NOTIFICATION-SERVICE applying filter {regexp=/notification-service/?(?<remaining>.*), replacement=/${remaining}} to RewritePath
2026-03-27T10:54:47.286+05:30 DEBUG 24304 --- [Api-Gateway] [reshExecutor-%d] o.s.c.g.r.RouteDefinitionRouteLocator    : RouteDefinition matched: ReactiveCompositeDiscoveryClient_NOTIFICATION-SERVICE
2026-03-27T10:54:47.287+05:30 DEBUG 24304 --- [Api-Gateway] [reshExecutor-%d] o.s.c.g.r.RouteDefinitionRouteLocator    : RouteDefinition ReactiveCompositeDiscoveryClient_USER-SERVICE applying {pattern=/user-service/**} to Path
2026-03-27T10:54:47.288+05:30 DEBUG 24304 --- [Api-Gateway] [reshExecutor-%d] o.s.c.g.r.RouteDefinitionRouteLocator    : RouteDefinition ReactiveCompositeDiscoveryClient_USER-SERVICE applying filter {regexp=/user-service/?(?<remaining>.*), replacement=/${remaining}} to RewritePath
2026-03-27T10:54:47.289+05:30 DEBUG 24304 --- [Api-Gateway] [reshExecutor-%d] o.s.c.g.r.RouteDefinitionRouteLocator    : RouteDefinition matched: ReactiveCompositeDiscoveryClient_USER-SERVICE
2026-03-27T10:54:47.290+05:30 DEBUG 24304 --- [Api-Gateway] [reshExecutor-%d] o.s.c.g.r.RouteDefinitionRouteLocator    : RouteDefinition ReactiveCompositeDiscoveryClient_PAYMENT-SERVICES applying {pattern=/payment-services/**} to Path
2026-03-27T10:54:47.292+05:30 DEBUG 24304 --- [Api-Gateway] [reshExecutor-%d] o.s.c.g.r.RouteDefinitionRouteLocator    : RouteDefinition ReactiveCompositeDiscoveryClient_PAYMENT-SERVICES applying filter {regexp=/payment-services/?(?<remaining>.*), replacement=/${remaining}} to RewritePath
2026-03-27T10:54:47.293+05:30 DEBUG 24304 --- [Api-Gateway] [reshExecutor-%d] o.s.c.g.r.RouteDefinitionRouteLocator    : RouteDefinition matched: ReactiveCompositeDiscoveryClient_PAYMENT-SERVICES
2026-03-27T10:54:47.294+05:30 DEBUG 24304 --- [Api-Gateway] [reshExecutor-%d] o.s.c.g.r.RouteDefinitionRouteLocator    : RouteDefinition AUTH-SERVICE applying {_genkey_0=/auth/**} to Path
2026-03-27T10:54:47.295+05:30 DEBUG 24304 --- [Api-Gateway] [reshExecutor-%d] o.s.c.g.r.RouteDefinitionRouteLocator    : RouteDefinition matched: AUTH-SERVICE
2026-03-27T10:54:47.296+05:30 DEBUG 24304 --- [Api-Gateway] [reshExecutor-%d] o.s.c.g.r.RouteDefinitionRouteLocator    : RouteDefinition ADMIN-SERVICE applying {_genkey_0=/admin/**} to Path
2026-03-27T10:54:47.297+05:30 DEBUG 24304 --- [Api-Gateway] [reshExecutor-%d] o.s.c.g.r.RouteDefinitionRouteLocator    : RouteDefinition matched: ADMIN-SERVICE
2026-03-27T10:54:47.297+05:30 DEBUG 24304 --- [Api-Gateway] [reshExecutor-%d] o.s.c.g.r.RouteDefinitionRouteLocator    : RouteDefinition KYC-SERVICE applying {_genkey_0=/kyc/**} to Path
2026-03-27T10:54:47.299+05:30 DEBUG 24304 --- [Api-Gateway] [reshExecutor-%d] o.s.c.g.r.RouteDefinitionRouteLocator    : RouteDefinition matched: KYC-SERVICE
2026-03-27T10:54:47.299+05:30 DEBUG 24304 --- [Api-Gateway] [reshExecutor-%d] o.s.c.g.r.RouteDefinitionRouteLocator    : RouteDefinition PAYMENT-SERVICES applying {_genkey_0=/api/payments/**} to Path
2026-03-27T10:54:47.301+05:30 DEBUG 24304 --- [Api-Gateway] [reshExecutor-%d] o.s.c.g.r.RouteDefinitionRouteLocator    : RouteDefinition PAYMENT-SERVICES applying filter {_genkey_0=name:paymentCircuitBreaker, _genkey_1=fallbackUri:forward:/fallback/payment} to CircuitBreaker
2026-03-27T10:54:47.302+05:30 DEBUG 24304 --- [Api-Gateway] [reshExecutor-%d] o.s.c.g.r.RouteDefinitionRouteLocator    : RouteDefinition matched: PAYMENT-SERVICES
2026-03-27T10:54:47.303+05:30 DEBUG 24304 --- [Api-Gateway] [reshExecutor-%d] o.s.c.g.r.RouteDefinitionRouteLocator    : RouteDefinition WALLET-SERVICE applying {_genkey_0=/api/wallets/**} to Path
2026-03-27T10:54:47.304+05:30 DEBUG 24304 --- [Api-Gateway] [reshExecutor-%d] o.s.c.g.r.RouteDefinitionRouteLocator    : RouteDefinition WALLET-SERVICE applying filter {_genkey_0=name:walletCircuitBreaker, _genkey_1=fallbackUri:forward:/fallback/general} to CircuitBreaker
2026-03-27T10:54:47.306+05:30 DEBUG 24304 --- [Api-Gateway] [reshExecutor-%d] o.s.c.g.r.RouteDefinitionRouteLocator    : RouteDefinition matched: WALLET-SERVICE
2026-03-27T10:54:47.306+05:30 DEBUG 24304 --- [Api-Gateway] [reshExecutor-%d] o.s.c.g.r.RouteDefinitionRouteLocator    : RouteDefinition TRANSACTION-SERVICE applying {_genkey_0=/api/transaction/**} to Path
2026-03-27T10:54:47.307+05:30 DEBUG 24304 --- [Api-Gateway] [reshExecutor-%d] o.s.c.g.r.RouteDefinitionRouteLocator    : RouteDefinition TRANSACTION-SERVICE applying filter {_genkey_0=name:transactionCircuitBreaker, _genkey_1=fallbackUri:forward:/fallback/general} to CircuitBreaker
2026-03-27T10:54:47.308+05:30 DEBUG 24304 --- [Api-Gateway] [reshExecutor-%d] o.s.c.g.r.RouteDefinitionRouteLocator    : RouteDefinition matched: TRANSACTION-SERVICE
2026-03-27T10:54:47.310+05:30 DEBUG 24304 --- [Api-Gateway] [reshExecutor-%d] o.s.c.g.r.RouteDefinitionRouteLocator    : RouteDefinition REWARDS-SERVICE applying {_genkey_0=/api/rewards/**} to Path
2026-03-27T10:54:47.311+05:30 DEBUG 24304 --- [Api-Gateway] [reshExecutor-%d] o.s.c.g.r.RouteDefinitionRouteLocator    : RouteDefinition REWARDS-SERVICE applying filter {_genkey_0=name:rewardCircuitBreaker, _genkey_1=fallbackUri:forward:/fallback/reward} to CircuitBreaker
2026-03-27T10:54:47.312+05:30 DEBUG 24304 --- [Api-Gateway] [reshExecutor-%d] o.s.c.g.r.RouteDefinitionRouteLocator    : RouteDefinition matched: REWARDS-SERVICE
2026-03-27T10:54:47.313+05:30 DEBUG 24304 --- [Api-Gateway] [reshExecutor-%d] o.s.c.g.r.RouteDefinitionRouteLocator    : RouteDefinition NOTIFICATION-SERVICE applying {_genkey_0=/api/notifications/**} to Path
2026-03-27T10:54:47.315+05:30 DEBUG 24304 --- [Api-Gateway] [reshExecutor-%d] o.s.c.g.r.RouteDefinitionRouteLocator    : RouteDefinition NOTIFICATION-SERVICE applying filter {_genkey_0=name:notificationCircuitBreaker, _genkey_1=fallbackUri:forward:/fallback/general} to CircuitBreaker
2026-03-27T10:54:47.316+05:30 DEBUG 24304 --- [Api-Gateway] [reshExecutor-%d] o.s.c.g.r.RouteDefinitionRouteLocator    : RouteDefinition matched: NOTIFICATION-SERVICE
2026-03-27T10:54:47.316+05:30 DEBUG 24304 --- [Api-Gateway] [reshExecutor-%d] o.s.c.g.r.RouteDefinitionRouteLocator    : RouteDefinition USER-SERVICE applying {_genkey_0=/users/**} to Path
2026-03-27T10:54:47.318+05:30 DEBUG 24304 --- [Api-Gateway] [reshExecutor-%d] o.s.c.g.r.RouteDefinitionRouteLocator    : RouteDefinition matched: USER-SERVICE
2026-03-27T10:54:47.322+05:30 DEBUG 24304 --- [Api-Gateway] [reshExecutor-%d] o.s.c.g.filter.GatewayMetricsFilter      : New routes count: 19
2026-03-27T10:54:50.524+05:30 DEBUG 24304 --- [Api-Gateway] [ctor-http-nio-2] o.s.c.g.h.RoutePredicateHandlerMapping   : Route matched: USER-SERVICE
2026-03-27T10:54:50.525+05:30 DEBUG 24304 --- [Api-Gateway] [ctor-http-nio-2] o.s.c.g.h.RoutePredicateHandlerMapping   : Mapping [Exchange: GET http://localhost:7505/users] to Route{id='USER-SERVICE', uri=lb://USER-SERVICE, order=0, predicate=Paths: [/users/**], match trailing slash: true, gatewayFilters=[], metadata={}}
2026-03-27T10:54:50.525+05:30 DEBUG 24304 --- [Api-Gateway] [ctor-http-nio-2] o.s.c.g.h.RoutePredicateHandlerMapping   : [f5000188-5] Mapped to org.springframework.cloud.gateway.handler.FilteringWebHandler@1cb592da
2026-03-27T10:54:50.526+05:30 DEBUG 24304 --- [Api-Gateway] [ctor-http-nio-2] o.s.c.g.handler.FilteringWebHandler      : Sorted gatewayFilterFactories: [[GatewayFilterAdapter{delegate=org.springframework.cloud.gateway.filter.RemoveCachedBodyFilter@756c67cd}, order = -2147483648], [GatewayFilterAdapter{delegate=org.springframework.cloud.gateway.filter.AdaptCachedBodyGlobalFilter@1cc708a7}, order = -2147482648], [GatewayFilterAdapter{delegate=org.springframework.cloud.gateway.filter.NettyWriteResponseFilter@12214f2f}, order = -1], [GatewayFilterAdapter{delegate=org.springframework.cloud.gateway.filter.ForwardPathFilter@79308a2}, order = 0], [GatewayFilterAdapter{delegate=org.springframework.cloud.gateway.filter.GatewayMetricsFilter@352e5a82}, order = 0], [GatewayFilterAdapter{delegate=org.springframework.cloud.gateway.filter.RouteToRequestUrlFilter@50de907a}, order = 10000], [GatewayFilterAdapter{delegate=org.springframework.cloud.gateway.filter.ReactiveLoadBalancerClientFilter@3a2bb026}, order = 10150], [GatewayFilterAdapter{delegate=org.springframework.cloud.gateway.filter.LoadBalancerServiceInstanceCookieFilter@7645e64}, order = 10151], [GatewayFilterAdapter{delegate=org.springframework.cloud.gateway.filter.WebsocketRoutingFilter@11574592}, order = 2147483646], [GatewayFilterAdapter{delegate=org.springframework.cloud.gateway.filter.NettyRoutingFilter@7de6549d}, order = 2147483647], [GatewayFilterAdapter{delegate=org.springframework.cloud.gateway.filter.ForwardRoutingFilter@1fd37440}, order = 2147483647]]
2026-03-27T10:54:50.527+05:30 DEBUG 24304 --- [Api-Gateway] [ctor-http-nio-2] g.f.h.o.ObservedRequestHttpHeadersFilter : Will instrument the HTTP request headers [Host:"localhost:7505", sec-ch-ua-platform:""Windows"", User-Agent:"Mozilla/5.0 (Windows NT 10.0; Win64; x64) AppleWebKit/537.36 (KHTML, like Gecko) Chrome/146.0.0.0 Safari/537.36 Edg/146.0.0.0", accept:"*/*", sec-ch-ua:""Chromium";v="146", "Not-A.Brand";v="24", "Microsoft Edge";v="146"", sec-ch-ua-mobile:"?0", Sec-Fetch-Site:"same-origin", Sec-Fetch-Mode:"cors", Sec-Fetch-Dest:"empty", Referer:"http://localhost:7505/webjars/swagger-ui/index.html?urls.primaryName=User%20Service", Accept-Encoding:"gzip, deflate, br, zstd", Accept-Language:"en-US,en;q=0.9", Cookie:"jenkins-timestamper-offset=-19800000; ajs_anonymous_id=bb3c0659-9741-4132-8e48-df1d063bdfc6; splunkweb_csrf_token_8000=4650811227071327921; m=", Forwarded:"proto=http;host="localhost:7505";for="[0:0:0:0:0:0:0:1]:51993"", X-Forwarded-For:"0:0:0:0:0:0:0:1", X-Forwarded-Proto:"http", X-Forwarded-Port:"7505", X-Forwarded-Host:"localhost:7505"]
2026-03-27T10:54:50.528+05:30 DEBUG 24304 --- [Api-Gateway] [ctor-http-nio-2] g.f.h.o.ObservedRequestHttpHeadersFilter : Client observation  {name=http.client.requests(null), error=null, context=name='http.client.requests', contextualName='null', error='null', lowCardinalityKeyValues=[http.method='GET', http.status_code='UNKNOWN', spring.cloud.gateway.route.id='USER-SERVICE', spring.cloud.gateway.route.uri='lb://USER-SERVICE'], highCardinalityKeyValues=[http.uri='http://localhost:7505/users'], map=[class io.micrometer.core.instrument.LongTaskTimer$Sample='SampleImpl{duration(seconds)=1.038E-4, duration(nanos)=103800.0, startTimeNanos=91387513821800}', class io.micrometer.core.instrument.Timer$Sample='io.micrometer.core.instrument.Timer$Sample@6dfb7c73'], parentObservation={name=http.server.requests(null), error=null, context=name='http.server.requests', contextualName='null', error='null', lowCardinalityKeyValues=[exception='none', method='GET', outcome='SUCCESS', status='200', uri='UNKNOWN'], highCardinalityKeyValues=[http.url='/users'], map=[class io.micrometer.core.instrument.LongTaskTimer$Sample='SampleImpl{duration(seconds)=0.0059983, duration(nanos)=5998300.0, startTimeNanos=91387508025900}', class io.micrometer.core.instrument.Timer$Sample='io.micrometer.core.instrument.Timer$Sample@13e0981'], parentObservation=null}} created for the request. New headers are [Host:"localhost:7505", sec-ch-ua-platform:""Windows"", User-Agent:"Mozilla/5.0 (Windows NT 10.0; Win64; x64) AppleWebKit/537.36 (KHTML, like Gecko) Chrome/146.0.0.0 Safari/537.36 Edg/146.0.0.0", accept:"*/*", sec-ch-ua:""Chromium";v="146", "Not-A.Brand";v="24", "Microsoft Edge";v="146"", sec-ch-ua-mobile:"?0", Sec-Fetch-Site:"same-origin", Sec-Fetch-Mode:"cors", Sec-Fetch-Dest:"empty", Referer:"http://localhost:7505/webjars/swagger-ui/index.html?urls.primaryName=User%20Service", Accept-Encoding:"gzip, deflate, br, zstd", Accept-Language:"en-US,en;q=0.9", Cookie:"jenkins-timestamper-offset=-19800000; ajs_anonymous_id=bb3c0659-9741-4132-8e48-df1d063bdfc6; splunkweb_csrf_token_8000=4650811227071327921; m=", Forwarded:"proto=http;host="localhost:7505";for="[0:0:0:0:0:0:0:1]:51993"", X-Forwarded-For:"0:0:0:0:0:0:0:1", X-Forwarded-Proto:"http", X-Forwarded-Port:"7505", X-Forwarded-Host:"localhost:7505"]
2026-03-27T10:54:50.609+05:30 DEBUG 24304 --- [Api-Gateway] [ctor-http-nio-2] .f.h.o.ObservedResponseHttpHeadersFilter : Will instrument the response
2026-03-27T10:54:50.611+05:30 DEBUG 24304 --- [Api-Gateway] [ctor-http-nio-2] .f.h.o.ObservedResponseHttpHeadersFilter : The response was handled for observation {name=http.client.requests(null), error=null, context=name='http.client.requests', contextualName='null', error='null', lowCardinalityKeyValues=[http.method='GET', http.status_code='UNKNOWN', spring.cloud.gateway.route.id='USER-SERVICE', spring.cloud.gateway.route.uri='lb://USER-SERVICE'], highCardinalityKeyValues=[http.uri='http://localhost:7505/users'], map=[class io.micrometer.core.instrument.LongTaskTimer$Sample='SampleImpl{duration(seconds)=0.0835349, duration(nanos)=8.35349E7, startTimeNanos=91387513821800}', class io.micrometer.core.instrument.Timer$Sample='io.micrometer.core.instrument.Timer$Sample@6dfb7c73'], parentObservation={name=http.server.requests(null), error=null, context=name='http.server.requests', contextualName='null', error='null', lowCardinalityKeyValues=[exception='none', method='GET', outcome='SUCCESS', status='200', uri='UNKNOWN'], highCardinalityKeyValues=[http.url='/users'], map=[class io.micrometer.core.instrument.LongTaskTimer$Sample='SampleImpl{duration(seconds)=0.0894994, duration(nanos)=8.94994E7, startTimeNanos=91387508025900}', class io.micrometer.core.instrument.Timer$Sample='io.micrometer.core.instrument.Timer$Sample@13e0981'], parentObservation=null}}
2026-03-27T10:55:17.389+05:30 DEBUG 24304 --- [Api-Gateway] [reshExecutor-%d] o.s.c.g.r.RouteDefinitionRouteLocator    : RouteDefinition ReactiveCompositeDiscoveryClient_CONFIG-SERVIER applying {pattern=/config-servier/**} to Path
2026-03-27T10:55:17.393+05:30 DEBUG 24304 --- [Api-Gateway] [reshExecutor-%d] o.s.c.g.r.RouteDefinitionRouteLocator    : RouteDefinition ReactiveCompositeDiscoveryClient_CONFIG-SERVIER applying filter {regexp=/config-servier/?(?<remaining>.*), replacement=/${remaining}} to RewritePath
2026-03-27T10:55:17.397+05:30 DEBUG 24304 --- [Api-Gateway] [reshExecutor-%d] o.s.c.g.r.RouteDefinitionRouteLocator    : RouteDefinition matched: ReactiveCompositeDiscoveryClient_CONFIG-SERVIER
2026-03-27T10:55:17.399+05:30 DEBUG 24304 --- [Api-Gateway] [reshExecutor-%d] o.s.c.g.r.RouteDefinitionRouteLocator    : RouteDefinition ReactiveCompositeDiscoveryClient_API-GATEWAY applying {pattern=/api-gateway/**} to Path
2026-03-27T10:55:17.404+05:30 DEBUG 24304 --- [Api-Gateway] [reshExecutor-%d] o.s.c.g.r.RouteDefinitionRouteLocator    : RouteDefinition ReactiveCompositeDiscoveryClient_API-GATEWAY applying filter {regexp=/api-gateway/?(?<remaining>.*), replacement=/${remaining}} to RewritePath
2026-03-27T10:55:17.407+05:30 DEBUG 24304 --- [Api-Gateway] [reshExecutor-%d] o.s.c.g.r.RouteDefinitionRouteLocator    : RouteDefinition matched: ReactiveCompositeDiscoveryClient_API-GATEWAY
2026-03-27T10:55:17.408+05:30 DEBUG 24304 --- [Api-Gateway] [reshExecutor-%d] o.s.c.g.r.RouteDefinitionRouteLocator    : RouteDefinition ReactiveCompositeDiscoveryClient_REWARDS-SERVICE applying {pattern=/rewards-service/**} to Path
2026-03-27T10:55:17.411+05:30 DEBUG 24304 --- [Api-Gateway] [reshExecutor-%d] o.s.c.g.r.RouteDefinitionRouteLocator    : RouteDefinition ReactiveCompositeDiscoveryClient_REWARDS-SERVICE applying filter {regexp=/rewards-service/?(?<remaining>.*), replacement=/${remaining}} to RewritePath
2026-03-27T10:55:17.414+05:30 DEBUG 24304 --- [Api-Gateway] [reshExecutor-%d] o.s.c.g.r.RouteDefinitionRouteLocator    : RouteDefinition matched: ReactiveCompositeDiscoveryClient_REWARDS-SERVICE
2026-03-27T10:55:17.414+05:30 DEBUG 24304 --- [Api-Gateway] [reshExecutor-%d] o.s.c.g.r.RouteDefinitionRouteLocator    : RouteDefinition ReactiveCompositeDiscoveryClient_KYC-SERVICE applying {pattern=/kyc-service/**} to Path
2026-03-27T10:55:17.417+05:30 DEBUG 24304 --- [Api-Gateway] [reshExecutor-%d] o.s.c.g.r.RouteDefinitionRouteLocator    : RouteDefinition ReactiveCompositeDiscoveryClient_KYC-SERVICE applying filter {regexp=/kyc-service/?(?<remaining>.*), replacement=/${remaining}} to RewritePath
2026-03-27T10:55:17.420+05:30 DEBUG 24304 --- [Api-Gateway] [reshExecutor-%d] o.s.c.g.r.RouteDefinitionRouteLocator    : RouteDefinition matched: ReactiveCompositeDiscoveryClient_KYC-SERVICE
2026-03-27T10:55:17.420+05:30 DEBUG 24304 --- [Api-Gateway] [reshExecutor-%d] o.s.c.g.r.RouteDefinitionRouteLocator    : RouteDefinition ReactiveCompositeDiscoveryClient_ADMIN-SERVICE applying {pattern=/admin-service/**} to Path
2026-03-27T10:55:17.422+05:30 DEBUG 24304 --- [Api-Gateway] [reshExecutor-%d] o.s.c.g.r.RouteDefinitionRouteLocator    : RouteDefinition ReactiveCompositeDiscoveryClient_ADMIN-SERVICE applying filter {regexp=/admin-service/?(?<remaining>.*), replacement=/${remaining}} to RewritePath
2026-03-27T10:55:17.424+05:30 DEBUG 24304 --- [Api-Gateway] [reshExecutor-%d] o.s.c.g.r.RouteDefinitionRouteLocator    : RouteDefinition matched: ReactiveCompositeDiscoveryClient_ADMIN-SERVICE
2026-03-27T10:55:17.424+05:30 DEBUG 24304 --- [Api-Gateway] [reshExecutor-%d] o.s.c.g.r.RouteDefinitionRouteLocator    : RouteDefinition ReactiveCompositeDiscoveryClient_TRANSACTION-SERVICE applying {pattern=/transaction-service/**} to Path
2026-03-27T10:55:17.426+05:30 DEBUG 24304 --- [Api-Gateway] [reshExecutor-%d] o.s.c.g.r.RouteDefinitionRouteLocator    : RouteDefinition ReactiveCompositeDiscoveryClient_TRANSACTION-SERVICE applying filter {regexp=/transaction-service/?(?<remaining>.*), replacement=/${remaining}} to RewritePath
2026-03-27T10:55:17.427+05:30 DEBUG 24304 --- [Api-Gateway] [reshExecutor-%d] o.s.c.g.r.RouteDefinitionRouteLocator    : RouteDefinition matched: ReactiveCompositeDiscoveryClient_TRANSACTION-SERVICE
2026-03-27T10:55:17.428+05:30 DEBUG 24304 --- [Api-Gateway] [reshExecutor-%d] o.s.c.g.r.RouteDefinitionRouteLocator    : RouteDefinition ReactiveCompositeDiscoveryClient_WALLET-SERVICE applying {pattern=/wallet-service/**} to Path
2026-03-27T10:55:17.430+05:30 DEBUG 24304 --- [Api-Gateway] [reshExecutor-%d] o.s.c.g.r.RouteDefinitionRouteLocator    : RouteDefinition ReactiveCompositeDiscoveryClient_WALLET-SERVICE applying filter {regexp=/wallet-service/?(?<remaining>.*), replacement=/${remaining}} to RewritePath
2026-03-27T10:55:17.432+05:30 DEBUG 24304 --- [Api-Gateway] [reshExecutor-%d] o.s.c.g.r.RouteDefinitionRouteLocator    : RouteDefinition matched: ReactiveCompositeDiscoveryClient_WALLET-SERVICE
2026-03-27T10:55:17.433+05:30 DEBUG 24304 --- [Api-Gateway] [reshExecutor-%d] o.s.c.g.r.RouteDefinitionRouteLocator    : RouteDefinition ReactiveCompositeDiscoveryClient_NOTIFICATION-SERVICE applying {pattern=/notification-service/**} to Path
2026-03-27T10:55:17.436+05:30 DEBUG 24304 --- [Api-Gateway] [reshExecutor-%d] o.s.c.g.r.RouteDefinitionRouteLocator    : RouteDefinition ReactiveCompositeDiscoveryClient_NOTIFICATION-SERVICE applying filter {regexp=/notification-service/?(?<remaining>.*), replacement=/${remaining}} to RewritePath
2026-03-27T10:55:17.438+05:30 DEBUG 24304 --- [Api-Gateway] [reshExecutor-%d] o.s.c.g.r.RouteDefinitionRouteLocator    : RouteDefinition matched: ReactiveCompositeDiscoveryClient_NOTIFICATION-SERVICE
2026-03-27T10:55:17.440+05:30 DEBUG 24304 --- [Api-Gateway] [reshExecutor-%d] o.s.c.g.r.RouteDefinitionRouteLocator    : RouteDefinition ReactiveCompositeDiscoveryClient_USER-SERVICE applying {pattern=/user-service/**} to Path
2026-03-27T10:55:17.442+05:30 DEBUG 24304 --- [Api-Gateway] [reshExecutor-%d] o.s.c.g.r.RouteDefinitionRouteLocator    : RouteDefinition ReactiveCompositeDiscoveryClient_USER-SERVICE applying filter {regexp=/user-service/?(?<remaining>.*), replacement=/${remaining}} to RewritePath
2026-03-27T10:55:17.446+05:30 DEBUG 24304 --- [Api-Gateway] [reshExecutor-%d] o.s.c.g.r.RouteDefinitionRouteLocator    : RouteDefinition matched: ReactiveCompositeDiscoveryClient_USER-SERVICE
2026-03-27T10:55:17.448+05:30 DEBUG 24304 --- [Api-Gateway] [reshExecutor-%d] o.s.c.g.r.RouteDefinitionRouteLocator    : RouteDefinition ReactiveCompositeDiscoveryClient_PAYMENT-SERVICES applying {pattern=/payment-services/**} to Path
2026-03-27T10:55:17.451+05:30 DEBUG 24304 --- [Api-Gateway] [reshExecutor-%d] o.s.c.g.r.RouteDefinitionRouteLocator    : RouteDefinition ReactiveCompositeDiscoveryClient_PAYMENT-SERVICES applying filter {regexp=/payment-services/?(?<remaining>.*), replacement=/${remaining}} to RewritePath
2026-03-27T10:55:17.453+05:30 DEBUG 24304 --- [Api-Gateway] [reshExecutor-%d] o.s.c.g.r.RouteDefinitionRouteLocator    : RouteDefinition matched: ReactiveCompositeDiscoveryClient_PAYMENT-SERVICES
2026-03-27T10:55:17.454+05:30 DEBUG 24304 --- [Api-Gateway] [reshExecutor-%d] o.s.c.g.r.RouteDefinitionRouteLocator    : RouteDefinition AUTH-SERVICE applying {_genkey_0=/auth/**} to Path
2026-03-27T10:55:17.456+05:30 DEBUG 24304 --- [Api-Gateway] [reshExecutor-%d] o.s.c.g.r.RouteDefinitionRouteLocator    : RouteDefinition matched: AUTH-SERVICE
2026-03-27T10:55:17.457+05:30 DEBUG 24304 --- [Api-Gateway] [reshExecutor-%d] o.s.c.g.r.RouteDefinitionRouteLocator    : RouteDefinition ADMIN-SERVICE applying {_genkey_0=/admin/**} to Path
2026-03-27T10:55:17.460+05:30 DEBUG 24304 --- [Api-Gateway] [reshExecutor-%d] o.s.c.g.r.RouteDefinitionRouteLocator    : RouteDefinition matched: ADMIN-SERVICE
2026-03-27T10:55:17.461+05:30 DEBUG 24304 --- [Api-Gateway] [reshExecutor-%d] o.s.c.g.r.RouteDefinitionRouteLocator    : RouteDefinition KYC-SERVICE applying {_genkey_0=/kyc/**} to Path
2026-03-27T10:55:17.463+05:30 DEBUG 24304 --- [Api-Gateway] [reshExecutor-%d] o.s.c.g.r.RouteDefinitionRouteLocator    : RouteDefinition matched: KYC-SERVICE
2026-03-27T10:55:17.465+05:30 DEBUG 24304 --- [Api-Gateway] [reshExecutor-%d] o.s.c.g.r.RouteDefinitionRouteLocator    : RouteDefinition PAYMENT-SERVICES applying {_genkey_0=/api/payments/**} to Path
2026-03-27T10:55:17.467+05:30 DEBUG 24304 --- [Api-Gateway] [reshExecutor-%d] o.s.c.g.r.RouteDefinitionRouteLocator    : RouteDefinition PAYMENT-SERVICES applying filter {_genkey_0=name:paymentCircuitBreaker, _genkey_1=fallbackUri:forward:/fallback/payment} to CircuitBreaker
2026-03-27T10:55:17.469+05:30 DEBUG 24304 --- [Api-Gateway] [reshExecutor-%d] o.s.c.g.r.RouteDefinitionRouteLocator    : RouteDefinition matched: PAYMENT-SERVICES
2026-03-27T10:55:17.470+05:30 DEBUG 24304 --- [Api-Gateway] [reshExecutor-%d] o.s.c.g.r.RouteDefinitionRouteLocator    : RouteDefinition WALLET-SERVICE applying {_genkey_0=/api/wallets/**} to Path
2026-03-27T10:55:17.471+05:30 DEBUG 24304 --- [Api-Gateway] [reshExecutor-%d] o.s.c.g.r.RouteDefinitionRouteLocator    : RouteDefinition WALLET-SERVICE applying filter {_genkey_0=name:walletCircuitBreaker, _genkey_1=fallbackUri:forward:/fallback/general} to CircuitBreaker
2026-03-27T10:55:17.473+05:30 DEBUG 24304 --- [Api-Gateway] [reshExecutor-%d] o.s.c.g.r.RouteDefinitionRouteLocator    : RouteDefinition matched: WALLET-SERVICE
2026-03-27T10:55:17.474+05:30 DEBUG 24304 --- [Api-Gateway] [reshExecutor-%d] o.s.c.g.r.RouteDefinitionRouteLocator    : RouteDefinition TRANSACTION-SERVICE applying {_genkey_0=/api/transaction/**} to Path
2026-03-27T10:55:17.475+05:30 DEBUG 24304 --- [Api-Gateway] [reshExecutor-%d] o.s.c.g.r.RouteDefinitionRouteLocator    : RouteDefinition TRANSACTION-SERVICE applying filter {_genkey_0=name:transactionCircuitBreaker, _genkey_1=fallbackUri:forward:/fallback/general} to CircuitBreaker
2026-03-27T10:55:17.477+05:30 DEBUG 24304 --- [Api-Gateway] [reshExecutor-%d] o.s.c.g.r.RouteDefinitionRouteLocator    : RouteDefinition matched: TRANSACTION-SERVICE
2026-03-27T10:55:17.478+05:30 DEBUG 24304 --- [Api-Gateway] [reshExecutor-%d] o.s.c.g.r.RouteDefinitionRouteLocator    : RouteDefinition REWARDS-SERVICE applying {_genkey_0=/api/rewards/**} to Path
2026-03-27T10:55:17.480+05:30 DEBUG 24304 --- [Api-Gateway] [reshExecutor-%d] o.s.c.g.r.RouteDefinitionRouteLocator    : RouteDefinition REWARDS-SERVICE applying filter {_genkey_0=name:rewardCircuitBreaker, _genkey_1=fallbackUri:forward:/fallback/reward} to CircuitBreaker
2026-03-27T10:55:17.481+05:30 DEBUG 24304 --- [Api-Gateway] [reshExecutor-%d] o.s.c.g.r.RouteDefinitionRouteLocator    : RouteDefinition matched: REWARDS-SERVICE
2026-03-27T10:55:17.482+05:30 DEBUG 24304 --- [Api-Gateway] [reshExecutor-%d] o.s.c.g.r.RouteDefinitionRouteLocator    : RouteDefinition NOTIFICATION-SERVICE applying {_genkey_0=/api/notifications/**} to Path
2026-03-27T10:55:17.483+05:30 DEBUG 24304 --- [Api-Gateway] [reshExecutor-%d] o.s.c.g.r.RouteDefinitionRouteLocator    : RouteDefinition NOTIFICATION-SERVICE applying filter {_genkey_0=name:notificationCircuitBreaker, _genkey_1=fallbackUri:forward:/fallback/general} to CircuitBreaker
2026-03-27T10:55:17.484+05:30 DEBUG 24304 --- [Api-Gateway] [reshExecutor-%d] o.s.c.g.r.RouteDefinitionRouteLocator    : RouteDefinition matched: NOTIFICATION-SERVICE
2026-03-27T10:55:17.485+05:30 DEBUG 24304 --- [Api-Gateway] [reshExecutor-%d] o.s.c.g.r.RouteDefinitionRouteLocator    : RouteDefinition USER-SERVICE applying {_genkey_0=/users/**} to Path
2026-03-27T10:55:17.486+05:30 DEBUG 24304 --- [Api-Gateway] [reshExecutor-%d] o.s.c.g.r.RouteDefinitionRouteLocator    : RouteDefinition matched: USER-SERVICE
2026-03-27T10:55:17.490+05:30 DEBUG 24304 --- [Api-Gateway] [reshExecutor-%d] o.s.c.g.filter.GatewayMetricsFilter      : New routes count: 19
2026-03-27T10:55:18.257+05:30 DEBUG 24304 --- [Api-Gateway] [ctor-http-nio-2] o.s.c.g.h.RoutePredicateHandlerMapping   : Route matched: AUTH-SERVICE
2026-03-27T10:55:18.260+05:30 DEBUG 24304 --- [Api-Gateway] [ctor-http-nio-2] o.s.c.g.h.RoutePredicateHandlerMapping   : Mapping [Exchange: POST http://localhost:7505/auth/request-otp?arg0=srivastavahasrh148%40gmail.com] to Route{id='AUTH-SERVICE', uri=lb://USER-SERVICE, order=0, predicate=Paths: [/auth/**], match trailing slash: true, gatewayFilters=[], metadata={}}
2026-03-27T10:55:18.262+05:30 DEBUG 24304 --- [Api-Gateway] [ctor-http-nio-2] o.s.c.g.h.RoutePredicateHandlerMapping   : [f5000188-6] Mapped to org.springframework.cloud.gateway.handler.FilteringWebHandler@1cb592da
2026-03-27T10:55:18.263+05:30 DEBUG 24304 --- [Api-Gateway] [ctor-http-nio-2] o.s.c.g.handler.FilteringWebHandler      : Sorted gatewayFilterFactories: [[GatewayFilterAdapter{delegate=org.springframework.cloud.gateway.filter.RemoveCachedBodyFilter@756c67cd}, order = -2147483648], [GatewayFilterAdapter{delegate=org.springframework.cloud.gateway.filter.AdaptCachedBodyGlobalFilter@1cc708a7}, order = -2147482648], [GatewayFilterAdapter{delegate=org.springframework.cloud.gateway.filter.NettyWriteResponseFilter@12214f2f}, order = -1], [GatewayFilterAdapter{delegate=org.springframework.cloud.gateway.filter.ForwardPathFilter@79308a2}, order = 0], [GatewayFilterAdapter{delegate=org.springframework.cloud.gateway.filter.GatewayMetricsFilter@352e5a82}, order = 0], [GatewayFilterAdapter{delegate=org.springframework.cloud.gateway.filter.RouteToRequestUrlFilter@50de907a}, order = 10000], [GatewayFilterAdapter{delegate=org.springframework.cloud.gateway.filter.ReactiveLoadBalancerClientFilter@3a2bb026}, order = 10150], [GatewayFilterAdapter{delegate=org.springframework.cloud.gateway.filter.LoadBalancerServiceInstanceCookieFilter@7645e64}, order = 10151], [GatewayFilterAdapter{delegate=org.springframework.cloud.gateway.filter.WebsocketRoutingFilter@11574592}, order = 2147483646], [GatewayFilterAdapter{delegate=org.springframework.cloud.gateway.filter.NettyRoutingFilter@7de6549d}, order = 2147483647], [GatewayFilterAdapter{delegate=org.springframework.cloud.gateway.filter.ForwardRoutingFilter@1fd37440}, order = 2147483647]]
2026-03-27T10:55:18.267+05:30 DEBUG 24304 --- [Api-Gateway] [ctor-http-nio-2] g.f.h.o.ObservedRequestHttpHeadersFilter : Will instrument the HTTP request headers [Host:"localhost:7505", Content-Length:"0", sec-ch-ua-platform:""Windows"", User-Agent:"Mozilla/5.0 (Windows NT 10.0; Win64; x64) AppleWebKit/537.36 (KHTML, like Gecko) Chrome/146.0.0.0 Safari/537.36 Edg/146.0.0.0", accept:"*/*", sec-ch-ua:""Chromium";v="146", "Not-A.Brand";v="24", "Microsoft Edge";v="146"", sec-ch-ua-mobile:"?0", Origin:"http://localhost:7505", Sec-Fetch-Site:"same-origin", Sec-Fetch-Mode:"cors", Sec-Fetch-Dest:"empty", Referer:"http://localhost:7505/webjars/swagger-ui/index.html?urls.primaryName=User%20Service", Accept-Encoding:"gzip, deflate, br, zstd", Accept-Language:"en-US,en;q=0.9", Cookie:"jenkins-timestamper-offset=-19800000; ajs_anonymous_id=bb3c0659-9741-4132-8e48-df1d063bdfc6; splunkweb_csrf_token_8000=4650811227071327921; m=; JSESSIONID=AEC81D640059673CB5727CD0D3E6E468", Forwarded:"proto=http;host="localhost:7505";for="[0:0:0:0:0:0:0:1]:51993"", X-Forwarded-For:"0:0:0:0:0:0:0:1", X-Forwarded-Proto:"http", X-Forwarded-Port:"7505", X-Forwarded-Host:"localhost:7505"]
2026-03-27T10:55:18.268+05:30 DEBUG 24304 --- [Api-Gateway] [ctor-http-nio-2] g.f.h.o.ObservedRequestHttpHeadersFilter : Client observation  {name=http.client.requests(null), error=null, context=name='http.client.requests', contextualName='null', error='null', lowCardinalityKeyValues=[http.method='POST', http.status_code='UNKNOWN', spring.cloud.gateway.route.id='AUTH-SERVICE', spring.cloud.gateway.route.uri='lb://USER-SERVICE'], highCardinalityKeyValues=[http.uri='http://localhost:7505/auth/request-otp?arg0=srivastavahasrh148%40gmail.com'], map=[class io.micrometer.core.instrument.LongTaskTimer$Sample='SampleImpl{duration(seconds)=1.102E-4, duration(nanos)=110200.0, startTimeNanos=91415254250800}', class io.micrometer.core.instrument.Timer$Sample='io.micrometer.core.instrument.Timer$Sample@703dae4'], parentObservation={name=http.server.requests(null), error=null, context=name='http.server.requests', contextualName='null', error='null', lowCardinalityKeyValues=[exception='none', method='POST', outcome='SUCCESS', status='200', uri='UNKNOWN'], highCardinalityKeyValues=[http.url='/auth/request-otp'], map=[class io.micrometer.core.instrument.LongTaskTimer$Sample='SampleImpl{duration(seconds)=0.0126747, duration(nanos)=1.26747E7, startTimeNanos=91415241769400}', class io.micrometer.core.instrument.Timer$Sample='io.micrometer.core.instrument.Timer$Sample@7680b984'], parentObservation=null}} created for the request. New headers are [Host:"localhost:7505", Content-Length:"0", sec-ch-ua-platform:""Windows"", User-Agent:"Mozilla/5.0 (Windows NT 10.0; Win64; x64) AppleWebKit/537.36 (KHTML, like Gecko) Chrome/146.0.0.0 Safari/537.36 Edg/146.0.0.0", accept:"*/*", sec-ch-ua:""Chromium";v="146", "Not-A.Brand";v="24", "Microsoft Edge";v="146"", sec-ch-ua-mobile:"?0", Origin:"http://localhost:7505", Sec-Fetch-Site:"same-origin", Sec-Fetch-Mode:"cors", Sec-Fetch-Dest:"empty", Referer:"http://localhost:7505/webjars/swagger-ui/index.html?urls.primaryName=User%20Service", Accept-Encoding:"gzip, deflate, br, zstd", Accept-Language:"en-US,en;q=0.9", Cookie:"jenkins-timestamper-offset=-19800000; ajs_anonymous_id=bb3c0659-9741-4132-8e48-df1d063bdfc6; splunkweb_csrf_token_8000=4650811227071327921; m=; JSESSIONID=AEC81D640059673CB5727CD0D3E6E468", Forwarded:"proto=http;host="localhost:7505";for="[0:0:0:0:0:0:0:1]:51993"", X-Forwarded-For:"0:0:0:0:0:0:0:1", X-Forwarded-Proto:"http", X-Forwarded-Port:"7505", X-Forwarded-Host:"localhost:7505"]
2026-03-27T10:55:18.325+05:30 DEBUG 24304 --- [Api-Gateway] [ctor-http-nio-2] .f.h.o.ObservedResponseHttpHeadersFilter : Will instrument the response
2026-03-27T10:55:18.327+05:30 DEBUG 24304 --- [Api-Gateway] [ctor-http-nio-2] .f.h.o.ObservedResponseHttpHeadersFilter : The response was handled for observation {name=http.client.requests(null), error=null, context=name='http.client.requests', contextualName='null', error='null', lowCardinalityKeyValues=[http.method='POST', http.status_code='UNKNOWN', spring.cloud.gateway.route.id='AUTH-SERVICE', spring.cloud.gateway.route.uri='lb://USER-SERVICE'], highCardinalityKeyValues=[http.uri='http://localhost:7505/auth/request-otp?arg0=srivastavahasrh148%40gmail.com'], map=[class io.micrometer.core.instrument.LongTaskTimer$Sample='SampleImpl{duration(seconds)=0.0586422, duration(nanos)=5.86422E7, startTimeNanos=91415254250800}', class io.micrometer.core.instrument.Timer$Sample='io.micrometer.core.instrument.Timer$Sample@703dae4'], parentObservation={name=http.server.requests(null), error=null, context=name='http.server.requests', contextualName='null', error='null', lowCardinalityKeyValues=[exception='none', method='POST', outcome='SUCCESS', status='200', uri='UNKNOWN'], highCardinalityKeyValues=[http.url='/auth/request-otp'], map=[class io.micrometer.core.instrument.LongTaskTimer$Sample='SampleImpl{duration(seconds)=0.0713859, duration(nanos)=7.13859E7, startTimeNanos=91415241769400}', class io.micrometer.core.instrument.Timer$Sample='io.micrometer.core.instrument.Timer$Sample@7680b984'], parentObservation=null}}
2026-03-27T10:55:47.518+05:30 DEBUG 24304 --- [Api-Gateway] [reshExecutor-%d] o.s.c.g.r.RouteDefinitionRouteLocator    : RouteDefinition ReactiveCompositeDiscoveryClient_CONFIG-SERVIER applying {pattern=/config-servier/**} to Path
2026-03-27T10:55:47.519+05:30 DEBUG 24304 --- [Api-Gateway] [reshExecutor-%d] o.s.c.g.r.RouteDefinitionRouteLocator    : RouteDefinition ReactiveCompositeDiscoveryClient_CONFIG-SERVIER applying filter {regexp=/config-servier/?(?<remaining>.*), replacement=/${remaining}} to RewritePath
2026-03-27T10:55:47.520+05:30 DEBUG 24304 --- [Api-Gateway] [reshExecutor-%d] o.s.c.g.r.RouteDefinitionRouteLocator    : RouteDefinition matched: ReactiveCompositeDiscoveryClient_CONFIG-SERVIER
2026-03-27T10:55:47.520+05:30 DEBUG 24304 --- [Api-Gateway] [reshExecutor-%d] o.s.c.g.r.RouteDefinitionRouteLocator    : RouteDefinition ReactiveCompositeDiscoveryClient_API-GATEWAY applying {pattern=/api-gateway/**} to Path
2026-03-27T10:55:47.520+05:30 DEBUG 24304 --- [Api-Gateway] [reshExecutor-%d] o.s.c.g.r.RouteDefinitionRouteLocator    : RouteDefinition ReactiveCompositeDiscoveryClient_API-GATEWAY applying filter {regexp=/api-gateway/?(?<remaining>.*), replacement=/${remaining}} to RewritePath
2026-03-27T10:55:47.522+05:30 DEBUG 24304 --- [Api-Gateway] [reshExecutor-%d] o.s.c.g.r.RouteDefinitionRouteLocator    : RouteDefinition matched: ReactiveCompositeDiscoveryClient_API-GATEWAY
2026-03-27T10:55:47.522+05:30 DEBUG 24304 --- [Api-Gateway] [reshExecutor-%d] o.s.c.g.r.RouteDefinitionRouteLocator    : RouteDefinition ReactiveCompositeDiscoveryClient_REWARDS-SERVICE applying {pattern=/rewards-service/**} to Path
2026-03-27T10:55:47.523+05:30 DEBUG 24304 --- [Api-Gateway] [reshExecutor-%d] o.s.c.g.r.RouteDefinitionRouteLocator    : RouteDefinition ReactiveCompositeDiscoveryClient_REWARDS-SERVICE applying filter {regexp=/rewards-service/?(?<remaining>.*), replacement=/${remaining}} to RewritePath
2026-03-27T10:55:47.524+05:30 DEBUG 24304 --- [Api-Gateway] [reshExecutor-%d] o.s.c.g.r.RouteDefinitionRouteLocator    : RouteDefinition matched: ReactiveCompositeDiscoveryClient_REWARDS-SERVICE
2026-03-27T10:55:47.524+05:30 DEBUG 24304 --- [Api-Gateway] [reshExecutor-%d] o.s.c.g.r.RouteDefinitionRouteLocator    : RouteDefinition ReactiveCompositeDiscoveryClient_KYC-SERVICE applying {pattern=/kyc-service/**} to Path
2026-03-27T10:55:47.524+05:30 DEBUG 24304 --- [Api-Gateway] [reshExecutor-%d] o.s.c.g.r.RouteDefinitionRouteLocator    : RouteDefinition ReactiveCompositeDiscoveryClient_KYC-SERVICE applying filter {regexp=/kyc-service/?(?<remaining>.*), replacement=/${remaining}} to RewritePath
2026-03-27T10:55:47.525+05:30 DEBUG 24304 --- [Api-Gateway] [reshExecutor-%d] o.s.c.g.r.RouteDefinitionRouteLocator    : RouteDefinition matched: ReactiveCompositeDiscoveryClient_KYC-SERVICE
2026-03-27T10:55:47.525+05:30 DEBUG 24304 --- [Api-Gateway] [reshExecutor-%d] o.s.c.g.r.RouteDefinitionRouteLocator    : RouteDefinition ReactiveCompositeDiscoveryClient_ADMIN-SERVICE applying {pattern=/admin-service/**} to Path
2026-03-27T10:55:47.527+05:30 DEBUG 24304 --- [Api-Gateway] [reshExecutor-%d] o.s.c.g.r.RouteDefinitionRouteLocator    : RouteDefinition ReactiveCompositeDiscoveryClient_ADMIN-SERVICE applying filter {regexp=/admin-service/?(?<remaining>.*), replacement=/${remaining}} to RewritePath
2026-03-27T10:55:47.527+05:30 DEBUG 24304 --- [Api-Gateway] [reshExecutor-%d] o.s.c.g.r.RouteDefinitionRouteLocator    : RouteDefinition matched: ReactiveCompositeDiscoveryClient_ADMIN-SERVICE
2026-03-27T10:55:47.527+05:30 DEBUG 24304 --- [Api-Gateway] [reshExecutor-%d] o.s.c.g.r.RouteDefinitionRouteLocator    : RouteDefinition ReactiveCompositeDiscoveryClient_TRANSACTION-SERVICE applying {pattern=/transaction-service/**} to Path
2026-03-27T10:55:47.528+05:30 DEBUG 24304 --- [Api-Gateway] [reshExecutor-%d] o.s.c.g.r.RouteDefinitionRouteLocator    : RouteDefinition ReactiveCompositeDiscoveryClient_TRANSACTION-SERVICE applying filter {regexp=/transaction-service/?(?<remaining>.*), replacement=/${remaining}} to RewritePath
2026-03-27T10:55:47.529+05:30 DEBUG 24304 --- [Api-Gateway] [reshExecutor-%d] o.s.c.g.r.RouteDefinitionRouteLocator    : RouteDefinition matched: ReactiveCompositeDiscoveryClient_TRANSACTION-SERVICE
2026-03-27T10:55:47.530+05:30 DEBUG 24304 --- [Api-Gateway] [reshExecutor-%d] o.s.c.g.r.RouteDefinitionRouteLocator    : RouteDefinition ReactiveCompositeDiscoveryClient_WALLET-SERVICE applying {pattern=/wallet-service/**} to Path
2026-03-27T10:55:47.530+05:30 DEBUG 24304 --- [Api-Gateway] [reshExecutor-%d] o.s.c.g.r.RouteDefinitionRouteLocator    : RouteDefinition ReactiveCompositeDiscoveryClient_WALLET-SERVICE applying filter {regexp=/wallet-service/?(?<remaining>.*), replacement=/${remaining}} to RewritePath
2026-03-27T10:55:47.531+05:30 DEBUG 24304 --- [Api-Gateway] [reshExecutor-%d] o.s.c.g.r.RouteDefinitionRouteLocator    : RouteDefinition matched: ReactiveCompositeDiscoveryClient_WALLET-SERVICE
2026-03-27T10:55:47.531+05:30 DEBUG 24304 --- [Api-Gateway] [reshExecutor-%d] o.s.c.g.r.RouteDefinitionRouteLocator    : RouteDefinition ReactiveCompositeDiscoveryClient_NOTIFICATION-SERVICE applying {pattern=/notification-service/**} to Path
2026-03-27T10:55:47.532+05:30 DEBUG 24304 --- [Api-Gateway] [reshExecutor-%d] o.s.c.g.r.RouteDefinitionRouteLocator    : RouteDefinition ReactiveCompositeDiscoveryClient_NOTIFICATION-SERVICE applying filter {regexp=/notification-service/?(?<remaining>.*), replacement=/${remaining}} to RewritePath
2026-03-27T10:55:47.533+05:30 DEBUG 24304 --- [Api-Gateway] [reshExecutor-%d] o.s.c.g.r.RouteDefinitionRouteLocator    : RouteDefinition matched: ReactiveCompositeDiscoveryClient_NOTIFICATION-SERVICE
2026-03-27T10:55:47.533+05:30 DEBUG 24304 --- [Api-Gateway] [reshExecutor-%d] o.s.c.g.r.RouteDefinitionRouteLocator    : RouteDefinition ReactiveCompositeDiscoveryClient_USER-SERVICE applying {pattern=/user-service/**} to Path
2026-03-27T10:55:47.533+05:30 DEBUG 24304 --- [Api-Gateway] [reshExecutor-%d] o.s.c.g.r.RouteDefinitionRouteLocator    : RouteDefinition ReactiveCompositeDiscoveryClient_USER-SERVICE applying filter {regexp=/user-service/?(?<remaining>.*), replacement=/${remaining}} to RewritePath
2026-03-27T10:55:47.534+05:30 DEBUG 24304 --- [Api-Gateway] [reshExecutor-%d] o.s.c.g.r.RouteDefinitionRouteLocator    : RouteDefinition matched: ReactiveCompositeDiscoveryClient_USER-SERVICE
2026-03-27T10:55:47.534+05:30 DEBUG 24304 --- [Api-Gateway] [reshExecutor-%d] o.s.c.g.r.RouteDefinitionRouteLocator    : RouteDefinition ReactiveCompositeDiscoveryClient_PAYMENT-SERVICES applying {pattern=/payment-services/**} to Path
2026-03-27T10:55:47.535+05:30 DEBUG 24304 --- [Api-Gateway] [reshExecutor-%d] o.s.c.g.r.RouteDefinitionRouteLocator    : RouteDefinition ReactiveCompositeDiscoveryClient_PAYMENT-SERVICES applying filter {regexp=/payment-services/?(?<remaining>.*), replacement=/${remaining}} to RewritePath
2026-03-27T10:55:47.535+05:30 DEBUG 24304 --- [Api-Gateway] [reshExecutor-%d] o.s.c.g.r.RouteDefinitionRouteLocator    : RouteDefinition matched: ReactiveCompositeDiscoveryClient_PAYMENT-SERVICES
2026-03-27T10:55:47.536+05:30 DEBUG 24304 --- [Api-Gateway] [reshExecutor-%d] o.s.c.g.r.RouteDefinitionRouteLocator    : RouteDefinition AUTH-SERVICE applying {_genkey_0=/auth/**} to Path
2026-03-27T10:55:47.537+05:30 DEBUG 24304 --- [Api-Gateway] [reshExecutor-%d] o.s.c.g.r.RouteDefinitionRouteLocator    : RouteDefinition matched: AUTH-SERVICE
2026-03-27T10:55:47.537+05:30 DEBUG 24304 --- [Api-Gateway] [reshExecutor-%d] o.s.c.g.r.RouteDefinitionRouteLocator    : RouteDefinition ADMIN-SERVICE applying {_genkey_0=/admin/**} to Path
2026-03-27T10:55:47.538+05:30 DEBUG 24304 --- [Api-Gateway] [reshExecutor-%d] o.s.c.g.r.RouteDefinitionRouteLocator    : RouteDefinition matched: ADMIN-SERVICE
2026-03-27T10:55:47.538+05:30 DEBUG 24304 --- [Api-Gateway] [reshExecutor-%d] o.s.c.g.r.RouteDefinitionRouteLocator    : RouteDefinition KYC-SERVICE applying {_genkey_0=/kyc/**} to Path
2026-03-27T10:55:47.539+05:30 DEBUG 24304 --- [Api-Gateway] [reshExecutor-%d] o.s.c.g.r.RouteDefinitionRouteLocator    : RouteDefinition matched: KYC-SERVICE
2026-03-27T10:55:47.539+05:30 DEBUG 24304 --- [Api-Gateway] [reshExecutor-%d] o.s.c.g.r.RouteDefinitionRouteLocator    : RouteDefinition PAYMENT-SERVICES applying {_genkey_0=/api/payments/**} to Path
2026-03-27T10:55:47.540+05:30 DEBUG 24304 --- [Api-Gateway] [reshExecutor-%d] o.s.c.g.r.RouteDefinitionRouteLocator    : RouteDefinition PAYMENT-SERVICES applying filter {_genkey_0=name:paymentCircuitBreaker, _genkey_1=fallbackUri:forward:/fallback/payment} to CircuitBreaker
2026-03-27T10:55:47.540+05:30 DEBUG 24304 --- [Api-Gateway] [reshExecutor-%d] o.s.c.g.r.RouteDefinitionRouteLocator    : RouteDefinition matched: PAYMENT-SERVICES
2026-03-27T10:55:47.540+05:30 DEBUG 24304 --- [Api-Gateway] [reshExecutor-%d] o.s.c.g.r.RouteDefinitionRouteLocator    : RouteDefinition WALLET-SERVICE applying {_genkey_0=/api/wallets/**} to Path
2026-03-27T10:55:47.540+05:30 DEBUG 24304 --- [Api-Gateway] [reshExecutor-%d] o.s.c.g.r.RouteDefinitionRouteLocator    : RouteDefinition WALLET-SERVICE applying filter {_genkey_0=name:walletCircuitBreaker, _genkey_1=fallbackUri:forward:/fallback/general} to CircuitBreaker
2026-03-27T10:55:47.542+05:30 DEBUG 24304 --- [Api-Gateway] [reshExecutor-%d] o.s.c.g.r.RouteDefinitionRouteLocator    : RouteDefinition matched: WALLET-SERVICE
2026-03-27T10:55:47.542+05:30 DEBUG 24304 --- [Api-Gateway] [reshExecutor-%d] o.s.c.g.r.RouteDefinitionRouteLocator    : RouteDefinition TRANSACTION-SERVICE applying {_genkey_0=/api/transaction/**} to Path
2026-03-27T10:55:47.542+05:30 DEBUG 24304 --- [Api-Gateway] [reshExecutor-%d] o.s.c.g.r.RouteDefinitionRouteLocator    : RouteDefinition TRANSACTION-SERVICE applying filter {_genkey_0=name:transactionCircuitBreaker, _genkey_1=fallbackUri:forward:/fallback/general} to CircuitBreaker
2026-03-27T10:55:47.543+05:30 DEBUG 24304 --- [Api-Gateway] [reshExecutor-%d] o.s.c.g.r.RouteDefinitionRouteLocator    : RouteDefinition matched: TRANSACTION-SERVICE
2026-03-27T10:55:47.543+05:30 DEBUG 24304 --- [Api-Gateway] [reshExecutor-%d] o.s.c.g.r.RouteDefinitionRouteLocator    : RouteDefinition REWARDS-SERVICE applying {_genkey_0=/api/rewards/**} to Path
2026-03-27T10:55:47.544+05:30 DEBUG 24304 --- [Api-Gateway] [reshExecutor-%d] o.s.c.g.r.RouteDefinitionRouteLocator    : RouteDefinition REWARDS-SERVICE applying filter {_genkey_0=name:rewardCircuitBreaker, _genkey_1=fallbackUri:forward:/fallback/reward} to CircuitBreaker
2026-03-27T10:55:47.545+05:30 DEBUG 24304 --- [Api-Gateway] [reshExecutor-%d] o.s.c.g.r.RouteDefinitionRouteLocator    : RouteDefinition matched: REWARDS-SERVICE
2026-03-27T10:55:47.545+05:30 DEBUG 24304 --- [Api-Gateway] [reshExecutor-%d] o.s.c.g.r.RouteDefinitionRouteLocator    : RouteDefinition NOTIFICATION-SERVICE applying {_genkey_0=/api/notifications/**} to Path
2026-03-27T10:55:47.545+05:30 DEBUG 24304 --- [Api-Gateway] [reshExecutor-%d] o.s.c.g.r.RouteDefinitionRouteLocator    : RouteDefinition NOTIFICATION-SERVICE applying filter {_genkey_0=name:notificationCircuitBreaker, _genkey_1=fallbackUri:forward:/fallback/general} to CircuitBreaker
2026-03-27T10:55:47.546+05:30 DEBUG 24304 --- [Api-Gateway] [reshExecutor-%d] o.s.c.g.r.RouteDefinitionRouteLocator    : RouteDefinition matched: NOTIFICATION-SERVICE
2026-03-27T10:55:47.546+05:30 DEBUG 24304 --- [Api-Gateway] [reshExecutor-%d] o.s.c.g.r.RouteDefinitionRouteLocator    : RouteDefinition USER-SERVICE applying {_genkey_0=/users/**} to Path
2026-03-27T10:55:47.546+05:30 DEBUG 24304 --- [Api-Gateway] [reshExecutor-%d] o.s.c.g.r.RouteDefinitionRouteLocator    : RouteDefinition matched: USER-SERVICE
2026-03-27T10:55:47.548+05:30 DEBUG 24304 --- [Api-Gateway] [reshExecutor-%d] o.s.c.g.filter.GatewayMetricsFilter      : New routes count: 19
2026-03-27T10:56:17.582+05:30 DEBUG 24304 --- [Api-Gateway] [reshExecutor-%d] o.s.c.g.r.RouteDefinitionRouteLocator    : RouteDefinition ReactiveCompositeDiscoveryClient_CONFIG-SERVIER applying {pattern=/config-servier/**} to Path
2026-03-27T10:56:17.586+05:30 DEBUG 24304 --- [Api-Gateway] [reshExecutor-%d] o.s.c.g.r.RouteDefinitionRouteLocator    : RouteDefinition ReactiveCompositeDiscoveryClient_CONFIG-SERVIER applying filter {regexp=/config-servier/?(?<remaining>.*), replacement=/${remaining}} to RewritePath
2026-03-27T10:56:17.588+05:30 DEBUG 24304 --- [Api-Gateway] [reshExecutor-%d] o.s.c.g.r.RouteDefinitionRouteLocator    : RouteDefinition matched: ReactiveCompositeDiscoveryClient_CONFIG-SERVIER
2026-03-27T10:56:17.589+05:30 DEBUG 24304 --- [Api-Gateway] [reshExecutor-%d] o.s.c.g.r.RouteDefinitionRouteLocator    : RouteDefinition ReactiveCompositeDiscoveryClient_API-GATEWAY applying {pattern=/api-gateway/**} to Path
2026-03-27T10:56:17.590+05:30 DEBUG 24304 --- [Api-Gateway] [reshExecutor-%d] o.s.c.g.r.RouteDefinitionRouteLocator    : RouteDefinition ReactiveCompositeDiscoveryClient_API-GATEWAY applying filter {regexp=/api-gateway/?(?<remaining>.*), replacement=/${remaining}} to RewritePath
2026-03-27T10:56:17.592+05:30 DEBUG 24304 --- [Api-Gateway] [reshExecutor-%d] o.s.c.g.r.RouteDefinitionRouteLocator    : RouteDefinition matched: ReactiveCompositeDiscoveryClient_API-GATEWAY
2026-03-27T10:56:17.593+05:30 DEBUG 24304 --- [Api-Gateway] [reshExecutor-%d] o.s.c.g.r.RouteDefinitionRouteLocator    : RouteDefinition ReactiveCompositeDiscoveryClient_REWARDS-SERVICE applying {pattern=/rewards-service/**} to Path
2026-03-27T10:56:17.594+05:30 DEBUG 24304 --- [Api-Gateway] [reshExecutor-%d] o.s.c.g.r.RouteDefinitionRouteLocator    : RouteDefinition ReactiveCompositeDiscoveryClient_REWARDS-SERVICE applying filter {regexp=/rewards-service/?(?<remaining>.*), replacement=/${remaining}} to RewritePath
2026-03-27T10:56:17.595+05:30 DEBUG 24304 --- [Api-Gateway] [reshExecutor-%d] o.s.c.g.r.RouteDefinitionRouteLocator    : RouteDefinition matched: ReactiveCompositeDiscoveryClient_REWARDS-SERVICE
2026-03-27T10:56:17.596+05:30 DEBUG 24304 --- [Api-Gateway] [reshExecutor-%d] o.s.c.g.r.RouteDefinitionRouteLocator    : RouteDefinition ReactiveCompositeDiscoveryClient_KYC-SERVICE applying {pattern=/kyc-service/**} to Path
2026-03-27T10:56:17.598+05:30 DEBUG 24304 --- [Api-Gateway] [reshExecutor-%d] o.s.c.g.r.RouteDefinitionRouteLocator    : RouteDefinition ReactiveCompositeDiscoveryClient_KYC-SERVICE applying filter {regexp=/kyc-service/?(?<remaining>.*), replacement=/${remaining}} to RewritePath
2026-03-27T10:56:17.599+05:30 DEBUG 24304 --- [Api-Gateway] [reshExecutor-%d] o.s.c.g.r.RouteDefinitionRouteLocator    : RouteDefinition matched: ReactiveCompositeDiscoveryClient_KYC-SERVICE
2026-03-27T10:56:17.600+05:30 DEBUG 24304 --- [Api-Gateway] [reshExecutor-%d] o.s.c.g.r.RouteDefinitionRouteLocator    : RouteDefinition ReactiveCompositeDiscoveryClient_ADMIN-SERVICE applying {pattern=/admin-service/**} to Path
2026-03-27T10:56:17.602+05:30 DEBUG 24304 --- [Api-Gateway] [reshExecutor-%d] o.s.c.g.r.RouteDefinitionRouteLocator    : RouteDefinition ReactiveCompositeDiscoveryClient_ADMIN-SERVICE applying filter {regexp=/admin-service/?(?<remaining>.*), replacement=/${remaining}} to RewritePath
2026-03-27T10:56:17.602+05:30 DEBUG 24304 --- [Api-Gateway] [reshExecutor-%d] o.s.c.g.r.RouteDefinitionRouteLocator    : RouteDefinition matched: ReactiveCompositeDiscoveryClient_ADMIN-SERVICE
2026-03-27T10:56:17.603+05:30 DEBUG 24304 --- [Api-Gateway] [reshExecutor-%d] o.s.c.g.r.RouteDefinitionRouteLocator    : RouteDefinition ReactiveCompositeDiscoveryClient_TRANSACTION-SERVICE applying {pattern=/transaction-service/**} to Path
2026-03-27T10:56:17.604+05:30 DEBUG 24304 --- [Api-Gateway] [reshExecutor-%d] o.s.c.g.r.RouteDefinitionRouteLocator    : RouteDefinition ReactiveCompositeDiscoveryClient_TRANSACTION-SERVICE applying filter {regexp=/transaction-service/?(?<remaining>.*), replacement=/${remaining}} to RewritePath
2026-03-27T10:56:17.605+05:30 DEBUG 24304 --- [Api-Gateway] [reshExecutor-%d] o.s.c.g.r.RouteDefinitionRouteLocator    : RouteDefinition matched: ReactiveCompositeDiscoveryClient_TRANSACTION-SERVICE
2026-03-27T10:56:17.605+05:30 DEBUG 24304 --- [Api-Gateway] [reshExecutor-%d] o.s.c.g.r.RouteDefinitionRouteLocator    : RouteDefinition ReactiveCompositeDiscoveryClient_WALLET-SERVICE applying {pattern=/wallet-service/**} to Path
2026-03-27T10:56:17.606+05:30 DEBUG 24304 --- [Api-Gateway] [reshExecutor-%d] o.s.c.g.r.RouteDefinitionRouteLocator    : RouteDefinition ReactiveCompositeDiscoveryClient_WALLET-SERVICE applying filter {regexp=/wallet-service/?(?<remaining>.*), replacement=/${remaining}} to RewritePath
2026-03-27T10:56:17.608+05:30 DEBUG 24304 --- [Api-Gateway] [reshExecutor-%d] o.s.c.g.r.RouteDefinitionRouteLocator    : RouteDefinition matched: ReactiveCompositeDiscoveryClient_WALLET-SERVICE
2026-03-27T10:56:17.609+05:30 DEBUG 24304 --- [Api-Gateway] [reshExecutor-%d] o.s.c.g.r.RouteDefinitionRouteLocator    : RouteDefinition ReactiveCompositeDiscoveryClient_NOTIFICATION-SERVICE applying {pattern=/notification-service/**} to Path
2026-03-27T10:56:17.610+05:30 DEBUG 24304 --- [Api-Gateway] [reshExecutor-%d] o.s.c.g.r.RouteDefinitionRouteLocator    : RouteDefinition ReactiveCompositeDiscoveryClient_NOTIFICATION-SERVICE applying filter {regexp=/notification-service/?(?<remaining>.*), replacement=/${remaining}} to RewritePath
2026-03-27T10:56:17.611+05:30 DEBUG 24304 --- [Api-Gateway] [reshExecutor-%d] o.s.c.g.r.RouteDefinitionRouteLocator    : RouteDefinition matched: ReactiveCompositeDiscoveryClient_NOTIFICATION-SERVICE
2026-03-27T10:56:17.611+05:30 DEBUG 24304 --- [Api-Gateway] [reshExecutor-%d] o.s.c.g.r.RouteDefinitionRouteLocator    : RouteDefinition ReactiveCompositeDiscoveryClient_USER-SERVICE applying {pattern=/user-service/**} to Path
2026-03-27T10:56:17.612+05:30 DEBUG 24304 --- [Api-Gateway] [reshExecutor-%d] o.s.c.g.r.RouteDefinitionRouteLocator    : RouteDefinition ReactiveCompositeDiscoveryClient_USER-SERVICE applying filter {regexp=/user-service/?(?<remaining>.*), replacement=/${remaining}} to RewritePath
2026-03-27T10:56:17.612+05:30 DEBUG 24304 --- [Api-Gateway] [reshExecutor-%d] o.s.c.g.r.RouteDefinitionRouteLocator    : RouteDefinition matched: ReactiveCompositeDiscoveryClient_USER-SERVICE
2026-03-27T10:56:17.613+05:30 DEBUG 24304 --- [Api-Gateway] [reshExecutor-%d] o.s.c.g.r.RouteDefinitionRouteLocator    : RouteDefinition ReactiveCompositeDiscoveryClient_PAYMENT-SERVICES applying {pattern=/payment-services/**} to Path
2026-03-27T10:56:17.614+05:30 DEBUG 24304 --- [Api-Gateway] [reshExecutor-%d] o.s.c.g.r.RouteDefinitionRouteLocator    : RouteDefinition ReactiveCompositeDiscoveryClient_PAYMENT-SERVICES applying filter {regexp=/payment-services/?(?<remaining>.*), replacement=/${remaining}} to RewritePath
2026-03-27T10:56:17.614+05:30 DEBUG 24304 --- [Api-Gateway] [reshExecutor-%d] o.s.c.g.r.RouteDefinitionRouteLocator    : RouteDefinition matched: ReactiveCompositeDiscoveryClient_PAYMENT-SERVICES
2026-03-27T10:56:17.614+05:30 DEBUG 24304 --- [Api-Gateway] [reshExecutor-%d] o.s.c.g.r.RouteDefinitionRouteLocator    : RouteDefinition AUTH-SERVICE applying {_genkey_0=/auth/**} to Path
2026-03-27T10:56:17.615+05:30 DEBUG 24304 --- [Api-Gateway] [reshExecutor-%d] o.s.c.g.r.RouteDefinitionRouteLocator    : RouteDefinition matched: AUTH-SERVICE
2026-03-27T10:56:17.615+05:30 DEBUG 24304 --- [Api-Gateway] [reshExecutor-%d] o.s.c.g.r.RouteDefinitionRouteLocator    : RouteDefinition ADMIN-SERVICE applying {_genkey_0=/admin/**} to Path
2026-03-27T10:56:17.616+05:30 DEBUG 24304 --- [Api-Gateway] [reshExecutor-%d] o.s.c.g.r.RouteDefinitionRouteLocator    : RouteDefinition matched: ADMIN-SERVICE
2026-03-27T10:56:17.616+05:30 DEBUG 24304 --- [Api-Gateway] [reshExecutor-%d] o.s.c.g.r.RouteDefinitionRouteLocator    : RouteDefinition KYC-SERVICE applying {_genkey_0=/kyc/**} to Path
2026-03-27T10:56:17.617+05:30 DEBUG 24304 --- [Api-Gateway] [reshExecutor-%d] o.s.c.g.r.RouteDefinitionRouteLocator    : RouteDefinition matched: KYC-SERVICE
2026-03-27T10:56:17.617+05:30 DEBUG 24304 --- [Api-Gateway] [reshExecutor-%d] o.s.c.g.r.RouteDefinitionRouteLocator    : RouteDefinition PAYMENT-SERVICES applying {_genkey_0=/api/payments/**} to Path
2026-03-27T10:56:17.617+05:30 DEBUG 24304 --- [Api-Gateway] [reshExecutor-%d] o.s.c.g.r.RouteDefinitionRouteLocator    : RouteDefinition PAYMENT-SERVICES applying filter {_genkey_0=name:paymentCircuitBreaker, _genkey_1=fallbackUri:forward:/fallback/payment} to CircuitBreaker
2026-03-27T10:56:17.617+05:30 DEBUG 24304 --- [Api-Gateway] [reshExecutor-%d] o.s.c.g.r.RouteDefinitionRouteLocator    : RouteDefinition matched: PAYMENT-SERVICES
2026-03-27T10:56:17.618+05:30 DEBUG 24304 --- [Api-Gateway] [reshExecutor-%d] o.s.c.g.r.RouteDefinitionRouteLocator    : RouteDefinition WALLET-SERVICE applying {_genkey_0=/api/wallets/**} to Path
2026-03-27T10:56:17.619+05:30 DEBUG 24304 --- [Api-Gateway] [reshExecutor-%d] o.s.c.g.r.RouteDefinitionRouteLocator    : RouteDefinition WALLET-SERVICE applying filter {_genkey_0=name:walletCircuitBreaker, _genkey_1=fallbackUri:forward:/fallback/general} to CircuitBreaker
2026-03-27T10:56:17.619+05:30 DEBUG 24304 --- [Api-Gateway] [reshExecutor-%d] o.s.c.g.r.RouteDefinitionRouteLocator    : RouteDefinition matched: WALLET-SERVICE
2026-03-27T10:56:17.619+05:30 DEBUG 24304 --- [Api-Gateway] [reshExecutor-%d] o.s.c.g.r.RouteDefinitionRouteLocator    : RouteDefinition TRANSACTION-SERVICE applying {_genkey_0=/api/transaction/**} to Path
2026-03-27T10:56:17.620+05:30 DEBUG 24304 --- [Api-Gateway] [reshExecutor-%d] o.s.c.g.r.RouteDefinitionRouteLocator    : RouteDefinition TRANSACTION-SERVICE applying filter {_genkey_0=name:transactionCircuitBreaker, _genkey_1=fallbackUri:forward:/fallback/general} to CircuitBreaker
2026-03-27T10:56:17.620+05:30 DEBUG 24304 --- [Api-Gateway] [reshExecutor-%d] o.s.c.g.r.RouteDefinitionRouteLocator    : RouteDefinition matched: TRANSACTION-SERVICE
2026-03-27T10:56:17.620+05:30 DEBUG 24304 --- [Api-Gateway] [reshExecutor-%d] o.s.c.g.r.RouteDefinitionRouteLocator    : RouteDefinition REWARDS-SERVICE applying {_genkey_0=/api/rewards/**} to Path
2026-03-27T10:56:17.620+05:30 DEBUG 24304 --- [Api-Gateway] [reshExecutor-%d] o.s.c.g.r.RouteDefinitionRouteLocator    : RouteDefinition REWARDS-SERVICE applying filter {_genkey_0=name:rewardCircuitBreaker, _genkey_1=fallbackUri:forward:/fallback/reward} to CircuitBreaker
2026-03-27T10:56:17.622+05:30 DEBUG 24304 --- [Api-Gateway] [reshExecutor-%d] o.s.c.g.r.RouteDefinitionRouteLocator    : RouteDefinition matched: REWARDS-SERVICE
2026-03-27T10:56:17.622+05:30 DEBUG 24304 --- [Api-Gateway] [reshExecutor-%d] o.s.c.g.r.RouteDefinitionRouteLocator    : RouteDefinition NOTIFICATION-SERVICE applying {_genkey_0=/api/notifications/**} to Path
2026-03-27T10:56:17.622+05:30 DEBUG 24304 --- [Api-Gateway] [reshExecutor-%d] o.s.c.g.r.RouteDefinitionRouteLocator    : RouteDefinition NOTIFICATION-SERVICE applying filter {_genkey_0=name:notificationCircuitBreaker, _genkey_1=fallbackUri:forward:/fallback/general} to CircuitBreaker
2026-03-27T10:56:17.622+05:30 DEBUG 24304 --- [Api-Gateway] [reshExecutor-%d] o.s.c.g.r.RouteDefinitionRouteLocator    : RouteDefinition matched: NOTIFICATION-SERVICE
2026-03-27T10:56:17.622+05:30 DEBUG 24304 --- [Api-Gateway] [reshExecutor-%d] o.s.c.g.r.RouteDefinitionRouteLocator    : RouteDefinition USER-SERVICE applying {_genkey_0=/users/**} to Path
2026-03-27T10:56:17.623+05:30 DEBUG 24304 --- [Api-Gateway] [reshExecutor-%d] o.s.c.g.r.RouteDefinitionRouteLocator    : RouteDefinition matched: USER-SERVICE
2026-03-27T10:56:17.624+05:30 DEBUG 24304 --- [Api-Gateway] [reshExecutor-%d] o.s.c.g.filter.GatewayMetricsFilter      : New routes count: 19
2026-03-27T10:56:47.653+05:30 DEBUG 24304 --- [Api-Gateway] [reshExecutor-%d] o.s.c.g.r.RouteDefinitionRouteLocator    : RouteDefinition ReactiveCompositeDiscoveryClient_CONFIG-SERVIER applying {pattern=/config-servier/**} to Path
2026-03-27T10:56:47.656+05:30 DEBUG 24304 --- [Api-Gateway] [reshExecutor-%d] o.s.c.g.r.RouteDefinitionRouteLocator    : RouteDefinition ReactiveCompositeDiscoveryClient_CONFIG-SERVIER applying filter {regexp=/config-servier/?(?<remaining>.*), replacement=/${remaining}} to RewritePath
2026-03-27T10:56:47.657+05:30 DEBUG 24304 --- [Api-Gateway] [reshExecutor-%d] o.s.c.g.r.RouteDefinitionRouteLocator    : RouteDefinition matched: ReactiveCompositeDiscoveryClient_CONFIG-SERVIER
2026-03-27T10:56:47.659+05:30 DEBUG 24304 --- [Api-Gateway] [reshExecutor-%d] o.s.c.g.r.RouteDefinitionRouteLocator    : RouteDefinition ReactiveCompositeDiscoveryClient_API-GATEWAY applying {pattern=/api-gateway/**} to Path
2026-03-27T10:56:47.660+05:30 DEBUG 24304 --- [Api-Gateway] [reshExecutor-%d] o.s.c.g.r.RouteDefinitionRouteLocator    : RouteDefinition ReactiveCompositeDiscoveryClient_API-GATEWAY applying filter {regexp=/api-gateway/?(?<remaining>.*), replacement=/${remaining}} to RewritePath
2026-03-27T10:56:47.662+05:30 DEBUG 24304 --- [Api-Gateway] [reshExecutor-%d] o.s.c.g.r.RouteDefinitionRouteLocator    : RouteDefinition matched: ReactiveCompositeDiscoveryClient_API-GATEWAY
2026-03-27T10:56:47.663+05:30 DEBUG 24304 --- [Api-Gateway] [reshExecutor-%d] o.s.c.g.r.RouteDefinitionRouteLocator    : RouteDefinition ReactiveCompositeDiscoveryClient_REWARDS-SERVICE applying {pattern=/rewards-service/**} to Path
2026-03-27T10:56:47.665+05:30 DEBUG 24304 --- [Api-Gateway] [reshExecutor-%d] o.s.c.g.r.RouteDefinitionRouteLocator    : RouteDefinition ReactiveCompositeDiscoveryClient_REWARDS-SERVICE applying filter {regexp=/rewards-service/?(?<remaining>.*), replacement=/${remaining}} to RewritePath
2026-03-27T10:56:47.666+05:30 DEBUG 24304 --- [Api-Gateway] [reshExecutor-%d] o.s.c.g.r.RouteDefinitionRouteLocator    : RouteDefinition matched: ReactiveCompositeDiscoveryClient_REWARDS-SERVICE
2026-03-27T10:56:47.668+05:30 DEBUG 24304 --- [Api-Gateway] [reshExecutor-%d] o.s.c.g.r.RouteDefinitionRouteLocator    : RouteDefinition ReactiveCompositeDiscoveryClient_KYC-SERVICE applying {pattern=/kyc-service/**} to Path
2026-03-27T10:56:47.669+05:30 DEBUG 24304 --- [Api-Gateway] [reshExecutor-%d] o.s.c.g.r.RouteDefinitionRouteLocator    : RouteDefinition ReactiveCompositeDiscoveryClient_KYC-SERVICE applying filter {regexp=/kyc-service/?(?<remaining>.*), replacement=/${remaining}} to RewritePath
2026-03-27T10:56:47.670+05:30 DEBUG 24304 --- [Api-Gateway] [reshExecutor-%d] o.s.c.g.r.RouteDefinitionRouteLocator    : RouteDefinition matched: ReactiveCompositeDiscoveryClient_KYC-SERVICE
2026-03-27T10:56:47.672+05:30 DEBUG 24304 --- [Api-Gateway] [reshExecutor-%d] o.s.c.g.r.RouteDefinitionRouteLocator    : RouteDefinition ReactiveCompositeDiscoveryClient_ADMIN-SERVICE applying {pattern=/admin-service/**} to Path
2026-03-27T10:56:47.674+05:30 DEBUG 24304 --- [Api-Gateway] [reshExecutor-%d] o.s.c.g.r.RouteDefinitionRouteLocator    : RouteDefinition ReactiveCompositeDiscoveryClient_ADMIN-SERVICE applying filter {regexp=/admin-service/?(?<remaining>.*), replacement=/${remaining}} to RewritePath
2026-03-27T10:56:47.675+05:30 DEBUG 24304 --- [Api-Gateway] [reshExecutor-%d] o.s.c.g.r.RouteDefinitionRouteLocator    : RouteDefinition matched: ReactiveCompositeDiscoveryClient_ADMIN-SERVICE
2026-03-27T10:56:47.676+05:30 DEBUG 24304 --- [Api-Gateway] [reshExecutor-%d] o.s.c.g.r.RouteDefinitionRouteLocator    : RouteDefinition ReactiveCompositeDiscoveryClient_TRANSACTION-SERVICE applying {pattern=/transaction-service/**} to Path
2026-03-27T10:56:47.678+05:30 DEBUG 24304 --- [Api-Gateway] [reshExecutor-%d] o.s.c.g.r.RouteDefinitionRouteLocator    : RouteDefinition ReactiveCompositeDiscoveryClient_TRANSACTION-SERVICE applying filter {regexp=/transaction-service/?(?<remaining>.*), replacement=/${remaining}} to RewritePath
2026-03-27T10:56:47.678+05:30 DEBUG 24304 --- [Api-Gateway] [reshExecutor-%d] o.s.c.g.r.RouteDefinitionRouteLocator    : RouteDefinition matched: ReactiveCompositeDiscoveryClient_TRANSACTION-SERVICE
2026-03-27T10:56:47.680+05:30 DEBUG 24304 --- [Api-Gateway] [reshExecutor-%d] o.s.c.g.r.RouteDefinitionRouteLocator    : RouteDefinition ReactiveCompositeDiscoveryClient_WALLET-SERVICE applying {pattern=/wallet-service/**} to Path
2026-03-27T10:56:47.682+05:30 DEBUG 24304 --- [Api-Gateway] [reshExecutor-%d] o.s.c.g.r.RouteDefinitionRouteLocator    : RouteDefinition ReactiveCompositeDiscoveryClient_WALLET-SERVICE applying filter {regexp=/wallet-service/?(?<remaining>.*), replacement=/${remaining}} to RewritePath
2026-03-27T10:56:47.686+05:30 DEBUG 24304 --- [Api-Gateway] [reshExecutor-%d] o.s.c.g.r.RouteDefinitionRouteLocator    : RouteDefinition matched: ReactiveCompositeDiscoveryClient_WALLET-SERVICE
2026-03-27T10:56:47.689+05:30 DEBUG 24304 --- [Api-Gateway] [reshExecutor-%d] o.s.c.g.r.RouteDefinitionRouteLocator    : RouteDefinition ReactiveCompositeDiscoveryClient_NOTIFICATION-SERVICE applying {pattern=/notification-service/**} to Path
2026-03-27T10:56:47.692+05:30 DEBUG 24304 --- [Api-Gateway] [reshExecutor-%d] o.s.c.g.r.RouteDefinitionRouteLocator    : RouteDefinition ReactiveCompositeDiscoveryClient_NOTIFICATION-SERVICE applying filter {regexp=/notification-service/?(?<remaining>.*), replacement=/${remaining}} to RewritePath
2026-03-27T10:56:47.694+05:30 DEBUG 24304 --- [Api-Gateway] [reshExecutor-%d] o.s.c.g.r.RouteDefinitionRouteLocator    : RouteDefinition matched: ReactiveCompositeDiscoveryClient_NOTIFICATION-SERVICE
2026-03-27T10:56:47.695+05:30 DEBUG 24304 --- [Api-Gateway] [reshExecutor-%d] o.s.c.g.r.RouteDefinitionRouteLocator    : RouteDefinition ReactiveCompositeDiscoveryClient_USER-SERVICE applying {pattern=/user-service/**} to Path
2026-03-27T10:56:47.696+05:30 DEBUG 24304 --- [Api-Gateway] [reshExecutor-%d] o.s.c.g.r.RouteDefinitionRouteLocator    : RouteDefinition ReactiveCompositeDiscoveryClient_USER-SERVICE applying filter {regexp=/user-service/?(?<remaining>.*), replacement=/${remaining}} to RewritePath
2026-03-27T10:56:47.697+05:30 DEBUG 24304 --- [Api-Gateway] [reshExecutor-%d] o.s.c.g.r.RouteDefinitionRouteLocator    : RouteDefinition matched: ReactiveCompositeDiscoveryClient_USER-SERVICE
2026-03-27T10:56:47.699+05:30 DEBUG 24304 --- [Api-Gateway] [reshExecutor-%d] o.s.c.g.r.RouteDefinitionRouteLocator    : RouteDefinition ReactiveCompositeDiscoveryClient_PAYMENT-SERVICES applying {pattern=/payment-services/**} to Path
2026-03-27T10:56:47.701+05:30 DEBUG 24304 --- [Api-Gateway] [reshExecutor-%d] o.s.c.g.r.RouteDefinitionRouteLocator    : RouteDefinition ReactiveCompositeDiscoveryClient_PAYMENT-SERVICES applying filter {regexp=/payment-services/?(?<remaining>.*), replacement=/${remaining}} to RewritePath
2026-03-27T10:56:47.704+05:30 DEBUG 24304 --- [Api-Gateway] [reshExecutor-%d] o.s.c.g.r.RouteDefinitionRouteLocator    : RouteDefinition matched: ReactiveCompositeDiscoveryClient_PAYMENT-SERVICES
2026-03-27T10:56:47.705+05:30 DEBUG 24304 --- [Api-Gateway] [reshExecutor-%d] o.s.c.g.r.RouteDefinitionRouteLocator    : RouteDefinition AUTH-SERVICE applying {_genkey_0=/auth/**} to Path
2026-03-27T10:56:47.707+05:30 DEBUG 24304 --- [Api-Gateway] [reshExecutor-%d] o.s.c.g.r.RouteDefinitionRouteLocator    : RouteDefinition matched: AUTH-SERVICE
2026-03-27T10:56:47.707+05:30 DEBUG 24304 --- [Api-Gateway] [reshExecutor-%d] o.s.c.g.r.RouteDefinitionRouteLocator    : RouteDefinition ADMIN-SERVICE applying {_genkey_0=/admin/**} to Path
2026-03-27T10:56:47.710+05:30 DEBUG 24304 --- [Api-Gateway] [reshExecutor-%d] o.s.c.g.r.RouteDefinitionRouteLocator    : RouteDefinition matched: ADMIN-SERVICE
2026-03-27T10:56:47.710+05:30 DEBUG 24304 --- [Api-Gateway] [reshExecutor-%d] o.s.c.g.r.RouteDefinitionRouteLocator    : RouteDefinition KYC-SERVICE applying {_genkey_0=/kyc/**} to Path
2026-03-27T10:56:47.712+05:30 DEBUG 24304 --- [Api-Gateway] [reshExecutor-%d] o.s.c.g.r.RouteDefinitionRouteLocator    : RouteDefinition matched: KYC-SERVICE
2026-03-27T10:56:47.713+05:30 DEBUG 24304 --- [Api-Gateway] [reshExecutor-%d] o.s.c.g.r.RouteDefinitionRouteLocator    : RouteDefinition PAYMENT-SERVICES applying {_genkey_0=/api/payments/**} to Path
2026-03-27T10:56:47.714+05:30 DEBUG 24304 --- [Api-Gateway] [reshExecutor-%d] o.s.c.g.r.RouteDefinitionRouteLocator    : RouteDefinition PAYMENT-SERVICES applying filter {_genkey_0=name:paymentCircuitBreaker, _genkey_1=fallbackUri:forward:/fallback/payment} to CircuitBreaker
2026-03-27T10:56:47.716+05:30 DEBUG 24304 --- [Api-Gateway] [reshExecutor-%d] o.s.c.g.r.RouteDefinitionRouteLocator    : RouteDefinition matched: PAYMENT-SERVICES
2026-03-27T10:56:47.716+05:30 DEBUG 24304 --- [Api-Gateway] [reshExecutor-%d] o.s.c.g.r.RouteDefinitionRouteLocator    : RouteDefinition WALLET-SERVICE applying {_genkey_0=/api/wallets/**} to Path
2026-03-27T10:56:47.718+05:30 DEBUG 24304 --- [Api-Gateway] [reshExecutor-%d] o.s.c.g.r.RouteDefinitionRouteLocator    : RouteDefinition WALLET-SERVICE applying filter {_genkey_0=name:walletCircuitBreaker, _genkey_1=fallbackUri:forward:/fallback/general} to CircuitBreaker
2026-03-27T10:56:47.719+05:30 DEBUG 24304 --- [Api-Gateway] [reshExecutor-%d] o.s.c.g.r.RouteDefinitionRouteLocator    : RouteDefinition matched: WALLET-SERVICE
2026-03-27T10:56:47.719+05:30 DEBUG 24304 --- [Api-Gateway] [reshExecutor-%d] o.s.c.g.r.RouteDefinitionRouteLocator    : RouteDefinition TRANSACTION-SERVICE applying {_genkey_0=/api/transaction/**} to Path
2026-03-27T10:56:47.721+05:30 DEBUG 24304 --- [Api-Gateway] [reshExecutor-%d] o.s.c.g.r.RouteDefinitionRouteLocator    : RouteDefinition TRANSACTION-SERVICE applying filter {_genkey_0=name:transactionCircuitBreaker, _genkey_1=fallbackUri:forward:/fallback/general} to CircuitBreaker
2026-03-27T10:56:47.722+05:30 DEBUG 24304 --- [Api-Gateway] [reshExecutor-%d] o.s.c.g.r.RouteDefinitionRouteLocator    : RouteDefinition matched: TRANSACTION-SERVICE
2026-03-27T10:56:47.723+05:30 DEBUG 24304 --- [Api-Gateway] [reshExecutor-%d] o.s.c.g.r.RouteDefinitionRouteLocator    : RouteDefinition REWARDS-SERVICE applying {_genkey_0=/api/rewards/**} to Path
2026-03-27T10:56:47.725+05:30 DEBUG 24304 --- [Api-Gateway] [reshExecutor-%d] o.s.c.g.r.RouteDefinitionRouteLocator    : RouteDefinition REWARDS-SERVICE applying filter {_genkey_0=name:rewardCircuitBreaker, _genkey_1=fallbackUri:forward:/fallback/reward} to CircuitBreaker
2026-03-27T10:56:47.727+05:30 DEBUG 24304 --- [Api-Gateway] [reshExecutor-%d] o.s.c.g.r.RouteDefinitionRouteLocator    : RouteDefinition matched: REWARDS-SERVICE
2026-03-27T10:56:47.728+05:30 DEBUG 24304 --- [Api-Gateway] [reshExecutor-%d] o.s.c.g.r.RouteDefinitionRouteLocator    : RouteDefinition NOTIFICATION-SERVICE applying {_genkey_0=/api/notifications/**} to Path
2026-03-27T10:56:47.729+05:30 DEBUG 24304 --- [Api-Gateway] [reshExecutor-%d] o.s.c.g.r.RouteDefinitionRouteLocator    : RouteDefinition NOTIFICATION-SERVICE applying filter {_genkey_0=name:notificationCircuitBreaker, _genkey_1=fallbackUri:forward:/fallback/general} to CircuitBreaker
2026-03-27T10:56:47.731+05:30 DEBUG 24304 --- [Api-Gateway] [reshExecutor-%d] o.s.c.g.r.RouteDefinitionRouteLocator    : RouteDefinition matched: NOTIFICATION-SERVICE
2026-03-27T10:56:47.731+05:30 DEBUG 24304 --- [Api-Gateway] [reshExecutor-%d] o.s.c.g.r.RouteDefinitionRouteLocator    : RouteDefinition USER-SERVICE applying {_genkey_0=/users/**} to Path
2026-03-27T10:56:47.732+05:30 DEBUG 24304 --- [Api-Gateway] [reshExecutor-%d] o.s.c.g.r.RouteDefinitionRouteLocator    : RouteDefinition matched: USER-SERVICE
2026-03-27T10:56:47.738+05:30 DEBUG 24304 --- [Api-Gateway] [reshExecutor-%d] o.s.c.g.filter.GatewayMetricsFilter      : New routes count: 19
2026-03-27T10:57:17.779+05:30 DEBUG 24304 --- [Api-Gateway] [reshExecutor-%d] o.s.c.g.r.RouteDefinitionRouteLocator    : RouteDefinition ReactiveCompositeDiscoveryClient_CONFIG-SERVIER applying {pattern=/config-servier/**} to Path
2026-03-27T10:57:17.785+05:30 DEBUG 24304 --- [Api-Gateway] [reshExecutor-%d] o.s.c.g.r.RouteDefinitionRouteLocator    : RouteDefinition ReactiveCompositeDiscoveryClient_CONFIG-SERVIER applying filter {regexp=/config-servier/?(?<remaining>.*), replacement=/${remaining}} to RewritePath
2026-03-27T10:57:17.787+05:30 DEBUG 24304 --- [Api-Gateway] [reshExecutor-%d] o.s.c.g.r.RouteDefinitionRouteLocator    : RouteDefinition matched: ReactiveCompositeDiscoveryClient_CONFIG-SERVIER
2026-03-27T10:57:17.788+05:30 DEBUG 24304 --- [Api-Gateway] [reshExecutor-%d] o.s.c.g.r.RouteDefinitionRouteLocator    : RouteDefinition ReactiveCompositeDiscoveryClient_API-GATEWAY applying {pattern=/api-gateway/**} to Path
2026-03-27T10:57:17.789+05:30 DEBUG 24304 --- [Api-Gateway] [reshExecutor-%d] o.s.c.g.r.RouteDefinitionRouteLocator    : RouteDefinition ReactiveCompositeDiscoveryClient_API-GATEWAY applying filter {regexp=/api-gateway/?(?<remaining>.*), replacement=/${remaining}} to RewritePath
2026-03-27T10:57:17.789+05:30 DEBUG 24304 --- [Api-Gateway] [reshExecutor-%d] o.s.c.g.r.RouteDefinitionRouteLocator    : RouteDefinition matched: ReactiveCompositeDiscoveryClient_API-GATEWAY
2026-03-27T10:57:17.790+05:30 DEBUG 24304 --- [Api-Gateway] [reshExecutor-%d] o.s.c.g.r.RouteDefinitionRouteLocator    : RouteDefinition ReactiveCompositeDiscoveryClient_REWARDS-SERVICE applying {pattern=/rewards-service/**} to Path
2026-03-27T10:57:17.792+05:30 DEBUG 24304 --- [Api-Gateway] [reshExecutor-%d] o.s.c.g.r.RouteDefinitionRouteLocator    : RouteDefinition ReactiveCompositeDiscoveryClient_REWARDS-SERVICE applying filter {regexp=/rewards-service/?(?<remaining>.*), replacement=/${remaining}} to RewritePath
2026-03-27T10:57:17.793+05:30 DEBUG 24304 --- [Api-Gateway] [reshExecutor-%d] o.s.c.g.r.RouteDefinitionRouteLocator    : RouteDefinition matched: ReactiveCompositeDiscoveryClient_REWARDS-SERVICE
2026-03-27T10:57:17.793+05:30 DEBUG 24304 --- [Api-Gateway] [reshExecutor-%d] o.s.c.g.r.RouteDefinitionRouteLocator    : RouteDefinition ReactiveCompositeDiscoveryClient_KYC-SERVICE applying {pattern=/kyc-service/**} to Path
2026-03-27T10:57:17.794+05:30 DEBUG 24304 --- [Api-Gateway] [reshExecutor-%d] o.s.c.g.r.RouteDefinitionRouteLocator    : RouteDefinition ReactiveCompositeDiscoveryClient_KYC-SERVICE applying filter {regexp=/kyc-service/?(?<remaining>.*), replacement=/${remaining}} to RewritePath
2026-03-27T10:57:17.795+05:30 DEBUG 24304 --- [Api-Gateway] [reshExecutor-%d] o.s.c.g.r.RouteDefinitionRouteLocator    : RouteDefinition matched: ReactiveCompositeDiscoveryClient_KYC-SERVICE
2026-03-27T10:57:17.795+05:30 DEBUG 24304 --- [Api-Gateway] [reshExecutor-%d] o.s.c.g.r.RouteDefinitionRouteLocator    : RouteDefinition ReactiveCompositeDiscoveryClient_ADMIN-SERVICE applying {pattern=/admin-service/**} to Path
2026-03-27T10:57:17.796+05:30 DEBUG 24304 --- [Api-Gateway] [reshExecutor-%d] o.s.c.g.r.RouteDefinitionRouteLocator    : RouteDefinition ReactiveCompositeDiscoveryClient_ADMIN-SERVICE applying filter {regexp=/admin-service/?(?<remaining>.*), replacement=/${remaining}} to RewritePath
2026-03-27T10:57:17.797+05:30 DEBUG 24304 --- [Api-Gateway] [reshExecutor-%d] o.s.c.g.r.RouteDefinitionRouteLocator    : RouteDefinition matched: ReactiveCompositeDiscoveryClient_ADMIN-SERVICE
2026-03-27T10:57:17.797+05:30 DEBUG 24304 --- [Api-Gateway] [reshExecutor-%d] o.s.c.g.r.RouteDefinitionRouteLocator    : RouteDefinition ReactiveCompositeDiscoveryClient_TRANSACTION-SERVICE applying {pattern=/transaction-service/**} to Path
2026-03-27T10:57:17.799+05:30 DEBUG 24304 --- [Api-Gateway] [reshExecutor-%d] o.s.c.g.r.RouteDefinitionRouteLocator    : RouteDefinition ReactiveCompositeDiscoveryClient_TRANSACTION-SERVICE applying filter {regexp=/transaction-service/?(?<remaining>.*), replacement=/${remaining}} to RewritePath
2026-03-27T10:57:17.800+05:30 DEBUG 24304 --- [Api-Gateway] [reshExecutor-%d] o.s.c.g.r.RouteDefinitionRouteLocator    : RouteDefinition matched: ReactiveCompositeDiscoveryClient_TRANSACTION-SERVICE
2026-03-27T10:57:17.801+05:30 DEBUG 24304 --- [Api-Gateway] [reshExecutor-%d] o.s.c.g.r.RouteDefinitionRouteLocator    : RouteDefinition ReactiveCompositeDiscoveryClient_WALLET-SERVICE applying {pattern=/wallet-service/**} to Path
2026-03-27T10:57:17.802+05:30 DEBUG 24304 --- [Api-Gateway] [reshExecutor-%d] o.s.c.g.r.RouteDefinitionRouteLocator    : RouteDefinition ReactiveCompositeDiscoveryClient_WALLET-SERVICE applying filter {regexp=/wallet-service/?(?<remaining>.*), replacement=/${remaining}} to RewritePath
2026-03-27T10:57:17.802+05:30 DEBUG 24304 --- [Api-Gateway] [reshExecutor-%d] o.s.c.g.r.RouteDefinitionRouteLocator    : RouteDefinition matched: ReactiveCompositeDiscoveryClient_WALLET-SERVICE
2026-03-27T10:57:17.803+05:30 DEBUG 24304 --- [Api-Gateway] [reshExecutor-%d] o.s.c.g.r.RouteDefinitionRouteLocator    : RouteDefinition ReactiveCompositeDiscoveryClient_NOTIFICATION-SERVICE applying {pattern=/notification-service/**} to Path
2026-03-27T10:57:17.804+05:30 DEBUG 24304 --- [Api-Gateway] [reshExecutor-%d] o.s.c.g.r.RouteDefinitionRouteLocator    : RouteDefinition ReactiveCompositeDiscoveryClient_NOTIFICATION-SERVICE applying filter {regexp=/notification-service/?(?<remaining>.*), replacement=/${remaining}} to RewritePath
2026-03-27T10:57:17.804+05:30 DEBUG 24304 --- [Api-Gateway] [reshExecutor-%d] o.s.c.g.r.RouteDefinitionRouteLocator    : RouteDefinition matched: ReactiveCompositeDiscoveryClient_NOTIFICATION-SERVICE
2026-03-27T10:57:17.805+05:30 DEBUG 24304 --- [Api-Gateway] [reshExecutor-%d] o.s.c.g.r.RouteDefinitionRouteLocator    : RouteDefinition ReactiveCompositeDiscoveryClient_USER-SERVICE applying {pattern=/user-service/**} to Path
2026-03-27T10:57:17.805+05:30 DEBUG 24304 --- [Api-Gateway] [reshExecutor-%d] o.s.c.g.r.RouteDefinitionRouteLocator    : RouteDefinition ReactiveCompositeDiscoveryClient_USER-SERVICE applying filter {regexp=/user-service/?(?<remaining>.*), replacement=/${remaining}} to RewritePath
2026-03-27T10:57:17.806+05:30 DEBUG 24304 --- [Api-Gateway] [reshExecutor-%d] o.s.c.g.r.RouteDefinitionRouteLocator    : RouteDefinition matched: ReactiveCompositeDiscoveryClient_USER-SERVICE
2026-03-27T10:57:17.806+05:30 DEBUG 24304 --- [Api-Gateway] [reshExecutor-%d] o.s.c.g.r.RouteDefinitionRouteLocator    : RouteDefinition ReactiveCompositeDiscoveryClient_PAYMENT-SERVICES applying {pattern=/payment-services/**} to Path
2026-03-27T10:57:17.806+05:30 DEBUG 24304 --- [Api-Gateway] [reshExecutor-%d] o.s.c.g.r.RouteDefinitionRouteLocator    : RouteDefinition ReactiveCompositeDiscoveryClient_PAYMENT-SERVICES applying filter {regexp=/payment-services/?(?<remaining>.*), replacement=/${remaining}} to RewritePath
2026-03-27T10:57:17.807+05:30 DEBUG 24304 --- [Api-Gateway] [reshExecutor-%d] o.s.c.g.r.RouteDefinitionRouteLocator    : RouteDefinition matched: ReactiveCompositeDiscoveryClient_PAYMENT-SERVICES
2026-03-27T10:57:17.807+05:30 DEBUG 24304 --- [Api-Gateway] [reshExecutor-%d] o.s.c.g.r.RouteDefinitionRouteLocator    : RouteDefinition AUTH-SERVICE applying {_genkey_0=/auth/**} to Path
2026-03-27T10:57:17.807+05:30 DEBUG 24304 --- [Api-Gateway] [reshExecutor-%d] o.s.c.g.r.RouteDefinitionRouteLocator    : RouteDefinition matched: AUTH-SERVICE
2026-03-27T10:57:17.807+05:30 DEBUG 24304 --- [Api-Gateway] [reshExecutor-%d] o.s.c.g.r.RouteDefinitionRouteLocator    : RouteDefinition ADMIN-SERVICE applying {_genkey_0=/admin/**} to Path
2026-03-27T10:57:17.809+05:30 DEBUG 24304 --- [Api-Gateway] [reshExecutor-%d] o.s.c.g.r.RouteDefinitionRouteLocator    : RouteDefinition matched: ADMIN-SERVICE
2026-03-27T10:57:17.809+05:30 DEBUG 24304 --- [Api-Gateway] [reshExecutor-%d] o.s.c.g.r.RouteDefinitionRouteLocator    : RouteDefinition KYC-SERVICE applying {_genkey_0=/kyc/**} to Path
2026-03-27T10:57:17.809+05:30 DEBUG 24304 --- [Api-Gateway] [reshExecutor-%d] o.s.c.g.r.RouteDefinitionRouteLocator    : RouteDefinition matched: KYC-SERVICE
2026-03-27T10:57:17.810+05:30 DEBUG 24304 --- [Api-Gateway] [reshExecutor-%d] o.s.c.g.r.RouteDefinitionRouteLocator    : RouteDefinition PAYMENT-SERVICES applying {_genkey_0=/api/payments/**} to Path
2026-03-27T10:57:17.810+05:30 DEBUG 24304 --- [Api-Gateway] [reshExecutor-%d] o.s.c.g.r.RouteDefinitionRouteLocator    : RouteDefinition PAYMENT-SERVICES applying filter {_genkey_0=name:paymentCircuitBreaker, _genkey_1=fallbackUri:forward:/fallback/payment} to CircuitBreaker
2026-03-27T10:57:17.811+05:30 DEBUG 24304 --- [Api-Gateway] [reshExecutor-%d] o.s.c.g.r.RouteDefinitionRouteLocator    : RouteDefinition matched: PAYMENT-SERVICES
2026-03-27T10:57:17.811+05:30 DEBUG 24304 --- [Api-Gateway] [reshExecutor-%d] o.s.c.g.r.RouteDefinitionRouteLocator    : RouteDefinition WALLET-SERVICE applying {_genkey_0=/api/wallets/**} to Path
2026-03-27T10:57:17.811+05:30 DEBUG 24304 --- [Api-Gateway] [reshExecutor-%d] o.s.c.g.r.RouteDefinitionRouteLocator    : RouteDefinition WALLET-SERVICE applying filter {_genkey_0=name:walletCircuitBreaker, _genkey_1=fallbackUri:forward:/fallback/general} to CircuitBreaker
2026-03-27T10:57:17.812+05:30 DEBUG 24304 --- [Api-Gateway] [reshExecutor-%d] o.s.c.g.r.RouteDefinitionRouteLocator    : RouteDefinition matched: WALLET-SERVICE
2026-03-27T10:57:17.812+05:30 DEBUG 24304 --- [Api-Gateway] [reshExecutor-%d] o.s.c.g.r.RouteDefinitionRouteLocator    : RouteDefinition TRANSACTION-SERVICE applying {_genkey_0=/api/transaction/**} to Path
2026-03-27T10:57:17.812+05:30 DEBUG 24304 --- [Api-Gateway] [reshExecutor-%d] o.s.c.g.r.RouteDefinitionRouteLocator    : RouteDefinition TRANSACTION-SERVICE applying filter {_genkey_0=name:transactionCircuitBreaker, _genkey_1=fallbackUri:forward:/fallback/general} to CircuitBreaker
2026-03-27T10:57:17.813+05:30 DEBUG 24304 --- [Api-Gateway] [reshExecutor-%d] o.s.c.g.r.RouteDefinitionRouteLocator    : RouteDefinition matched: TRANSACTION-SERVICE
2026-03-27T10:57:17.814+05:30 DEBUG 24304 --- [Api-Gateway] [reshExecutor-%d] o.s.c.g.r.RouteDefinitionRouteLocator    : RouteDefinition REWARDS-SERVICE applying {_genkey_0=/api/rewards/**} to Path
2026-03-27T10:57:17.814+05:30 DEBUG 24304 --- [Api-Gateway] [reshExecutor-%d] o.s.c.g.r.RouteDefinitionRouteLocator    : RouteDefinition REWARDS-SERVICE applying filter {_genkey_0=name:rewardCircuitBreaker, _genkey_1=fallbackUri:forward:/fallback/reward} to CircuitBreaker
2026-03-27T10:57:17.815+05:30 DEBUG 24304 --- [Api-Gateway] [reshExecutor-%d] o.s.c.g.r.RouteDefinitionRouteLocator    : RouteDefinition matched: REWARDS-SERVICE
2026-03-27T10:57:17.815+05:30 DEBUG 24304 --- [Api-Gateway] [reshExecutor-%d] o.s.c.g.r.RouteDefinitionRouteLocator    : RouteDefinition NOTIFICATION-SERVICE applying {_genkey_0=/api/notifications/**} to Path
2026-03-27T10:57:17.815+05:30 DEBUG 24304 --- [Api-Gateway] [reshExecutor-%d] o.s.c.g.r.RouteDefinitionRouteLocator    : RouteDefinition NOTIFICATION-SERVICE applying filter {_genkey_0=name:notificationCircuitBreaker, _genkey_1=fallbackUri:forward:/fallback/general} to CircuitBreaker
2026-03-27T10:57:17.816+05:30 DEBUG 24304 --- [Api-Gateway] [reshExecutor-%d] o.s.c.g.r.RouteDefinitionRouteLocator    : RouteDefinition matched: NOTIFICATION-SERVICE
2026-03-27T10:57:17.816+05:30 DEBUG 24304 --- [Api-Gateway] [reshExecutor-%d] o.s.c.g.r.RouteDefinitionRouteLocator    : RouteDefinition USER-SERVICE applying {_genkey_0=/users/**} to Path
2026-03-27T10:57:17.817+05:30 DEBUG 24304 --- [Api-Gateway] [reshExecutor-%d] o.s.c.g.r.RouteDefinitionRouteLocator    : RouteDefinition matched: USER-SERVICE
2026-03-27T10:57:17.818+05:30 DEBUG 24304 --- [Api-Gateway] [reshExecutor-%d] o.s.c.g.filter.GatewayMetricsFilter      : New routes count: 19
2026-03-27T10:57:47.851+05:30 DEBUG 24304 --- [Api-Gateway] [reshExecutor-%d] o.s.c.g.r.RouteDefinitionRouteLocator    : RouteDefinition ReactiveCompositeDiscoveryClient_CONFIG-SERVIER applying {pattern=/config-servier/**} to Path
2026-03-27T10:57:47.852+05:30 DEBUG 24304 --- [Api-Gateway] [reshExecutor-%d] o.s.c.g.r.RouteDefinitionRouteLocator    : RouteDefinition ReactiveCompositeDiscoveryClient_CONFIG-SERVIER applying filter {regexp=/config-servier/?(?<remaining>.*), replacement=/${remaining}} to RewritePath
2026-03-27T10:57:47.853+05:30 DEBUG 24304 --- [Api-Gateway] [reshExecutor-%d] o.s.c.g.r.RouteDefinitionRouteLocator    : RouteDefinition matched: ReactiveCompositeDiscoveryClient_CONFIG-SERVIER
2026-03-27T10:57:47.853+05:30 DEBUG 24304 --- [Api-Gateway] [reshExecutor-%d] o.s.c.g.r.RouteDefinitionRouteLocator    : RouteDefinition ReactiveCompositeDiscoveryClient_API-GATEWAY applying {pattern=/api-gateway/**} to Path
2026-03-27T10:57:47.854+05:30 DEBUG 24304 --- [Api-Gateway] [reshExecutor-%d] o.s.c.g.r.RouteDefinitionRouteLocator    : RouteDefinition ReactiveCompositeDiscoveryClient_API-GATEWAY applying filter {regexp=/api-gateway/?(?<remaining>.*), replacement=/${remaining}} to RewritePath
2026-03-27T10:57:47.854+05:30 DEBUG 24304 --- [Api-Gateway] [reshExecutor-%d] o.s.c.g.r.RouteDefinitionRouteLocator    : RouteDefinition matched: ReactiveCompositeDiscoveryClient_API-GATEWAY
2026-03-27T10:57:47.855+05:30 DEBUG 24304 --- [Api-Gateway] [reshExecutor-%d] o.s.c.g.r.RouteDefinitionRouteLocator    : RouteDefinition ReactiveCompositeDiscoveryClient_REWARDS-SERVICE applying {pattern=/rewards-service/**} to Path
2026-03-27T10:57:47.855+05:30 DEBUG 24304 --- [Api-Gateway] [reshExecutor-%d] o.s.c.g.r.RouteDefinitionRouteLocator    : RouteDefinition ReactiveCompositeDiscoveryClient_REWARDS-SERVICE applying filter {regexp=/rewards-service/?(?<remaining>.*), replacement=/${remaining}} to RewritePath
2026-03-27T10:57:47.856+05:30 DEBUG 24304 --- [Api-Gateway] [reshExecutor-%d] o.s.c.g.r.RouteDefinitionRouteLocator    : RouteDefinition matched: ReactiveCompositeDiscoveryClient_REWARDS-SERVICE
2026-03-27T10:57:47.856+05:30 DEBUG 24304 --- [Api-Gateway] [reshExecutor-%d] o.s.c.g.r.RouteDefinitionRouteLocator    : RouteDefinition ReactiveCompositeDiscoveryClient_KYC-SERVICE applying {pattern=/kyc-service/**} to Path
2026-03-27T10:57:47.857+05:30 DEBUG 24304 --- [Api-Gateway] [reshExecutor-%d] o.s.c.g.r.RouteDefinitionRouteLocator    : RouteDefinition ReactiveCompositeDiscoveryClient_KYC-SERVICE applying filter {regexp=/kyc-service/?(?<remaining>.*), replacement=/${remaining}} to RewritePath
2026-03-27T10:57:47.858+05:30 DEBUG 24304 --- [Api-Gateway] [reshExecutor-%d] o.s.c.g.r.RouteDefinitionRouteLocator    : RouteDefinition matched: ReactiveCompositeDiscoveryClient_KYC-SERVICE
2026-03-27T10:57:47.858+05:30 DEBUG 24304 --- [Api-Gateway] [reshExecutor-%d] o.s.c.g.r.RouteDefinitionRouteLocator    : RouteDefinition ReactiveCompositeDiscoveryClient_ADMIN-SERVICE applying {pattern=/admin-service/**} to Path
2026-03-27T10:57:47.858+05:30 DEBUG 24304 --- [Api-Gateway] [reshExecutor-%d] o.s.c.g.r.RouteDefinitionRouteLocator    : RouteDefinition ReactiveCompositeDiscoveryClient_ADMIN-SERVICE applying filter {regexp=/admin-service/?(?<remaining>.*), replacement=/${remaining}} to RewritePath
2026-03-27T10:57:47.859+05:30 DEBUG 24304 --- [Api-Gateway] [reshExecutor-%d] o.s.c.g.r.RouteDefinitionRouteLocator    : RouteDefinition matched: ReactiveCompositeDiscoveryClient_ADMIN-SERVICE
2026-03-27T10:57:47.859+05:30 DEBUG 24304 --- [Api-Gateway] [reshExecutor-%d] o.s.c.g.r.RouteDefinitionRouteLocator    : RouteDefinition ReactiveCompositeDiscoveryClient_TRANSACTION-SERVICE applying {pattern=/transaction-service/**} to Path
2026-03-27T10:57:47.860+05:30 DEBUG 24304 --- [Api-Gateway] [reshExecutor-%d] o.s.c.g.r.RouteDefinitionRouteLocator    : RouteDefinition ReactiveCompositeDiscoveryClient_TRANSACTION-SERVICE applying filter {regexp=/transaction-service/?(?<remaining>.*), replacement=/${remaining}} to RewritePath
2026-03-27T10:57:47.860+05:30 DEBUG 24304 --- [Api-Gateway] [reshExecutor-%d] o.s.c.g.r.RouteDefinitionRouteLocator    : RouteDefinition matched: ReactiveCompositeDiscoveryClient_TRANSACTION-SERVICE
2026-03-27T10:57:47.861+05:30 DEBUG 24304 --- [Api-Gateway] [reshExecutor-%d] o.s.c.g.r.RouteDefinitionRouteLocator    : RouteDefinition ReactiveCompositeDiscoveryClient_WALLET-SERVICE applying {pattern=/wallet-service/**} to Path
2026-03-27T10:57:47.861+05:30 DEBUG 24304 --- [Api-Gateway] [reshExecutor-%d] o.s.c.g.r.RouteDefinitionRouteLocator    : RouteDefinition ReactiveCompositeDiscoveryClient_WALLET-SERVICE applying filter {regexp=/wallet-service/?(?<remaining>.*), replacement=/${remaining}} to RewritePath
2026-03-27T10:57:47.862+05:30 DEBUG 24304 --- [Api-Gateway] [reshExecutor-%d] o.s.c.g.r.RouteDefinitionRouteLocator    : RouteDefinition matched: ReactiveCompositeDiscoveryClient_WALLET-SERVICE
2026-03-27T10:57:47.862+05:30 DEBUG 24304 --- [Api-Gateway] [reshExecutor-%d] o.s.c.g.r.RouteDefinitionRouteLocator    : RouteDefinition ReactiveCompositeDiscoveryClient_NOTIFICATION-SERVICE applying {pattern=/notification-service/**} to Path
2026-03-27T10:57:47.863+05:30 DEBUG 24304 --- [Api-Gateway] [reshExecutor-%d] o.s.c.g.r.RouteDefinitionRouteLocator    : RouteDefinition ReactiveCompositeDiscoveryClient_NOTIFICATION-SERVICE applying filter {regexp=/notification-service/?(?<remaining>.*), replacement=/${remaining}} to RewritePath
2026-03-27T10:57:47.863+05:30 DEBUG 24304 --- [Api-Gateway] [reshExecutor-%d] o.s.c.g.r.RouteDefinitionRouteLocator    : RouteDefinition matched: ReactiveCompositeDiscoveryClient_NOTIFICATION-SERVICE
2026-03-27T10:57:47.864+05:30 DEBUG 24304 --- [Api-Gateway] [reshExecutor-%d] o.s.c.g.r.RouteDefinitionRouteLocator    : RouteDefinition ReactiveCompositeDiscoveryClient_USER-SERVICE applying {pattern=/user-service/**} to Path
2026-03-27T10:57:47.864+05:30 DEBUG 24304 --- [Api-Gateway] [reshExecutor-%d] o.s.c.g.r.RouteDefinitionRouteLocator    : RouteDefinition ReactiveCompositeDiscoveryClient_USER-SERVICE applying filter {regexp=/user-service/?(?<remaining>.*), replacement=/${remaining}} to RewritePath
2026-03-27T10:57:47.865+05:30 DEBUG 24304 --- [Api-Gateway] [reshExecutor-%d] o.s.c.g.r.RouteDefinitionRouteLocator    : RouteDefinition matched: ReactiveCompositeDiscoveryClient_USER-SERVICE
2026-03-27T10:57:47.865+05:30 DEBUG 24304 --- [Api-Gateway] [reshExecutor-%d] o.s.c.g.r.RouteDefinitionRouteLocator    : RouteDefinition ReactiveCompositeDiscoveryClient_PAYMENT-SERVICES applying {pattern=/payment-services/**} to Path
2026-03-27T10:57:47.866+05:30 DEBUG 24304 --- [Api-Gateway] [reshExecutor-%d] o.s.c.g.r.RouteDefinitionRouteLocator    : RouteDefinition ReactiveCompositeDiscoveryClient_PAYMENT-SERVICES applying filter {regexp=/payment-services/?(?<remaining>.*), replacement=/${remaining}} to RewritePath
2026-03-27T10:57:47.866+05:30 DEBUG 24304 --- [Api-Gateway] [reshExecutor-%d] o.s.c.g.r.RouteDefinitionRouteLocator    : RouteDefinition matched: ReactiveCompositeDiscoveryClient_PAYMENT-SERVICES
2026-03-27T10:57:47.866+05:30 DEBUG 24304 --- [Api-Gateway] [reshExecutor-%d] o.s.c.g.r.RouteDefinitionRouteLocator    : RouteDefinition AUTH-SERVICE applying {_genkey_0=/auth/**} to Path
2026-03-27T10:57:47.867+05:30 DEBUG 24304 --- [Api-Gateway] [reshExecutor-%d] o.s.c.g.r.RouteDefinitionRouteLocator    : RouteDefinition matched: AUTH-SERVICE
2026-03-27T10:57:47.867+05:30 DEBUG 24304 --- [Api-Gateway] [reshExecutor-%d] o.s.c.g.r.RouteDefinitionRouteLocator    : RouteDefinition ADMIN-SERVICE applying {_genkey_0=/admin/**} to Path
2026-03-27T10:57:47.867+05:30 DEBUG 24304 --- [Api-Gateway] [reshExecutor-%d] o.s.c.g.r.RouteDefinitionRouteLocator    : RouteDefinition matched: ADMIN-SERVICE
2026-03-27T10:57:47.867+05:30 DEBUG 24304 --- [Api-Gateway] [reshExecutor-%d] o.s.c.g.r.RouteDefinitionRouteLocator    : RouteDefinition KYC-SERVICE applying {_genkey_0=/kyc/**} to Path
2026-03-27T10:57:47.867+05:30 DEBUG 24304 --- [Api-Gateway] [reshExecutor-%d] o.s.c.g.r.RouteDefinitionRouteLocator    : RouteDefinition matched: KYC-SERVICE
2026-03-27T10:57:47.867+05:30 DEBUG 24304 --- [Api-Gateway] [reshExecutor-%d] o.s.c.g.r.RouteDefinitionRouteLocator    : RouteDefinition PAYMENT-SERVICES applying {_genkey_0=/api/payments/**} to Path
2026-03-27T10:57:47.869+05:30 DEBUG 24304 --- [Api-Gateway] [reshExecutor-%d] o.s.c.g.r.RouteDefinitionRouteLocator    : RouteDefinition PAYMENT-SERVICES applying filter {_genkey_0=name:paymentCircuitBreaker, _genkey_1=fallbackUri:forward:/fallback/payment} to CircuitBreaker
2026-03-27T10:57:47.869+05:30 DEBUG 24304 --- [Api-Gateway] [reshExecutor-%d] o.s.c.g.r.RouteDefinitionRouteLocator    : RouteDefinition matched: PAYMENT-SERVICES
2026-03-27T10:57:47.869+05:30 DEBUG 24304 --- [Api-Gateway] [reshExecutor-%d] o.s.c.g.r.RouteDefinitionRouteLocator    : RouteDefinition WALLET-SERVICE applying {_genkey_0=/api/wallets/**} to Path
2026-03-27T10:57:47.870+05:30 DEBUG 24304 --- [Api-Gateway] [reshExecutor-%d] o.s.c.g.r.RouteDefinitionRouteLocator    : RouteDefinition WALLET-SERVICE applying filter {_genkey_0=name:walletCircuitBreaker, _genkey_1=fallbackUri:forward:/fallback/general} to CircuitBreaker
2026-03-27T10:57:47.870+05:30 DEBUG 24304 --- [Api-Gateway] [reshExecutor-%d] o.s.c.g.r.RouteDefinitionRouteLocator    : RouteDefinition matched: WALLET-SERVICE
2026-03-27T10:57:47.871+05:30 DEBUG 24304 --- [Api-Gateway] [reshExecutor-%d] o.s.c.g.r.RouteDefinitionRouteLocator    : RouteDefinition TRANSACTION-SERVICE applying {_genkey_0=/api/transaction/**} to Path
2026-03-27T10:57:47.871+05:30 DEBUG 24304 --- [Api-Gateway] [reshExecutor-%d] o.s.c.g.r.RouteDefinitionRouteLocator    : RouteDefinition TRANSACTION-SERVICE applying filter {_genkey_0=name:transactionCircuitBreaker, _genkey_1=fallbackUri:forward:/fallback/general} to CircuitBreaker
2026-03-27T10:57:47.872+05:30 DEBUG 24304 --- [Api-Gateway] [reshExecutor-%d] o.s.c.g.r.RouteDefinitionRouteLocator    : RouteDefinition matched: TRANSACTION-SERVICE
2026-03-27T10:57:47.872+05:30 DEBUG 24304 --- [Api-Gateway] [reshExecutor-%d] o.s.c.g.r.RouteDefinitionRouteLocator    : RouteDefinition REWARDS-SERVICE applying {_genkey_0=/api/rewards/**} to Path
2026-03-27T10:57:47.878+05:30 DEBUG 24304 --- [Api-Gateway] [reshExecutor-%d] o.s.c.g.r.RouteDefinitionRouteLocator    : RouteDefinition REWARDS-SERVICE applying filter {_genkey_0=name:rewardCircuitBreaker, _genkey_1=fallbackUri:forward:/fallback/reward} to CircuitBreaker
2026-03-27T10:57:47.879+05:30 DEBUG 24304 --- [Api-Gateway] [reshExecutor-%d] o.s.c.g.r.RouteDefinitionRouteLocator    : RouteDefinition matched: REWARDS-SERVICE
2026-03-27T10:57:47.879+05:30 DEBUG 24304 --- [Api-Gateway] [reshExecutor-%d] o.s.c.g.r.RouteDefinitionRouteLocator    : RouteDefinition NOTIFICATION-SERVICE applying {_genkey_0=/api/notifications/**} to Path
2026-03-27T10:57:47.880+05:30 DEBUG 24304 --- [Api-Gateway] [reshExecutor-%d] o.s.c.g.r.RouteDefinitionRouteLocator    : RouteDefinition NOTIFICATION-SERVICE applying filter {_genkey_0=name:notificationCircuitBreaker, _genkey_1=fallbackUri:forward:/fallback/general} to CircuitBreaker
2026-03-27T10:57:47.880+05:30 DEBUG 24304 --- [Api-Gateway] [reshExecutor-%d] o.s.c.g.r.RouteDefinitionRouteLocator    : RouteDefinition matched: NOTIFICATION-SERVICE
2026-03-27T10:57:47.880+05:30 DEBUG 24304 --- [Api-Gateway] [reshExecutor-%d] o.s.c.g.r.RouteDefinitionRouteLocator    : RouteDefinition USER-SERVICE applying {_genkey_0=/users/**} to Path
2026-03-27T10:57:47.881+05:30 DEBUG 24304 --- [Api-Gateway] [reshExecutor-%d] o.s.c.g.r.RouteDefinitionRouteLocator    : RouteDefinition matched: USER-SERVICE
2026-03-27T10:57:47.882+05:30 DEBUG 24304 --- [Api-Gateway] [reshExecutor-%d] o.s.c.g.filter.GatewayMetricsFilter      : New routes count: 19
2026-03-27T10:58:17.915+05:30 DEBUG 24304 --- [Api-Gateway] [reshExecutor-%d] o.s.c.g.r.RouteDefinitionRouteLocator    : RouteDefinition ReactiveCompositeDiscoveryClient_CONFIG-SERVIER applying {pattern=/config-servier/**} to Path
2026-03-27T10:58:17.962+05:30 DEBUG 24304 --- [Api-Gateway] [reshExecutor-%d] o.s.c.g.r.RouteDefinitionRouteLocator    : RouteDefinition ReactiveCompositeDiscoveryClient_CONFIG-SERVIER applying filter {regexp=/config-servier/?(?<remaining>.*), replacement=/${remaining}} to RewritePath
2026-03-27T10:58:17.964+05:30 DEBUG 24304 --- [Api-Gateway] [reshExecutor-%d] o.s.c.g.r.RouteDefinitionRouteLocator    : RouteDefinition matched: ReactiveCompositeDiscoveryClient_CONFIG-SERVIER
2026-03-27T10:58:17.965+05:30 DEBUG 24304 --- [Api-Gateway] [reshExecutor-%d] o.s.c.g.r.RouteDefinitionRouteLocator    : RouteDefinition ReactiveCompositeDiscoveryClient_API-GATEWAY applying {pattern=/api-gateway/**} to Path
2026-03-27T10:58:17.967+05:30 DEBUG 24304 --- [Api-Gateway] [reshExecutor-%d] o.s.c.g.r.RouteDefinitionRouteLocator    : RouteDefinition ReactiveCompositeDiscoveryClient_API-GATEWAY applying filter {regexp=/api-gateway/?(?<remaining>.*), replacement=/${remaining}} to RewritePath
2026-03-27T10:58:17.968+05:30 DEBUG 24304 --- [Api-Gateway] [reshExecutor-%d] o.s.c.g.r.RouteDefinitionRouteLocator    : RouteDefinition matched: ReactiveCompositeDiscoveryClient_API-GATEWAY
2026-03-27T10:58:17.969+05:30 DEBUG 24304 --- [Api-Gateway] [reshExecutor-%d] o.s.c.g.r.RouteDefinitionRouteLocator    : RouteDefinition ReactiveCompositeDiscoveryClient_REWARDS-SERVICE applying {pattern=/rewards-service/**} to Path
2026-03-27T10:58:17.971+05:30 DEBUG 24304 --- [Api-Gateway] [reshExecutor-%d] o.s.c.g.r.RouteDefinitionRouteLocator    : RouteDefinition ReactiveCompositeDiscoveryClient_REWARDS-SERVICE applying filter {regexp=/rewards-service/?(?<remaining>.*), replacement=/${remaining}} to RewritePath
2026-03-27T10:58:17.973+05:30 DEBUG 24304 --- [Api-Gateway] [reshExecutor-%d] o.s.c.g.r.RouteDefinitionRouteLocator    : RouteDefinition matched: ReactiveCompositeDiscoveryClient_REWARDS-SERVICE
2026-03-27T10:58:18.271+05:30 DEBUG 24304 --- [Api-Gateway] [reshExecutor-%d] o.s.c.g.r.RouteDefinitionRouteLocator    : RouteDefinition ReactiveCompositeDiscoveryClient_KYC-SERVICE applying {pattern=/kyc-service/**} to Path
2026-03-27T10:58:18.274+05:30 DEBUG 24304 --- [Api-Gateway] [reshExecutor-%d] o.s.c.g.r.RouteDefinitionRouteLocator    : RouteDefinition ReactiveCompositeDiscoveryClient_KYC-SERVICE applying filter {regexp=/kyc-service/?(?<remaining>.*), replacement=/${remaining}} to RewritePath
2026-03-27T10:58:18.276+05:30 DEBUG 24304 --- [Api-Gateway] [reshExecutor-%d] o.s.c.g.r.RouteDefinitionRouteLocator    : RouteDefinition matched: ReactiveCompositeDiscoveryClient_KYC-SERVICE
2026-03-27T10:58:18.277+05:30 DEBUG 24304 --- [Api-Gateway] [reshExecutor-%d] o.s.c.g.r.RouteDefinitionRouteLocator    : RouteDefinition ReactiveCompositeDiscoveryClient_ADMIN-SERVICE applying {pattern=/admin-service/**} to Path
2026-03-27T10:58:18.278+05:30 DEBUG 24304 --- [Api-Gateway] [reshExecutor-%d] o.s.c.g.r.RouteDefinitionRouteLocator    : RouteDefinition ReactiveCompositeDiscoveryClient_ADMIN-SERVICE applying filter {regexp=/admin-service/?(?<remaining>.*), replacement=/${remaining}} to RewritePath
2026-03-27T10:58:18.280+05:30 DEBUG 24304 --- [Api-Gateway] [reshExecutor-%d] o.s.c.g.r.RouteDefinitionRouteLocator    : RouteDefinition matched: ReactiveCompositeDiscoveryClient_ADMIN-SERVICE
2026-03-27T10:58:18.280+05:30 DEBUG 24304 --- [Api-Gateway] [reshExecutor-%d] o.s.c.g.r.RouteDefinitionRouteLocator    : RouteDefinition ReactiveCompositeDiscoveryClient_TRANSACTION-SERVICE applying {pattern=/transaction-service/**} to Path
2026-03-27T10:58:18.281+05:30 DEBUG 24304 --- [Api-Gateway] [reshExecutor-%d] o.s.c.g.r.RouteDefinitionRouteLocator    : RouteDefinition ReactiveCompositeDiscoveryClient_TRANSACTION-SERVICE applying filter {regexp=/transaction-service/?(?<remaining>.*), replacement=/${remaining}} to RewritePath
2026-03-27T10:58:18.386+05:30 DEBUG 24304 --- [Api-Gateway] [reshExecutor-%d] o.s.c.g.r.RouteDefinitionRouteLocator    : RouteDefinition matched: ReactiveCompositeDiscoveryClient_TRANSACTION-SERVICE
2026-03-27T10:58:18.387+05:30 DEBUG 24304 --- [Api-Gateway] [reshExecutor-%d] o.s.c.g.r.RouteDefinitionRouteLocator    : RouteDefinition ReactiveCompositeDiscoveryClient_WALLET-SERVICE applying {pattern=/wallet-service/**} to Path
2026-03-27T10:58:18.388+05:30 DEBUG 24304 --- [Api-Gateway] [reshExecutor-%d] o.s.c.g.r.RouteDefinitionRouteLocator    : RouteDefinition ReactiveCompositeDiscoveryClient_WALLET-SERVICE applying filter {regexp=/wallet-service/?(?<remaining>.*), replacement=/${remaining}} to RewritePath
2026-03-27T10:58:18.389+05:30 DEBUG 24304 --- [Api-Gateway] [reshExecutor-%d] o.s.c.g.r.RouteDefinitionRouteLocator    : RouteDefinition matched: ReactiveCompositeDiscoveryClient_WALLET-SERVICE
2026-03-27T10:58:18.491+05:30 DEBUG 24304 --- [Api-Gateway] [reshExecutor-%d] o.s.c.g.r.RouteDefinitionRouteLocator    : RouteDefinition ReactiveCompositeDiscoveryClient_NOTIFICATION-SERVICE applying {pattern=/notification-service/**} to Path
2026-03-27T10:58:18.494+05:30 DEBUG 24304 --- [Api-Gateway] [reshExecutor-%d] o.s.c.g.r.RouteDefinitionRouteLocator    : RouteDefinition ReactiveCompositeDiscoveryClient_NOTIFICATION-SERVICE applying filter {regexp=/notification-service/?(?<remaining>.*), replacement=/${remaining}} to RewritePath
2026-03-27T10:58:18.496+05:30 DEBUG 24304 --- [Api-Gateway] [reshExecutor-%d] o.s.c.g.r.RouteDefinitionRouteLocator    : RouteDefinition matched: ReactiveCompositeDiscoveryClient_NOTIFICATION-SERVICE
2026-03-27T10:58:18.496+05:30 DEBUG 24304 --- [Api-Gateway] [reshExecutor-%d] o.s.c.g.r.RouteDefinitionRouteLocator    : RouteDefinition ReactiveCompositeDiscoveryClient_USER-SERVICE applying {pattern=/user-service/**} to Path
2026-03-27T10:58:18.499+05:30 DEBUG 24304 --- [Api-Gateway] [reshExecutor-%d] o.s.c.g.r.RouteDefinitionRouteLocator    : RouteDefinition ReactiveCompositeDiscoveryClient_USER-SERVICE applying filter {regexp=/user-service/?(?<remaining>.*), replacement=/${remaining}} to RewritePath
2026-03-27T10:58:18.697+05:30 DEBUG 24304 --- [Api-Gateway] [reshExecutor-%d] o.s.c.g.r.RouteDefinitionRouteLocator    : RouteDefinition matched: ReactiveCompositeDiscoveryClient_USER-SERVICE
2026-03-27T10:58:18.898+05:30 DEBUG 24304 --- [Api-Gateway] [reshExecutor-%d] o.s.c.g.r.RouteDefinitionRouteLocator    : RouteDefinition ReactiveCompositeDiscoveryClient_PAYMENT-SERVICES applying {pattern=/payment-services/**} to Path
2026-03-27T10:58:18.899+05:30 DEBUG 24304 --- [Api-Gateway] [reshExecutor-%d] o.s.c.g.r.RouteDefinitionRouteLocator    : RouteDefinition ReactiveCompositeDiscoveryClient_PAYMENT-SERVICES applying filter {regexp=/payment-services/?(?<remaining>.*), replacement=/${remaining}} to RewritePath
2026-03-27T10:58:19.002+05:30 DEBUG 24304 --- [Api-Gateway] [reshExecutor-%d] o.s.c.g.r.RouteDefinitionRouteLocator    : RouteDefinition matched: ReactiveCompositeDiscoveryClient_PAYMENT-SERVICES
2026-03-27T10:58:19.003+05:30 DEBUG 24304 --- [Api-Gateway] [reshExecutor-%d] o.s.c.g.r.RouteDefinitionRouteLocator    : RouteDefinition AUTH-SERVICE applying {_genkey_0=/auth/**} to Path
2026-03-27T10:58:19.005+05:30 DEBUG 24304 --- [Api-Gateway] [reshExecutor-%d] o.s.c.g.r.RouteDefinitionRouteLocator    : RouteDefinition matched: AUTH-SERVICE
2026-03-27T10:58:19.006+05:30 DEBUG 24304 --- [Api-Gateway] [reshExecutor-%d] o.s.c.g.r.RouteDefinitionRouteLocator    : RouteDefinition ADMIN-SERVICE applying {_genkey_0=/admin/**} to Path
2026-03-27T10:58:19.007+05:30 DEBUG 24304 --- [Api-Gateway] [reshExecutor-%d] o.s.c.g.r.RouteDefinitionRouteLocator    : RouteDefinition matched: ADMIN-SERVICE
2026-03-27T10:58:19.206+05:30 DEBUG 24304 --- [Api-Gateway] [reshExecutor-%d] o.s.c.g.r.RouteDefinitionRouteLocator    : RouteDefinition KYC-SERVICE applying {_genkey_0=/kyc/**} to Path
2026-03-27T10:58:19.209+05:30 DEBUG 24304 --- [Api-Gateway] [reshExecutor-%d] o.s.c.g.r.RouteDefinitionRouteLocator    : RouteDefinition matched: KYC-SERVICE
2026-03-27T10:58:19.210+05:30 DEBUG 24304 --- [Api-Gateway] [reshExecutor-%d] o.s.c.g.r.RouteDefinitionRouteLocator    : RouteDefinition PAYMENT-SERVICES applying {_genkey_0=/api/payments/**} to Path
2026-03-27T10:58:19.212+05:30 DEBUG 24304 --- [Api-Gateway] [reshExecutor-%d] o.s.c.g.r.RouteDefinitionRouteLocator    : RouteDefinition PAYMENT-SERVICES applying filter {_genkey_0=name:paymentCircuitBreaker, _genkey_1=fallbackUri:forward:/fallback/payment} to CircuitBreaker
2026-03-27T10:58:19.415+05:30 DEBUG 24304 --- [Api-Gateway] [reshExecutor-%d] o.s.c.g.r.RouteDefinitionRouteLocator    : RouteDefinition matched: PAYMENT-SERVICES
2026-03-27T10:58:19.515+05:30 DEBUG 24304 --- [Api-Gateway] [reshExecutor-%d] o.s.c.g.r.RouteDefinitionRouteLocator    : RouteDefinition WALLET-SERVICE applying {_genkey_0=/api/wallets/**} to Path
2026-03-27T10:58:19.518+05:30 DEBUG 24304 --- [Api-Gateway] [reshExecutor-%d] o.s.c.g.r.RouteDefinitionRouteLocator    : RouteDefinition WALLET-SERVICE applying filter {_genkey_0=name:walletCircuitBreaker, _genkey_1=fallbackUri:forward:/fallback/general} to CircuitBreaker
2026-03-27T10:58:19.520+05:30 DEBUG 24304 --- [Api-Gateway] [reshExecutor-%d] o.s.c.g.r.RouteDefinitionRouteLocator    : RouteDefinition matched: WALLET-SERVICE
2026-03-27T10:58:19.520+05:30 DEBUG 24304 --- [Api-Gateway] [reshExecutor-%d] o.s.c.g.r.RouteDefinitionRouteLocator    : RouteDefinition TRANSACTION-SERVICE applying {_genkey_0=/api/transaction/**} to Path
2026-03-27T10:58:19.522+05:30 DEBUG 24304 --- [Api-Gateway] [reshExecutor-%d] o.s.c.g.r.RouteDefinitionRouteLocator    : RouteDefinition TRANSACTION-SERVICE applying filter {_genkey_0=name:transactionCircuitBreaker, _genkey_1=fallbackUri:forward:/fallback/general} to CircuitBreaker
2026-03-27T10:58:19.524+05:30 DEBUG 24304 --- [Api-Gateway] [reshExecutor-%d] o.s.c.g.r.RouteDefinitionRouteLocator    : RouteDefinition matched: TRANSACTION-SERVICE
2026-03-27T10:58:19.622+05:30 DEBUG 24304 --- [Api-Gateway] [reshExecutor-%d] o.s.c.g.r.RouteDefinitionRouteLocator    : RouteDefinition REWARDS-SERVICE applying {_genkey_0=/api/rewards/**} to Path
2026-03-27T10:58:19.624+05:30 DEBUG 24304 --- [Api-Gateway] [reshExecutor-%d] o.s.c.g.r.RouteDefinitionRouteLocator    : RouteDefinition REWARDS-SERVICE applying filter {_genkey_0=name:rewardCircuitBreaker, _genkey_1=fallbackUri:forward:/fallback/reward} to CircuitBreaker
2026-03-27T10:58:19.629+05:30 DEBUG 24304 --- [Api-Gateway] [reshExecutor-%d] o.s.c.g.r.RouteDefinitionRouteLocator    : RouteDefinition matched: REWARDS-SERVICE
2026-03-27T10:58:19.630+05:30 DEBUG 24304 --- [Api-Gateway] [reshExecutor-%d] o.s.c.g.r.RouteDefinitionRouteLocator    : RouteDefinition NOTIFICATION-SERVICE applying {_genkey_0=/api/notifications/**} to Path
2026-03-27T10:58:19.631+05:30 DEBUG 24304 --- [Api-Gateway] [reshExecutor-%d] o.s.c.g.r.RouteDefinitionRouteLocator    : RouteDefinition NOTIFICATION-SERVICE applying filter {_genkey_0=name:notificationCircuitBreaker, _genkey_1=fallbackUri:forward:/fallback/general} to CircuitBreaker
2026-03-27T10:58:19.632+05:30 DEBUG 24304 --- [Api-Gateway] [reshExecutor-%d] o.s.c.g.r.RouteDefinitionRouteLocator    : RouteDefinition matched: NOTIFICATION-SERVICE
2026-03-27T10:58:19.732+05:30 DEBUG 24304 --- [Api-Gateway] [reshExecutor-%d] o.s.c.g.r.RouteDefinitionRouteLocator    : RouteDefinition USER-SERVICE applying {_genkey_0=/users/**} to Path
2026-03-27T10:58:19.735+05:30 DEBUG 24304 --- [Api-Gateway] [reshExecutor-%d] o.s.c.g.r.RouteDefinitionRouteLocator    : RouteDefinition matched: USER-SERVICE
2026-03-27T10:58:19.738+05:30 DEBUG 24304 --- [Api-Gateway] [reshExecutor-%d] o.s.c.g.filter.GatewayMetricsFilter      : New routes count: 19
2026-03-27T10:58:42.044+05:30  INFO 24304 --- [Api-Gateway] [rap-executor-%d] c.n.d.s.r.aws.ConfigClusterResolver      : Resolving eureka endpoints via configuration
2026-03-27T10:58:49.772+05:30 DEBUG 24304 --- [Api-Gateway] [reshExecutor-%d] o.s.c.g.r.RouteDefinitionRouteLocator    : RouteDefinition ReactiveCompositeDiscoveryClient_CONFIG-SERVIER applying {pattern=/config-servier/**} to Path
2026-03-27T10:58:49.792+05:30 DEBUG 24304 --- [Api-Gateway] [reshExecutor-%d] o.s.c.g.r.RouteDefinitionRouteLocator    : RouteDefinition ReactiveCompositeDiscoveryClient_CONFIG-SERVIER applying filter {regexp=/config-servier/?(?<remaining>.*), replacement=/${remaining}} to RewritePath
2026-03-27T10:58:49.794+05:30 DEBUG 24304 --- [Api-Gateway] [reshExecutor-%d] o.s.c.g.r.RouteDefinitionRouteLocator    : RouteDefinition matched: ReactiveCompositeDiscoveryClient_CONFIG-SERVIER
2026-03-27T10:58:49.795+05:30 DEBUG 24304 --- [Api-Gateway] [reshExecutor-%d] o.s.c.g.r.RouteDefinitionRouteLocator    : RouteDefinition ReactiveCompositeDiscoveryClient_API-GATEWAY applying {pattern=/api-gateway/**} to Path
2026-03-27T10:58:49.796+05:30 DEBUG 24304 --- [Api-Gateway] [reshExecutor-%d] o.s.c.g.r.RouteDefinitionRouteLocator    : RouteDefinition ReactiveCompositeDiscoveryClient_API-GATEWAY applying filter {regexp=/api-gateway/?(?<remaining>.*), replacement=/${remaining}} to RewritePath
2026-03-27T10:58:49.798+05:30 DEBUG 24304 --- [Api-Gateway] [reshExecutor-%d] o.s.c.g.r.RouteDefinitionRouteLocator    : RouteDefinition matched: ReactiveCompositeDiscoveryClient_API-GATEWAY
2026-03-27T10:58:49.799+05:30 DEBUG 24304 --- [Api-Gateway] [reshExecutor-%d] o.s.c.g.r.RouteDefinitionRouteLocator    : RouteDefinition ReactiveCompositeDiscoveryClient_REWARDS-SERVICE applying {pattern=/rewards-service/**} to Path
2026-03-27T10:58:49.801+05:30 DEBUG 24304 --- [Api-Gateway] [reshExecutor-%d] o.s.c.g.r.RouteDefinitionRouteLocator    : RouteDefinition ReactiveCompositeDiscoveryClient_REWARDS-SERVICE applying filter {regexp=/rewards-service/?(?<remaining>.*), replacement=/${remaining}} to RewritePath
2026-03-27T10:58:49.802+05:30 DEBUG 24304 --- [Api-Gateway] [reshExecutor-%d] o.s.c.g.r.RouteDefinitionRouteLocator    : RouteDefinition matched: ReactiveCompositeDiscoveryClient_REWARDS-SERVICE
2026-03-27T10:58:49.803+05:30 DEBUG 24304 --- [Api-Gateway] [reshExecutor-%d] o.s.c.g.r.RouteDefinitionRouteLocator    : RouteDefinition ReactiveCompositeDiscoveryClient_KYC-SERVICE applying {pattern=/kyc-service/**} to Path
2026-03-27T10:58:49.805+05:30 DEBUG 24304 --- [Api-Gateway] [reshExecutor-%d] o.s.c.g.r.RouteDefinitionRouteLocator    : RouteDefinition ReactiveCompositeDiscoveryClient_KYC-SERVICE applying filter {regexp=/kyc-service/?(?<remaining>.*), replacement=/${remaining}} to RewritePath
2026-03-27T10:58:49.806+05:30 DEBUG 24304 --- [Api-Gateway] [reshExecutor-%d] o.s.c.g.r.RouteDefinitionRouteLocator    : RouteDefinition matched: ReactiveCompositeDiscoveryClient_KYC-SERVICE
2026-03-27T10:58:49.807+05:30 DEBUG 24304 --- [Api-Gateway] [reshExecutor-%d] o.s.c.g.r.RouteDefinitionRouteLocator    : RouteDefinition ReactiveCompositeDiscoveryClient_ADMIN-SERVICE applying {pattern=/admin-service/**} to Path
2026-03-27T10:58:49.809+05:30 DEBUG 24304 --- [Api-Gateway] [reshExecutor-%d] o.s.c.g.r.RouteDefinitionRouteLocator    : RouteDefinition ReactiveCompositeDiscoveryClient_ADMIN-SERVICE applying filter {regexp=/admin-service/?(?<remaining>.*), replacement=/${remaining}} to RewritePath
2026-03-27T10:58:49.810+05:30 DEBUG 24304 --- [Api-Gateway] [reshExecutor-%d] o.s.c.g.r.RouteDefinitionRouteLocator    : RouteDefinition matched: ReactiveCompositeDiscoveryClient_ADMIN-SERVICE
2026-03-27T10:58:49.812+05:30 DEBUG 24304 --- [Api-Gateway] [reshExecutor-%d] o.s.c.g.r.RouteDefinitionRouteLocator    : RouteDefinition ReactiveCompositeDiscoveryClient_TRANSACTION-SERVICE applying {pattern=/transaction-service/**} to Path
2026-03-27T10:58:49.813+05:30 DEBUG 24304 --- [Api-Gateway] [reshExecutor-%d] o.s.c.g.r.RouteDefinitionRouteLocator    : RouteDefinition ReactiveCompositeDiscoveryClient_TRANSACTION-SERVICE applying filter {regexp=/transaction-service/?(?<remaining>.*), replacement=/${remaining}} to RewritePath
2026-03-27T10:58:49.815+05:30 DEBUG 24304 --- [Api-Gateway] [reshExecutor-%d] o.s.c.g.r.RouteDefinitionRouteLocator    : RouteDefinition matched: ReactiveCompositeDiscoveryClient_TRANSACTION-SERVICE
2026-03-27T10:58:49.816+05:30 DEBUG 24304 --- [Api-Gateway] [reshExecutor-%d] o.s.c.g.r.RouteDefinitionRouteLocator    : RouteDefinition ReactiveCompositeDiscoveryClient_WALLET-SERVICE applying {pattern=/wallet-service/**} to Path
2026-03-27T10:58:49.817+05:30 DEBUG 24304 --- [Api-Gateway] [reshExecutor-%d] o.s.c.g.r.RouteDefinitionRouteLocator    : RouteDefinition ReactiveCompositeDiscoveryClient_WALLET-SERVICE applying filter {regexp=/wallet-service/?(?<remaining>.*), replacement=/${remaining}} to RewritePath
2026-03-27T10:58:49.818+05:30 DEBUG 24304 --- [Api-Gateway] [reshExecutor-%d] o.s.c.g.r.RouteDefinitionRouteLocator    : RouteDefinition matched: ReactiveCompositeDiscoveryClient_WALLET-SERVICE
2026-03-27T10:58:49.820+05:30 DEBUG 24304 --- [Api-Gateway] [reshExecutor-%d] o.s.c.g.r.RouteDefinitionRouteLocator    : RouteDefinition ReactiveCompositeDiscoveryClient_NOTIFICATION-SERVICE applying {pattern=/notification-service/**} to Path
2026-03-27T10:58:49.821+05:30 DEBUG 24304 --- [Api-Gateway] [reshExecutor-%d] o.s.c.g.r.RouteDefinitionRouteLocator    : RouteDefinition ReactiveCompositeDiscoveryClient_NOTIFICATION-SERVICE applying filter {regexp=/notification-service/?(?<remaining>.*), replacement=/${remaining}} to RewritePath
2026-03-27T10:58:49.822+05:30 DEBUG 24304 --- [Api-Gateway] [reshExecutor-%d] o.s.c.g.r.RouteDefinitionRouteLocator    : RouteDefinition matched: ReactiveCompositeDiscoveryClient_NOTIFICATION-SERVICE
2026-03-27T10:58:49.823+05:30 DEBUG 24304 --- [Api-Gateway] [reshExecutor-%d] o.s.c.g.r.RouteDefinitionRouteLocator    : RouteDefinition ReactiveCompositeDiscoveryClient_PAYMENT-SERVICES applying {pattern=/payment-services/**} to Path
2026-03-27T10:58:49.824+05:30 DEBUG 24304 --- [Api-Gateway] [reshExecutor-%d] o.s.c.g.r.RouteDefinitionRouteLocator    : RouteDefinition ReactiveCompositeDiscoveryClient_PAYMENT-SERVICES applying filter {regexp=/payment-services/?(?<remaining>.*), replacement=/${remaining}} to RewritePath
2026-03-27T10:58:49.825+05:30 DEBUG 24304 --- [Api-Gateway] [reshExecutor-%d] o.s.c.g.r.RouteDefinitionRouteLocator    : RouteDefinition matched: ReactiveCompositeDiscoveryClient_PAYMENT-SERVICES
2026-03-27T10:58:49.826+05:30 DEBUG 24304 --- [Api-Gateway] [reshExecutor-%d] o.s.c.g.r.RouteDefinitionRouteLocator    : RouteDefinition AUTH-SERVICE applying {_genkey_0=/auth/**} to Path
2026-03-27T10:58:49.827+05:30 DEBUG 24304 --- [Api-Gateway] [reshExecutor-%d] o.s.c.g.r.RouteDefinitionRouteLocator    : RouteDefinition matched: AUTH-SERVICE
2026-03-27T10:58:49.828+05:30 DEBUG 24304 --- [Api-Gateway] [reshExecutor-%d] o.s.c.g.r.RouteDefinitionRouteLocator    : RouteDefinition ADMIN-SERVICE applying {_genkey_0=/admin/**} to Path
2026-03-27T10:58:49.828+05:30 DEBUG 24304 --- [Api-Gateway] [reshExecutor-%d] o.s.c.g.r.RouteDefinitionRouteLocator    : RouteDefinition matched: ADMIN-SERVICE
2026-03-27T10:58:49.830+05:30 DEBUG 24304 --- [Api-Gateway] [reshExecutor-%d] o.s.c.g.r.RouteDefinitionRouteLocator    : RouteDefinition KYC-SERVICE applying {_genkey_0=/kyc/**} to Path
2026-03-27T10:58:49.831+05:30 DEBUG 24304 --- [Api-Gateway] [reshExecutor-%d] o.s.c.g.r.RouteDefinitionRouteLocator    : RouteDefinition matched: KYC-SERVICE
2026-03-27T10:58:49.832+05:30 DEBUG 24304 --- [Api-Gateway] [reshExecutor-%d] o.s.c.g.r.RouteDefinitionRouteLocator    : RouteDefinition PAYMENT-SERVICES applying {_genkey_0=/api/payments/**} to Path
2026-03-27T10:58:49.833+05:30 DEBUG 24304 --- [Api-Gateway] [reshExecutor-%d] o.s.c.g.r.RouteDefinitionRouteLocator    : RouteDefinition PAYMENT-SERVICES applying filter {_genkey_0=name:paymentCircuitBreaker, _genkey_1=fallbackUri:forward:/fallback/payment} to CircuitBreaker
2026-03-27T10:58:49.834+05:30 DEBUG 24304 --- [Api-Gateway] [reshExecutor-%d] o.s.c.g.r.RouteDefinitionRouteLocator    : RouteDefinition matched: PAYMENT-SERVICES
2026-03-27T10:58:49.834+05:30 DEBUG 24304 --- [Api-Gateway] [reshExecutor-%d] o.s.c.g.r.RouteDefinitionRouteLocator    : RouteDefinition WALLET-SERVICE applying {_genkey_0=/api/wallets/**} to Path
2026-03-27T10:58:49.835+05:30 DEBUG 24304 --- [Api-Gateway] [reshExecutor-%d] o.s.c.g.r.RouteDefinitionRouteLocator    : RouteDefinition WALLET-SERVICE applying filter {_genkey_0=name:walletCircuitBreaker, _genkey_1=fallbackUri:forward:/fallback/general} to CircuitBreaker
2026-03-27T10:58:49.836+05:30 DEBUG 24304 --- [Api-Gateway] [reshExecutor-%d] o.s.c.g.r.RouteDefinitionRouteLocator    : RouteDefinition matched: WALLET-SERVICE
2026-03-27T10:58:49.836+05:30 DEBUG 24304 --- [Api-Gateway] [reshExecutor-%d] o.s.c.g.r.RouteDefinitionRouteLocator    : RouteDefinition TRANSACTION-SERVICE applying {_genkey_0=/api/transaction/**} to Path
2026-03-27T10:58:49.836+05:30 DEBUG 24304 --- [Api-Gateway] [reshExecutor-%d] o.s.c.g.r.RouteDefinitionRouteLocator    : RouteDefinition TRANSACTION-SERVICE applying filter {_genkey_0=name:transactionCircuitBreaker, _genkey_1=fallbackUri:forward:/fallback/general} to CircuitBreaker
2026-03-27T10:58:49.837+05:30 DEBUG 24304 --- [Api-Gateway] [reshExecutor-%d] o.s.c.g.r.RouteDefinitionRouteLocator    : RouteDefinition matched: TRANSACTION-SERVICE
2026-03-27T10:58:49.837+05:30 DEBUG 24304 --- [Api-Gateway] [reshExecutor-%d] o.s.c.g.r.RouteDefinitionRouteLocator    : RouteDefinition REWARDS-SERVICE applying {_genkey_0=/api/rewards/**} to Path
2026-03-27T10:58:49.838+05:30 DEBUG 24304 --- [Api-Gateway] [reshExecutor-%d] o.s.c.g.r.RouteDefinitionRouteLocator    : RouteDefinition REWARDS-SERVICE applying filter {_genkey_0=name:rewardCircuitBreaker, _genkey_1=fallbackUri:forward:/fallback/reward} to CircuitBreaker
2026-03-27T10:58:49.839+05:30 DEBUG 24304 --- [Api-Gateway] [reshExecutor-%d] o.s.c.g.r.RouteDefinitionRouteLocator    : RouteDefinition matched: REWARDS-SERVICE
2026-03-27T10:58:49.839+05:30 DEBUG 24304 --- [Api-Gateway] [reshExecutor-%d] o.s.c.g.r.RouteDefinitionRouteLocator    : RouteDefinition NOTIFICATION-SERVICE applying {_genkey_0=/api/notifications/**} to Path
2026-03-27T10:58:49.840+05:30 DEBUG 24304 --- [Api-Gateway] [reshExecutor-%d] o.s.c.g.r.RouteDefinitionRouteLocator    : RouteDefinition NOTIFICATION-SERVICE applying filter {_genkey_0=name:notificationCircuitBreaker, _genkey_1=fallbackUri:forward:/fallback/general} to CircuitBreaker
2026-03-27T10:58:49.840+05:30 DEBUG 24304 --- [Api-Gateway] [reshExecutor-%d] o.s.c.g.r.RouteDefinitionRouteLocator    : RouteDefinition matched: NOTIFICATION-SERVICE
2026-03-27T10:58:49.840+05:30 DEBUG 24304 --- [Api-Gateway] [reshExecutor-%d] o.s.c.g.r.RouteDefinitionRouteLocator    : RouteDefinition USER-SERVICE applying {_genkey_0=/users/**} to Path
2026-03-27T10:58:49.840+05:30 DEBUG 24304 --- [Api-Gateway] [reshExecutor-%d] o.s.c.g.r.RouteDefinitionRouteLocator    : RouteDefinition matched: USER-SERVICE
2026-03-27T10:58:49.842+05:30 DEBUG 24304 --- [Api-Gateway] [reshExecutor-%d] o.s.c.g.filter.GatewayMetricsFilter      : New routes count: 18
2026-03-27T10:59:19.875+05:30 DEBUG 24304 --- [Api-Gateway] [reshExecutor-%d] o.s.c.g.r.RouteDefinitionRouteLocator    : RouteDefinition ReactiveCompositeDiscoveryClient_CONFIG-SERVIER applying {pattern=/config-servier/**} to Path
2026-03-27T10:59:19.890+05:30 DEBUG 24304 --- [Api-Gateway] [reshExecutor-%d] o.s.c.g.r.RouteDefinitionRouteLocator    : RouteDefinition ReactiveCompositeDiscoveryClient_CONFIG-SERVIER applying filter {regexp=/config-servier/?(?<remaining>.*), replacement=/${remaining}} to RewritePath
2026-03-27T10:59:19.891+05:30 DEBUG 24304 --- [Api-Gateway] [reshExecutor-%d] o.s.c.g.r.RouteDefinitionRouteLocator    : RouteDefinition matched: ReactiveCompositeDiscoveryClient_CONFIG-SERVIER
2026-03-27T10:59:19.892+05:30 DEBUG 24304 --- [Api-Gateway] [reshExecutor-%d] o.s.c.g.r.RouteDefinitionRouteLocator    : RouteDefinition ReactiveCompositeDiscoveryClient_API-GATEWAY applying {pattern=/api-gateway/**} to Path
2026-03-27T10:59:19.893+05:30 DEBUG 24304 --- [Api-Gateway] [reshExecutor-%d] o.s.c.g.r.RouteDefinitionRouteLocator    : RouteDefinition ReactiveCompositeDiscoveryClient_API-GATEWAY applying filter {regexp=/api-gateway/?(?<remaining>.*), replacement=/${remaining}} to RewritePath
2026-03-27T10:59:19.894+05:30 DEBUG 24304 --- [Api-Gateway] [reshExecutor-%d] o.s.c.g.r.RouteDefinitionRouteLocator    : RouteDefinition matched: ReactiveCompositeDiscoveryClient_API-GATEWAY
2026-03-27T10:59:19.894+05:30 DEBUG 24304 --- [Api-Gateway] [reshExecutor-%d] o.s.c.g.r.RouteDefinitionRouteLocator    : RouteDefinition ReactiveCompositeDiscoveryClient_REWARDS-SERVICE applying {pattern=/rewards-service/**} to Path
2026-03-27T10:59:19.895+05:30 DEBUG 24304 --- [Api-Gateway] [reshExecutor-%d] o.s.c.g.r.RouteDefinitionRouteLocator    : RouteDefinition ReactiveCompositeDiscoveryClient_REWARDS-SERVICE applying filter {regexp=/rewards-service/?(?<remaining>.*), replacement=/${remaining}} to RewritePath
2026-03-27T10:59:19.895+05:30 DEBUG 24304 --- [Api-Gateway] [reshExecutor-%d] o.s.c.g.r.RouteDefinitionRouteLocator    : RouteDefinition matched: ReactiveCompositeDiscoveryClient_REWARDS-SERVICE
2026-03-27T10:59:19.895+05:30 DEBUG 24304 --- [Api-Gateway] [reshExecutor-%d] o.s.c.g.r.RouteDefinitionRouteLocator    : RouteDefinition ReactiveCompositeDiscoveryClient_KYC-SERVICE applying {pattern=/kyc-service/**} to Path
2026-03-27T10:59:19.897+05:30 DEBUG 24304 --- [Api-Gateway] [reshExecutor-%d] o.s.c.g.r.RouteDefinitionRouteLocator    : RouteDefinition ReactiveCompositeDiscoveryClient_KYC-SERVICE applying filter {regexp=/kyc-service/?(?<remaining>.*), replacement=/${remaining}} to RewritePath
2026-03-27T10:59:19.897+05:30 DEBUG 24304 --- [Api-Gateway] [reshExecutor-%d] o.s.c.g.r.RouteDefinitionRouteLocator    : RouteDefinition matched: ReactiveCompositeDiscoveryClient_KYC-SERVICE
2026-03-27T10:59:19.897+05:30 DEBUG 24304 --- [Api-Gateway] [reshExecutor-%d] o.s.c.g.r.RouteDefinitionRouteLocator    : RouteDefinition ReactiveCompositeDiscoveryClient_ADMIN-SERVICE applying {pattern=/admin-service/**} to Path
2026-03-27T10:59:19.898+05:30 DEBUG 24304 --- [Api-Gateway] [reshExecutor-%d] o.s.c.g.r.RouteDefinitionRouteLocator    : RouteDefinition ReactiveCompositeDiscoveryClient_ADMIN-SERVICE applying filter {regexp=/admin-service/?(?<remaining>.*), replacement=/${remaining}} to RewritePath
2026-03-27T10:59:19.898+05:30 DEBUG 24304 --- [Api-Gateway] [reshExecutor-%d] o.s.c.g.r.RouteDefinitionRouteLocator    : RouteDefinition matched: ReactiveCompositeDiscoveryClient_ADMIN-SERVICE
2026-03-27T10:59:19.899+05:30 DEBUG 24304 --- [Api-Gateway] [reshExecutor-%d] o.s.c.g.r.RouteDefinitionRouteLocator    : RouteDefinition ReactiveCompositeDiscoveryClient_TRANSACTION-SERVICE applying {pattern=/transaction-service/**} to Path
2026-03-27T10:59:19.900+05:30 DEBUG 24304 --- [Api-Gateway] [reshExecutor-%d] o.s.c.g.r.RouteDefinitionRouteLocator    : RouteDefinition ReactiveCompositeDiscoveryClient_TRANSACTION-SERVICE applying filter {regexp=/transaction-service/?(?<remaining>.*), replacement=/${remaining}} to RewritePath
2026-03-27T10:59:19.900+05:30 DEBUG 24304 --- [Api-Gateway] [reshExecutor-%d] o.s.c.g.r.RouteDefinitionRouteLocator    : RouteDefinition matched: ReactiveCompositeDiscoveryClient_TRANSACTION-SERVICE
2026-03-27T10:59:19.901+05:30 DEBUG 24304 --- [Api-Gateway] [reshExecutor-%d] o.s.c.g.r.RouteDefinitionRouteLocator    : RouteDefinition ReactiveCompositeDiscoveryClient_WALLET-SERVICE applying {pattern=/wallet-service/**} to Path
2026-03-27T10:59:19.901+05:30 DEBUG 24304 --- [Api-Gateway] [reshExecutor-%d] o.s.c.g.r.RouteDefinitionRouteLocator    : RouteDefinition ReactiveCompositeDiscoveryClient_WALLET-SERVICE applying filter {regexp=/wallet-service/?(?<remaining>.*), replacement=/${remaining}} to RewritePath
2026-03-27T10:59:19.903+05:30 DEBUG 24304 --- [Api-Gateway] [reshExecutor-%d] o.s.c.g.r.RouteDefinitionRouteLocator    : RouteDefinition matched: ReactiveCompositeDiscoveryClient_WALLET-SERVICE
2026-03-27T10:59:19.903+05:30 DEBUG 24304 --- [Api-Gateway] [reshExecutor-%d] o.s.c.g.r.RouteDefinitionRouteLocator    : RouteDefinition ReactiveCompositeDiscoveryClient_NOTIFICATION-SERVICE applying {pattern=/notification-service/**} to Path
2026-03-27T10:59:19.904+05:30 DEBUG 24304 --- [Api-Gateway] [reshExecutor-%d] o.s.c.g.r.RouteDefinitionRouteLocator    : RouteDefinition ReactiveCompositeDiscoveryClient_NOTIFICATION-SERVICE applying filter {regexp=/notification-service/?(?<remaining>.*), replacement=/${remaining}} to RewritePath
2026-03-27T10:59:19.905+05:30 DEBUG 24304 --- [Api-Gateway] [reshExecutor-%d] o.s.c.g.r.RouteDefinitionRouteLocator    : RouteDefinition matched: ReactiveCompositeDiscoveryClient_NOTIFICATION-SERVICE
2026-03-27T10:59:19.905+05:30 DEBUG 24304 --- [Api-Gateway] [reshExecutor-%d] o.s.c.g.r.RouteDefinitionRouteLocator    : RouteDefinition ReactiveCompositeDiscoveryClient_PAYMENT-SERVICES applying {pattern=/payment-services/**} to Path
2026-03-27T10:59:19.906+05:30 DEBUG 24304 --- [Api-Gateway] [reshExecutor-%d] o.s.c.g.r.RouteDefinitionRouteLocator    : RouteDefinition ReactiveCompositeDiscoveryClient_PAYMENT-SERVICES applying filter {regexp=/payment-services/?(?<remaining>.*), replacement=/${remaining}} to RewritePath
2026-03-27T10:59:19.906+05:30 DEBUG 24304 --- [Api-Gateway] [reshExecutor-%d] o.s.c.g.r.RouteDefinitionRouteLocator    : RouteDefinition matched: ReactiveCompositeDiscoveryClient_PAYMENT-SERVICES
2026-03-27T10:59:19.907+05:30 DEBUG 24304 --- [Api-Gateway] [reshExecutor-%d] o.s.c.g.r.RouteDefinitionRouteLocator    : RouteDefinition AUTH-SERVICE applying {_genkey_0=/auth/**} to Path
2026-03-27T10:59:19.907+05:30 DEBUG 24304 --- [Api-Gateway] [reshExecutor-%d] o.s.c.g.r.RouteDefinitionRouteLocator    : RouteDefinition matched: AUTH-SERVICE
2026-03-27T10:59:19.907+05:30 DEBUG 24304 --- [Api-Gateway] [reshExecutor-%d] o.s.c.g.r.RouteDefinitionRouteLocator    : RouteDefinition ADMIN-SERVICE applying {_genkey_0=/admin/**} to Path
2026-03-27T10:59:19.907+05:30 DEBUG 24304 --- [Api-Gateway] [reshExecutor-%d] o.s.c.g.r.RouteDefinitionRouteLocator    : RouteDefinition matched: ADMIN-SERVICE
2026-03-27T10:59:19.907+05:30 DEBUG 24304 --- [Api-Gateway] [reshExecutor-%d] o.s.c.g.r.RouteDefinitionRouteLocator    : RouteDefinition KYC-SERVICE applying {_genkey_0=/kyc/**} to Path
2026-03-27T10:59:19.907+05:30 DEBUG 24304 --- [Api-Gateway] [reshExecutor-%d] o.s.c.g.r.RouteDefinitionRouteLocator    : RouteDefinition matched: KYC-SERVICE
2026-03-27T10:59:19.909+05:30 DEBUG 24304 --- [Api-Gateway] [reshExecutor-%d] o.s.c.g.r.RouteDefinitionRouteLocator    : RouteDefinition PAYMENT-SERVICES applying {_genkey_0=/api/payments/**} to Path
2026-03-27T10:59:19.909+05:30 DEBUG 24304 --- [Api-Gateway] [reshExecutor-%d] o.s.c.g.r.RouteDefinitionRouteLocator    : RouteDefinition PAYMENT-SERVICES applying filter {_genkey_0=name:paymentCircuitBreaker, _genkey_1=fallbackUri:forward:/fallback/payment} to CircuitBreaker
2026-03-27T10:59:19.910+05:30 DEBUG 24304 --- [Api-Gateway] [reshExecutor-%d] o.s.c.g.r.RouteDefinitionRouteLocator    : RouteDefinition matched: PAYMENT-SERVICES
2026-03-27T10:59:19.910+05:30 DEBUG 24304 --- [Api-Gateway] [reshExecutor-%d] o.s.c.g.r.RouteDefinitionRouteLocator    : RouteDefinition WALLET-SERVICE applying {_genkey_0=/api/wallets/**} to Path
2026-03-27T10:59:19.910+05:30 DEBUG 24304 --- [Api-Gateway] [reshExecutor-%d] o.s.c.g.r.RouteDefinitionRouteLocator    : RouteDefinition WALLET-SERVICE applying filter {_genkey_0=name:walletCircuitBreaker, _genkey_1=fallbackUri:forward:/fallback/general} to CircuitBreaker
2026-03-27T10:59:19.910+05:30 DEBUG 24304 --- [Api-Gateway] [reshExecutor-%d] o.s.c.g.r.RouteDefinitionRouteLocator    : RouteDefinition matched: WALLET-SERVICE
2026-03-27T10:59:19.911+05:30 DEBUG 24304 --- [Api-Gateway] [reshExecutor-%d] o.s.c.g.r.RouteDefinitionRouteLocator    : RouteDefinition TRANSACTION-SERVICE applying {_genkey_0=/api/transaction/**} to Path
2026-03-27T10:59:19.911+05:30 DEBUG 24304 --- [Api-Gateway] [reshExecutor-%d] o.s.c.g.r.RouteDefinitionRouteLocator    : RouteDefinition TRANSACTION-SERVICE applying filter {_genkey_0=name:transactionCircuitBreaker, _genkey_1=fallbackUri:forward:/fallback/general} to CircuitBreaker
2026-03-27T10:59:19.911+05:30 DEBUG 24304 --- [Api-Gateway] [reshExecutor-%d] o.s.c.g.r.RouteDefinitionRouteLocator    : RouteDefinition matched: TRANSACTION-SERVICE
2026-03-27T10:59:19.912+05:30 DEBUG 24304 --- [Api-Gateway] [reshExecutor-%d] o.s.c.g.r.RouteDefinitionRouteLocator    : RouteDefinition REWARDS-SERVICE applying {_genkey_0=/api/rewards/**} to Path
2026-03-27T10:59:19.912+05:30 DEBUG 24304 --- [Api-Gateway] [reshExecutor-%d] o.s.c.g.r.RouteDefinitionRouteLocator    : RouteDefinition REWARDS-SERVICE applying filter {_genkey_0=name:rewardCircuitBreaker, _genkey_1=fallbackUri:forward:/fallback/reward} to CircuitBreaker
2026-03-27T10:59:19.912+05:30 DEBUG 24304 --- [Api-Gateway] [reshExecutor-%d] o.s.c.g.r.RouteDefinitionRouteLocator    : RouteDefinition matched: REWARDS-SERVICE
2026-03-27T10:59:19.913+05:30 DEBUG 24304 --- [Api-Gateway] [reshExecutor-%d] o.s.c.g.r.RouteDefinitionRouteLocator    : RouteDefinition NOTIFICATION-SERVICE applying {_genkey_0=/api/notifications/**} to Path
2026-03-27T10:59:19.913+05:30 DEBUG 24304 --- [Api-Gateway] [reshExecutor-%d] o.s.c.g.r.RouteDefinitionRouteLocator    : RouteDefinition NOTIFICATION-SERVICE applying filter {_genkey_0=name:notificationCircuitBreaker, _genkey_1=fallbackUri:forward:/fallback/general} to CircuitBreaker
2026-03-27T10:59:19.913+05:30 DEBUG 24304 --- [Api-Gateway] [reshExecutor-%d] o.s.c.g.r.RouteDefinitionRouteLocator    : RouteDefinition matched: NOTIFICATION-SERVICE
2026-03-27T10:59:19.913+05:30 DEBUG 24304 --- [Api-Gateway] [reshExecutor-%d] o.s.c.g.r.RouteDefinitionRouteLocator    : RouteDefinition USER-SERVICE applying {_genkey_0=/users/**} to Path
2026-03-27T10:59:19.914+05:30 DEBUG 24304 --- [Api-Gateway] [reshExecutor-%d] o.s.c.g.r.RouteDefinitionRouteLocator    : RouteDefinition matched: USER-SERVICE
2026-03-27T10:59:19.915+05:30 DEBUG 24304 --- [Api-Gateway] [reshExecutor-%d] o.s.c.g.filter.GatewayMetricsFilter      : New routes count: 18
2026-03-27T10:59:49.945+05:30 DEBUG 24304 --- [Api-Gateway] [reshExecutor-%d] o.s.c.g.r.RouteDefinitionRouteLocator    : RouteDefinition ReactiveCompositeDiscoveryClient_CONFIG-SERVIER applying {pattern=/config-servier/**} to Path
2026-03-27T10:59:49.946+05:30 DEBUG 24304 --- [Api-Gateway] [reshExecutor-%d] o.s.c.g.r.RouteDefinitionRouteLocator    : RouteDefinition ReactiveCompositeDiscoveryClient_CONFIG-SERVIER applying filter {regexp=/config-servier/?(?<remaining>.*), replacement=/${remaining}} to RewritePath
2026-03-27T10:59:49.948+05:30 DEBUG 24304 --- [Api-Gateway] [reshExecutor-%d] o.s.c.g.r.RouteDefinitionRouteLocator    : RouteDefinition matched: ReactiveCompositeDiscoveryClient_CONFIG-SERVIER
2026-03-27T10:59:49.948+05:30 DEBUG 24304 --- [Api-Gateway] [reshExecutor-%d] o.s.c.g.r.RouteDefinitionRouteLocator    : RouteDefinition ReactiveCompositeDiscoveryClient_API-GATEWAY applying {pattern=/api-gateway/**} to Path
2026-03-27T10:59:49.948+05:30 DEBUG 24304 --- [Api-Gateway] [reshExecutor-%d] o.s.c.g.r.RouteDefinitionRouteLocator    : RouteDefinition ReactiveCompositeDiscoveryClient_API-GATEWAY applying filter {regexp=/api-gateway/?(?<remaining>.*), replacement=/${remaining}} to RewritePath
2026-03-27T10:59:49.949+05:30 DEBUG 24304 --- [Api-Gateway] [reshExecutor-%d] o.s.c.g.r.RouteDefinitionRouteLocator    : RouteDefinition matched: ReactiveCompositeDiscoveryClient_API-GATEWAY
2026-03-27T10:59:49.949+05:30 DEBUG 24304 --- [Api-Gateway] [reshExecutor-%d] o.s.c.g.r.RouteDefinitionRouteLocator    : RouteDefinition ReactiveCompositeDiscoveryClient_REWARDS-SERVICE applying {pattern=/rewards-service/**} to Path
2026-03-27T10:59:49.950+05:30 DEBUG 24304 --- [Api-Gateway] [reshExecutor-%d] o.s.c.g.r.RouteDefinitionRouteLocator    : RouteDefinition ReactiveCompositeDiscoveryClient_REWARDS-SERVICE applying filter {regexp=/rewards-service/?(?<remaining>.*), replacement=/${remaining}} to RewritePath
2026-03-27T10:59:49.951+05:30 DEBUG 24304 --- [Api-Gateway] [reshExecutor-%d] o.s.c.g.r.RouteDefinitionRouteLocator    : RouteDefinition matched: ReactiveCompositeDiscoveryClient_REWARDS-SERVICE
2026-03-27T10:59:49.951+05:30 DEBUG 24304 --- [Api-Gateway] [reshExecutor-%d] o.s.c.g.r.RouteDefinitionRouteLocator    : RouteDefinition ReactiveCompositeDiscoveryClient_KYC-SERVICE applying {pattern=/kyc-service/**} to Path
2026-03-27T10:59:49.951+05:30 DEBUG 24304 --- [Api-Gateway] [reshExecutor-%d] o.s.c.g.r.RouteDefinitionRouteLocator    : RouteDefinition ReactiveCompositeDiscoveryClient_KYC-SERVICE applying filter {regexp=/kyc-service/?(?<remaining>.*), replacement=/${remaining}} to RewritePath
2026-03-27T10:59:49.952+05:30 DEBUG 24304 --- [Api-Gateway] [reshExecutor-%d] o.s.c.g.r.RouteDefinitionRouteLocator    : RouteDefinition matched: ReactiveCompositeDiscoveryClient_KYC-SERVICE
2026-03-27T10:59:49.952+05:30 DEBUG 24304 --- [Api-Gateway] [reshExecutor-%d] o.s.c.g.r.RouteDefinitionRouteLocator    : RouteDefinition ReactiveCompositeDiscoveryClient_ADMIN-SERVICE applying {pattern=/admin-service/**} to Path
2026-03-27T10:59:49.952+05:30 DEBUG 24304 --- [Api-Gateway] [reshExecutor-%d] o.s.c.g.r.RouteDefinitionRouteLocator    : RouteDefinition ReactiveCompositeDiscoveryClient_ADMIN-SERVICE applying filter {regexp=/admin-service/?(?<remaining>.*), replacement=/${remaining}} to RewritePath
2026-03-27T10:59:49.954+05:30 DEBUG 24304 --- [Api-Gateway] [reshExecutor-%d] o.s.c.g.r.RouteDefinitionRouteLocator    : RouteDefinition matched: ReactiveCompositeDiscoveryClient_ADMIN-SERVICE
2026-03-27T10:59:49.954+05:30 DEBUG 24304 --- [Api-Gateway] [reshExecutor-%d] o.s.c.g.r.RouteDefinitionRouteLocator    : RouteDefinition ReactiveCompositeDiscoveryClient_TRANSACTION-SERVICE applying {pattern=/transaction-service/**} to Path
2026-03-27T10:59:49.954+05:30 DEBUG 24304 --- [Api-Gateway] [reshExecutor-%d] o.s.c.g.r.RouteDefinitionRouteLocator    : RouteDefinition ReactiveCompositeDiscoveryClient_TRANSACTION-SERVICE applying filter {regexp=/transaction-service/?(?<remaining>.*), replacement=/${remaining}} to RewritePath
2026-03-27T10:59:49.955+05:30 DEBUG 24304 --- [Api-Gateway] [reshExecutor-%d] o.s.c.g.r.RouteDefinitionRouteLocator    : RouteDefinition matched: ReactiveCompositeDiscoveryClient_TRANSACTION-SERVICE
2026-03-27T10:59:49.955+05:30 DEBUG 24304 --- [Api-Gateway] [reshExecutor-%d] o.s.c.g.r.RouteDefinitionRouteLocator    : RouteDefinition ReactiveCompositeDiscoveryClient_WALLET-SERVICE applying {pattern=/wallet-service/**} to Path
2026-03-27T10:59:49.956+05:30 DEBUG 24304 --- [Api-Gateway] [reshExecutor-%d] o.s.c.g.r.RouteDefinitionRouteLocator    : RouteDefinition ReactiveCompositeDiscoveryClient_WALLET-SERVICE applying filter {regexp=/wallet-service/?(?<remaining>.*), replacement=/${remaining}} to RewritePath
2026-03-27T10:59:49.956+05:30 DEBUG 24304 --- [Api-Gateway] [reshExecutor-%d] o.s.c.g.r.RouteDefinitionRouteLocator    : RouteDefinition matched: ReactiveCompositeDiscoveryClient_WALLET-SERVICE
2026-03-27T10:59:49.956+05:30 DEBUG 24304 --- [Api-Gateway] [reshExecutor-%d] o.s.c.g.r.RouteDefinitionRouteLocator    : RouteDefinition ReactiveCompositeDiscoveryClient_NOTIFICATION-SERVICE applying {pattern=/notification-service/**} to Path
2026-03-27T10:59:49.957+05:30 DEBUG 24304 --- [Api-Gateway] [reshExecutor-%d] o.s.c.g.r.RouteDefinitionRouteLocator    : RouteDefinition ReactiveCompositeDiscoveryClient_NOTIFICATION-SERVICE applying filter {regexp=/notification-service/?(?<remaining>.*), replacement=/${remaining}} to RewritePath
2026-03-27T10:59:49.957+05:30 DEBUG 24304 --- [Api-Gateway] [reshExecutor-%d] o.s.c.g.r.RouteDefinitionRouteLocator    : RouteDefinition matched: ReactiveCompositeDiscoveryClient_NOTIFICATION-SERVICE
2026-03-27T10:59:49.958+05:30 DEBUG 24304 --- [Api-Gateway] [reshExecutor-%d] o.s.c.g.r.RouteDefinitionRouteLocator    : RouteDefinition ReactiveCompositeDiscoveryClient_PAYMENT-SERVICES applying {pattern=/payment-services/**} to Path
2026-03-27T10:59:49.958+05:30 DEBUG 24304 --- [Api-Gateway] [reshExecutor-%d] o.s.c.g.r.RouteDefinitionRouteLocator    : RouteDefinition ReactiveCompositeDiscoveryClient_PAYMENT-SERVICES applying filter {regexp=/payment-services/?(?<remaining>.*), replacement=/${remaining}} to RewritePath
2026-03-27T10:59:49.958+05:30 DEBUG 24304 --- [Api-Gateway] [reshExecutor-%d] o.s.c.g.r.RouteDefinitionRouteLocator    : RouteDefinition matched: ReactiveCompositeDiscoveryClient_PAYMENT-SERVICES
2026-03-27T10:59:49.958+05:30 DEBUG 24304 --- [Api-Gateway] [reshExecutor-%d] o.s.c.g.r.RouteDefinitionRouteLocator    : RouteDefinition AUTH-SERVICE applying {_genkey_0=/auth/**} to Path
2026-03-27T10:59:49.959+05:30 DEBUG 24304 --- [Api-Gateway] [reshExecutor-%d] o.s.c.g.r.RouteDefinitionRouteLocator    : RouteDefinition matched: AUTH-SERVICE
2026-03-27T10:59:49.960+05:30 DEBUG 24304 --- [Api-Gateway] [reshExecutor-%d] o.s.c.g.r.RouteDefinitionRouteLocator    : RouteDefinition ADMIN-SERVICE applying {_genkey_0=/admin/**} to Path
2026-03-27T10:59:49.960+05:30 DEBUG 24304 --- [Api-Gateway] [reshExecutor-%d] o.s.c.g.r.RouteDefinitionRouteLocator    : RouteDefinition matched: ADMIN-SERVICE
2026-03-27T10:59:49.961+05:30 DEBUG 24304 --- [Api-Gateway] [reshExecutor-%d] o.s.c.g.r.RouteDefinitionRouteLocator    : RouteDefinition KYC-SERVICE applying {_genkey_0=/kyc/**} to Path
2026-03-27T10:59:49.961+05:30 DEBUG 24304 --- [Api-Gateway] [reshExecutor-%d] o.s.c.g.r.RouteDefinitionRouteLocator    : RouteDefinition matched: KYC-SERVICE
2026-03-27T10:59:49.961+05:30 DEBUG 24304 --- [Api-Gateway] [reshExecutor-%d] o.s.c.g.r.RouteDefinitionRouteLocator    : RouteDefinition PAYMENT-SERVICES applying {_genkey_0=/api/payments/**} to Path
2026-03-27T10:59:49.962+05:30 DEBUG 24304 --- [Api-Gateway] [reshExecutor-%d] o.s.c.g.r.RouteDefinitionRouteLocator    : RouteDefinition PAYMENT-SERVICES applying filter {_genkey_0=name:paymentCircuitBreaker, _genkey_1=fallbackUri:forward:/fallback/payment} to CircuitBreaker
2026-03-27T10:59:49.963+05:30 DEBUG 24304 --- [Api-Gateway] [reshExecutor-%d] o.s.c.g.r.RouteDefinitionRouteLocator    : RouteDefinition matched: PAYMENT-SERVICES
2026-03-27T10:59:49.963+05:30 DEBUG 24304 --- [Api-Gateway] [reshExecutor-%d] o.s.c.g.r.RouteDefinitionRouteLocator    : RouteDefinition WALLET-SERVICE applying {_genkey_0=/api/wallets/**} to Path
2026-03-27T10:59:49.963+05:30 DEBUG 24304 --- [Api-Gateway] [reshExecutor-%d] o.s.c.g.r.RouteDefinitionRouteLocator    : RouteDefinition WALLET-SERVICE applying filter {_genkey_0=name:walletCircuitBreaker, _genkey_1=fallbackUri:forward:/fallback/general} to CircuitBreaker
2026-03-27T10:59:49.964+05:30 DEBUG 24304 --- [Api-Gateway] [reshExecutor-%d] o.s.c.g.r.RouteDefinitionRouteLocator    : RouteDefinition matched: WALLET-SERVICE
2026-03-27T10:59:49.964+05:30 DEBUG 24304 --- [Api-Gateway] [reshExecutor-%d] o.s.c.g.r.RouteDefinitionRouteLocator    : RouteDefinition TRANSACTION-SERVICE applying {_genkey_0=/api/transaction/**} to Path
2026-03-27T10:59:49.965+05:30 DEBUG 24304 --- [Api-Gateway] [reshExecutor-%d] o.s.c.g.r.RouteDefinitionRouteLocator    : RouteDefinition TRANSACTION-SERVICE applying filter {_genkey_0=name:transactionCircuitBreaker, _genkey_1=fallbackUri:forward:/fallback/general} to CircuitBreaker
2026-03-27T10:59:49.966+05:30 DEBUG 24304 --- [Api-Gateway] [reshExecutor-%d] o.s.c.g.r.RouteDefinitionRouteLocator    : RouteDefinition matched: TRANSACTION-SERVICE
2026-03-27T10:59:49.966+05:30 DEBUG 24304 --- [Api-Gateway] [reshExecutor-%d] o.s.c.g.r.RouteDefinitionRouteLocator    : RouteDefinition REWARDS-SERVICE applying {_genkey_0=/api/rewards/**} to Path
2026-03-27T10:59:49.967+05:30 DEBUG 24304 --- [Api-Gateway] [reshExecutor-%d] o.s.c.g.r.RouteDefinitionRouteLocator    : RouteDefinition REWARDS-SERVICE applying filter {_genkey_0=name:rewardCircuitBreaker, _genkey_1=fallbackUri:forward:/fallback/reward} to CircuitBreaker
2026-03-27T10:59:49.967+05:30 DEBUG 24304 --- [Api-Gateway] [reshExecutor-%d] o.s.c.g.r.RouteDefinitionRouteLocator    : RouteDefinition matched: REWARDS-SERVICE
2026-03-27T10:59:49.968+05:30 DEBUG 24304 --- [Api-Gateway] [reshExecutor-%d] o.s.c.g.r.RouteDefinitionRouteLocator    : RouteDefinition NOTIFICATION-SERVICE applying {_genkey_0=/api/notifications/**} to Path
2026-03-27T10:59:49.968+05:30 DEBUG 24304 --- [Api-Gateway] [reshExecutor-%d] o.s.c.g.r.RouteDefinitionRouteLocator    : RouteDefinition NOTIFICATION-SERVICE applying filter {_genkey_0=name:notificationCircuitBreaker, _genkey_1=fallbackUri:forward:/fallback/general} to CircuitBreaker
2026-03-27T10:59:49.968+05:30 DEBUG 24304 --- [Api-Gateway] [reshExecutor-%d] o.s.c.g.r.RouteDefinitionRouteLocator    : RouteDefinition matched: NOTIFICATION-SERVICE
2026-03-27T10:59:49.968+05:30 DEBUG 24304 --- [Api-Gateway] [reshExecutor-%d] o.s.c.g.r.RouteDefinitionRouteLocator    : RouteDefinition USER-SERVICE applying {_genkey_0=/users/**} to Path
2026-03-27T10:59:49.969+05:30 DEBUG 24304 --- [Api-Gateway] [reshExecutor-%d] o.s.c.g.r.RouteDefinitionRouteLocator    : RouteDefinition matched: USER-SERVICE
2026-03-27T10:59:49.970+05:30 DEBUG 24304 --- [Api-Gateway] [reshExecutor-%d] o.s.c.g.filter.GatewayMetricsFilter      : New routes count: 18
2026-03-27T11:00:19.998+05:30 DEBUG 24304 --- [Api-Gateway] [reshExecutor-%d] o.s.c.g.r.RouteDefinitionRouteLocator    : RouteDefinition ReactiveCompositeDiscoveryClient_CONFIG-SERVIER applying {pattern=/config-servier/**} to Path
2026-03-27T11:00:20.000+05:30 DEBUG 24304 --- [Api-Gateway] [reshExecutor-%d] o.s.c.g.r.RouteDefinitionRouteLocator    : RouteDefinition ReactiveCompositeDiscoveryClient_CONFIG-SERVIER applying filter {regexp=/config-servier/?(?<remaining>.*), replacement=/${remaining}} to RewritePath
2026-03-27T11:00:20.002+05:30 DEBUG 24304 --- [Api-Gateway] [reshExecutor-%d] o.s.c.g.r.RouteDefinitionRouteLocator    : RouteDefinition matched: ReactiveCompositeDiscoveryClient_CONFIG-SERVIER
2026-03-27T11:00:20.003+05:30 DEBUG 24304 --- [Api-Gateway] [reshExecutor-%d] o.s.c.g.r.RouteDefinitionRouteLocator    : RouteDefinition ReactiveCompositeDiscoveryClient_API-GATEWAY applying {pattern=/api-gateway/**} to Path
2026-03-27T11:00:20.004+05:30 DEBUG 24304 --- [Api-Gateway] [reshExecutor-%d] o.s.c.g.r.RouteDefinitionRouteLocator    : RouteDefinition ReactiveCompositeDiscoveryClient_API-GATEWAY applying filter {regexp=/api-gateway/?(?<remaining>.*), replacement=/${remaining}} to RewritePath
2026-03-27T11:00:20.006+05:30 DEBUG 24304 --- [Api-Gateway] [reshExecutor-%d] o.s.c.g.r.RouteDefinitionRouteLocator    : RouteDefinition matched: ReactiveCompositeDiscoveryClient_API-GATEWAY
2026-03-27T11:00:20.007+05:30 DEBUG 24304 --- [Api-Gateway] [reshExecutor-%d] o.s.c.g.r.RouteDefinitionRouteLocator    : RouteDefinition ReactiveCompositeDiscoveryClient_REWARDS-SERVICE applying {pattern=/rewards-service/**} to Path
2026-03-27T11:00:20.009+05:30 DEBUG 24304 --- [Api-Gateway] [reshExecutor-%d] o.s.c.g.r.RouteDefinitionRouteLocator    : RouteDefinition ReactiveCompositeDiscoveryClient_REWARDS-SERVICE applying filter {regexp=/rewards-service/?(?<remaining>.*), replacement=/${remaining}} to RewritePath
2026-03-27T11:00:20.010+05:30 DEBUG 24304 --- [Api-Gateway] [reshExecutor-%d] o.s.c.g.r.RouteDefinitionRouteLocator    : RouteDefinition matched: ReactiveCompositeDiscoveryClient_REWARDS-SERVICE
2026-03-27T11:00:20.011+05:30 DEBUG 24304 --- [Api-Gateway] [reshExecutor-%d] o.s.c.g.r.RouteDefinitionRouteLocator    : RouteDefinition ReactiveCompositeDiscoveryClient_KYC-SERVICE applying {pattern=/kyc-service/**} to Path
2026-03-27T11:00:20.013+05:30 DEBUG 24304 --- [Api-Gateway] [reshExecutor-%d] o.s.c.g.r.RouteDefinitionRouteLocator    : RouteDefinition ReactiveCompositeDiscoveryClient_KYC-SERVICE applying filter {regexp=/kyc-service/?(?<remaining>.*), replacement=/${remaining}} to RewritePath
2026-03-27T11:00:20.014+05:30 DEBUG 24304 --- [Api-Gateway] [reshExecutor-%d] o.s.c.g.r.RouteDefinitionRouteLocator    : RouteDefinition matched: ReactiveCompositeDiscoveryClient_KYC-SERVICE
2026-03-27T11:00:20.015+05:30 DEBUG 24304 --- [Api-Gateway] [reshExecutor-%d] o.s.c.g.r.RouteDefinitionRouteLocator    : RouteDefinition ReactiveCompositeDiscoveryClient_ADMIN-SERVICE applying {pattern=/admin-service/**} to Path
2026-03-27T11:00:20.016+05:30 DEBUG 24304 --- [Api-Gateway] [reshExecutor-%d] o.s.c.g.r.RouteDefinitionRouteLocator    : RouteDefinition ReactiveCompositeDiscoveryClient_ADMIN-SERVICE applying filter {regexp=/admin-service/?(?<remaining>.*), replacement=/${remaining}} to RewritePath
2026-03-27T11:00:20.017+05:30 DEBUG 24304 --- [Api-Gateway] [reshExecutor-%d] o.s.c.g.r.RouteDefinitionRouteLocator    : RouteDefinition matched: ReactiveCompositeDiscoveryClient_ADMIN-SERVICE
2026-03-27T11:00:20.017+05:30 DEBUG 24304 --- [Api-Gateway] [reshExecutor-%d] o.s.c.g.r.RouteDefinitionRouteLocator    : RouteDefinition ReactiveCompositeDiscoveryClient_TRANSACTION-SERVICE applying {pattern=/transaction-service/**} to Path
2026-03-27T11:00:20.018+05:30 DEBUG 24304 --- [Api-Gateway] [reshExecutor-%d] o.s.c.g.r.RouteDefinitionRouteLocator    : RouteDefinition ReactiveCompositeDiscoveryClient_TRANSACTION-SERVICE applying filter {regexp=/transaction-service/?(?<remaining>.*), replacement=/${remaining}} to RewritePath
2026-03-27T11:00:20.019+05:30 DEBUG 24304 --- [Api-Gateway] [reshExecutor-%d] o.s.c.g.r.RouteDefinitionRouteLocator    : RouteDefinition matched: ReactiveCompositeDiscoveryClient_TRANSACTION-SERVICE
2026-03-27T11:00:20.020+05:30 DEBUG 24304 --- [Api-Gateway] [reshExecutor-%d] o.s.c.g.r.RouteDefinitionRouteLocator    : RouteDefinition ReactiveCompositeDiscoveryClient_WALLET-SERVICE applying {pattern=/wallet-service/**} to Path
2026-03-27T11:00:20.021+05:30 DEBUG 24304 --- [Api-Gateway] [reshExecutor-%d] o.s.c.g.r.RouteDefinitionRouteLocator    : RouteDefinition ReactiveCompositeDiscoveryClient_WALLET-SERVICE applying filter {regexp=/wallet-service/?(?<remaining>.*), replacement=/${remaining}} to RewritePath
2026-03-27T11:00:20.022+05:30 DEBUG 24304 --- [Api-Gateway] [reshExecutor-%d] o.s.c.g.r.RouteDefinitionRouteLocator    : RouteDefinition matched: ReactiveCompositeDiscoveryClient_WALLET-SERVICE
2026-03-27T11:00:20.022+05:30 DEBUG 24304 --- [Api-Gateway] [reshExecutor-%d] o.s.c.g.r.RouteDefinitionRouteLocator    : RouteDefinition ReactiveCompositeDiscoveryClient_NOTIFICATION-SERVICE applying {pattern=/notification-service/**} to Path
2026-03-27T11:00:20.022+05:30 DEBUG 24304 --- [Api-Gateway] [reshExecutor-%d] o.s.c.g.r.RouteDefinitionRouteLocator    : RouteDefinition ReactiveCompositeDiscoveryClient_NOTIFICATION-SERVICE applying filter {regexp=/notification-service/?(?<remaining>.*), replacement=/${remaining}} to RewritePath
2026-03-27T11:00:20.024+05:30 DEBUG 24304 --- [Api-Gateway] [reshExecutor-%d] o.s.c.g.r.RouteDefinitionRouteLocator    : RouteDefinition matched: ReactiveCompositeDiscoveryClient_NOTIFICATION-SERVICE
2026-03-27T11:00:20.024+05:30 DEBUG 24304 --- [Api-Gateway] [reshExecutor-%d] o.s.c.g.r.RouteDefinitionRouteLocator    : RouteDefinition ReactiveCompositeDiscoveryClient_PAYMENT-SERVICES applying {pattern=/payment-services/**} to Path
2026-03-27T11:00:20.024+05:30 DEBUG 24304 --- [Api-Gateway] [reshExecutor-%d] o.s.c.g.r.RouteDefinitionRouteLocator    : RouteDefinition ReactiveCompositeDiscoveryClient_PAYMENT-SERVICES applying filter {regexp=/payment-services/?(?<remaining>.*), replacement=/${remaining}} to RewritePath
2026-03-27T11:00:20.025+05:30 DEBUG 24304 --- [Api-Gateway] [reshExecutor-%d] o.s.c.g.r.RouteDefinitionRouteLocator    : RouteDefinition matched: ReactiveCompositeDiscoveryClient_PAYMENT-SERVICES
2026-03-27T11:00:20.025+05:30 DEBUG 24304 --- [Api-Gateway] [reshExecutor-%d] o.s.c.g.r.RouteDefinitionRouteLocator    : RouteDefinition AUTH-SERVICE applying {_genkey_0=/auth/**} to Path
2026-03-27T11:00:20.026+05:30 DEBUG 24304 --- [Api-Gateway] [reshExecutor-%d] o.s.c.g.r.RouteDefinitionRouteLocator    : RouteDefinition matched: AUTH-SERVICE
2026-03-27T11:00:20.027+05:30 DEBUG 24304 --- [Api-Gateway] [reshExecutor-%d] o.s.c.g.r.RouteDefinitionRouteLocator    : RouteDefinition ADMIN-SERVICE applying {_genkey_0=/admin/**} to Path
2026-03-27T11:00:20.027+05:30 DEBUG 24304 --- [Api-Gateway] [reshExecutor-%d] o.s.c.g.r.RouteDefinitionRouteLocator    : RouteDefinition matched: ADMIN-SERVICE
2026-03-27T11:00:20.027+05:30 DEBUG 24304 --- [Api-Gateway] [reshExecutor-%d] o.s.c.g.r.RouteDefinitionRouteLocator    : RouteDefinition KYC-SERVICE applying {_genkey_0=/kyc/**} to Path
2026-03-27T11:00:20.028+05:30 DEBUG 24304 --- [Api-Gateway] [reshExecutor-%d] o.s.c.g.r.RouteDefinitionRouteLocator    : RouteDefinition matched: KYC-SERVICE
2026-03-27T11:00:20.028+05:30 DEBUG 24304 --- [Api-Gateway] [reshExecutor-%d] o.s.c.g.r.RouteDefinitionRouteLocator    : RouteDefinition PAYMENT-SERVICES applying {_genkey_0=/api/payments/**} to Path
2026-03-27T11:00:20.028+05:30 DEBUG 24304 --- [Api-Gateway] [reshExecutor-%d] o.s.c.g.r.RouteDefinitionRouteLocator    : RouteDefinition PAYMENT-SERVICES applying filter {_genkey_0=name:paymentCircuitBreaker, _genkey_1=fallbackUri:forward:/fallback/payment} to CircuitBreaker
2026-03-27T11:00:20.029+05:30 DEBUG 24304 --- [Api-Gateway] [reshExecutor-%d] o.s.c.g.r.RouteDefinitionRouteLocator    : RouteDefinition matched: PAYMENT-SERVICES
2026-03-27T11:00:20.029+05:30 DEBUG 24304 --- [Api-Gateway] [reshExecutor-%d] o.s.c.g.r.RouteDefinitionRouteLocator    : RouteDefinition WALLET-SERVICE applying {_genkey_0=/api/wallets/**} to Path
2026-03-27T11:00:20.029+05:30 DEBUG 24304 --- [Api-Gateway] [reshExecutor-%d] o.s.c.g.r.RouteDefinitionRouteLocator    : RouteDefinition WALLET-SERVICE applying filter {_genkey_0=name:walletCircuitBreaker, _genkey_1=fallbackUri:forward:/fallback/general} to CircuitBreaker
2026-03-27T11:00:20.030+05:30 DEBUG 24304 --- [Api-Gateway] [reshExecutor-%d] o.s.c.g.r.RouteDefinitionRouteLocator    : RouteDefinition matched: WALLET-SERVICE
2026-03-27T11:00:20.030+05:30 DEBUG 24304 --- [Api-Gateway] [reshExecutor-%d] o.s.c.g.r.RouteDefinitionRouteLocator    : RouteDefinition TRANSACTION-SERVICE applying {_genkey_0=/api/transaction/**} to Path
2026-03-27T11:00:20.030+05:30 DEBUG 24304 --- [Api-Gateway] [reshExecutor-%d] o.s.c.g.r.RouteDefinitionRouteLocator    : RouteDefinition TRANSACTION-SERVICE applying filter {_genkey_0=name:transactionCircuitBreaker, _genkey_1=fallbackUri:forward:/fallback/general} to CircuitBreaker
2026-03-27T11:00:20.031+05:30 DEBUG 24304 --- [Api-Gateway] [reshExecutor-%d] o.s.c.g.r.RouteDefinitionRouteLocator    : RouteDefinition matched: TRANSACTION-SERVICE
2026-03-27T11:00:20.031+05:30 DEBUG 24304 --- [Api-Gateway] [reshExecutor-%d] o.s.c.g.r.RouteDefinitionRouteLocator    : RouteDefinition REWARDS-SERVICE applying {_genkey_0=/api/rewards/**} to Path
2026-03-27T11:00:20.032+05:30 DEBUG 24304 --- [Api-Gateway] [reshExecutor-%d] o.s.c.g.r.RouteDefinitionRouteLocator    : RouteDefinition REWARDS-SERVICE applying filter {_genkey_0=name:rewardCircuitBreaker, _genkey_1=fallbackUri:forward:/fallback/reward} to CircuitBreaker
2026-03-27T11:00:20.032+05:30 DEBUG 24304 --- [Api-Gateway] [reshExecutor-%d] o.s.c.g.r.RouteDefinitionRouteLocator    : RouteDefinition matched: REWARDS-SERVICE
2026-03-27T11:00:20.033+05:30 DEBUG 24304 --- [Api-Gateway] [reshExecutor-%d] o.s.c.g.r.RouteDefinitionRouteLocator    : RouteDefinition NOTIFICATION-SERVICE applying {_genkey_0=/api/notifications/**} to Path
2026-03-27T11:00:20.033+05:30 DEBUG 24304 --- [Api-Gateway] [reshExecutor-%d] o.s.c.g.r.RouteDefinitionRouteLocator    : RouteDefinition NOTIFICATION-SERVICE applying filter {_genkey_0=name:notificationCircuitBreaker, _genkey_1=fallbackUri:forward:/fallback/general} to CircuitBreaker
2026-03-27T11:00:20.034+05:30 DEBUG 24304 --- [Api-Gateway] [reshExecutor-%d] o.s.c.g.r.RouteDefinitionRouteLocator    : RouteDefinition matched: NOTIFICATION-SERVICE
2026-03-27T11:00:20.034+05:30 DEBUG 24304 --- [Api-Gateway] [reshExecutor-%d] o.s.c.g.r.RouteDefinitionRouteLocator    : RouteDefinition USER-SERVICE applying {_genkey_0=/users/**} to Path
2026-03-27T11:00:20.034+05:30 DEBUG 24304 --- [Api-Gateway] [reshExecutor-%d] o.s.c.g.r.RouteDefinitionRouteLocator    : RouteDefinition matched: USER-SERVICE
2026-03-27T11:00:20.035+05:30 DEBUG 24304 --- [Api-Gateway] [reshExecutor-%d] o.s.c.g.filter.GatewayMetricsFilter      : New routes count: 18
2026-03-27T11:00:50.061+05:30 DEBUG 24304 --- [Api-Gateway] [reshExecutor-%d] o.s.c.g.r.RouteDefinitionRouteLocator    : RouteDefinition ReactiveCompositeDiscoveryClient_CONFIG-SERVIER applying {pattern=/config-servier/**} to Path
2026-03-27T11:00:50.067+05:30 DEBUG 24304 --- [Api-Gateway] [reshExecutor-%d] o.s.c.g.r.RouteDefinitionRouteLocator    : RouteDefinition ReactiveCompositeDiscoveryClient_CONFIG-SERVIER applying filter {regexp=/config-servier/?(?<remaining>.*), replacement=/${remaining}} to RewritePath
2026-03-27T11:00:50.069+05:30 DEBUG 24304 --- [Api-Gateway] [reshExecutor-%d] o.s.c.g.r.RouteDefinitionRouteLocator    : RouteDefinition matched: ReactiveCompositeDiscoveryClient_CONFIG-SERVIER
2026-03-27T11:00:50.069+05:30 DEBUG 24304 --- [Api-Gateway] [reshExecutor-%d] o.s.c.g.r.RouteDefinitionRouteLocator    : RouteDefinition ReactiveCompositeDiscoveryClient_API-GATEWAY applying {pattern=/api-gateway/**} to Path
2026-03-27T11:00:50.070+05:30 DEBUG 24304 --- [Api-Gateway] [reshExecutor-%d] o.s.c.g.r.RouteDefinitionRouteLocator    : RouteDefinition ReactiveCompositeDiscoveryClient_API-GATEWAY applying filter {regexp=/api-gateway/?(?<remaining>.*), replacement=/${remaining}} to RewritePath
2026-03-27T11:00:50.072+05:30 DEBUG 24304 --- [Api-Gateway] [reshExecutor-%d] o.s.c.g.r.RouteDefinitionRouteLocator    : RouteDefinition matched: ReactiveCompositeDiscoveryClient_API-GATEWAY
2026-03-27T11:00:50.073+05:30 DEBUG 24304 --- [Api-Gateway] [reshExecutor-%d] o.s.c.g.r.RouteDefinitionRouteLocator    : RouteDefinition ReactiveCompositeDiscoveryClient_REWARDS-SERVICE applying {pattern=/rewards-service/**} to Path
2026-03-27T11:00:50.075+05:30 DEBUG 24304 --- [Api-Gateway] [reshExecutor-%d] o.s.c.g.r.RouteDefinitionRouteLocator    : RouteDefinition ReactiveCompositeDiscoveryClient_REWARDS-SERVICE applying filter {regexp=/rewards-service/?(?<remaining>.*), replacement=/${remaining}} to RewritePath
2026-03-27T11:00:50.077+05:30 DEBUG 24304 --- [Api-Gateway] [reshExecutor-%d] o.s.c.g.r.RouteDefinitionRouteLocator    : RouteDefinition matched: ReactiveCompositeDiscoveryClient_REWARDS-SERVICE
2026-03-27T11:00:50.078+05:30 DEBUG 24304 --- [Api-Gateway] [reshExecutor-%d] o.s.c.g.r.RouteDefinitionRouteLocator    : RouteDefinition ReactiveCompositeDiscoveryClient_KYC-SERVICE applying {pattern=/kyc-service/**} to Path
2026-03-27T11:00:50.079+05:30 DEBUG 24304 --- [Api-Gateway] [reshExecutor-%d] o.s.c.g.r.RouteDefinitionRouteLocator    : RouteDefinition ReactiveCompositeDiscoveryClient_KYC-SERVICE applying filter {regexp=/kyc-service/?(?<remaining>.*), replacement=/${remaining}} to RewritePath
2026-03-27T11:00:50.080+05:30 DEBUG 24304 --- [Api-Gateway] [reshExecutor-%d] o.s.c.g.r.RouteDefinitionRouteLocator    : RouteDefinition matched: ReactiveCompositeDiscoveryClient_KYC-SERVICE
2026-03-27T11:00:50.081+05:30 DEBUG 24304 --- [Api-Gateway] [reshExecutor-%d] o.s.c.g.r.RouteDefinitionRouteLocator    : RouteDefinition ReactiveCompositeDiscoveryClient_TRANSACTION-SERVICE applying {pattern=/transaction-service/**} to Path
2026-03-27T11:00:50.082+05:30 DEBUG 24304 --- [Api-Gateway] [reshExecutor-%d] o.s.c.g.r.RouteDefinitionRouteLocator    : RouteDefinition ReactiveCompositeDiscoveryClient_TRANSACTION-SERVICE applying filter {regexp=/transaction-service/?(?<remaining>.*), replacement=/${remaining}} to RewritePath
2026-03-27T11:00:50.083+05:30 DEBUG 24304 --- [Api-Gateway] [reshExecutor-%d] o.s.c.g.r.RouteDefinitionRouteLocator    : RouteDefinition matched: ReactiveCompositeDiscoveryClient_TRANSACTION-SERVICE
2026-03-27T11:00:50.084+05:30 DEBUG 24304 --- [Api-Gateway] [reshExecutor-%d] o.s.c.g.r.RouteDefinitionRouteLocator    : RouteDefinition ReactiveCompositeDiscoveryClient_WALLET-SERVICE applying {pattern=/wallet-service/**} to Path
2026-03-27T11:00:50.085+05:30 DEBUG 24304 --- [Api-Gateway] [reshExecutor-%d] o.s.c.g.r.RouteDefinitionRouteLocator    : RouteDefinition ReactiveCompositeDiscoveryClient_WALLET-SERVICE applying filter {regexp=/wallet-service/?(?<remaining>.*), replacement=/${remaining}} to RewritePath
2026-03-27T11:00:50.086+05:30 DEBUG 24304 --- [Api-Gateway] [reshExecutor-%d] o.s.c.g.r.RouteDefinitionRouteLocator    : RouteDefinition matched: ReactiveCompositeDiscoveryClient_WALLET-SERVICE
2026-03-27T11:00:50.087+05:30 DEBUG 24304 --- [Api-Gateway] [reshExecutor-%d] o.s.c.g.r.RouteDefinitionRouteLocator    : RouteDefinition ReactiveCompositeDiscoveryClient_NOTIFICATION-SERVICE applying {pattern=/notification-service/**} to Path
2026-03-27T11:00:50.088+05:30 DEBUG 24304 --- [Api-Gateway] [reshExecutor-%d] o.s.c.g.r.RouteDefinitionRouteLocator    : RouteDefinition ReactiveCompositeDiscoveryClient_NOTIFICATION-SERVICE applying filter {regexp=/notification-service/?(?<remaining>.*), replacement=/${remaining}} to RewritePath
2026-03-27T11:00:50.088+05:30 DEBUG 24304 --- [Api-Gateway] [reshExecutor-%d] o.s.c.g.r.RouteDefinitionRouteLocator    : RouteDefinition matched: ReactiveCompositeDiscoveryClient_NOTIFICATION-SERVICE
2026-03-27T11:00:50.089+05:30 DEBUG 24304 --- [Api-Gateway] [reshExecutor-%d] o.s.c.g.r.RouteDefinitionRouteLocator    : RouteDefinition ReactiveCompositeDiscoveryClient_PAYMENT-SERVICES applying {pattern=/payment-services/**} to Path
2026-03-27T11:00:50.090+05:30 DEBUG 24304 --- [Api-Gateway] [reshExecutor-%d] o.s.c.g.r.RouteDefinitionRouteLocator    : RouteDefinition ReactiveCompositeDiscoveryClient_PAYMENT-SERVICES applying filter {regexp=/payment-services/?(?<remaining>.*), replacement=/${remaining}} to RewritePath
2026-03-27T11:00:50.092+05:30 DEBUG 24304 --- [Api-Gateway] [reshExecutor-%d] o.s.c.g.r.RouteDefinitionRouteLocator    : RouteDefinition matched: ReactiveCompositeDiscoveryClient_PAYMENT-SERVICES
2026-03-27T11:00:50.092+05:30 DEBUG 24304 --- [Api-Gateway] [reshExecutor-%d] o.s.c.g.r.RouteDefinitionRouteLocator    : RouteDefinition ReactiveCompositeDiscoveryClient_USER-SERVICE applying {pattern=/user-service/**} to Path
2026-03-27T11:00:50.093+05:30 DEBUG 24304 --- [Api-Gateway] [reshExecutor-%d] o.s.c.g.r.RouteDefinitionRouteLocator    : RouteDefinition ReactiveCompositeDiscoveryClient_USER-SERVICE applying filter {regexp=/user-service/?(?<remaining>.*), replacement=/${remaining}} to RewritePath
2026-03-27T11:00:50.095+05:30 DEBUG 24304 --- [Api-Gateway] [reshExecutor-%d] o.s.c.g.r.RouteDefinitionRouteLocator    : RouteDefinition matched: ReactiveCompositeDiscoveryClient_USER-SERVICE
2026-03-27T11:00:50.095+05:30 DEBUG 24304 --- [Api-Gateway] [reshExecutor-%d] o.s.c.g.r.RouteDefinitionRouteLocator    : RouteDefinition AUTH-SERVICE applying {_genkey_0=/auth/**} to Path
2026-03-27T11:00:50.096+05:30 DEBUG 24304 --- [Api-Gateway] [reshExecutor-%d] o.s.c.g.r.RouteDefinitionRouteLocator    : RouteDefinition matched: AUTH-SERVICE
2026-03-27T11:00:50.097+05:30 DEBUG 24304 --- [Api-Gateway] [reshExecutor-%d] o.s.c.g.r.RouteDefinitionRouteLocator    : RouteDefinition ADMIN-SERVICE applying {_genkey_0=/admin/**} to Path
2026-03-27T11:00:50.098+05:30 DEBUG 24304 --- [Api-Gateway] [reshExecutor-%d] o.s.c.g.r.RouteDefinitionRouteLocator    : RouteDefinition matched: ADMIN-SERVICE
2026-03-27T11:00:50.098+05:30 DEBUG 24304 --- [Api-Gateway] [reshExecutor-%d] o.s.c.g.r.RouteDefinitionRouteLocator    : RouteDefinition KYC-SERVICE applying {_genkey_0=/kyc/**} to Path
2026-03-27T11:00:50.099+05:30 DEBUG 24304 --- [Api-Gateway] [reshExecutor-%d] o.s.c.g.r.RouteDefinitionRouteLocator    : RouteDefinition matched: KYC-SERVICE
2026-03-27T11:00:50.099+05:30 DEBUG 24304 --- [Api-Gateway] [reshExecutor-%d] o.s.c.g.r.RouteDefinitionRouteLocator    : RouteDefinition PAYMENT-SERVICES applying {_genkey_0=/api/payments/**} to Path
2026-03-27T11:00:50.100+05:30 DEBUG 24304 --- [Api-Gateway] [reshExecutor-%d] o.s.c.g.r.RouteDefinitionRouteLocator    : RouteDefinition PAYMENT-SERVICES applying filter {_genkey_0=name:paymentCircuitBreaker, _genkey_1=fallbackUri:forward:/fallback/payment} to CircuitBreaker
2026-03-27T11:00:50.102+05:30 DEBUG 24304 --- [Api-Gateway] [reshExecutor-%d] o.s.c.g.r.RouteDefinitionRouteLocator    : RouteDefinition matched: PAYMENT-SERVICES
2026-03-27T11:00:50.102+05:30 DEBUG 24304 --- [Api-Gateway] [reshExecutor-%d] o.s.c.g.r.RouteDefinitionRouteLocator    : RouteDefinition WALLET-SERVICE applying {_genkey_0=/api/wallets/**} to Path
2026-03-27T11:00:50.103+05:30 DEBUG 24304 --- [Api-Gateway] [reshExecutor-%d] o.s.c.g.r.RouteDefinitionRouteLocator    : RouteDefinition WALLET-SERVICE applying filter {_genkey_0=name:walletCircuitBreaker, _genkey_1=fallbackUri:forward:/fallback/general} to CircuitBreaker
2026-03-27T11:00:50.104+05:30 DEBUG 24304 --- [Api-Gateway] [reshExecutor-%d] o.s.c.g.r.RouteDefinitionRouteLocator    : RouteDefinition matched: WALLET-SERVICE
2026-03-27T11:00:50.104+05:30 DEBUG 24304 --- [Api-Gateway] [reshExecutor-%d] o.s.c.g.r.RouteDefinitionRouteLocator    : RouteDefinition TRANSACTION-SERVICE applying {_genkey_0=/api/transaction/**} to Path
2026-03-27T11:00:50.105+05:30 DEBUG 24304 --- [Api-Gateway] [reshExecutor-%d] o.s.c.g.r.RouteDefinitionRouteLocator    : RouteDefinition TRANSACTION-SERVICE applying filter {_genkey_0=name:transactionCircuitBreaker, _genkey_1=fallbackUri:forward:/fallback/general} to CircuitBreaker
2026-03-27T11:00:50.106+05:30 DEBUG 24304 --- [Api-Gateway] [reshExecutor-%d] o.s.c.g.r.RouteDefinitionRouteLocator    : RouteDefinition matched: TRANSACTION-SERVICE
2026-03-27T11:00:50.106+05:30 DEBUG 24304 --- [Api-Gateway] [reshExecutor-%d] o.s.c.g.r.RouteDefinitionRouteLocator    : RouteDefinition REWARDS-SERVICE applying {_genkey_0=/api/rewards/**} to Path
2026-03-27T11:00:50.107+05:30 DEBUG 24304 --- [Api-Gateway] [reshExecutor-%d] o.s.c.g.r.RouteDefinitionRouteLocator    : RouteDefinition REWARDS-SERVICE applying filter {_genkey_0=name:rewardCircuitBreaker, _genkey_1=fallbackUri:forward:/fallback/reward} to CircuitBreaker
2026-03-27T11:00:50.107+05:30 DEBUG 24304 --- [Api-Gateway] [reshExecutor-%d] o.s.c.g.r.RouteDefinitionRouteLocator    : RouteDefinition matched: REWARDS-SERVICE
2026-03-27T11:00:50.109+05:30 DEBUG 24304 --- [Api-Gateway] [reshExecutor-%d] o.s.c.g.r.RouteDefinitionRouteLocator    : RouteDefinition NOTIFICATION-SERVICE applying {_genkey_0=/api/notifications/**} to Path
2026-03-27T11:00:50.109+05:30 DEBUG 24304 --- [Api-Gateway] [reshExecutor-%d] o.s.c.g.r.RouteDefinitionRouteLocator    : RouteDefinition NOTIFICATION-SERVICE applying filter {_genkey_0=name:notificationCircuitBreaker, _genkey_1=fallbackUri:forward:/fallback/general} to CircuitBreaker
2026-03-27T11:00:50.110+05:30 DEBUG 24304 --- [Api-Gateway] [reshExecutor-%d] o.s.c.g.r.RouteDefinitionRouteLocator    : RouteDefinition matched: NOTIFICATION-SERVICE
2026-03-27T11:00:50.110+05:30 DEBUG 24304 --- [Api-Gateway] [reshExecutor-%d] o.s.c.g.r.RouteDefinitionRouteLocator    : RouteDefinition USER-SERVICE applying {_genkey_0=/users/**} to Path
2026-03-27T11:00:50.111+05:30 DEBUG 24304 --- [Api-Gateway] [reshExecutor-%d] o.s.c.g.r.RouteDefinitionRouteLocator    : RouteDefinition matched: USER-SERVICE
2026-03-27T11:00:50.111+05:30 DEBUG 24304 --- [Api-Gateway] [reshExecutor-%d] o.s.c.g.filter.GatewayMetricsFilter      : New routes count: 18
2026-03-27T11:01:20.145+05:30 DEBUG 24304 --- [Api-Gateway] [reshExecutor-%d] o.s.c.g.r.RouteDefinitionRouteLocator    : RouteDefinition ReactiveCompositeDiscoveryClient_CONFIG-SERVIER applying {pattern=/config-servier/**} to Path
2026-03-27T11:01:20.150+05:30 DEBUG 24304 --- [Api-Gateway] [reshExecutor-%d] o.s.c.g.r.RouteDefinitionRouteLocator    : RouteDefinition ReactiveCompositeDiscoveryClient_CONFIG-SERVIER applying filter {regexp=/config-servier/?(?<remaining>.*), replacement=/${remaining}} to RewritePath
2026-03-27T11:01:20.150+05:30 DEBUG 24304 --- [Api-Gateway] [reshExecutor-%d] o.s.c.g.r.RouteDefinitionRouteLocator    : RouteDefinition matched: ReactiveCompositeDiscoveryClient_CONFIG-SERVIER
2026-03-27T11:01:20.151+05:30 DEBUG 24304 --- [Api-Gateway] [reshExecutor-%d] o.s.c.g.r.RouteDefinitionRouteLocator    : RouteDefinition ReactiveCompositeDiscoveryClient_API-GATEWAY applying {pattern=/api-gateway/**} to Path
2026-03-27T11:01:20.152+05:30 DEBUG 24304 --- [Api-Gateway] [reshExecutor-%d] o.s.c.g.r.RouteDefinitionRouteLocator    : RouteDefinition ReactiveCompositeDiscoveryClient_API-GATEWAY applying filter {regexp=/api-gateway/?(?<remaining>.*), replacement=/${remaining}} to RewritePath
2026-03-27T11:01:20.152+05:30 DEBUG 24304 --- [Api-Gateway] [reshExecutor-%d] o.s.c.g.r.RouteDefinitionRouteLocator    : RouteDefinition matched: ReactiveCompositeDiscoveryClient_API-GATEWAY
2026-03-27T11:01:20.152+05:30 DEBUG 24304 --- [Api-Gateway] [reshExecutor-%d] o.s.c.g.r.RouteDefinitionRouteLocator    : RouteDefinition ReactiveCompositeDiscoveryClient_REWARDS-SERVICE applying {pattern=/rewards-service/**} to Path
2026-03-27T11:01:20.154+05:30 DEBUG 24304 --- [Api-Gateway] [reshExecutor-%d] o.s.c.g.r.RouteDefinitionRouteLocator    : RouteDefinition ReactiveCompositeDiscoveryClient_REWARDS-SERVICE applying filter {regexp=/rewards-service/?(?<remaining>.*), replacement=/${remaining}} to RewritePath
2026-03-27T11:01:20.154+05:30 DEBUG 24304 --- [Api-Gateway] [reshExecutor-%d] o.s.c.g.r.RouteDefinitionRouteLocator    : RouteDefinition matched: ReactiveCompositeDiscoveryClient_REWARDS-SERVICE
2026-03-27T11:01:20.155+05:30 DEBUG 24304 --- [Api-Gateway] [reshExecutor-%d] o.s.c.g.r.RouteDefinitionRouteLocator    : RouteDefinition ReactiveCompositeDiscoveryClient_KYC-SERVICE applying {pattern=/kyc-service/**} to Path
2026-03-27T11:01:20.155+05:30 DEBUG 24304 --- [Api-Gateway] [reshExecutor-%d] o.s.c.g.r.RouteDefinitionRouteLocator    : RouteDefinition ReactiveCompositeDiscoveryClient_KYC-SERVICE applying filter {regexp=/kyc-service/?(?<remaining>.*), replacement=/${remaining}} to RewritePath
2026-03-27T11:01:20.156+05:30 DEBUG 24304 --- [Api-Gateway] [reshExecutor-%d] o.s.c.g.r.RouteDefinitionRouteLocator    : RouteDefinition matched: ReactiveCompositeDiscoveryClient_KYC-SERVICE
2026-03-27T11:01:20.156+05:30 DEBUG 24304 --- [Api-Gateway] [reshExecutor-%d] o.s.c.g.r.RouteDefinitionRouteLocator    : RouteDefinition ReactiveCompositeDiscoveryClient_TRANSACTION-SERVICE applying {pattern=/transaction-service/**} to Path
2026-03-27T11:01:20.156+05:30 DEBUG 24304 --- [Api-Gateway] [reshExecutor-%d] o.s.c.g.r.RouteDefinitionRouteLocator    : RouteDefinition ReactiveCompositeDiscoveryClient_TRANSACTION-SERVICE applying filter {regexp=/transaction-service/?(?<remaining>.*), replacement=/${remaining}} to RewritePath
2026-03-27T11:01:20.157+05:30 DEBUG 24304 --- [Api-Gateway] [reshExecutor-%d] o.s.c.g.r.RouteDefinitionRouteLocator    : RouteDefinition matched: ReactiveCompositeDiscoveryClient_TRANSACTION-SERVICE
2026-03-27T11:01:20.157+05:30 DEBUG 24304 --- [Api-Gateway] [reshExecutor-%d] o.s.c.g.r.RouteDefinitionRouteLocator    : RouteDefinition ReactiveCompositeDiscoveryClient_ADMIN-SERVICE applying {pattern=/admin-service/**} to Path
2026-03-27T11:01:20.158+05:30 DEBUG 24304 --- [Api-Gateway] [reshExecutor-%d] o.s.c.g.r.RouteDefinitionRouteLocator    : RouteDefinition ReactiveCompositeDiscoveryClient_ADMIN-SERVICE applying filter {regexp=/admin-service/?(?<remaining>.*), replacement=/${remaining}} to RewritePath
2026-03-27T11:01:20.158+05:30 DEBUG 24304 --- [Api-Gateway] [reshExecutor-%d] o.s.c.g.r.RouteDefinitionRouteLocator    : RouteDefinition matched: ReactiveCompositeDiscoveryClient_ADMIN-SERVICE
2026-03-27T11:01:20.159+05:30 DEBUG 24304 --- [Api-Gateway] [reshExecutor-%d] o.s.c.g.r.RouteDefinitionRouteLocator    : RouteDefinition ReactiveCompositeDiscoveryClient_WALLET-SERVICE applying {pattern=/wallet-service/**} to Path
2026-03-27T11:01:20.160+05:30 DEBUG 24304 --- [Api-Gateway] [reshExecutor-%d] o.s.c.g.r.RouteDefinitionRouteLocator    : RouteDefinition ReactiveCompositeDiscoveryClient_WALLET-SERVICE applying filter {regexp=/wallet-service/?(?<remaining>.*), replacement=/${remaining}} to RewritePath
2026-03-27T11:01:20.161+05:30 DEBUG 24304 --- [Api-Gateway] [reshExecutor-%d] o.s.c.g.r.RouteDefinitionRouteLocator    : RouteDefinition matched: ReactiveCompositeDiscoveryClient_WALLET-SERVICE
2026-03-27T11:01:20.162+05:30 DEBUG 24304 --- [Api-Gateway] [reshExecutor-%d] o.s.c.g.r.RouteDefinitionRouteLocator    : RouteDefinition ReactiveCompositeDiscoveryClient_NOTIFICATION-SERVICE applying {pattern=/notification-service/**} to Path
2026-03-27T11:01:20.162+05:30 DEBUG 24304 --- [Api-Gateway] [reshExecutor-%d] o.s.c.g.r.RouteDefinitionRouteLocator    : RouteDefinition ReactiveCompositeDiscoveryClient_NOTIFICATION-SERVICE applying filter {regexp=/notification-service/?(?<remaining>.*), replacement=/${remaining}} to RewritePath
2026-03-27T11:01:20.163+05:30 DEBUG 24304 --- [Api-Gateway] [reshExecutor-%d] o.s.c.g.r.RouteDefinitionRouteLocator    : RouteDefinition matched: ReactiveCompositeDiscoveryClient_NOTIFICATION-SERVICE
2026-03-27T11:01:20.163+05:30 DEBUG 24304 --- [Api-Gateway] [reshExecutor-%d] o.s.c.g.r.RouteDefinitionRouteLocator    : RouteDefinition ReactiveCompositeDiscoveryClient_PAYMENT-SERVICES applying {pattern=/payment-services/**} to Path
2026-03-27T11:01:20.164+05:30 DEBUG 24304 --- [Api-Gateway] [reshExecutor-%d] o.s.c.g.r.RouteDefinitionRouteLocator    : RouteDefinition ReactiveCompositeDiscoveryClient_PAYMENT-SERVICES applying filter {regexp=/payment-services/?(?<remaining>.*), replacement=/${remaining}} to RewritePath
2026-03-27T11:01:20.164+05:30 DEBUG 24304 --- [Api-Gateway] [reshExecutor-%d] o.s.c.g.r.RouteDefinitionRouteLocator    : RouteDefinition matched: ReactiveCompositeDiscoveryClient_PAYMENT-SERVICES
2026-03-27T11:01:20.165+05:30 DEBUG 24304 --- [Api-Gateway] [reshExecutor-%d] o.s.c.g.r.RouteDefinitionRouteLocator    : RouteDefinition ReactiveCompositeDiscoveryClient_USER-SERVICE applying {pattern=/user-service/**} to Path
2026-03-27T11:01:20.165+05:30 DEBUG 24304 --- [Api-Gateway] [reshExecutor-%d] o.s.c.g.r.RouteDefinitionRouteLocator    : RouteDefinition ReactiveCompositeDiscoveryClient_USER-SERVICE applying filter {regexp=/user-service/?(?<remaining>.*), replacement=/${remaining}} to RewritePath
2026-03-27T11:01:20.165+05:30 DEBUG 24304 --- [Api-Gateway] [reshExecutor-%d] o.s.c.g.r.RouteDefinitionRouteLocator    : RouteDefinition matched: ReactiveCompositeDiscoveryClient_USER-SERVICE
2026-03-27T11:01:20.166+05:30 DEBUG 24304 --- [Api-Gateway] [reshExecutor-%d] o.s.c.g.r.RouteDefinitionRouteLocator    : RouteDefinition AUTH-SERVICE applying {_genkey_0=/auth/**} to Path
2026-03-27T11:01:20.166+05:30 DEBUG 24304 --- [Api-Gateway] [reshExecutor-%d] o.s.c.g.r.RouteDefinitionRouteLocator    : RouteDefinition matched: AUTH-SERVICE
2026-03-27T11:01:20.167+05:30 DEBUG 24304 --- [Api-Gateway] [reshExecutor-%d] o.s.c.g.r.RouteDefinitionRouteLocator    : RouteDefinition ADMIN-SERVICE applying {_genkey_0=/admin/**} to Path
2026-03-27T11:01:20.167+05:30 DEBUG 24304 --- [Api-Gateway] [reshExecutor-%d] o.s.c.g.r.RouteDefinitionRouteLocator    : RouteDefinition matched: ADMIN-SERVICE
2026-03-27T11:01:20.167+05:30 DEBUG 24304 --- [Api-Gateway] [reshExecutor-%d] o.s.c.g.r.RouteDefinitionRouteLocator    : RouteDefinition KYC-SERVICE applying {_genkey_0=/kyc/**} to Path
2026-03-27T11:01:20.167+05:30 DEBUG 24304 --- [Api-Gateway] [reshExecutor-%d] o.s.c.g.r.RouteDefinitionRouteLocator    : RouteDefinition matched: KYC-SERVICE
2026-03-27T11:01:20.168+05:30 DEBUG 24304 --- [Api-Gateway] [reshExecutor-%d] o.s.c.g.r.RouteDefinitionRouteLocator    : RouteDefinition PAYMENT-SERVICES applying {_genkey_0=/api/payments/**} to Path
2026-03-27T11:01:20.168+05:30 DEBUG 24304 --- [Api-Gateway] [reshExecutor-%d] o.s.c.g.r.RouteDefinitionRouteLocator    : RouteDefinition PAYMENT-SERVICES applying filter {_genkey_0=name:paymentCircuitBreaker, _genkey_1=fallbackUri:forward:/fallback/payment} to CircuitBreaker
2026-03-27T11:01:20.168+05:30 DEBUG 24304 --- [Api-Gateway] [reshExecutor-%d] o.s.c.g.r.RouteDefinitionRouteLocator    : RouteDefinition matched: PAYMENT-SERVICES
2026-03-27T11:01:20.168+05:30 DEBUG 24304 --- [Api-Gateway] [reshExecutor-%d] o.s.c.g.r.RouteDefinitionRouteLocator    : RouteDefinition WALLET-SERVICE applying {_genkey_0=/api/wallets/**} to Path
2026-03-27T11:01:20.168+05:30 DEBUG 24304 --- [Api-Gateway] [reshExecutor-%d] o.s.c.g.r.RouteDefinitionRouteLocator    : RouteDefinition WALLET-SERVICE applying filter {_genkey_0=name:walletCircuitBreaker, _genkey_1=fallbackUri:forward:/fallback/general} to CircuitBreaker
2026-03-27T11:01:20.169+05:30 DEBUG 24304 --- [Api-Gateway] [reshExecutor-%d] o.s.c.g.r.RouteDefinitionRouteLocator    : RouteDefinition matched: WALLET-SERVICE
2026-03-27T11:01:20.169+05:30 DEBUG 24304 --- [Api-Gateway] [reshExecutor-%d] o.s.c.g.r.RouteDefinitionRouteLocator    : RouteDefinition TRANSACTION-SERVICE applying {_genkey_0=/api/transaction/**} to Path
2026-03-27T11:01:20.169+05:30 DEBUG 24304 --- [Api-Gateway] [reshExecutor-%d] o.s.c.g.r.RouteDefinitionRouteLocator    : RouteDefinition TRANSACTION-SERVICE applying filter {_genkey_0=name:transactionCircuitBreaker, _genkey_1=fallbackUri:forward:/fallback/general} to CircuitBreaker
2026-03-27T11:01:20.170+05:30 DEBUG 24304 --- [Api-Gateway] [reshExecutor-%d] o.s.c.g.r.RouteDefinitionRouteLocator    : RouteDefinition matched: TRANSACTION-SERVICE
2026-03-27T11:01:20.170+05:30 DEBUG 24304 --- [Api-Gateway] [reshExecutor-%d] o.s.c.g.r.RouteDefinitionRouteLocator    : RouteDefinition REWARDS-SERVICE applying {_genkey_0=/api/rewards/**} to Path
2026-03-27T11:01:20.170+05:30 DEBUG 24304 --- [Api-Gateway] [reshExecutor-%d] o.s.c.g.r.RouteDefinitionRouteLocator    : RouteDefinition REWARDS-SERVICE applying filter {_genkey_0=name:rewardCircuitBreaker, _genkey_1=fallbackUri:forward:/fallback/reward} to CircuitBreaker
2026-03-27T11:01:20.172+05:30 DEBUG 24304 --- [Api-Gateway] [reshExecutor-%d] o.s.c.g.r.RouteDefinitionRouteLocator    : RouteDefinition matched: REWARDS-SERVICE
2026-03-27T11:01:20.172+05:30 DEBUG 24304 --- [Api-Gateway] [reshExecutor-%d] o.s.c.g.r.RouteDefinitionRouteLocator    : RouteDefinition NOTIFICATION-SERVICE applying {_genkey_0=/api/notifications/**} to Path
2026-03-27T11:01:20.172+05:30 DEBUG 24304 --- [Api-Gateway] [reshExecutor-%d] o.s.c.g.r.RouteDefinitionRouteLocator    : RouteDefinition NOTIFICATION-SERVICE applying filter {_genkey_0=name:notificationCircuitBreaker, _genkey_1=fallbackUri:forward:/fallback/general} to CircuitBreaker
2026-03-27T11:01:20.172+05:30 DEBUG 24304 --- [Api-Gateway] [reshExecutor-%d] o.s.c.g.r.RouteDefinitionRouteLocator    : RouteDefinition matched: NOTIFICATION-SERVICE
2026-03-27T11:01:20.172+05:30 DEBUG 24304 --- [Api-Gateway] [reshExecutor-%d] o.s.c.g.r.RouteDefinitionRouteLocator    : RouteDefinition USER-SERVICE applying {_genkey_0=/users/**} to Path
2026-03-27T11:01:20.173+05:30 DEBUG 24304 --- [Api-Gateway] [reshExecutor-%d] o.s.c.g.r.RouteDefinitionRouteLocator    : RouteDefinition matched: USER-SERVICE
2026-03-27T11:01:20.173+05:30 DEBUG 24304 --- [Api-Gateway] [reshExecutor-%d] o.s.c.g.filter.GatewayMetricsFilter      : New routes count: 19
2026-03-27T11:01:50.197+05:30 DEBUG 24304 --- [Api-Gateway] [reshExecutor-%d] o.s.c.g.r.RouteDefinitionRouteLocator    : RouteDefinition ReactiveCompositeDiscoveryClient_CONFIG-SERVIER applying {pattern=/config-servier/**} to Path
2026-03-27T11:01:50.199+05:30 DEBUG 24304 --- [Api-Gateway] [reshExecutor-%d] o.s.c.g.r.RouteDefinitionRouteLocator    : RouteDefinition ReactiveCompositeDiscoveryClient_CONFIG-SERVIER applying filter {regexp=/config-servier/?(?<remaining>.*), replacement=/${remaining}} to RewritePath
2026-03-27T11:01:50.200+05:30 DEBUG 24304 --- [Api-Gateway] [reshExecutor-%d] o.s.c.g.r.RouteDefinitionRouteLocator    : RouteDefinition matched: ReactiveCompositeDiscoveryClient_CONFIG-SERVIER
2026-03-27T11:01:50.201+05:30 DEBUG 24304 --- [Api-Gateway] [reshExecutor-%d] o.s.c.g.r.RouteDefinitionRouteLocator    : RouteDefinition ReactiveCompositeDiscoveryClient_API-GATEWAY applying {pattern=/api-gateway/**} to Path
2026-03-27T11:01:50.202+05:30 DEBUG 24304 --- [Api-Gateway] [reshExecutor-%d] o.s.c.g.r.RouteDefinitionRouteLocator    : RouteDefinition ReactiveCompositeDiscoveryClient_API-GATEWAY applying filter {regexp=/api-gateway/?(?<remaining>.*), replacement=/${remaining}} to RewritePath
2026-03-27T11:01:50.202+05:30 DEBUG 24304 --- [Api-Gateway] [reshExecutor-%d] o.s.c.g.r.RouteDefinitionRouteLocator    : RouteDefinition matched: ReactiveCompositeDiscoveryClient_API-GATEWAY
2026-03-27T11:01:50.203+05:30 DEBUG 24304 --- [Api-Gateway] [reshExecutor-%d] o.s.c.g.r.RouteDefinitionRouteLocator    : RouteDefinition ReactiveCompositeDiscoveryClient_REWARDS-SERVICE applying {pattern=/rewards-service/**} to Path
2026-03-27T11:01:50.203+05:30 DEBUG 24304 --- [Api-Gateway] [reshExecutor-%d] o.s.c.g.r.RouteDefinitionRouteLocator    : RouteDefinition ReactiveCompositeDiscoveryClient_REWARDS-SERVICE applying filter {regexp=/rewards-service/?(?<remaining>.*), replacement=/${remaining}} to RewritePath
2026-03-27T11:01:50.204+05:30 DEBUG 24304 --- [Api-Gateway] [reshExecutor-%d] o.s.c.g.r.RouteDefinitionRouteLocator    : RouteDefinition matched: ReactiveCompositeDiscoveryClient_REWARDS-SERVICE
2026-03-27T11:01:50.205+05:30 DEBUG 24304 --- [Api-Gateway] [reshExecutor-%d] o.s.c.g.r.RouteDefinitionRouteLocator    : RouteDefinition ReactiveCompositeDiscoveryClient_KYC-SERVICE applying {pattern=/kyc-service/**} to Path
2026-03-27T11:01:50.205+05:30 DEBUG 24304 --- [Api-Gateway] [reshExecutor-%d] o.s.c.g.r.RouteDefinitionRouteLocator    : RouteDefinition ReactiveCompositeDiscoveryClient_KYC-SERVICE applying filter {regexp=/kyc-service/?(?<remaining>.*), replacement=/${remaining}} to RewritePath
2026-03-27T11:01:50.206+05:30 DEBUG 24304 --- [Api-Gateway] [reshExecutor-%d] o.s.c.g.r.RouteDefinitionRouteLocator    : RouteDefinition matched: ReactiveCompositeDiscoveryClient_KYC-SERVICE
2026-03-27T11:01:50.207+05:30 DEBUG 24304 --- [Api-Gateway] [reshExecutor-%d] o.s.c.g.r.RouteDefinitionRouteLocator    : RouteDefinition ReactiveCompositeDiscoveryClient_TRANSACTION-SERVICE applying {pattern=/transaction-service/**} to Path
2026-03-27T11:01:50.207+05:30 DEBUG 24304 --- [Api-Gateway] [reshExecutor-%d] o.s.c.g.r.RouteDefinitionRouteLocator    : RouteDefinition ReactiveCompositeDiscoveryClient_TRANSACTION-SERVICE applying filter {regexp=/transaction-service/?(?<remaining>.*), replacement=/${remaining}} to RewritePath
2026-03-27T11:01:50.208+05:30 DEBUG 24304 --- [Api-Gateway] [reshExecutor-%d] o.s.c.g.r.RouteDefinitionRouteLocator    : RouteDefinition matched: ReactiveCompositeDiscoveryClient_TRANSACTION-SERVICE
2026-03-27T11:01:50.208+05:30 DEBUG 24304 --- [Api-Gateway] [reshExecutor-%d] o.s.c.g.r.RouteDefinitionRouteLocator    : RouteDefinition ReactiveCompositeDiscoveryClient_WALLET-SERVICE applying {pattern=/wallet-service/**} to Path
2026-03-27T11:01:50.208+05:30 DEBUG 24304 --- [Api-Gateway] [reshExecutor-%d] o.s.c.g.r.RouteDefinitionRouteLocator    : RouteDefinition ReactiveCompositeDiscoveryClient_WALLET-SERVICE applying filter {regexp=/wallet-service/?(?<remaining>.*), replacement=/${remaining}} to RewritePath
2026-03-27T11:01:50.209+05:30 DEBUG 24304 --- [Api-Gateway] [reshExecutor-%d] o.s.c.g.r.RouteDefinitionRouteLocator    : RouteDefinition matched: ReactiveCompositeDiscoveryClient_WALLET-SERVICE
2026-03-27T11:01:50.209+05:30 DEBUG 24304 --- [Api-Gateway] [reshExecutor-%d] o.s.c.g.r.RouteDefinitionRouteLocator    : RouteDefinition ReactiveCompositeDiscoveryClient_NOTIFICATION-SERVICE applying {pattern=/notification-service/**} to Path
2026-03-27T11:01:50.210+05:30 DEBUG 24304 --- [Api-Gateway] [reshExecutor-%d] o.s.c.g.r.RouteDefinitionRouteLocator    : RouteDefinition ReactiveCompositeDiscoveryClient_NOTIFICATION-SERVICE applying filter {regexp=/notification-service/?(?<remaining>.*), replacement=/${remaining}} to RewritePath
2026-03-27T11:01:50.210+05:30 DEBUG 24304 --- [Api-Gateway] [reshExecutor-%d] o.s.c.g.r.RouteDefinitionRouteLocator    : RouteDefinition matched: ReactiveCompositeDiscoveryClient_NOTIFICATION-SERVICE
2026-03-27T11:01:50.210+05:30 DEBUG 24304 --- [Api-Gateway] [reshExecutor-%d] o.s.c.g.r.RouteDefinitionRouteLocator    : RouteDefinition ReactiveCompositeDiscoveryClient_PAYMENT-SERVICES applying {pattern=/payment-services/**} to Path
2026-03-27T11:01:50.210+05:30 DEBUG 24304 --- [Api-Gateway] [reshExecutor-%d] o.s.c.g.r.RouteDefinitionRouteLocator    : RouteDefinition ReactiveCompositeDiscoveryClient_PAYMENT-SERVICES applying filter {regexp=/payment-services/?(?<remaining>.*), replacement=/${remaining}} to RewritePath
2026-03-27T11:01:50.211+05:30 DEBUG 24304 --- [Api-Gateway] [reshExecutor-%d] o.s.c.g.r.RouteDefinitionRouteLocator    : RouteDefinition matched: ReactiveCompositeDiscoveryClient_PAYMENT-SERVICES
2026-03-27T11:01:50.211+05:30 DEBUG 24304 --- [Api-Gateway] [reshExecutor-%d] o.s.c.g.r.RouteDefinitionRouteLocator    : RouteDefinition ReactiveCompositeDiscoveryClient_USER-SERVICE applying {pattern=/user-service/**} to Path
2026-03-27T11:01:50.214+05:30 DEBUG 24304 --- [Api-Gateway] [reshExecutor-%d] o.s.c.g.r.RouteDefinitionRouteLocator    : RouteDefinition ReactiveCompositeDiscoveryClient_USER-SERVICE applying filter {regexp=/user-service/?(?<remaining>.*), replacement=/${remaining}} to RewritePath
2026-03-27T11:01:50.216+05:30 DEBUG 24304 --- [Api-Gateway] [reshExecutor-%d] o.s.c.g.r.RouteDefinitionRouteLocator    : RouteDefinition matched: ReactiveCompositeDiscoveryClient_USER-SERVICE
2026-03-27T11:01:50.216+05:30 DEBUG 24304 --- [Api-Gateway] [reshExecutor-%d] o.s.c.g.r.RouteDefinitionRouteLocator    : RouteDefinition AUTH-SERVICE applying {_genkey_0=/auth/**} to Path
2026-03-27T11:01:50.217+05:30 DEBUG 24304 --- [Api-Gateway] [reshExecutor-%d] o.s.c.g.r.RouteDefinitionRouteLocator    : RouteDefinition matched: AUTH-SERVICE
2026-03-27T11:01:50.217+05:30 DEBUG 24304 --- [Api-Gateway] [reshExecutor-%d] o.s.c.g.r.RouteDefinitionRouteLocator    : RouteDefinition ADMIN-SERVICE applying {_genkey_0=/admin/**} to Path
2026-03-27T11:01:50.217+05:30 DEBUG 24304 --- [Api-Gateway] [reshExecutor-%d] o.s.c.g.r.RouteDefinitionRouteLocator    : RouteDefinition matched: ADMIN-SERVICE
2026-03-27T11:01:50.218+05:30 DEBUG 24304 --- [Api-Gateway] [reshExecutor-%d] o.s.c.g.r.RouteDefinitionRouteLocator    : RouteDefinition KYC-SERVICE applying {_genkey_0=/kyc/**} to Path
2026-03-27T11:01:50.218+05:30 DEBUG 24304 --- [Api-Gateway] [reshExecutor-%d] o.s.c.g.r.RouteDefinitionRouteLocator    : RouteDefinition matched: KYC-SERVICE
2026-03-27T11:01:50.218+05:30 DEBUG 24304 --- [Api-Gateway] [reshExecutor-%d] o.s.c.g.r.RouteDefinitionRouteLocator    : RouteDefinition PAYMENT-SERVICES applying {_genkey_0=/api/payments/**} to Path
2026-03-27T11:01:50.218+05:30 DEBUG 24304 --- [Api-Gateway] [reshExecutor-%d] o.s.c.g.r.RouteDefinitionRouteLocator    : RouteDefinition PAYMENT-SERVICES applying filter {_genkey_0=name:paymentCircuitBreaker, _genkey_1=fallbackUri:forward:/fallback/payment} to CircuitBreaker
2026-03-27T11:01:50.219+05:30 DEBUG 24304 --- [Api-Gateway] [reshExecutor-%d] o.s.c.g.r.RouteDefinitionRouteLocator    : RouteDefinition matched: PAYMENT-SERVICES
2026-03-27T11:01:50.219+05:30 DEBUG 24304 --- [Api-Gateway] [reshExecutor-%d] o.s.c.g.r.RouteDefinitionRouteLocator    : RouteDefinition WALLET-SERVICE applying {_genkey_0=/api/wallets/**} to Path
2026-03-27T11:01:50.220+05:30 DEBUG 24304 --- [Api-Gateway] [reshExecutor-%d] o.s.c.g.r.RouteDefinitionRouteLocator    : RouteDefinition WALLET-SERVICE applying filter {_genkey_0=name:walletCircuitBreaker, _genkey_1=fallbackUri:forward:/fallback/general} to CircuitBreaker
2026-03-27T11:01:50.220+05:30 DEBUG 24304 --- [Api-Gateway] [reshExecutor-%d] o.s.c.g.r.RouteDefinitionRouteLocator    : RouteDefinition matched: WALLET-SERVICE
2026-03-27T11:01:50.220+05:30 DEBUG 24304 --- [Api-Gateway] [reshExecutor-%d] o.s.c.g.r.RouteDefinitionRouteLocator    : RouteDefinition TRANSACTION-SERVICE applying {_genkey_0=/api/transaction/**} to Path
2026-03-27T11:01:50.220+05:30 DEBUG 24304 --- [Api-Gateway] [reshExecutor-%d] o.s.c.g.r.RouteDefinitionRouteLocator    : RouteDefinition TRANSACTION-SERVICE applying filter {_genkey_0=name:transactionCircuitBreaker, _genkey_1=fallbackUri:forward:/fallback/general} to CircuitBreaker
2026-03-27T11:01:50.222+05:30 DEBUG 24304 --- [Api-Gateway] [reshExecutor-%d] o.s.c.g.r.RouteDefinitionRouteLocator    : RouteDefinition matched: TRANSACTION-SERVICE
2026-03-27T11:01:50.222+05:30 DEBUG 24304 --- [Api-Gateway] [reshExecutor-%d] o.s.c.g.r.RouteDefinitionRouteLocator    : RouteDefinition REWARDS-SERVICE applying {_genkey_0=/api/rewards/**} to Path
2026-03-27T11:01:50.222+05:30 DEBUG 24304 --- [Api-Gateway] [reshExecutor-%d] o.s.c.g.r.RouteDefinitionRouteLocator    : RouteDefinition REWARDS-SERVICE applying filter {_genkey_0=name:rewardCircuitBreaker, _genkey_1=fallbackUri:forward:/fallback/reward} to CircuitBreaker
2026-03-27T11:01:50.222+05:30 DEBUG 24304 --- [Api-Gateway] [reshExecutor-%d] o.s.c.g.r.RouteDefinitionRouteLocator    : RouteDefinition matched: REWARDS-SERVICE
2026-03-27T11:01:50.222+05:30 DEBUG 24304 --- [Api-Gateway] [reshExecutor-%d] o.s.c.g.r.RouteDefinitionRouteLocator    : RouteDefinition NOTIFICATION-SERVICE applying {_genkey_0=/api/notifications/**} to Path
2026-03-27T11:01:50.222+05:30 DEBUG 24304 --- [Api-Gateway] [reshExecutor-%d] o.s.c.g.r.RouteDefinitionRouteLocator    : RouteDefinition NOTIFICATION-SERVICE applying filter {_genkey_0=name:notificationCircuitBreaker, _genkey_1=fallbackUri:forward:/fallback/general} to CircuitBreaker
2026-03-27T11:01:50.223+05:30 DEBUG 24304 --- [Api-Gateway] [reshExecutor-%d] o.s.c.g.r.RouteDefinitionRouteLocator    : RouteDefinition matched: NOTIFICATION-SERVICE
2026-03-27T11:01:50.223+05:30 DEBUG 24304 --- [Api-Gateway] [reshExecutor-%d] o.s.c.g.r.RouteDefinitionRouteLocator    : RouteDefinition USER-SERVICE applying {_genkey_0=/users/**} to Path
2026-03-27T11:01:50.225+05:30 DEBUG 24304 --- [Api-Gateway] [reshExecutor-%d] o.s.c.g.r.RouteDefinitionRouteLocator    : RouteDefinition matched: USER-SERVICE
2026-03-27T11:01:50.225+05:30 DEBUG 24304 --- [Api-Gateway] [reshExecutor-%d] o.s.c.g.filter.GatewayMetricsFilter      : New routes count: 18
2026-03-27T11:02:20.248+05:30 DEBUG 24304 --- [Api-Gateway] [reshExecutor-%d] o.s.c.g.r.RouteDefinitionRouteLocator    : RouteDefinition ReactiveCompositeDiscoveryClient_CONFIG-SERVIER applying {pattern=/config-servier/**} to Path
2026-03-27T11:02:20.260+05:30 DEBUG 24304 --- [Api-Gateway] [reshExecutor-%d] o.s.c.g.r.RouteDefinitionRouteLocator    : RouteDefinition ReactiveCompositeDiscoveryClient_CONFIG-SERVIER applying filter {regexp=/config-servier/?(?<remaining>.*), replacement=/${remaining}} to RewritePath
2026-03-27T11:02:20.261+05:30 DEBUG 24304 --- [Api-Gateway] [reshExecutor-%d] o.s.c.g.r.RouteDefinitionRouteLocator    : RouteDefinition matched: ReactiveCompositeDiscoveryClient_CONFIG-SERVIER
2026-03-27T11:02:20.261+05:30 DEBUG 24304 --- [Api-Gateway] [reshExecutor-%d] o.s.c.g.r.RouteDefinitionRouteLocator    : RouteDefinition ReactiveCompositeDiscoveryClient_API-GATEWAY applying {pattern=/api-gateway/**} to Path
2026-03-27T11:02:20.448+05:30 DEBUG 24304 --- [Api-Gateway] [reshExecutor-%d] o.s.c.g.r.RouteDefinitionRouteLocator    : RouteDefinition ReactiveCompositeDiscoveryClient_API-GATEWAY applying filter {regexp=/api-gateway/?(?<remaining>.*), replacement=/${remaining}} to RewritePath
2026-03-27T11:02:20.449+05:30 DEBUG 24304 --- [Api-Gateway] [reshExecutor-%d] o.s.c.g.r.RouteDefinitionRouteLocator    : RouteDefinition matched: ReactiveCompositeDiscoveryClient_API-GATEWAY
2026-03-27T11:02:20.450+05:30 DEBUG 24304 --- [Api-Gateway] [reshExecutor-%d] o.s.c.g.r.RouteDefinitionRouteLocator    : RouteDefinition ReactiveCompositeDiscoveryClient_REWARDS-SERVICE applying {pattern=/rewards-service/**} to Path
2026-03-27T11:02:20.450+05:30 DEBUG 24304 --- [Api-Gateway] [reshExecutor-%d] o.s.c.g.r.RouteDefinitionRouteLocator    : RouteDefinition ReactiveCompositeDiscoveryClient_REWARDS-SERVICE applying filter {regexp=/rewards-service/?(?<remaining>.*), replacement=/${remaining}} to RewritePath
2026-03-27T11:02:20.452+05:30 DEBUG 24304 --- [Api-Gateway] [reshExecutor-%d] o.s.c.g.r.RouteDefinitionRouteLocator    : RouteDefinition matched: ReactiveCompositeDiscoveryClient_REWARDS-SERVICE
2026-03-27T11:02:20.453+05:30 DEBUG 24304 --- [Api-Gateway] [reshExecutor-%d] o.s.c.g.r.RouteDefinitionRouteLocator    : RouteDefinition ReactiveCompositeDiscoveryClient_KYC-SERVICE applying {pattern=/kyc-service/**} to Path
2026-03-27T11:02:20.454+05:30 DEBUG 24304 --- [Api-Gateway] [reshExecutor-%d] o.s.c.g.r.RouteDefinitionRouteLocator    : RouteDefinition ReactiveCompositeDiscoveryClient_KYC-SERVICE applying filter {regexp=/kyc-service/?(?<remaining>.*), replacement=/${remaining}} to RewritePath
2026-03-27T11:02:20.455+05:30 DEBUG 24304 --- [Api-Gateway] [reshExecutor-%d] o.s.c.g.r.RouteDefinitionRouteLocator    : RouteDefinition matched: ReactiveCompositeDiscoveryClient_KYC-SERVICE
2026-03-27T11:02:20.455+05:30 DEBUG 24304 --- [Api-Gateway] [reshExecutor-%d] o.s.c.g.r.RouteDefinitionRouteLocator    : RouteDefinition ReactiveCompositeDiscoveryClient_TRANSACTION-SERVICE applying {pattern=/transaction-service/**} to Path
2026-03-27T11:02:20.456+05:30 DEBUG 24304 --- [Api-Gateway] [reshExecutor-%d] o.s.c.g.r.RouteDefinitionRouteLocator    : RouteDefinition ReactiveCompositeDiscoveryClient_TRANSACTION-SERVICE applying filter {regexp=/transaction-service/?(?<remaining>.*), replacement=/${remaining}} to RewritePath
2026-03-27T11:02:20.457+05:30 DEBUG 24304 --- [Api-Gateway] [reshExecutor-%d] o.s.c.g.r.RouteDefinitionRouteLocator    : RouteDefinition matched: ReactiveCompositeDiscoveryClient_TRANSACTION-SERVICE
2026-03-27T11:02:20.457+05:30 DEBUG 24304 --- [Api-Gateway] [reshExecutor-%d] o.s.c.g.r.RouteDefinitionRouteLocator    : RouteDefinition ReactiveCompositeDiscoveryClient_ADMIN-SERVICE applying {pattern=/admin-service/**} to Path
2026-03-27T11:02:20.458+05:30 DEBUG 24304 --- [Api-Gateway] [reshExecutor-%d] o.s.c.g.r.RouteDefinitionRouteLocator    : RouteDefinition ReactiveCompositeDiscoveryClient_ADMIN-SERVICE applying filter {regexp=/admin-service/?(?<remaining>.*), replacement=/${remaining}} to RewritePath
2026-03-27T11:02:20.459+05:30 DEBUG 24304 --- [Api-Gateway] [reshExecutor-%d] o.s.c.g.r.RouteDefinitionRouteLocator    : RouteDefinition matched: ReactiveCompositeDiscoveryClient_ADMIN-SERVICE
2026-03-27T11:02:20.459+05:30 DEBUG 24304 --- [Api-Gateway] [reshExecutor-%d] o.s.c.g.r.RouteDefinitionRouteLocator    : RouteDefinition ReactiveCompositeDiscoveryClient_WALLET-SERVICE applying {pattern=/wallet-service/**} to Path
2026-03-27T11:02:20.460+05:30 DEBUG 24304 --- [Api-Gateway] [reshExecutor-%d] o.s.c.g.r.RouteDefinitionRouteLocator    : RouteDefinition ReactiveCompositeDiscoveryClient_WALLET-SERVICE applying filter {regexp=/wallet-service/?(?<remaining>.*), replacement=/${remaining}} to RewritePath
2026-03-27T11:02:20.460+05:30 DEBUG 24304 --- [Api-Gateway] [reshExecutor-%d] o.s.c.g.r.RouteDefinitionRouteLocator    : RouteDefinition matched: ReactiveCompositeDiscoveryClient_WALLET-SERVICE
2026-03-27T11:02:20.461+05:30 DEBUG 24304 --- [Api-Gateway] [reshExecutor-%d] o.s.c.g.r.RouteDefinitionRouteLocator    : RouteDefinition ReactiveCompositeDiscoveryClient_NOTIFICATION-SERVICE applying {pattern=/notification-service/**} to Path
2026-03-27T11:02:20.461+05:30 DEBUG 24304 --- [Api-Gateway] [reshExecutor-%d] o.s.c.g.r.RouteDefinitionRouteLocator    : RouteDefinition ReactiveCompositeDiscoveryClient_NOTIFICATION-SERVICE applying filter {regexp=/notification-service/?(?<remaining>.*), replacement=/${remaining}} to RewritePath
2026-03-27T11:02:20.524+05:30 DEBUG 24304 --- [Api-Gateway] [reshExecutor-%d] o.s.c.g.r.RouteDefinitionRouteLocator    : RouteDefinition matched: ReactiveCompositeDiscoveryClient_NOTIFICATION-SERVICE
2026-03-27T11:02:20.525+05:30 DEBUG 24304 --- [Api-Gateway] [reshExecutor-%d] o.s.c.g.r.RouteDefinitionRouteLocator    : RouteDefinition ReactiveCompositeDiscoveryClient_PAYMENT-SERVICES applying {pattern=/payment-services/**} to Path
2026-03-27T11:02:20.526+05:30 DEBUG 24304 --- [Api-Gateway] [reshExecutor-%d] o.s.c.g.r.RouteDefinitionRouteLocator    : RouteDefinition ReactiveCompositeDiscoveryClient_PAYMENT-SERVICES applying filter {regexp=/payment-services/?(?<remaining>.*), replacement=/${remaining}} to RewritePath
2026-03-27T11:02:20.527+05:30 DEBUG 24304 --- [Api-Gateway] [reshExecutor-%d] o.s.c.g.r.RouteDefinitionRouteLocator    : RouteDefinition matched: ReactiveCompositeDiscoveryClient_PAYMENT-SERVICES
2026-03-27T11:02:20.527+05:30 DEBUG 24304 --- [Api-Gateway] [reshExecutor-%d] o.s.c.g.r.RouteDefinitionRouteLocator    : RouteDefinition ReactiveCompositeDiscoveryClient_USER-SERVICE applying {pattern=/user-service/**} to Path
2026-03-27T11:02:20.528+05:30 DEBUG 24304 --- [Api-Gateway] [reshExecutor-%d] o.s.c.g.r.RouteDefinitionRouteLocator    : RouteDefinition ReactiveCompositeDiscoveryClient_USER-SERVICE applying filter {regexp=/user-service/?(?<remaining>.*), replacement=/${remaining}} to RewritePath
2026-03-27T11:02:20.528+05:30 DEBUG 24304 --- [Api-Gateway] [reshExecutor-%d] o.s.c.g.r.RouteDefinitionRouteLocator    : RouteDefinition matched: ReactiveCompositeDiscoveryClient_USER-SERVICE
2026-03-27T11:02:20.530+05:30 DEBUG 24304 --- [Api-Gateway] [reshExecutor-%d] o.s.c.g.r.RouteDefinitionRouteLocator    : RouteDefinition AUTH-SERVICE applying {_genkey_0=/auth/**} to Path
2026-03-27T11:02:20.531+05:30 DEBUG 24304 --- [Api-Gateway] [reshExecutor-%d] o.s.c.g.r.RouteDefinitionRouteLocator    : RouteDefinition matched: AUTH-SERVICE
2026-03-27T11:02:20.531+05:30 DEBUG 24304 --- [Api-Gateway] [reshExecutor-%d] o.s.c.g.r.RouteDefinitionRouteLocator    : RouteDefinition ADMIN-SERVICE applying {_genkey_0=/admin/**} to Path
2026-03-27T11:02:20.532+05:30 DEBUG 24304 --- [Api-Gateway] [reshExecutor-%d] o.s.c.g.r.RouteDefinitionRouteLocator    : RouteDefinition matched: ADMIN-SERVICE
2026-03-27T11:02:20.532+05:30 DEBUG 24304 --- [Api-Gateway] [reshExecutor-%d] o.s.c.g.r.RouteDefinitionRouteLocator    : RouteDefinition KYC-SERVICE applying {_genkey_0=/kyc/**} to Path
2026-03-27T11:02:20.534+05:30 DEBUG 24304 --- [Api-Gateway] [reshExecutor-%d] o.s.c.g.r.RouteDefinitionRouteLocator    : RouteDefinition matched: KYC-SERVICE
2026-03-27T11:02:20.534+05:30 DEBUG 24304 --- [Api-Gateway] [reshExecutor-%d] o.s.c.g.r.RouteDefinitionRouteLocator    : RouteDefinition PAYMENT-SERVICES applying {_genkey_0=/api/payments/**} to Path
2026-03-27T11:02:20.535+05:30 DEBUG 24304 --- [Api-Gateway] [reshExecutor-%d] o.s.c.g.r.RouteDefinitionRouteLocator    : RouteDefinition PAYMENT-SERVICES applying filter {_genkey_0=name:paymentCircuitBreaker, _genkey_1=fallbackUri:forward:/fallback/payment} to CircuitBreaker
2026-03-27T11:02:20.537+05:30 DEBUG 24304 --- [Api-Gateway] [reshExecutor-%d] o.s.c.g.r.RouteDefinitionRouteLocator    : RouteDefinition matched: PAYMENT-SERVICES
2026-03-27T11:02:20.537+05:30 DEBUG 24304 --- [Api-Gateway] [reshExecutor-%d] o.s.c.g.r.RouteDefinitionRouteLocator    : RouteDefinition WALLET-SERVICE applying {_genkey_0=/api/wallets/**} to Path
2026-03-27T11:02:20.538+05:30 DEBUG 24304 --- [Api-Gateway] [reshExecutor-%d] o.s.c.g.r.RouteDefinitionRouteLocator    : RouteDefinition WALLET-SERVICE applying filter {_genkey_0=name:walletCircuitBreaker, _genkey_1=fallbackUri:forward:/fallback/general} to CircuitBreaker
2026-03-27T11:02:20.539+05:30 DEBUG 24304 --- [Api-Gateway] [reshExecutor-%d] o.s.c.g.r.RouteDefinitionRouteLocator    : RouteDefinition matched: WALLET-SERVICE
2026-03-27T11:02:20.540+05:30 DEBUG 24304 --- [Api-Gateway] [reshExecutor-%d] o.s.c.g.r.RouteDefinitionRouteLocator    : RouteDefinition TRANSACTION-SERVICE applying {_genkey_0=/api/transaction/**} to Path
2026-03-27T11:02:20.540+05:30 DEBUG 24304 --- [Api-Gateway] [reshExecutor-%d] o.s.c.g.r.RouteDefinitionRouteLocator    : RouteDefinition TRANSACTION-SERVICE applying filter {_genkey_0=name:transactionCircuitBreaker, _genkey_1=fallbackUri:forward:/fallback/general} to CircuitBreaker
2026-03-27T11:02:20.544+05:30 DEBUG 24304 --- [Api-Gateway] [reshExecutor-%d] o.s.c.g.r.RouteDefinitionRouteLocator    : RouteDefinition matched: TRANSACTION-SERVICE
2026-03-27T11:02:20.545+05:30 DEBUG 24304 --- [Api-Gateway] [reshExecutor-%d] o.s.c.g.r.RouteDefinitionRouteLocator    : RouteDefinition REWARDS-SERVICE applying {_genkey_0=/api/rewards/**} to Path
2026-03-27T11:02:20.545+05:30 DEBUG 24304 --- [Api-Gateway] [reshExecutor-%d] o.s.c.g.r.RouteDefinitionRouteLocator    : RouteDefinition REWARDS-SERVICE applying filter {_genkey_0=name:rewardCircuitBreaker, _genkey_1=fallbackUri:forward:/fallback/reward} to CircuitBreaker
2026-03-27T11:02:20.546+05:30 DEBUG 24304 --- [Api-Gateway] [reshExecutor-%d] o.s.c.g.r.RouteDefinitionRouteLocator    : RouteDefinition matched: REWARDS-SERVICE
2026-03-27T11:02:20.547+05:30 DEBUG 24304 --- [Api-Gateway] [reshExecutor-%d] o.s.c.g.r.RouteDefinitionRouteLocator    : RouteDefinition NOTIFICATION-SERVICE applying {_genkey_0=/api/notifications/**} to Path
2026-03-27T11:02:20.547+05:30 DEBUG 24304 --- [Api-Gateway] [reshExecutor-%d] o.s.c.g.r.RouteDefinitionRouteLocator    : RouteDefinition NOTIFICATION-SERVICE applying filter {_genkey_0=name:notificationCircuitBreaker, _genkey_1=fallbackUri:forward:/fallback/general} to CircuitBreaker
2026-03-27T11:02:20.547+05:30 DEBUG 24304 --- [Api-Gateway] [reshExecutor-%d] o.s.c.g.r.RouteDefinitionRouteLocator    : RouteDefinition matched: NOTIFICATION-SERVICE
2026-03-27T11:02:20.549+05:30 DEBUG 24304 --- [Api-Gateway] [reshExecutor-%d] o.s.c.g.r.RouteDefinitionRouteLocator    : RouteDefinition USER-SERVICE applying {_genkey_0=/users/**} to Path
2026-03-27T11:02:20.549+05:30 DEBUG 24304 --- [Api-Gateway] [reshExecutor-%d] o.s.c.g.r.RouteDefinitionRouteLocator    : RouteDefinition matched: USER-SERVICE
2026-03-27T11:02:20.549+05:30 DEBUG 24304 --- [Api-Gateway] [reshExecutor-%d] o.s.c.g.filter.GatewayMetricsFilter      : New routes count: 19
2026-03-27T11:02:50.575+05:30 DEBUG 24304 --- [Api-Gateway] [reshExecutor-%d] o.s.c.g.r.RouteDefinitionRouteLocator    : RouteDefinition ReactiveCompositeDiscoveryClient_CONFIG-SERVIER applying {pattern=/config-servier/**} to Path
2026-03-27T11:02:50.577+05:30 DEBUG 24304 --- [Api-Gateway] [reshExecutor-%d] o.s.c.g.r.RouteDefinitionRouteLocator    : RouteDefinition ReactiveCompositeDiscoveryClient_CONFIG-SERVIER applying filter {regexp=/config-servier/?(?<remaining>.*), replacement=/${remaining}} to RewritePath
2026-03-27T11:02:50.578+05:30 DEBUG 24304 --- [Api-Gateway] [reshExecutor-%d] o.s.c.g.r.RouteDefinitionRouteLocator    : RouteDefinition matched: ReactiveCompositeDiscoveryClient_CONFIG-SERVIER
2026-03-27T11:02:50.578+05:30 DEBUG 24304 --- [Api-Gateway] [reshExecutor-%d] o.s.c.g.r.RouteDefinitionRouteLocator    : RouteDefinition ReactiveCompositeDiscoveryClient_API-GATEWAY applying {pattern=/api-gateway/**} to Path
2026-03-27T11:02:50.579+05:30 DEBUG 24304 --- [Api-Gateway] [reshExecutor-%d] o.s.c.g.r.RouteDefinitionRouteLocator    : RouteDefinition ReactiveCompositeDiscoveryClient_API-GATEWAY applying filter {regexp=/api-gateway/?(?<remaining>.*), replacement=/${remaining}} to RewritePath
2026-03-27T11:02:50.579+05:30 DEBUG 24304 --- [Api-Gateway] [reshExecutor-%d] o.s.c.g.r.RouteDefinitionRouteLocator    : RouteDefinition matched: ReactiveCompositeDiscoveryClient_API-GATEWAY
2026-03-27T11:02:50.579+05:30 DEBUG 24304 --- [Api-Gateway] [reshExecutor-%d] o.s.c.g.r.RouteDefinitionRouteLocator    : RouteDefinition ReactiveCompositeDiscoveryClient_REWARDS-SERVICE applying {pattern=/rewards-service/**} to Path
2026-03-27T11:02:50.581+05:30 DEBUG 24304 --- [Api-Gateway] [reshExecutor-%d] o.s.c.g.r.RouteDefinitionRouteLocator    : RouteDefinition ReactiveCompositeDiscoveryClient_REWARDS-SERVICE applying filter {regexp=/rewards-service/?(?<remaining>.*), replacement=/${remaining}} to RewritePath
2026-03-27T11:02:50.581+05:30 DEBUG 24304 --- [Api-Gateway] [reshExecutor-%d] o.s.c.g.r.RouteDefinitionRouteLocator    : RouteDefinition matched: ReactiveCompositeDiscoveryClient_REWARDS-SERVICE
2026-03-27T11:02:50.581+05:30 DEBUG 24304 --- [Api-Gateway] [reshExecutor-%d] o.s.c.g.r.RouteDefinitionRouteLocator    : RouteDefinition ReactiveCompositeDiscoveryClient_KYC-SERVICE applying {pattern=/kyc-service/**} to Path
2026-03-27T11:02:50.582+05:30 DEBUG 24304 --- [Api-Gateway] [reshExecutor-%d] o.s.c.g.r.RouteDefinitionRouteLocator    : RouteDefinition ReactiveCompositeDiscoveryClient_KYC-SERVICE applying filter {regexp=/kyc-service/?(?<remaining>.*), replacement=/${remaining}} to RewritePath
2026-03-27T11:02:50.583+05:30 DEBUG 24304 --- [Api-Gateway] [reshExecutor-%d] o.s.c.g.r.RouteDefinitionRouteLocator    : RouteDefinition matched: ReactiveCompositeDiscoveryClient_KYC-SERVICE
2026-03-27T11:02:50.583+05:30 DEBUG 24304 --- [Api-Gateway] [reshExecutor-%d] o.s.c.g.r.RouteDefinitionRouteLocator    : RouteDefinition ReactiveCompositeDiscoveryClient_TRANSACTION-SERVICE applying {pattern=/transaction-service/**} to Path
2026-03-27T11:02:50.584+05:30 DEBUG 24304 --- [Api-Gateway] [reshExecutor-%d] o.s.c.g.r.RouteDefinitionRouteLocator    : RouteDefinition ReactiveCompositeDiscoveryClient_TRANSACTION-SERVICE applying filter {regexp=/transaction-service/?(?<remaining>.*), replacement=/${remaining}} to RewritePath
2026-03-27T11:02:50.584+05:30 DEBUG 24304 --- [Api-Gateway] [reshExecutor-%d] o.s.c.g.r.RouteDefinitionRouteLocator    : RouteDefinition matched: ReactiveCompositeDiscoveryClient_TRANSACTION-SERVICE
2026-03-27T11:02:50.585+05:30 DEBUG 24304 --- [Api-Gateway] [reshExecutor-%d] o.s.c.g.r.RouteDefinitionRouteLocator    : RouteDefinition ReactiveCompositeDiscoveryClient_WALLET-SERVICE applying {pattern=/wallet-service/**} to Path
2026-03-27T11:02:50.585+05:30 DEBUG 24304 --- [Api-Gateway] [reshExecutor-%d] o.s.c.g.r.RouteDefinitionRouteLocator    : RouteDefinition ReactiveCompositeDiscoveryClient_WALLET-SERVICE applying filter {regexp=/wallet-service/?(?<remaining>.*), replacement=/${remaining}} to RewritePath
2026-03-27T11:02:50.586+05:30 DEBUG 24304 --- [Api-Gateway] [reshExecutor-%d] o.s.c.g.r.RouteDefinitionRouteLocator    : RouteDefinition matched: ReactiveCompositeDiscoveryClient_WALLET-SERVICE
2026-03-27T11:02:50.586+05:30 DEBUG 24304 --- [Api-Gateway] [reshExecutor-%d] o.s.c.g.r.RouteDefinitionRouteLocator    : RouteDefinition ReactiveCompositeDiscoveryClient_NOTIFICATION-SERVICE applying {pattern=/notification-service/**} to Path
2026-03-27T11:02:50.587+05:30 DEBUG 24304 --- [Api-Gateway] [reshExecutor-%d] o.s.c.g.r.RouteDefinitionRouteLocator    : RouteDefinition ReactiveCompositeDiscoveryClient_NOTIFICATION-SERVICE applying filter {regexp=/notification-service/?(?<remaining>.*), replacement=/${remaining}} to RewritePath
2026-03-27T11:02:50.588+05:30 DEBUG 24304 --- [Api-Gateway] [reshExecutor-%d] o.s.c.g.r.RouteDefinitionRouteLocator    : RouteDefinition matched: ReactiveCompositeDiscoveryClient_NOTIFICATION-SERVICE
2026-03-27T11:02:50.588+05:30 DEBUG 24304 --- [Api-Gateway] [reshExecutor-%d] o.s.c.g.r.RouteDefinitionRouteLocator    : RouteDefinition ReactiveCompositeDiscoveryClient_PAYMENT-SERVICES applying {pattern=/payment-services/**} to Path
2026-03-27T11:02:50.589+05:30 DEBUG 24304 --- [Api-Gateway] [reshExecutor-%d] o.s.c.g.r.RouteDefinitionRouteLocator    : RouteDefinition ReactiveCompositeDiscoveryClient_PAYMENT-SERVICES applying filter {regexp=/payment-services/?(?<remaining>.*), replacement=/${remaining}} to RewritePath
2026-03-27T11:02:50.589+05:30 DEBUG 24304 --- [Api-Gateway] [reshExecutor-%d] o.s.c.g.r.RouteDefinitionRouteLocator    : RouteDefinition matched: ReactiveCompositeDiscoveryClient_PAYMENT-SERVICES
2026-03-27T11:02:50.589+05:30 DEBUG 24304 --- [Api-Gateway] [reshExecutor-%d] o.s.c.g.r.RouteDefinitionRouteLocator    : RouteDefinition AUTH-SERVICE applying {_genkey_0=/auth/**} to Path
2026-03-27T11:02:50.590+05:30 DEBUG 24304 --- [Api-Gateway] [reshExecutor-%d] o.s.c.g.r.RouteDefinitionRouteLocator    : RouteDefinition matched: AUTH-SERVICE
2026-03-27T11:02:50.590+05:30 DEBUG 24304 --- [Api-Gateway] [reshExecutor-%d] o.s.c.g.r.RouteDefinitionRouteLocator    : RouteDefinition ADMIN-SERVICE applying {_genkey_0=/admin/**} to Path
2026-03-27T11:02:50.590+05:30 DEBUG 24304 --- [Api-Gateway] [reshExecutor-%d] o.s.c.g.r.RouteDefinitionRouteLocator    : RouteDefinition matched: ADMIN-SERVICE
2026-03-27T11:02:50.590+05:30 DEBUG 24304 --- [Api-Gateway] [reshExecutor-%d] o.s.c.g.r.RouteDefinitionRouteLocator    : RouteDefinition KYC-SERVICE applying {_genkey_0=/kyc/**} to Path
2026-03-27T11:02:50.590+05:30 DEBUG 24304 --- [Api-Gateway] [reshExecutor-%d] o.s.c.g.r.RouteDefinitionRouteLocator    : RouteDefinition matched: KYC-SERVICE
2026-03-27T11:02:50.590+05:30 DEBUG 24304 --- [Api-Gateway] [reshExecutor-%d] o.s.c.g.r.RouteDefinitionRouteLocator    : RouteDefinition PAYMENT-SERVICES applying {_genkey_0=/api/payments/**} to Path
2026-03-27T11:02:50.590+05:30 DEBUG 24304 --- [Api-Gateway] [reshExecutor-%d] o.s.c.g.r.RouteDefinitionRouteLocator    : RouteDefinition PAYMENT-SERVICES applying filter {_genkey_0=name:paymentCircuitBreaker, _genkey_1=fallbackUri:forward:/fallback/payment} to CircuitBreaker
2026-03-27T11:02:50.592+05:30 DEBUG 24304 --- [Api-Gateway] [reshExecutor-%d] o.s.c.g.r.RouteDefinitionRouteLocator    : RouteDefinition matched: PAYMENT-SERVICES
2026-03-27T11:02:50.592+05:30 DEBUG 24304 --- [Api-Gateway] [reshExecutor-%d] o.s.c.g.r.RouteDefinitionRouteLocator    : RouteDefinition WALLET-SERVICE applying {_genkey_0=/api/wallets/**} to Path
2026-03-27T11:02:50.593+05:30 DEBUG 24304 --- [Api-Gateway] [reshExecutor-%d] o.s.c.g.r.RouteDefinitionRouteLocator    : RouteDefinition WALLET-SERVICE applying filter {_genkey_0=name:walletCircuitBreaker, _genkey_1=fallbackUri:forward:/fallback/general} to CircuitBreaker
2026-03-27T11:02:50.593+05:30 DEBUG 24304 --- [Api-Gateway] [reshExecutor-%d] o.s.c.g.r.RouteDefinitionRouteLocator    : RouteDefinition matched: WALLET-SERVICE
2026-03-27T11:02:50.594+05:30 DEBUG 24304 --- [Api-Gateway] [reshExecutor-%d] o.s.c.g.r.RouteDefinitionRouteLocator    : RouteDefinition TRANSACTION-SERVICE applying {_genkey_0=/api/transaction/**} to Path
2026-03-27T11:02:50.594+05:30 DEBUG 24304 --- [Api-Gateway] [reshExecutor-%d] o.s.c.g.r.RouteDefinitionRouteLocator    : RouteDefinition TRANSACTION-SERVICE applying filter {_genkey_0=name:transactionCircuitBreaker, _genkey_1=fallbackUri:forward:/fallback/general} to CircuitBreaker
2026-03-27T11:02:50.595+05:30 DEBUG 24304 --- [Api-Gateway] [reshExecutor-%d] o.s.c.g.r.RouteDefinitionRouteLocator    : RouteDefinition matched: TRANSACTION-SERVICE
2026-03-27T11:02:50.595+05:30 DEBUG 24304 --- [Api-Gateway] [reshExecutor-%d] o.s.c.g.r.RouteDefinitionRouteLocator    : RouteDefinition REWARDS-SERVICE applying {_genkey_0=/api/rewards/**} to Path
2026-03-27T11:02:50.596+05:30 DEBUG 24304 --- [Api-Gateway] [reshExecutor-%d] o.s.c.g.r.RouteDefinitionRouteLocator    : RouteDefinition REWARDS-SERVICE applying filter {_genkey_0=name:rewardCircuitBreaker, _genkey_1=fallbackUri:forward:/fallback/reward} to CircuitBreaker
2026-03-27T11:02:50.597+05:30 DEBUG 24304 --- [Api-Gateway] [reshExecutor-%d] o.s.c.g.r.RouteDefinitionRouteLocator    : RouteDefinition matched: REWARDS-SERVICE
2026-03-27T11:02:50.597+05:30 DEBUG 24304 --- [Api-Gateway] [reshExecutor-%d] o.s.c.g.r.RouteDefinitionRouteLocator    : RouteDefinition NOTIFICATION-SERVICE applying {_genkey_0=/api/notifications/**} to Path
2026-03-27T11:02:50.597+05:30 DEBUG 24304 --- [Api-Gateway] [reshExecutor-%d] o.s.c.g.r.RouteDefinitionRouteLocator    : RouteDefinition NOTIFICATION-SERVICE applying filter {_genkey_0=name:notificationCircuitBreaker, _genkey_1=fallbackUri:forward:/fallback/general} to CircuitBreaker
2026-03-27T11:02:50.597+05:30 DEBUG 24304 --- [Api-Gateway] [reshExecutor-%d] o.s.c.g.r.RouteDefinitionRouteLocator    : RouteDefinition matched: NOTIFICATION-SERVICE
2026-03-27T11:02:50.598+05:30 DEBUG 24304 --- [Api-Gateway] [reshExecutor-%d] o.s.c.g.r.RouteDefinitionRouteLocator    : RouteDefinition USER-SERVICE applying {_genkey_0=/users/**} to Path
2026-03-27T11:02:50.598+05:30 DEBUG 24304 --- [Api-Gateway] [reshExecutor-%d] o.s.c.g.r.RouteDefinitionRouteLocator    : RouteDefinition matched: USER-SERVICE
2026-03-27T11:02:50.599+05:30 DEBUG 24304 --- [Api-Gateway] [reshExecutor-%d] o.s.c.g.filter.GatewayMetricsFilter      : New routes count: 17
2026-03-27T11:03:17.231+05:30 DEBUG 24304 --- [Api-Gateway] [ctor-http-nio-4] o.s.c.g.h.RoutePredicateHandlerMapping   : Route matched: ADMIN-SERVICE
2026-03-27T11:03:17.232+05:30 DEBUG 24304 --- [Api-Gateway] [ctor-http-nio-4] o.s.c.g.h.RoutePredicateHandlerMapping   : Mapping [Exchange: GET http://localhost:7505/admin/v3/api-docs] to Route{id='ADMIN-SERVICE', uri=lb://ADMIN-SERVICE, order=0, predicate=Paths: [/admin/**], match trailing slash: true, gatewayFilters=[], metadata={}}
2026-03-27T11:03:17.233+05:30 DEBUG 24304 --- [Api-Gateway] [ctor-http-nio-4] o.s.c.g.h.RoutePredicateHandlerMapping   : [d4459dfe-9] Mapped to org.springframework.cloud.gateway.handler.FilteringWebHandler@1cb592da
2026-03-27T11:03:17.234+05:30 DEBUG 24304 --- [Api-Gateway] [ctor-http-nio-4] o.s.c.g.handler.FilteringWebHandler      : Sorted gatewayFilterFactories: [[GatewayFilterAdapter{delegate=org.springframework.cloud.gateway.filter.RemoveCachedBodyFilter@756c67cd}, order = -2147483648], [GatewayFilterAdapter{delegate=org.springframework.cloud.gateway.filter.AdaptCachedBodyGlobalFilter@1cc708a7}, order = -2147482648], [GatewayFilterAdapter{delegate=org.springframework.cloud.gateway.filter.NettyWriteResponseFilter@12214f2f}, order = -1], [GatewayFilterAdapter{delegate=org.springframework.cloud.gateway.filter.ForwardPathFilter@79308a2}, order = 0], [GatewayFilterAdapter{delegate=org.springframework.cloud.gateway.filter.GatewayMetricsFilter@352e5a82}, order = 0], [GatewayFilterAdapter{delegate=org.springframework.cloud.gateway.filter.RouteToRequestUrlFilter@50de907a}, order = 10000], [GatewayFilterAdapter{delegate=org.springframework.cloud.gateway.filter.ReactiveLoadBalancerClientFilter@3a2bb026}, order = 10150], [GatewayFilterAdapter{delegate=org.springframework.cloud.gateway.filter.LoadBalancerServiceInstanceCookieFilter@7645e64}, order = 10151], [GatewayFilterAdapter{delegate=org.springframework.cloud.gateway.filter.WebsocketRoutingFilter@11574592}, order = 2147483646], [GatewayFilterAdapter{delegate=org.springframework.cloud.gateway.filter.NettyRoutingFilter@7de6549d}, order = 2147483647], [GatewayFilterAdapter{delegate=org.springframework.cloud.gateway.filter.ForwardRoutingFilter@1fd37440}, order = 2147483647]]
2026-03-27T11:03:17.237+05:30  WARN 24304 --- [Api-Gateway] [ctor-http-nio-4] o.s.c.l.core.RoundRobinLoadBalancer      : No servers available for service: ADMIN-SERVICE
2026-03-27T11:03:20.631+05:30 DEBUG 24304 --- [Api-Gateway] [reshExecutor-%d] o.s.c.g.r.RouteDefinitionRouteLocator    : RouteDefinition ReactiveCompositeDiscoveryClient_CONFIG-SERVIER applying {pattern=/config-servier/**} to Path
2026-03-27T11:03:20.634+05:30 DEBUG 24304 --- [Api-Gateway] [reshExecutor-%d] o.s.c.g.r.RouteDefinitionRouteLocator    : RouteDefinition ReactiveCompositeDiscoveryClient_CONFIG-SERVIER applying filter {regexp=/config-servier/?(?<remaining>.*), replacement=/${remaining}} to RewritePath
2026-03-27T11:03:20.636+05:30 DEBUG 24304 --- [Api-Gateway] [reshExecutor-%d] o.s.c.g.r.RouteDefinitionRouteLocator    : RouteDefinition matched: ReactiveCompositeDiscoveryClient_CONFIG-SERVIER
2026-03-27T11:03:20.638+05:30 DEBUG 24304 --- [Api-Gateway] [reshExecutor-%d] o.s.c.g.r.RouteDefinitionRouteLocator    : RouteDefinition ReactiveCompositeDiscoveryClient_API-GATEWAY applying {pattern=/api-gateway/**} to Path
2026-03-27T11:03:20.641+05:30 DEBUG 24304 --- [Api-Gateway] [reshExecutor-%d] o.s.c.g.r.RouteDefinitionRouteLocator    : RouteDefinition ReactiveCompositeDiscoveryClient_API-GATEWAY applying filter {regexp=/api-gateway/?(?<remaining>.*), replacement=/${remaining}} to RewritePath
2026-03-27T11:03:20.644+05:30 DEBUG 24304 --- [Api-Gateway] [reshExecutor-%d] o.s.c.g.r.RouteDefinitionRouteLocator    : RouteDefinition matched: ReactiveCompositeDiscoveryClient_API-GATEWAY
2026-03-27T11:03:20.645+05:30 DEBUG 24304 --- [Api-Gateway] [reshExecutor-%d] o.s.c.g.r.RouteDefinitionRouteLocator    : RouteDefinition ReactiveCompositeDiscoveryClient_REWARDS-SERVICE applying {pattern=/rewards-service/**} to Path
2026-03-27T11:03:20.647+05:30 DEBUG 24304 --- [Api-Gateway] [reshExecutor-%d] o.s.c.g.r.RouteDefinitionRouteLocator    : RouteDefinition ReactiveCompositeDiscoveryClient_REWARDS-SERVICE applying filter {regexp=/rewards-service/?(?<remaining>.*), replacement=/${remaining}} to RewritePath
2026-03-27T11:03:20.650+05:30 DEBUG 24304 --- [Api-Gateway] [reshExecutor-%d] o.s.c.g.r.RouteDefinitionRouteLocator    : RouteDefinition matched: ReactiveCompositeDiscoveryClient_REWARDS-SERVICE
2026-03-27T11:03:20.651+05:30 DEBUG 24304 --- [Api-Gateway] [reshExecutor-%d] o.s.c.g.r.RouteDefinitionRouteLocator    : RouteDefinition ReactiveCompositeDiscoveryClient_KYC-SERVICE applying {pattern=/kyc-service/**} to Path
2026-03-27T11:03:20.653+05:30 DEBUG 24304 --- [Api-Gateway] [reshExecutor-%d] o.s.c.g.r.RouteDefinitionRouteLocator    : RouteDefinition ReactiveCompositeDiscoveryClient_KYC-SERVICE applying filter {regexp=/kyc-service/?(?<remaining>.*), replacement=/${remaining}} to RewritePath
2026-03-27T11:03:20.655+05:30 DEBUG 24304 --- [Api-Gateway] [reshExecutor-%d] o.s.c.g.r.RouteDefinitionRouteLocator    : RouteDefinition matched: ReactiveCompositeDiscoveryClient_KYC-SERVICE
2026-03-27T11:03:20.657+05:30 DEBUG 24304 --- [Api-Gateway] [reshExecutor-%d] o.s.c.g.r.RouteDefinitionRouteLocator    : RouteDefinition ReactiveCompositeDiscoveryClient_TRANSACTION-SERVICE applying {pattern=/transaction-service/**} to Path
2026-03-27T11:03:20.659+05:30 DEBUG 24304 --- [Api-Gateway] [reshExecutor-%d] o.s.c.g.r.RouteDefinitionRouteLocator    : RouteDefinition ReactiveCompositeDiscoveryClient_TRANSACTION-SERVICE applying filter {regexp=/transaction-service/?(?<remaining>.*), replacement=/${remaining}} to RewritePath
2026-03-27T11:03:20.660+05:30 DEBUG 24304 --- [Api-Gateway] [reshExecutor-%d] o.s.c.g.r.RouteDefinitionRouteLocator    : RouteDefinition matched: ReactiveCompositeDiscoveryClient_TRANSACTION-SERVICE
2026-03-27T11:03:20.661+05:30 DEBUG 24304 --- [Api-Gateway] [reshExecutor-%d] o.s.c.g.r.RouteDefinitionRouteLocator    : RouteDefinition ReactiveCompositeDiscoveryClient_WALLET-SERVICE applying {pattern=/wallet-service/**} to Path
2026-03-27T11:03:20.663+05:30 DEBUG 24304 --- [Api-Gateway] [reshExecutor-%d] o.s.c.g.r.RouteDefinitionRouteLocator    : RouteDefinition ReactiveCompositeDiscoveryClient_WALLET-SERVICE applying filter {regexp=/wallet-service/?(?<remaining>.*), replacement=/${remaining}} to RewritePath
2026-03-27T11:03:20.665+05:30 DEBUG 24304 --- [Api-Gateway] [reshExecutor-%d] o.s.c.g.r.RouteDefinitionRouteLocator    : RouteDefinition matched: ReactiveCompositeDiscoveryClient_WALLET-SERVICE
2026-03-27T11:03:20.666+05:30 DEBUG 24304 --- [Api-Gateway] [reshExecutor-%d] o.s.c.g.r.RouteDefinitionRouteLocator    : RouteDefinition ReactiveCompositeDiscoveryClient_NOTIFICATION-SERVICE applying {pattern=/notification-service/**} to Path
2026-03-27T11:03:20.668+05:30 DEBUG 24304 --- [Api-Gateway] [reshExecutor-%d] o.s.c.g.r.RouteDefinitionRouteLocator    : RouteDefinition ReactiveCompositeDiscoveryClient_NOTIFICATION-SERVICE applying filter {regexp=/notification-service/?(?<remaining>.*), replacement=/${remaining}} to RewritePath
2026-03-27T11:03:20.670+05:30 DEBUG 24304 --- [Api-Gateway] [reshExecutor-%d] o.s.c.g.r.RouteDefinitionRouteLocator    : RouteDefinition matched: ReactiveCompositeDiscoveryClient_NOTIFICATION-SERVICE
2026-03-27T11:03:20.671+05:30 DEBUG 24304 --- [Api-Gateway] [reshExecutor-%d] o.s.c.g.r.RouteDefinitionRouteLocator    : RouteDefinition ReactiveCompositeDiscoveryClient_PAYMENT-SERVICES applying {pattern=/payment-services/**} to Path
2026-03-27T11:03:20.672+05:30 DEBUG 24304 --- [Api-Gateway] [reshExecutor-%d] o.s.c.g.r.RouteDefinitionRouteLocator    : RouteDefinition ReactiveCompositeDiscoveryClient_PAYMENT-SERVICES applying filter {regexp=/payment-services/?(?<remaining>.*), replacement=/${remaining}} to RewritePath
2026-03-27T11:03:20.674+05:30 DEBUG 24304 --- [Api-Gateway] [reshExecutor-%d] o.s.c.g.r.RouteDefinitionRouteLocator    : RouteDefinition matched: ReactiveCompositeDiscoveryClient_PAYMENT-SERVICES
2026-03-27T11:03:20.675+05:30 DEBUG 24304 --- [Api-Gateway] [reshExecutor-%d] o.s.c.g.r.RouteDefinitionRouteLocator    : RouteDefinition ReactiveCompositeDiscoveryClient_USER-SERVICE applying {pattern=/user-service/**} to Path
2026-03-27T11:03:20.676+05:30 DEBUG 24304 --- [Api-Gateway] [reshExecutor-%d] o.s.c.g.r.RouteDefinitionRouteLocator    : RouteDefinition ReactiveCompositeDiscoveryClient_USER-SERVICE applying filter {regexp=/user-service/?(?<remaining>.*), replacement=/${remaining}} to RewritePath
2026-03-27T11:03:20.677+05:30 DEBUG 24304 --- [Api-Gateway] [reshExecutor-%d] o.s.c.g.r.RouteDefinitionRouteLocator    : RouteDefinition matched: ReactiveCompositeDiscoveryClient_USER-SERVICE
2026-03-27T11:03:20.678+05:30 DEBUG 24304 --- [Api-Gateway] [reshExecutor-%d] o.s.c.g.r.RouteDefinitionRouteLocator    : RouteDefinition AUTH-SERVICE applying {_genkey_0=/auth/**} to Path
2026-03-27T11:03:20.679+05:30 DEBUG 24304 --- [Api-Gateway] [reshExecutor-%d] o.s.c.g.r.RouteDefinitionRouteLocator    : RouteDefinition matched: AUTH-SERVICE
2026-03-27T11:03:20.679+05:30 DEBUG 24304 --- [Api-Gateway] [reshExecutor-%d] o.s.c.g.r.RouteDefinitionRouteLocator    : RouteDefinition ADMIN-SERVICE applying {_genkey_0=/admin/**} to Path
2026-03-27T11:03:20.680+05:30 DEBUG 24304 --- [Api-Gateway] [reshExecutor-%d] o.s.c.g.r.RouteDefinitionRouteLocator    : RouteDefinition matched: ADMIN-SERVICE
2026-03-27T11:03:20.681+05:30 DEBUG 24304 --- [Api-Gateway] [reshExecutor-%d] o.s.c.g.r.RouteDefinitionRouteLocator    : RouteDefinition KYC-SERVICE applying {_genkey_0=/kyc/**} to Path
2026-03-27T11:03:20.682+05:30 DEBUG 24304 --- [Api-Gateway] [reshExecutor-%d] o.s.c.g.r.RouteDefinitionRouteLocator    : RouteDefinition matched: KYC-SERVICE
2026-03-27T11:03:20.682+05:30 DEBUG 24304 --- [Api-Gateway] [reshExecutor-%d] o.s.c.g.r.RouteDefinitionRouteLocator    : RouteDefinition PAYMENT-SERVICES applying {_genkey_0=/api/payments/**} to Path
2026-03-27T11:03:20.683+05:30 DEBUG 24304 --- [Api-Gateway] [reshExecutor-%d] o.s.c.g.r.RouteDefinitionRouteLocator    : RouteDefinition PAYMENT-SERVICES applying filter {_genkey_0=name:paymentCircuitBreaker, _genkey_1=fallbackUri:forward:/fallback/payment} to CircuitBreaker
2026-03-27T11:03:20.684+05:30 DEBUG 24304 --- [Api-Gateway] [reshExecutor-%d] o.s.c.g.r.RouteDefinitionRouteLocator    : RouteDefinition matched: PAYMENT-SERVICES
2026-03-27T11:03:20.685+05:30 DEBUG 24304 --- [Api-Gateway] [reshExecutor-%d] o.s.c.g.r.RouteDefinitionRouteLocator    : RouteDefinition WALLET-SERVICE applying {_genkey_0=/api/wallets/**} to Path
2026-03-27T11:03:20.686+05:30 DEBUG 24304 --- [Api-Gateway] [reshExecutor-%d] o.s.c.g.r.RouteDefinitionRouteLocator    : RouteDefinition WALLET-SERVICE applying filter {_genkey_0=name:walletCircuitBreaker, _genkey_1=fallbackUri:forward:/fallback/general} to CircuitBreaker
2026-03-27T11:03:20.688+05:30 DEBUG 24304 --- [Api-Gateway] [reshExecutor-%d] o.s.c.g.r.RouteDefinitionRouteLocator    : RouteDefinition matched: WALLET-SERVICE
2026-03-27T11:03:20.688+05:30 DEBUG 24304 --- [Api-Gateway] [reshExecutor-%d] o.s.c.g.r.RouteDefinitionRouteLocator    : RouteDefinition TRANSACTION-SERVICE applying {_genkey_0=/api/transaction/**} to Path
2026-03-27T11:03:20.689+05:30 DEBUG 24304 --- [Api-Gateway] [reshExecutor-%d] o.s.c.g.r.RouteDefinitionRouteLocator    : RouteDefinition TRANSACTION-SERVICE applying filter {_genkey_0=name:transactionCircuitBreaker, _genkey_1=fallbackUri:forward:/fallback/general} to CircuitBreaker
2026-03-27T11:03:20.690+05:30 DEBUG 24304 --- [Api-Gateway] [reshExecutor-%d] o.s.c.g.r.RouteDefinitionRouteLocator    : RouteDefinition matched: TRANSACTION-SERVICE
2026-03-27T11:03:20.690+05:30 DEBUG 24304 --- [Api-Gateway] [reshExecutor-%d] o.s.c.g.r.RouteDefinitionRouteLocator    : RouteDefinition REWARDS-SERVICE applying {_genkey_0=/api/rewards/**} to Path
2026-03-27T11:03:20.693+05:30 DEBUG 24304 --- [Api-Gateway] [reshExecutor-%d] o.s.c.g.r.RouteDefinitionRouteLocator    : RouteDefinition REWARDS-SERVICE applying filter {_genkey_0=name:rewardCircuitBreaker, _genkey_1=fallbackUri:forward:/fallback/reward} to CircuitBreaker
2026-03-27T11:03:20.694+05:30 DEBUG 24304 --- [Api-Gateway] [reshExecutor-%d] o.s.c.g.r.RouteDefinitionRouteLocator    : RouteDefinition matched: REWARDS-SERVICE
2026-03-27T11:03:20.695+05:30 DEBUG 24304 --- [Api-Gateway] [reshExecutor-%d] o.s.c.g.r.RouteDefinitionRouteLocator    : RouteDefinition NOTIFICATION-SERVICE applying {_genkey_0=/api/notifications/**} to Path
2026-03-27T11:03:20.697+05:30 DEBUG 24304 --- [Api-Gateway] [reshExecutor-%d] o.s.c.g.r.RouteDefinitionRouteLocator    : RouteDefinition NOTIFICATION-SERVICE applying filter {_genkey_0=name:notificationCircuitBreaker, _genkey_1=fallbackUri:forward:/fallback/general} to CircuitBreaker
2026-03-27T11:03:20.699+05:30 DEBUG 24304 --- [Api-Gateway] [reshExecutor-%d] o.s.c.g.r.RouteDefinitionRouteLocator    : RouteDefinition matched: NOTIFICATION-SERVICE
2026-03-27T11:03:20.699+05:30 DEBUG 24304 --- [Api-Gateway] [reshExecutor-%d] o.s.c.g.r.RouteDefinitionRouteLocator    : RouteDefinition USER-SERVICE applying {_genkey_0=/users/**} to Path
2026-03-27T11:03:20.701+05:30 DEBUG 24304 --- [Api-Gateway] [reshExecutor-%d] o.s.c.g.r.RouteDefinitionRouteLocator    : RouteDefinition matched: USER-SERVICE
2026-03-27T11:03:20.703+05:30 DEBUG 24304 --- [Api-Gateway] [reshExecutor-%d] o.s.c.g.filter.GatewayMetricsFilter      : New routes count: 18
2026-03-27T11:03:21.528+05:30 DEBUG 24304 --- [Api-Gateway] [ctor-http-nio-4] o.s.c.g.h.RoutePredicateHandlerMapping   : Route matched: USER-SERVICE
2026-03-27T11:03:21.530+05:30 DEBUG 24304 --- [Api-Gateway] [ctor-http-nio-4] o.s.c.g.h.RoutePredicateHandlerMapping   : Mapping [Exchange: GET http://localhost:7505/users/v3/api-docs] to Route{id='USER-SERVICE', uri=lb://USER-SERVICE, order=0, predicate=Paths: [/users/**], match trailing slash: true, gatewayFilters=[], metadata={}}
2026-03-27T11:03:21.532+05:30 DEBUG 24304 --- [Api-Gateway] [ctor-http-nio-4] o.s.c.g.h.RoutePredicateHandlerMapping   : [d4459dfe-10] Mapped to org.springframework.cloud.gateway.handler.FilteringWebHandler@1cb592da
2026-03-27T11:03:21.534+05:30 DEBUG 24304 --- [Api-Gateway] [ctor-http-nio-4] o.s.c.g.handler.FilteringWebHandler      : Sorted gatewayFilterFactories: [[GatewayFilterAdapter{delegate=org.springframework.cloud.gateway.filter.RemoveCachedBodyFilter@756c67cd}, order = -2147483648], [GatewayFilterAdapter{delegate=org.springframework.cloud.gateway.filter.AdaptCachedBodyGlobalFilter@1cc708a7}, order = -2147482648], [GatewayFilterAdapter{delegate=org.springframework.cloud.gateway.filter.NettyWriteResponseFilter@12214f2f}, order = -1], [GatewayFilterAdapter{delegate=org.springframework.cloud.gateway.filter.ForwardPathFilter@79308a2}, order = 0], [GatewayFilterAdapter{delegate=org.springframework.cloud.gateway.filter.GatewayMetricsFilter@352e5a82}, order = 0], [GatewayFilterAdapter{delegate=org.springframework.cloud.gateway.filter.RouteToRequestUrlFilter@50de907a}, order = 10000], [GatewayFilterAdapter{delegate=org.springframework.cloud.gateway.filter.ReactiveLoadBalancerClientFilter@3a2bb026}, order = 10150], [GatewayFilterAdapter{delegate=org.springframework.cloud.gateway.filter.LoadBalancerServiceInstanceCookieFilter@7645e64}, order = 10151], [GatewayFilterAdapter{delegate=org.springframework.cloud.gateway.filter.WebsocketRoutingFilter@11574592}, order = 2147483646], [GatewayFilterAdapter{delegate=org.springframework.cloud.gateway.filter.NettyRoutingFilter@7de6549d}, order = 2147483647], [GatewayFilterAdapter{delegate=org.springframework.cloud.gateway.filter.ForwardRoutingFilter@1fd37440}, order = 2147483647]]
2026-03-27T11:03:21.542+05:30 DEBUG 24304 --- [Api-Gateway] [ctor-http-nio-4] g.f.h.o.ObservedRequestHttpHeadersFilter : Will instrument the HTTP request headers [Host:"localhost:7505", sec-ch-ua-platform:""Windows"", User-Agent:"Mozilla/5.0 (Windows NT 10.0; Win64; x64) AppleWebKit/537.36 (KHTML, like Gecko) Chrome/146.0.0.0 Safari/537.36 Edg/146.0.0.0", Accept:"application/json,*/*", sec-ch-ua:""Chromium";v="146", "Not-A.Brand";v="24", "Microsoft Edge";v="146"", sec-ch-ua-mobile:"?0", Sec-Fetch-Site:"same-origin", Sec-Fetch-Mode:"cors", Sec-Fetch-Dest:"empty", Referer:"http://localhost:7505/webjars/swagger-ui/index.html?urls.primaryName=User%20Service", Accept-Encoding:"gzip, deflate, br, zstd", Accept-Language:"en-US,en;q=0.9", Cookie:"jenkins-timestamper-offset=-19800000; ajs_anonymous_id=bb3c0659-9741-4132-8e48-df1d063bdfc6; splunkweb_csrf_token_8000=4650811227071327921; m=; JSESSIONID=AEC81D640059673CB5727CD0D3E6E468", Forwarded:"proto=http;host="localhost:7505";for="[0:0:0:0:0:0:0:1]:52519"", X-Forwarded-For:"0:0:0:0:0:0:0:1", X-Forwarded-Proto:"http", X-Forwarded-Port:"7505", X-Forwarded-Host:"localhost:7505"]
2026-03-27T11:03:21.544+05:30 DEBUG 24304 --- [Api-Gateway] [ctor-http-nio-4] g.f.h.o.ObservedRequestHttpHeadersFilter : Client observation  {name=http.client.requests(null), error=null, context=name='http.client.requests', contextualName='null', error='null', lowCardinalityKeyValues=[http.method='GET', http.status_code='UNKNOWN', spring.cloud.gateway.route.id='USER-SERVICE', spring.cloud.gateway.route.uri='lb://USER-SERVICE'], highCardinalityKeyValues=[http.uri='http://localhost:7505/users/v3/api-docs'], map=[class io.micrometer.core.instrument.LongTaskTimer$Sample='SampleImpl{duration(seconds)=2.629E-4, duration(nanos)=262900.0, startTimeNanos=91898530087700}', class io.micrometer.core.instrument.Timer$Sample='io.micrometer.core.instrument.Timer$Sample@77e4113a'], parentObservation={name=http.server.requests(null), error=null, context=name='http.server.requests', contextualName='null', error='null', lowCardinalityKeyValues=[exception='none', method='GET', outcome='SUCCESS', status='200', uri='UNKNOWN'], highCardinalityKeyValues=[http.url='/users/v3/api-docs'], map=[class io.micrometer.core.instrument.LongTaskTimer$Sample='SampleImpl{duration(seconds)=0.0191383, duration(nanos)=1.91383E7, startTimeNanos=91898511490100}', class io.micrometer.core.instrument.Timer$Sample='io.micrometer.core.instrument.Timer$Sample@1ea3707b'], parentObservation=null}} created for the request. New headers are [Host:"localhost:7505", sec-ch-ua-platform:""Windows"", User-Agent:"Mozilla/5.0 (Windows NT 10.0; Win64; x64) AppleWebKit/537.36 (KHTML, like Gecko) Chrome/146.0.0.0 Safari/537.36 Edg/146.0.0.0", Accept:"application/json,*/*", sec-ch-ua:""Chromium";v="146", "Not-A.Brand";v="24", "Microsoft Edge";v="146"", sec-ch-ua-mobile:"?0", Sec-Fetch-Site:"same-origin", Sec-Fetch-Mode:"cors", Sec-Fetch-Dest:"empty", Referer:"http://localhost:7505/webjars/swagger-ui/index.html?urls.primaryName=User%20Service", Accept-Encoding:"gzip, deflate, br, zstd", Accept-Language:"en-US,en;q=0.9", Cookie:"jenkins-timestamper-offset=-19800000; ajs_anonymous_id=bb3c0659-9741-4132-8e48-df1d063bdfc6; splunkweb_csrf_token_8000=4650811227071327921; m=; JSESSIONID=AEC81D640059673CB5727CD0D3E6E468", Forwarded:"proto=http;host="localhost:7505";for="[0:0:0:0:0:0:0:1]:52519"", X-Forwarded-For:"0:0:0:0:0:0:0:1", X-Forwarded-Proto:"http", X-Forwarded-Port:"7505", X-Forwarded-Host:"localhost:7505"]
2026-03-27T11:03:22.114+05:30 DEBUG 24304 --- [Api-Gateway] [ctor-http-nio-4] .f.h.o.ObservedResponseHttpHeadersFilter : Will instrument the response
2026-03-27T11:03:22.116+05:30 DEBUG 24304 --- [Api-Gateway] [ctor-http-nio-4] .f.h.o.ObservedResponseHttpHeadersFilter : The response was handled for observation {name=http.client.requests(null), error=null, context=name='http.client.requests', contextualName='null', error='null', lowCardinalityKeyValues=[http.method='GET', http.status_code='UNKNOWN', spring.cloud.gateway.route.id='USER-SERVICE', spring.cloud.gateway.route.uri='lb://USER-SERVICE'], highCardinalityKeyValues=[http.uri='http://localhost:7505/users/v3/api-docs'], map=[class io.micrometer.core.instrument.LongTaskTimer$Sample='SampleImpl{duration(seconds)=0.5716176, duration(nanos)=5.716176E8, startTimeNanos=91898530087700}', class io.micrometer.core.instrument.Timer$Sample='io.micrometer.core.instrument.Timer$Sample@77e4113a'], parentObservation={name=http.server.requests(null), error=null, context=name='http.server.requests', contextualName='null', error='null', lowCardinalityKeyValues=[exception='none', method='GET', outcome='SUCCESS', status='200', uri='UNKNOWN'], highCardinalityKeyValues=[http.url='/users/v3/api-docs'], map=[class io.micrometer.core.instrument.LongTaskTimer$Sample='SampleImpl{duration(seconds)=0.5905428, duration(nanos)=5.905428E8, startTimeNanos=91898511490100}', class io.micrometer.core.instrument.Timer$Sample='io.micrometer.core.instrument.Timer$Sample@1ea3707b'], parentObservation=null}}
2026-03-27T11:03:42.192+05:30  INFO 24304 --- [Api-Gateway] [rap-executor-%d] c.n.d.s.r.aws.ConfigClusterResolver      : Resolving eureka endpoints via configuration
2026-03-27T11:03:49.694+05:30 DEBUG 24304 --- [Api-Gateway] [ctor-http-nio-4] o.s.c.g.h.RoutePredicateHandlerMapping   : Route matched: AUTH-SERVICE
2026-03-27T11:03:49.696+05:30 DEBUG 24304 --- [Api-Gateway] [ctor-http-nio-4] o.s.c.g.h.RoutePredicateHandlerMapping   : Mapping [Exchange: POST http://localhost:7505/auth/request-otp?arg0=srivastavahasrh148%40gmail.com] to Route{id='AUTH-SERVICE', uri=lb://USER-SERVICE, order=0, predicate=Paths: [/auth/**], match trailing slash: true, gatewayFilters=[], metadata={}}
2026-03-27T11:03:49.697+05:30 DEBUG 24304 --- [Api-Gateway] [ctor-http-nio-4] o.s.c.g.h.RoutePredicateHandlerMapping   : [d4459dfe-11] Mapped to org.springframework.cloud.gateway.handler.FilteringWebHandler@1cb592da
2026-03-27T11:03:49.698+05:30 DEBUG 24304 --- [Api-Gateway] [ctor-http-nio-4] o.s.c.g.handler.FilteringWebHandler      : Sorted gatewayFilterFactories: [[GatewayFilterAdapter{delegate=org.springframework.cloud.gateway.filter.RemoveCachedBodyFilter@756c67cd}, order = -2147483648], [GatewayFilterAdapter{delegate=org.springframework.cloud.gateway.filter.AdaptCachedBodyGlobalFilter@1cc708a7}, order = -2147482648], [GatewayFilterAdapter{delegate=org.springframework.cloud.gateway.filter.NettyWriteResponseFilter@12214f2f}, order = -1], [GatewayFilterAdapter{delegate=org.springframework.cloud.gateway.filter.ForwardPathFilter@79308a2}, order = 0], [GatewayFilterAdapter{delegate=org.springframework.cloud.gateway.filter.GatewayMetricsFilter@352e5a82}, order = 0], [GatewayFilterAdapter{delegate=org.springframework.cloud.gateway.filter.RouteToRequestUrlFilter@50de907a}, order = 10000], [GatewayFilterAdapter{delegate=org.springframework.cloud.gateway.filter.ReactiveLoadBalancerClientFilter@3a2bb026}, order = 10150], [GatewayFilterAdapter{delegate=org.springframework.cloud.gateway.filter.LoadBalancerServiceInstanceCookieFilter@7645e64}, order = 10151], [GatewayFilterAdapter{delegate=org.springframework.cloud.gateway.filter.WebsocketRoutingFilter@11574592}, order = 2147483646], [GatewayFilterAdapter{delegate=org.springframework.cloud.gateway.filter.NettyRoutingFilter@7de6549d}, order = 2147483647], [GatewayFilterAdapter{delegate=org.springframework.cloud.gateway.filter.ForwardRoutingFilter@1fd37440}, order = 2147483647]]
2026-03-27T11:03:49.702+05:30 DEBUG 24304 --- [Api-Gateway] [ctor-http-nio-4] g.f.h.o.ObservedRequestHttpHeadersFilter : Will instrument the HTTP request headers [Host:"localhost:7505", Content-Length:"0", sec-ch-ua-platform:""Windows"", User-Agent:"Mozilla/5.0 (Windows NT 10.0; Win64; x64) AppleWebKit/537.36 (KHTML, like Gecko) Chrome/146.0.0.0 Safari/537.36 Edg/146.0.0.0", accept:"*/*", sec-ch-ua:""Chromium";v="146", "Not-A.Brand";v="24", "Microsoft Edge";v="146"", sec-ch-ua-mobile:"?0", Origin:"http://localhost:7505", Sec-Fetch-Site:"same-origin", Sec-Fetch-Mode:"cors", Sec-Fetch-Dest:"empty", Referer:"http://localhost:7505/webjars/swagger-ui/index.html?urls.primaryName=User%20Service", Accept-Encoding:"gzip, deflate, br, zstd", Accept-Language:"en-US,en;q=0.9", Cookie:"jenkins-timestamper-offset=-19800000; ajs_anonymous_id=bb3c0659-9741-4132-8e48-df1d063bdfc6; splunkweb_csrf_token_8000=4650811227071327921; m=; JSESSIONID=AEC81D640059673CB5727CD0D3E6E468", Forwarded:"proto=http;host="localhost:7505";for="[0:0:0:0:0:0:0:1]:52519"", X-Forwarded-For:"0:0:0:0:0:0:0:1", X-Forwarded-Proto:"http", X-Forwarded-Port:"7505", X-Forwarded-Host:"localhost:7505"]
2026-03-27T11:03:49.703+05:30 DEBUG 24304 --- [Api-Gateway] [ctor-http-nio-4] g.f.h.o.ObservedRequestHttpHeadersFilter : Client observation  {name=http.client.requests(null), error=null, context=name='http.client.requests', contextualName='null', error='null', lowCardinalityKeyValues=[http.method='POST', http.status_code='UNKNOWN', spring.cloud.gateway.route.id='AUTH-SERVICE', spring.cloud.gateway.route.uri='lb://USER-SERVICE'], highCardinalityKeyValues=[http.uri='http://localhost:7505/auth/request-otp?arg0=srivastavahasrh148%40gmail.com'], map=[class io.micrometer.core.instrument.LongTaskTimer$Sample='SampleImpl{duration(seconds)=4.386E-4, duration(nanos)=438600.0, startTimeNanos=91926689080600}', class io.micrometer.core.instrument.Timer$Sample='io.micrometer.core.instrument.Timer$Sample@38ec4189'], parentObservation={name=http.server.requests(null), error=null, context=name='http.server.requests', contextualName='null', error='null', lowCardinalityKeyValues=[exception='none', method='POST', outcome='SUCCESS', status='200', uri='UNKNOWN'], highCardinalityKeyValues=[http.url='/auth/request-otp'], map=[class io.micrometer.core.instrument.LongTaskTimer$Sample='SampleImpl{duration(seconds)=0.0104656, duration(nanos)=1.04656E7, startTimeNanos=91926679542400}', class io.micrometer.core.instrument.Timer$Sample='io.micrometer.core.instrument.Timer$Sample@3db0f2e7'], parentObservation=null}} created for the request. New headers are [Host:"localhost:7505", Content-Length:"0", sec-ch-ua-platform:""Windows"", User-Agent:"Mozilla/5.0 (Windows NT 10.0; Win64; x64) AppleWebKit/537.36 (KHTML, like Gecko) Chrome/146.0.0.0 Safari/537.36 Edg/146.0.0.0", accept:"*/*", sec-ch-ua:""Chromium";v="146", "Not-A.Brand";v="24", "Microsoft Edge";v="146"", sec-ch-ua-mobile:"?0", Origin:"http://localhost:7505", Sec-Fetch-Site:"same-origin", Sec-Fetch-Mode:"cors", Sec-Fetch-Dest:"empty", Referer:"http://localhost:7505/webjars/swagger-ui/index.html?urls.primaryName=User%20Service", Accept-Encoding:"gzip, deflate, br, zstd", Accept-Language:"en-US,en;q=0.9", Cookie:"jenkins-timestamper-offset=-19800000; ajs_anonymous_id=bb3c0659-9741-4132-8e48-df1d063bdfc6; splunkweb_csrf_token_8000=4650811227071327921; m=; JSESSIONID=AEC81D640059673CB5727CD0D3E6E468", Forwarded:"proto=http;host="localhost:7505";for="[0:0:0:0:0:0:0:1]:52519"", X-Forwarded-For:"0:0:0:0:0:0:0:1", X-Forwarded-Proto:"http", X-Forwarded-Port:"7505", X-Forwarded-Host:"localhost:7505"]
2026-03-27T11:03:49.751+05:30 DEBUG 24304 --- [Api-Gateway] [ctor-http-nio-4] .f.h.o.ObservedResponseHttpHeadersFilter : Will instrument the response
2026-03-27T11:03:49.753+05:30 DEBUG 24304 --- [Api-Gateway] [ctor-http-nio-4] .f.h.o.ObservedResponseHttpHeadersFilter : The response was handled for observation {name=http.client.requests(null), error=null, context=name='http.client.requests', contextualName='null', error='null', lowCardinalityKeyValues=[http.method='POST', http.status_code='UNKNOWN', spring.cloud.gateway.route.id='AUTH-SERVICE', spring.cloud.gateway.route.uri='lb://USER-SERVICE'], highCardinalityKeyValues=[http.uri='http://localhost:7505/auth/request-otp?arg0=srivastavahasrh148%40gmail.com'], map=[class io.micrometer.core.instrument.LongTaskTimer$Sample='SampleImpl{duration(seconds)=0.0501437, duration(nanos)=5.01437E7, startTimeNanos=91926689080600}', class io.micrometer.core.instrument.Timer$Sample='io.micrometer.core.instrument.Timer$Sample@38ec4189'], parentObservation={name=http.server.requests(null), error=null, context=name='http.server.requests', contextualName='null', error='null', lowCardinalityKeyValues=[exception='none', method='POST', outcome='SUCCESS', status='200', uri='UNKNOWN'], highCardinalityKeyValues=[http.url='/auth/request-otp'], map=[class io.micrometer.core.instrument.LongTaskTimer$Sample='SampleImpl{duration(seconds)=0.0599152, duration(nanos)=5.99152E7, startTimeNanos=91926679542400}', class io.micrometer.core.instrument.Timer$Sample='io.micrometer.core.instrument.Timer$Sample@3db0f2e7'], parentObservation=null}}
2026-03-27T11:03:50.737+05:30 DEBUG 24304 --- [Api-Gateway] [reshExecutor-%d] o.s.c.g.r.RouteDefinitionRouteLocator    : RouteDefinition ReactiveCompositeDiscoveryClient_CONFIG-SERVIER applying {pattern=/config-servier/**} to Path
2026-03-27T11:03:50.743+05:30 DEBUG 24304 --- [Api-Gateway] [reshExecutor-%d] o.s.c.g.r.RouteDefinitionRouteLocator    : RouteDefinition ReactiveCompositeDiscoveryClient_CONFIG-SERVIER applying filter {regexp=/config-servier/?(?<remaining>.*), replacement=/${remaining}} to RewritePath
2026-03-27T11:03:50.747+05:30 DEBUG 24304 --- [Api-Gateway] [reshExecutor-%d] o.s.c.g.r.RouteDefinitionRouteLocator    : RouteDefinition matched: ReactiveCompositeDiscoveryClient_CONFIG-SERVIER
2026-03-27T11:03:50.747+05:30 DEBUG 24304 --- [Api-Gateway] [reshExecutor-%d] o.s.c.g.r.RouteDefinitionRouteLocator    : RouteDefinition ReactiveCompositeDiscoveryClient_API-GATEWAY applying {pattern=/api-gateway/**} to Path
2026-03-27T11:03:50.751+05:30 DEBUG 24304 --- [Api-Gateway] [reshExecutor-%d] o.s.c.g.r.RouteDefinitionRouteLocator    : RouteDefinition ReactiveCompositeDiscoveryClient_API-GATEWAY applying filter {regexp=/api-gateway/?(?<remaining>.*), replacement=/${remaining}} to RewritePath
2026-03-27T11:03:50.753+05:30 DEBUG 24304 --- [Api-Gateway] [reshExecutor-%d] o.s.c.g.r.RouteDefinitionRouteLocator    : RouteDefinition matched: ReactiveCompositeDiscoveryClient_API-GATEWAY
2026-03-27T11:03:50.755+05:30 DEBUG 24304 --- [Api-Gateway] [reshExecutor-%d] o.s.c.g.r.RouteDefinitionRouteLocator    : RouteDefinition ReactiveCompositeDiscoveryClient_REWARDS-SERVICE applying {pattern=/rewards-service/**} to Path
2026-03-27T11:03:50.758+05:30 DEBUG 24304 --- [Api-Gateway] [reshExecutor-%d] o.s.c.g.r.RouteDefinitionRouteLocator    : RouteDefinition ReactiveCompositeDiscoveryClient_REWARDS-SERVICE applying filter {regexp=/rewards-service/?(?<remaining>.*), replacement=/${remaining}} to RewritePath
2026-03-27T11:03:50.760+05:30 DEBUG 24304 --- [Api-Gateway] [reshExecutor-%d] o.s.c.g.r.RouteDefinitionRouteLocator    : RouteDefinition matched: ReactiveCompositeDiscoveryClient_REWARDS-SERVICE
2026-03-27T11:03:50.761+05:30 DEBUG 24304 --- [Api-Gateway] [reshExecutor-%d] o.s.c.g.r.RouteDefinitionRouteLocator    : RouteDefinition ReactiveCompositeDiscoveryClient_TRANSACTION-SERVICE applying {pattern=/transaction-service/**} to Path
2026-03-27T11:03:50.763+05:30 DEBUG 24304 --- [Api-Gateway] [reshExecutor-%d] o.s.c.g.r.RouteDefinitionRouteLocator    : RouteDefinition ReactiveCompositeDiscoveryClient_TRANSACTION-SERVICE applying filter {regexp=/transaction-service/?(?<remaining>.*), replacement=/${remaining}} to RewritePath
2026-03-27T11:03:50.765+05:30 DEBUG 24304 --- [Api-Gateway] [reshExecutor-%d] o.s.c.g.r.RouteDefinitionRouteLocator    : RouteDefinition matched: ReactiveCompositeDiscoveryClient_TRANSACTION-SERVICE
2026-03-27T11:03:50.767+05:30 DEBUG 24304 --- [Api-Gateway] [reshExecutor-%d] o.s.c.g.r.RouteDefinitionRouteLocator    : RouteDefinition ReactiveCompositeDiscoveryClient_ADMIN-SERVICE applying {pattern=/admin-service/**} to Path
2026-03-27T11:03:50.769+05:30 DEBUG 24304 --- [Api-Gateway] [reshExecutor-%d] o.s.c.g.r.RouteDefinitionRouteLocator    : RouteDefinition ReactiveCompositeDiscoveryClient_ADMIN-SERVICE applying filter {regexp=/admin-service/?(?<remaining>.*), replacement=/${remaining}} to RewritePath
2026-03-27T11:03:50.771+05:30 DEBUG 24304 --- [Api-Gateway] [reshExecutor-%d] o.s.c.g.r.RouteDefinitionRouteLocator    : RouteDefinition matched: ReactiveCompositeDiscoveryClient_ADMIN-SERVICE
2026-03-27T11:03:50.774+05:30 DEBUG 24304 --- [Api-Gateway] [reshExecutor-%d] o.s.c.g.r.RouteDefinitionRouteLocator    : RouteDefinition ReactiveCompositeDiscoveryClient_WALLET-SERVICE applying {pattern=/wallet-service/**} to Path
2026-03-27T11:03:50.776+05:30 DEBUG 24304 --- [Api-Gateway] [reshExecutor-%d] o.s.c.g.r.RouteDefinitionRouteLocator    : RouteDefinition ReactiveCompositeDiscoveryClient_WALLET-SERVICE applying filter {regexp=/wallet-service/?(?<remaining>.*), replacement=/${remaining}} to RewritePath
2026-03-27T11:03:50.778+05:30 DEBUG 24304 --- [Api-Gateway] [reshExecutor-%d] o.s.c.g.r.RouteDefinitionRouteLocator    : RouteDefinition matched: ReactiveCompositeDiscoveryClient_WALLET-SERVICE
2026-03-27T11:03:50.779+05:30 DEBUG 24304 --- [Api-Gateway] [reshExecutor-%d] o.s.c.g.r.RouteDefinitionRouteLocator    : RouteDefinition ReactiveCompositeDiscoveryClient_NOTIFICATION-SERVICE applying {pattern=/notification-service/**} to Path
2026-03-27T11:03:50.780+05:30 DEBUG 24304 --- [Api-Gateway] [reshExecutor-%d] o.s.c.g.r.RouteDefinitionRouteLocator    : RouteDefinition ReactiveCompositeDiscoveryClient_NOTIFICATION-SERVICE applying filter {regexp=/notification-service/?(?<remaining>.*), replacement=/${remaining}} to RewritePath
2026-03-27T11:03:50.781+05:30 DEBUG 24304 --- [Api-Gateway] [reshExecutor-%d] o.s.c.g.r.RouteDefinitionRouteLocator    : RouteDefinition matched: ReactiveCompositeDiscoveryClient_NOTIFICATION-SERVICE
2026-03-27T11:03:50.782+05:30 DEBUG 24304 --- [Api-Gateway] [reshExecutor-%d] o.s.c.g.r.RouteDefinitionRouteLocator    : RouteDefinition ReactiveCompositeDiscoveryClient_PAYMENT-SERVICES applying {pattern=/payment-services/**} to Path
2026-03-27T11:03:50.783+05:30 DEBUG 24304 --- [Api-Gateway] [reshExecutor-%d] o.s.c.g.r.RouteDefinitionRouteLocator    : RouteDefinition ReactiveCompositeDiscoveryClient_PAYMENT-SERVICES applying filter {regexp=/payment-services/?(?<remaining>.*), replacement=/${remaining}} to RewritePath
2026-03-27T11:03:50.785+05:30 DEBUG 24304 --- [Api-Gateway] [reshExecutor-%d] o.s.c.g.r.RouteDefinitionRouteLocator    : RouteDefinition matched: ReactiveCompositeDiscoveryClient_PAYMENT-SERVICES
2026-03-27T11:03:50.785+05:30 DEBUG 24304 --- [Api-Gateway] [reshExecutor-%d] o.s.c.g.r.RouteDefinitionRouteLocator    : RouteDefinition ReactiveCompositeDiscoveryClient_USER-SERVICE applying {pattern=/user-service/**} to Path
2026-03-27T11:03:50.787+05:30 DEBUG 24304 --- [Api-Gateway] [reshExecutor-%d] o.s.c.g.r.RouteDefinitionRouteLocator    : RouteDefinition ReactiveCompositeDiscoveryClient_USER-SERVICE applying filter {regexp=/user-service/?(?<remaining>.*), replacement=/${remaining}} to RewritePath
2026-03-27T11:03:50.788+05:30 DEBUG 24304 --- [Api-Gateway] [reshExecutor-%d] o.s.c.g.r.RouteDefinitionRouteLocator    : RouteDefinition matched: ReactiveCompositeDiscoveryClient_USER-SERVICE
2026-03-27T11:03:50.790+05:30 DEBUG 24304 --- [Api-Gateway] [reshExecutor-%d] o.s.c.g.r.RouteDefinitionRouteLocator    : RouteDefinition AUTH-SERVICE applying {_genkey_0=/auth/**} to Path
2026-03-27T11:03:50.791+05:30 DEBUG 24304 --- [Api-Gateway] [reshExecutor-%d] o.s.c.g.r.RouteDefinitionRouteLocator    : RouteDefinition matched: AUTH-SERVICE
2026-03-27T11:03:50.791+05:30 DEBUG 24304 --- [Api-Gateway] [reshExecutor-%d] o.s.c.g.r.RouteDefinitionRouteLocator    : RouteDefinition ADMIN-SERVICE applying {_genkey_0=/admin/**} to Path
2026-03-27T11:03:50.793+05:30 DEBUG 24304 --- [Api-Gateway] [reshExecutor-%d] o.s.c.g.r.RouteDefinitionRouteLocator    : RouteDefinition matched: ADMIN-SERVICE
2026-03-27T11:03:50.794+05:30 DEBUG 24304 --- [Api-Gateway] [reshExecutor-%d] o.s.c.g.r.RouteDefinitionRouteLocator    : RouteDefinition KYC-SERVICE applying {_genkey_0=/kyc/**} to Path
2026-03-27T11:03:50.795+05:30 DEBUG 24304 --- [Api-Gateway] [reshExecutor-%d] o.s.c.g.r.RouteDefinitionRouteLocator    : RouteDefinition matched: KYC-SERVICE
2026-03-27T11:03:50.796+05:30 DEBUG 24304 --- [Api-Gateway] [reshExecutor-%d] o.s.c.g.r.RouteDefinitionRouteLocator    : RouteDefinition PAYMENT-SERVICES applying {_genkey_0=/api/payments/**} to Path
2026-03-27T11:03:50.796+05:30 DEBUG 24304 --- [Api-Gateway] [reshExecutor-%d] o.s.c.g.r.RouteDefinitionRouteLocator    : RouteDefinition PAYMENT-SERVICES applying filter {_genkey_0=name:paymentCircuitBreaker, _genkey_1=fallbackUri:forward:/fallback/payment} to CircuitBreaker
2026-03-27T11:03:50.797+05:30 DEBUG 24304 --- [Api-Gateway] [reshExecutor-%d] o.s.c.g.r.RouteDefinitionRouteLocator    : RouteDefinition matched: PAYMENT-SERVICES
2026-03-27T11:03:50.798+05:30 DEBUG 24304 --- [Api-Gateway] [reshExecutor-%d] o.s.c.g.r.RouteDefinitionRouteLocator    : RouteDefinition WALLET-SERVICE applying {_genkey_0=/api/wallets/**} to Path
2026-03-27T11:03:50.800+05:30 DEBUG 24304 --- [Api-Gateway] [reshExecutor-%d] o.s.c.g.r.RouteDefinitionRouteLocator    : RouteDefinition WALLET-SERVICE applying filter {_genkey_0=name:walletCircuitBreaker, _genkey_1=fallbackUri:forward:/fallback/general} to CircuitBreaker
2026-03-27T11:03:50.801+05:30 DEBUG 24304 --- [Api-Gateway] [reshExecutor-%d] o.s.c.g.r.RouteDefinitionRouteLocator    : RouteDefinition matched: WALLET-SERVICE
2026-03-27T11:03:50.801+05:30 DEBUG 24304 --- [Api-Gateway] [reshExecutor-%d] o.s.c.g.r.RouteDefinitionRouteLocator    : RouteDefinition TRANSACTION-SERVICE applying {_genkey_0=/api/transaction/**} to Path
2026-03-27T11:03:50.803+05:30 DEBUG 24304 --- [Api-Gateway] [reshExecutor-%d] o.s.c.g.r.RouteDefinitionRouteLocator    : RouteDefinition TRANSACTION-SERVICE applying filter {_genkey_0=name:transactionCircuitBreaker, _genkey_1=fallbackUri:forward:/fallback/general} to CircuitBreaker
2026-03-27T11:03:50.804+05:30 DEBUG 24304 --- [Api-Gateway] [reshExecutor-%d] o.s.c.g.r.RouteDefinitionRouteLocator    : RouteDefinition matched: TRANSACTION-SERVICE
2026-03-27T11:03:50.805+05:30 DEBUG 24304 --- [Api-Gateway] [reshExecutor-%d] o.s.c.g.r.RouteDefinitionRouteLocator    : RouteDefinition REWARDS-SERVICE applying {_genkey_0=/api/rewards/**} to Path
2026-03-27T11:03:50.807+05:30 DEBUG 24304 --- [Api-Gateway] [reshExecutor-%d] o.s.c.g.r.RouteDefinitionRouteLocator    : RouteDefinition REWARDS-SERVICE applying filter {_genkey_0=name:rewardCircuitBreaker, _genkey_1=fallbackUri:forward:/fallback/reward} to CircuitBreaker
2026-03-27T11:03:50.809+05:30 DEBUG 24304 --- [Api-Gateway] [reshExecutor-%d] o.s.c.g.r.RouteDefinitionRouteLocator    : RouteDefinition matched: REWARDS-SERVICE
2026-03-27T11:03:50.810+05:30 DEBUG 24304 --- [Api-Gateway] [reshExecutor-%d] o.s.c.g.r.RouteDefinitionRouteLocator    : RouteDefinition NOTIFICATION-SERVICE applying {_genkey_0=/api/notifications/**} to Path
2026-03-27T11:03:50.811+05:30 DEBUG 24304 --- [Api-Gateway] [reshExecutor-%d] o.s.c.g.r.RouteDefinitionRouteLocator    : RouteDefinition NOTIFICATION-SERVICE applying filter {_genkey_0=name:notificationCircuitBreaker, _genkey_1=fallbackUri:forward:/fallback/general} to CircuitBreaker
2026-03-27T11:03:50.817+05:30 DEBUG 24304 --- [Api-Gateway] [reshExecutor-%d] o.s.c.g.r.RouteDefinitionRouteLocator    : RouteDefinition matched: NOTIFICATION-SERVICE
2026-03-27T11:03:50.817+05:30 DEBUG 24304 --- [Api-Gateway] [reshExecutor-%d] o.s.c.g.r.RouteDefinitionRouteLocator    : RouteDefinition USER-SERVICE applying {_genkey_0=/users/**} to Path
2026-03-27T11:03:50.818+05:30 DEBUG 24304 --- [Api-Gateway] [reshExecutor-%d] o.s.c.g.r.RouteDefinitionRouteLocator    : RouteDefinition matched: USER-SERVICE
2026-03-27T11:03:50.821+05:30 DEBUG 24304 --- [Api-Gateway] [reshExecutor-%d] o.s.c.g.filter.GatewayMetricsFilter      : New routes count: 18
2026-03-27T11:03:57.865+05:30 DEBUG 24304 --- [Api-Gateway] [ctor-http-nio-4] o.s.c.g.h.RoutePredicateHandlerMapping   : Route matched: AUTH-SERVICE
2026-03-27T11:03:57.867+05:30 DEBUG 24304 --- [Api-Gateway] [ctor-http-nio-4] o.s.c.g.h.RoutePredicateHandlerMapping   : Mapping [Exchange: POST http://localhost:7505/auth/request-otp?arg0=srivastavaharsh148%40gmail.com] to Route{id='AUTH-SERVICE', uri=lb://USER-SERVICE, order=0, predicate=Paths: [/auth/**], match trailing slash: true, gatewayFilters=[], metadata={}}
2026-03-27T11:03:57.868+05:30 DEBUG 24304 --- [Api-Gateway] [ctor-http-nio-4] o.s.c.g.h.RoutePredicateHandlerMapping   : [d4459dfe-12] Mapped to org.springframework.cloud.gateway.handler.FilteringWebHandler@1cb592da
2026-03-27T11:03:57.870+05:30 DEBUG 24304 --- [Api-Gateway] [ctor-http-nio-4] o.s.c.g.handler.FilteringWebHandler      : Sorted gatewayFilterFactories: [[GatewayFilterAdapter{delegate=org.springframework.cloud.gateway.filter.RemoveCachedBodyFilter@756c67cd}, order = -2147483648], [GatewayFilterAdapter{delegate=org.springframework.cloud.gateway.filter.AdaptCachedBodyGlobalFilter@1cc708a7}, order = -2147482648], [GatewayFilterAdapter{delegate=org.springframework.cloud.gateway.filter.NettyWriteResponseFilter@12214f2f}, order = -1], [GatewayFilterAdapter{delegate=org.springframework.cloud.gateway.filter.ForwardPathFilter@79308a2}, order = 0], [GatewayFilterAdapter{delegate=org.springframework.cloud.gateway.filter.GatewayMetricsFilter@352e5a82}, order = 0], [GatewayFilterAdapter{delegate=org.springframework.cloud.gateway.filter.RouteToRequestUrlFilter@50de907a}, order = 10000], [GatewayFilterAdapter{delegate=org.springframework.cloud.gateway.filter.ReactiveLoadBalancerClientFilter@3a2bb026}, order = 10150], [GatewayFilterAdapter{delegate=org.springframework.cloud.gateway.filter.LoadBalancerServiceInstanceCookieFilter@7645e64}, order = 10151], [GatewayFilterAdapter{delegate=org.springframework.cloud.gateway.filter.WebsocketRoutingFilter@11574592}, order = 2147483646], [GatewayFilterAdapter{delegate=org.springframework.cloud.gateway.filter.NettyRoutingFilter@7de6549d}, order = 2147483647], [GatewayFilterAdapter{delegate=org.springframework.cloud.gateway.filter.ForwardRoutingFilter@1fd37440}, order = 2147483647]]
2026-03-27T11:03:57.876+05:30 DEBUG 24304 --- [Api-Gateway] [ctor-http-nio-4] g.f.h.o.ObservedRequestHttpHeadersFilter : Will instrument the HTTP request headers [Host:"localhost:7505", Content-Length:"0", sec-ch-ua-platform:""Windows"", User-Agent:"Mozilla/5.0 (Windows NT 10.0; Win64; x64) AppleWebKit/537.36 (KHTML, like Gecko) Chrome/146.0.0.0 Safari/537.36 Edg/146.0.0.0", accept:"*/*", sec-ch-ua:""Chromium";v="146", "Not-A.Brand";v="24", "Microsoft Edge";v="146"", sec-ch-ua-mobile:"?0", Origin:"http://localhost:7505", Sec-Fetch-Site:"same-origin", Sec-Fetch-Mode:"cors", Sec-Fetch-Dest:"empty", Referer:"http://localhost:7505/webjars/swagger-ui/index.html?urls.primaryName=User%20Service", Accept-Encoding:"gzip, deflate, br, zstd", Accept-Language:"en-US,en;q=0.9", Cookie:"jenkins-timestamper-offset=-19800000; ajs_anonymous_id=bb3c0659-9741-4132-8e48-df1d063bdfc6; splunkweb_csrf_token_8000=4650811227071327921; m=; JSESSIONID=AEC81D640059673CB5727CD0D3E6E468", Forwarded:"proto=http;host="localhost:7505";for="[0:0:0:0:0:0:0:1]:52519"", X-Forwarded-For:"0:0:0:0:0:0:0:1", X-Forwarded-Proto:"http", X-Forwarded-Port:"7505", X-Forwarded-Host:"localhost:7505"]
2026-03-27T11:03:57.878+05:30 DEBUG 24304 --- [Api-Gateway] [ctor-http-nio-4] g.f.h.o.ObservedRequestHttpHeadersFilter : Client observation  {name=http.client.requests(null), error=null, context=name='http.client.requests', contextualName='null', error='null', lowCardinalityKeyValues=[http.method='POST', http.status_code='UNKNOWN', spring.cloud.gateway.route.id='AUTH-SERVICE', spring.cloud.gateway.route.uri='lb://USER-SERVICE'], highCardinalityKeyValues=[http.uri='http://localhost:7505/auth/request-otp?arg0=srivastavaharsh148%40gmail.com'], map=[class io.micrometer.core.instrument.LongTaskTimer$Sample='SampleImpl{duration(seconds)=1.492E-4, duration(nanos)=149200.0, startTimeNanos=91934863572800}', class io.micrometer.core.instrument.Timer$Sample='io.micrometer.core.instrument.Timer$Sample@74064ad9'], parentObservation={name=http.server.requests(null), error=null, context=name='http.server.requests', contextualName='null', error='null', lowCardinalityKeyValues=[exception='none', method='POST', outcome='SUCCESS', status='200', uri='UNKNOWN'], highCardinalityKeyValues=[http.url='/auth/request-otp'], map=[class io.micrometer.core.instrument.LongTaskTimer$Sample='SampleImpl{duration(seconds)=0.0144482, duration(nanos)=1.44482E7, startTimeNanos=91934849662400}', class io.micrometer.core.instrument.Timer$Sample='io.micrometer.core.instrument.Timer$Sample@2ebcadd9'], parentObservation=null}} created for the request. New headers are [Host:"localhost:7505", Content-Length:"0", sec-ch-ua-platform:""Windows"", User-Agent:"Mozilla/5.0 (Windows NT 10.0; Win64; x64) AppleWebKit/537.36 (KHTML, like Gecko) Chrome/146.0.0.0 Safari/537.36 Edg/146.0.0.0", accept:"*/*", sec-ch-ua:""Chromium";v="146", "Not-A.Brand";v="24", "Microsoft Edge";v="146"", sec-ch-ua-mobile:"?0", Origin:"http://localhost:7505", Sec-Fetch-Site:"same-origin", Sec-Fetch-Mode:"cors", Sec-Fetch-Dest:"empty", Referer:"http://localhost:7505/webjars/swagger-ui/index.html?urls.primaryName=User%20Service", Accept-Encoding:"gzip, deflate, br, zstd", Accept-Language:"en-US,en;q=0.9", Cookie:"jenkins-timestamper-offset=-19800000; ajs_anonymous_id=bb3c0659-9741-4132-8e48-df1d063bdfc6; splunkweb_csrf_token_8000=4650811227071327921; m=; JSESSIONID=AEC81D640059673CB5727CD0D3E6E468", Forwarded:"proto=http;host="localhost:7505";for="[0:0:0:0:0:0:0:1]:52519"", X-Forwarded-For:"0:0:0:0:0:0:0:1", X-Forwarded-Proto:"http", X-Forwarded-Port:"7505", X-Forwarded-Host:"localhost:7505"]
2026-03-27T11:03:57.898+05:30 DEBUG 24304 --- [Api-Gateway] [ctor-http-nio-4] .f.h.o.ObservedResponseHttpHeadersFilter : Will instrument the response
2026-03-27T11:03:57.899+05:30 DEBUG 24304 --- [Api-Gateway] [ctor-http-nio-4] .f.h.o.ObservedResponseHttpHeadersFilter : The response was handled for observation {name=http.client.requests(null), error=null, context=name='http.client.requests', contextualName='null', error='null', lowCardinalityKeyValues=[http.method='POST', http.status_code='UNKNOWN', spring.cloud.gateway.route.id='AUTH-SERVICE', spring.cloud.gateway.route.uri='lb://USER-SERVICE'], highCardinalityKeyValues=[http.uri='http://localhost:7505/auth/request-otp?arg0=srivastavaharsh148%40gmail.com'], map=[class io.micrometer.core.instrument.LongTaskTimer$Sample='SampleImpl{duration(seconds)=0.0219901, duration(nanos)=2.19901E7, startTimeNanos=91934863572800}', class io.micrometer.core.instrument.Timer$Sample='io.micrometer.core.instrument.Timer$Sample@74064ad9'], parentObservation={name=http.server.requests(null), error=null, context=name='http.server.requests', contextualName='null', error='null', lowCardinalityKeyValues=[exception='none', method='POST', outcome='SUCCESS', status='200', uri='UNKNOWN'], highCardinalityKeyValues=[http.url='/auth/request-otp'], map=[class io.micrometer.core.instrument.LongTaskTimer$Sample='SampleImpl{duration(seconds)=0.0360124, duration(nanos)=3.60124E7, startTimeNanos=91934849662400}', class io.micrometer.core.instrument.Timer$Sample='io.micrometer.core.instrument.Timer$Sample@2ebcadd9'], parentObservation=null}}
2026-03-27T11:04:20.859+05:30 DEBUG 24304 --- [Api-Gateway] [reshExecutor-%d] o.s.c.g.r.RouteDefinitionRouteLocator    : RouteDefinition ReactiveCompositeDiscoveryClient_CONFIG-SERVIER applying {pattern=/config-servier/**} to Path
2026-03-27T11:04:20.861+05:30 DEBUG 24304 --- [Api-Gateway] [reshExecutor-%d] o.s.c.g.r.RouteDefinitionRouteLocator    : RouteDefinition ReactiveCompositeDiscoveryClient_CONFIG-SERVIER applying filter {regexp=/config-servier/?(?<remaining>.*), replacement=/${remaining}} to RewritePath
2026-03-27T11:04:20.863+05:30 DEBUG 24304 --- [Api-Gateway] [reshExecutor-%d] o.s.c.g.r.RouteDefinitionRouteLocator    : RouteDefinition matched: ReactiveCompositeDiscoveryClient_CONFIG-SERVIER
2026-03-27T11:04:20.864+05:30 DEBUG 24304 --- [Api-Gateway] [reshExecutor-%d] o.s.c.g.r.RouteDefinitionRouteLocator    : RouteDefinition ReactiveCompositeDiscoveryClient_API-GATEWAY applying {pattern=/api-gateway/**} to Path
2026-03-27T11:04:20.865+05:30 DEBUG 24304 --- [Api-Gateway] [reshExecutor-%d] o.s.c.g.r.RouteDefinitionRouteLocator    : RouteDefinition ReactiveCompositeDiscoveryClient_API-GATEWAY applying filter {regexp=/api-gateway/?(?<remaining>.*), replacement=/${remaining}} to RewritePath
2026-03-27T11:04:20.867+05:30 DEBUG 24304 --- [Api-Gateway] [reshExecutor-%d] o.s.c.g.r.RouteDefinitionRouteLocator    : RouteDefinition matched: ReactiveCompositeDiscoveryClient_API-GATEWAY
2026-03-27T11:04:20.868+05:30 DEBUG 24304 --- [Api-Gateway] [reshExecutor-%d] o.s.c.g.r.RouteDefinitionRouteLocator    : RouteDefinition ReactiveCompositeDiscoveryClient_REWARDS-SERVICE applying {pattern=/rewards-service/**} to Path
2026-03-27T11:04:20.870+05:30 DEBUG 24304 --- [Api-Gateway] [reshExecutor-%d] o.s.c.g.r.RouteDefinitionRouteLocator    : RouteDefinition ReactiveCompositeDiscoveryClient_REWARDS-SERVICE applying filter {regexp=/rewards-service/?(?<remaining>.*), replacement=/${remaining}} to RewritePath
2026-03-27T11:04:20.871+05:30 DEBUG 24304 --- [Api-Gateway] [reshExecutor-%d] o.s.c.g.r.RouteDefinitionRouteLocator    : RouteDefinition matched: ReactiveCompositeDiscoveryClient_REWARDS-SERVICE
2026-03-27T11:04:20.873+05:30 DEBUG 24304 --- [Api-Gateway] [reshExecutor-%d] o.s.c.g.r.RouteDefinitionRouteLocator    : RouteDefinition ReactiveCompositeDiscoveryClient_KYC-SERVICE applying {pattern=/kyc-service/**} to Path
2026-03-27T11:04:20.874+05:30 DEBUG 24304 --- [Api-Gateway] [reshExecutor-%d] o.s.c.g.r.RouteDefinitionRouteLocator    : RouteDefinition ReactiveCompositeDiscoveryClient_KYC-SERVICE applying filter {regexp=/kyc-service/?(?<remaining>.*), replacement=/${remaining}} to RewritePath
2026-03-27T11:04:20.875+05:30 DEBUG 24304 --- [Api-Gateway] [reshExecutor-%d] o.s.c.g.r.RouteDefinitionRouteLocator    : RouteDefinition matched: ReactiveCompositeDiscoveryClient_KYC-SERVICE
2026-03-27T11:04:20.876+05:30 DEBUG 24304 --- [Api-Gateway] [reshExecutor-%d] o.s.c.g.r.RouteDefinitionRouteLocator    : RouteDefinition ReactiveCompositeDiscoveryClient_TRANSACTION-SERVICE applying {pattern=/transaction-service/**} to Path
2026-03-27T11:04:20.878+05:30 DEBUG 24304 --- [Api-Gateway] [reshExecutor-%d] o.s.c.g.r.RouteDefinitionRouteLocator    : RouteDefinition ReactiveCompositeDiscoveryClient_TRANSACTION-SERVICE applying filter {regexp=/transaction-service/?(?<remaining>.*), replacement=/${remaining}} to RewritePath
2026-03-27T11:04:20.878+05:30 DEBUG 24304 --- [Api-Gateway] [reshExecutor-%d] o.s.c.g.r.RouteDefinitionRouteLocator    : RouteDefinition matched: ReactiveCompositeDiscoveryClient_TRANSACTION-SERVICE
2026-03-27T11:04:20.881+05:30 DEBUG 24304 --- [Api-Gateway] [reshExecutor-%d] o.s.c.g.r.RouteDefinitionRouteLocator    : RouteDefinition ReactiveCompositeDiscoveryClient_ADMIN-SERVICE applying {pattern=/admin-service/**} to Path
2026-03-27T11:04:20.882+05:30 DEBUG 24304 --- [Api-Gateway] [reshExecutor-%d] o.s.c.g.r.RouteDefinitionRouteLocator    : RouteDefinition ReactiveCompositeDiscoveryClient_ADMIN-SERVICE applying filter {regexp=/admin-service/?(?<remaining>.*), replacement=/${remaining}} to RewritePath
2026-03-27T11:04:20.883+05:30 DEBUG 24304 --- [Api-Gateway] [reshExecutor-%d] o.s.c.g.r.RouteDefinitionRouteLocator    : RouteDefinition matched: ReactiveCompositeDiscoveryClient_ADMIN-SERVICE
2026-03-27T11:04:20.885+05:30 DEBUG 24304 --- [Api-Gateway] [reshExecutor-%d] o.s.c.g.r.RouteDefinitionRouteLocator    : RouteDefinition ReactiveCompositeDiscoveryClient_WALLET-SERVICE applying {pattern=/wallet-service/**} to Path
2026-03-27T11:04:20.886+05:30 DEBUG 24304 --- [Api-Gateway] [reshExecutor-%d] o.s.c.g.r.RouteDefinitionRouteLocator    : RouteDefinition ReactiveCompositeDiscoveryClient_WALLET-SERVICE applying filter {regexp=/wallet-service/?(?<remaining>.*), replacement=/${remaining}} to RewritePath
2026-03-27T11:04:20.888+05:30 DEBUG 24304 --- [Api-Gateway] [reshExecutor-%d] o.s.c.g.r.RouteDefinitionRouteLocator    : RouteDefinition matched: ReactiveCompositeDiscoveryClient_WALLET-SERVICE
2026-03-27T11:04:20.889+05:30 DEBUG 24304 --- [Api-Gateway] [reshExecutor-%d] o.s.c.g.r.RouteDefinitionRouteLocator    : RouteDefinition ReactiveCompositeDiscoveryClient_NOTIFICATION-SERVICE applying {pattern=/notification-service/**} to Path
2026-03-27T11:04:20.891+05:30 DEBUG 24304 --- [Api-Gateway] [reshExecutor-%d] o.s.c.g.r.RouteDefinitionRouteLocator    : RouteDefinition ReactiveCompositeDiscoveryClient_NOTIFICATION-SERVICE applying filter {regexp=/notification-service/?(?<remaining>.*), replacement=/${remaining}} to RewritePath
2026-03-27T11:04:20.892+05:30 DEBUG 24304 --- [Api-Gateway] [reshExecutor-%d] o.s.c.g.r.RouteDefinitionRouteLocator    : RouteDefinition matched: ReactiveCompositeDiscoveryClient_NOTIFICATION-SERVICE
2026-03-27T11:04:20.894+05:30 DEBUG 24304 --- [Api-Gateway] [reshExecutor-%d] o.s.c.g.r.RouteDefinitionRouteLocator    : RouteDefinition ReactiveCompositeDiscoveryClient_PAYMENT-SERVICES applying {pattern=/payment-services/**} to Path
2026-03-27T11:04:20.895+05:30 DEBUG 24304 --- [Api-Gateway] [reshExecutor-%d] o.s.c.g.r.RouteDefinitionRouteLocator    : RouteDefinition ReactiveCompositeDiscoveryClient_PAYMENT-SERVICES applying filter {regexp=/payment-services/?(?<remaining>.*), replacement=/${remaining}} to RewritePath
2026-03-27T11:04:20.897+05:30 DEBUG 24304 --- [Api-Gateway] [reshExecutor-%d] o.s.c.g.r.RouteDefinitionRouteLocator    : RouteDefinition matched: ReactiveCompositeDiscoveryClient_PAYMENT-SERVICES
2026-03-27T11:04:20.897+05:30 DEBUG 24304 --- [Api-Gateway] [reshExecutor-%d] o.s.c.g.r.RouteDefinitionRouteLocator    : RouteDefinition ReactiveCompositeDiscoveryClient_USER-SERVICE applying {pattern=/user-service/**} to Path
2026-03-27T11:04:20.899+05:30 DEBUG 24304 --- [Api-Gateway] [reshExecutor-%d] o.s.c.g.r.RouteDefinitionRouteLocator    : RouteDefinition ReactiveCompositeDiscoveryClient_USER-SERVICE applying filter {regexp=/user-service/?(?<remaining>.*), replacement=/${remaining}} to RewritePath
2026-03-27T11:04:20.899+05:30 DEBUG 24304 --- [Api-Gateway] [reshExecutor-%d] o.s.c.g.r.RouteDefinitionRouteLocator    : RouteDefinition matched: ReactiveCompositeDiscoveryClient_USER-SERVICE
2026-03-27T11:04:20.900+05:30 DEBUG 24304 --- [Api-Gateway] [reshExecutor-%d] o.s.c.g.r.RouteDefinitionRouteLocator    : RouteDefinition AUTH-SERVICE applying {_genkey_0=/auth/**} to Path
2026-03-27T11:04:20.901+05:30 DEBUG 24304 --- [Api-Gateway] [reshExecutor-%d] o.s.c.g.r.RouteDefinitionRouteLocator    : RouteDefinition matched: AUTH-SERVICE
2026-03-27T11:04:20.903+05:30 DEBUG 24304 --- [Api-Gateway] [reshExecutor-%d] o.s.c.g.r.RouteDefinitionRouteLocator    : RouteDefinition ADMIN-SERVICE applying {_genkey_0=/admin/**} to Path
2026-03-27T11:04:20.904+05:30 DEBUG 24304 --- [Api-Gateway] [reshExecutor-%d] o.s.c.g.r.RouteDefinitionRouteLocator    : RouteDefinition matched: ADMIN-SERVICE
2026-03-27T11:04:20.904+05:30 DEBUG 24304 --- [Api-Gateway] [reshExecutor-%d] o.s.c.g.r.RouteDefinitionRouteLocator    : RouteDefinition KYC-SERVICE applying {_genkey_0=/kyc/**} to Path
2026-03-27T11:04:20.905+05:30 DEBUG 24304 --- [Api-Gateway] [reshExecutor-%d] o.s.c.g.r.RouteDefinitionRouteLocator    : RouteDefinition matched: KYC-SERVICE
2026-03-27T11:04:20.906+05:30 DEBUG 24304 --- [Api-Gateway] [reshExecutor-%d] o.s.c.g.r.RouteDefinitionRouteLocator    : RouteDefinition PAYMENT-SERVICES applying {_genkey_0=/api/payments/**} to Path
2026-03-27T11:04:20.906+05:30 DEBUG 24304 --- [Api-Gateway] [reshExecutor-%d] o.s.c.g.r.RouteDefinitionRouteLocator    : RouteDefinition PAYMENT-SERVICES applying filter {_genkey_0=name:paymentCircuitBreaker, _genkey_1=fallbackUri:forward:/fallback/payment} to CircuitBreaker
2026-03-27T11:04:20.907+05:30 DEBUG 24304 --- [Api-Gateway] [reshExecutor-%d] o.s.c.g.r.RouteDefinitionRouteLocator    : RouteDefinition matched: PAYMENT-SERVICES
2026-03-27T11:04:20.908+05:30 DEBUG 24304 --- [Api-Gateway] [reshExecutor-%d] o.s.c.g.r.RouteDefinitionRouteLocator    : RouteDefinition WALLET-SERVICE applying {_genkey_0=/api/wallets/**} to Path
2026-03-27T11:04:20.908+05:30 DEBUG 24304 --- [Api-Gateway] [reshExecutor-%d] o.s.c.g.r.RouteDefinitionRouteLocator    : RouteDefinition WALLET-SERVICE applying filter {_genkey_0=name:walletCircuitBreaker, _genkey_1=fallbackUri:forward:/fallback/general} to CircuitBreaker
2026-03-27T11:04:20.910+05:30 DEBUG 24304 --- [Api-Gateway] [reshExecutor-%d] o.s.c.g.r.RouteDefinitionRouteLocator    : RouteDefinition matched: WALLET-SERVICE
2026-03-27T11:04:20.910+05:30 DEBUG 24304 --- [Api-Gateway] [reshExecutor-%d] o.s.c.g.r.RouteDefinitionRouteLocator    : RouteDefinition TRANSACTION-SERVICE applying {_genkey_0=/api/transaction/**} to Path
2026-03-27T11:04:20.912+05:30 DEBUG 24304 --- [Api-Gateway] [reshExecutor-%d] o.s.c.g.r.RouteDefinitionRouteLocator    : RouteDefinition TRANSACTION-SERVICE applying filter {_genkey_0=name:transactionCircuitBreaker, _genkey_1=fallbackUri:forward:/fallback/general} to CircuitBreaker
2026-03-27T11:04:20.914+05:30 DEBUG 24304 --- [Api-Gateway] [reshExecutor-%d] o.s.c.g.r.RouteDefinitionRouteLocator    : RouteDefinition matched: TRANSACTION-SERVICE
2026-03-27T11:04:20.915+05:30 DEBUG 24304 --- [Api-Gateway] [reshExecutor-%d] o.s.c.g.r.RouteDefinitionRouteLocator    : RouteDefinition REWARDS-SERVICE applying {_genkey_0=/api/rewards/**} to Path
2026-03-27T11:04:20.919+05:30 DEBUG 24304 --- [Api-Gateway] [reshExecutor-%d] o.s.c.g.r.RouteDefinitionRouteLocator    : RouteDefinition REWARDS-SERVICE applying filter {_genkey_0=name:rewardCircuitBreaker, _genkey_1=fallbackUri:forward:/fallback/reward} to CircuitBreaker
2026-03-27T11:04:20.922+05:30 DEBUG 24304 --- [Api-Gateway] [reshExecutor-%d] o.s.c.g.r.RouteDefinitionRouteLocator    : RouteDefinition matched: REWARDS-SERVICE
2026-03-27T11:04:20.922+05:30 DEBUG 24304 --- [Api-Gateway] [reshExecutor-%d] o.s.c.g.r.RouteDefinitionRouteLocator    : RouteDefinition NOTIFICATION-SERVICE applying {_genkey_0=/api/notifications/**} to Path
2026-03-27T11:04:20.923+05:30 DEBUG 24304 --- [Api-Gateway] [reshExecutor-%d] o.s.c.g.r.RouteDefinitionRouteLocator    : RouteDefinition NOTIFICATION-SERVICE applying filter {_genkey_0=name:notificationCircuitBreaker, _genkey_1=fallbackUri:forward:/fallback/general} to CircuitBreaker
2026-03-27T11:04:20.926+05:30 DEBUG 24304 --- [Api-Gateway] [reshExecutor-%d] o.s.c.g.r.RouteDefinitionRouteLocator    : RouteDefinition matched: NOTIFICATION-SERVICE
2026-03-27T11:04:20.926+05:30 DEBUG 24304 --- [Api-Gateway] [reshExecutor-%d] o.s.c.g.r.RouteDefinitionRouteLocator    : RouteDefinition USER-SERVICE applying {_genkey_0=/users/**} to Path
2026-03-27T11:04:20.928+05:30 DEBUG 24304 --- [Api-Gateway] [reshExecutor-%d] o.s.c.g.r.RouteDefinitionRouteLocator    : RouteDefinition matched: USER-SERVICE
2026-03-27T11:04:20.930+05:30 DEBUG 24304 --- [Api-Gateway] [reshExecutor-%d] o.s.c.g.filter.GatewayMetricsFilter      : New routes count: 19
2026-03-27T11:04:30.452+05:30 DEBUG 24304 --- [Api-Gateway] [ctor-http-nio-4] o.s.c.g.h.RoutePredicateHandlerMapping   : Route matched: ADMIN-SERVICE
2026-03-27T11:04:30.454+05:30 DEBUG 24304 --- [Api-Gateway] [ctor-http-nio-4] o.s.c.g.h.RoutePredicateHandlerMapping   : Mapping [Exchange: GET http://localhost:7505/admin/v3/api-docs] to Route{id='ADMIN-SERVICE', uri=lb://ADMIN-SERVICE, order=0, predicate=Paths: [/admin/**], match trailing slash: true, gatewayFilters=[], metadata={}}
2026-03-27T11:04:30.455+05:30 DEBUG 24304 --- [Api-Gateway] [ctor-http-nio-4] o.s.c.g.h.RoutePredicateHandlerMapping   : [d4459dfe-13] Mapped to org.springframework.cloud.gateway.handler.FilteringWebHandler@1cb592da
2026-03-27T11:04:30.456+05:30 DEBUG 24304 --- [Api-Gateway] [ctor-http-nio-4] o.s.c.g.handler.FilteringWebHandler      : Sorted gatewayFilterFactories: [[GatewayFilterAdapter{delegate=org.springframework.cloud.gateway.filter.RemoveCachedBodyFilter@756c67cd}, order = -2147483648], [GatewayFilterAdapter{delegate=org.springframework.cloud.gateway.filter.AdaptCachedBodyGlobalFilter@1cc708a7}, order = -2147482648], [GatewayFilterAdapter{delegate=org.springframework.cloud.gateway.filter.NettyWriteResponseFilter@12214f2f}, order = -1], [GatewayFilterAdapter{delegate=org.springframework.cloud.gateway.filter.ForwardPathFilter@79308a2}, order = 0], [GatewayFilterAdapter{delegate=org.springframework.cloud.gateway.filter.GatewayMetricsFilter@352e5a82}, order = 0], [GatewayFilterAdapter{delegate=org.springframework.cloud.gateway.filter.RouteToRequestUrlFilter@50de907a}, order = 10000], [GatewayFilterAdapter{delegate=org.springframework.cloud.gateway.filter.ReactiveLoadBalancerClientFilter@3a2bb026}, order = 10150], [GatewayFilterAdapter{delegate=org.springframework.cloud.gateway.filter.LoadBalancerServiceInstanceCookieFilter@7645e64}, order = 10151], [GatewayFilterAdapter{delegate=org.springframework.cloud.gateway.filter.WebsocketRoutingFilter@11574592}, order = 2147483646], [GatewayFilterAdapter{delegate=org.springframework.cloud.gateway.filter.NettyRoutingFilter@7de6549d}, order = 2147483647], [GatewayFilterAdapter{delegate=org.springframework.cloud.gateway.filter.ForwardRoutingFilter@1fd37440}, order = 2147483647]]
2026-03-27T11:04:30.462+05:30 DEBUG 24304 --- [Api-Gateway] [ctor-http-nio-4] g.f.h.o.ObservedRequestHttpHeadersFilter : Will instrument the HTTP request headers [Host:"localhost:7505", sec-ch-ua-platform:""Windows"", User-Agent:"Mozilla/5.0 (Windows NT 10.0; Win64; x64) AppleWebKit/537.36 (KHTML, like Gecko) Chrome/146.0.0.0 Safari/537.36 Edg/146.0.0.0", Accept:"application/json,*/*", sec-ch-ua:""Chromium";v="146", "Not-A.Brand";v="24", "Microsoft Edge";v="146"", sec-ch-ua-mobile:"?0", Sec-Fetch-Site:"same-origin", Sec-Fetch-Mode:"cors", Sec-Fetch-Dest:"empty", Referer:"http://localhost:7505/webjars/swagger-ui/index.html?urls.primaryName=Admin%20Service", Accept-Encoding:"gzip, deflate, br, zstd", Accept-Language:"en-US,en;q=0.9", Cookie:"jenkins-timestamper-offset=-19800000; ajs_anonymous_id=bb3c0659-9741-4132-8e48-df1d063bdfc6; splunkweb_csrf_token_8000=4650811227071327921; m=; JSESSIONID=AEC81D640059673CB5727CD0D3E6E468", Forwarded:"proto=http;host="localhost:7505";for="[0:0:0:0:0:0:0:1]:52519"", X-Forwarded-For:"0:0:0:0:0:0:0:1", X-Forwarded-Proto:"http", X-Forwarded-Port:"7505", X-Forwarded-Host:"localhost:7505"]
2026-03-27T11:04:30.463+05:30 DEBUG 24304 --- [Api-Gateway] [ctor-http-nio-4] g.f.h.o.ObservedRequestHttpHeadersFilter : Client observation  {name=http.client.requests(null), error=null, context=name='http.client.requests', contextualName='null', error='null', lowCardinalityKeyValues=[http.method='GET', http.status_code='UNKNOWN', spring.cloud.gateway.route.id='ADMIN-SERVICE', spring.cloud.gateway.route.uri='lb://ADMIN-SERVICE'], highCardinalityKeyValues=[http.uri='http://localhost:7505/admin/v3/api-docs'], map=[class io.micrometer.core.instrument.LongTaskTimer$Sample='SampleImpl{duration(seconds)=1.576E-4, duration(nanos)=157600.0, startTimeNanos=91967449696800}', class io.micrometer.core.instrument.Timer$Sample='io.micrometer.core.instrument.Timer$Sample@5bec2f75'], parentObservation={name=http.server.requests(null), error=null, context=name='http.server.requests', contextualName='null', error='null', lowCardinalityKeyValues=[exception='none', method='GET', outcome='SUCCESS', status='200', uri='UNKNOWN'], highCardinalityKeyValues=[http.url='/admin/v3/api-docs'], map=[class io.micrometer.core.instrument.LongTaskTimer$Sample='SampleImpl{duration(seconds)=0.0124308, duration(nanos)=1.24308E7, startTimeNanos=91967437617600}', class io.micrometer.core.instrument.Timer$Sample='io.micrometer.core.instrument.Timer$Sample@1dfae653'], parentObservation=null}} created for the request. New headers are [Host:"localhost:7505", sec-ch-ua-platform:""Windows"", User-Agent:"Mozilla/5.0 (Windows NT 10.0; Win64; x64) AppleWebKit/537.36 (KHTML, like Gecko) Chrome/146.0.0.0 Safari/537.36 Edg/146.0.0.0", Accept:"application/json,*/*", sec-ch-ua:""Chromium";v="146", "Not-A.Brand";v="24", "Microsoft Edge";v="146"", sec-ch-ua-mobile:"?0", Sec-Fetch-Site:"same-origin", Sec-Fetch-Mode:"cors", Sec-Fetch-Dest:"empty", Referer:"http://localhost:7505/webjars/swagger-ui/index.html?urls.primaryName=Admin%20Service", Accept-Encoding:"gzip, deflate, br, zstd", Accept-Language:"en-US,en;q=0.9", Cookie:"jenkins-timestamper-offset=-19800000; ajs_anonymous_id=bb3c0659-9741-4132-8e48-df1d063bdfc6; splunkweb_csrf_token_8000=4650811227071327921; m=; JSESSIONID=AEC81D640059673CB5727CD0D3E6E468", Forwarded:"proto=http;host="localhost:7505";for="[0:0:0:0:0:0:0:1]:52519"", X-Forwarded-For:"0:0:0:0:0:0:0:1", X-Forwarded-Proto:"http", X-Forwarded-Port:"7505", X-Forwarded-Host:"localhost:7505"]
2026-03-27T11:04:30.890+05:30 DEBUG 24304 --- [Api-Gateway] [ctor-http-nio-4] .f.h.o.ObservedResponseHttpHeadersFilter : Will instrument the response
2026-03-27T11:04:30.890+05:30 DEBUG 24304 --- [Api-Gateway] [ctor-http-nio-4] .f.h.o.ObservedResponseHttpHeadersFilter : The response was handled for observation {name=http.client.requests(null), error=null, context=name='http.client.requests', contextualName='null', error='null', lowCardinalityKeyValues=[http.method='GET', http.status_code='UNKNOWN', spring.cloud.gateway.route.id='ADMIN-SERVICE', spring.cloud.gateway.route.uri='lb://ADMIN-SERVICE'], highCardinalityKeyValues=[http.uri='http://localhost:7505/admin/v3/api-docs'], map=[class io.micrometer.core.instrument.LongTaskTimer$Sample='SampleImpl{duration(seconds)=0.4279449, duration(nanos)=4.279449E8, startTimeNanos=91967449696800}', class io.micrometer.core.instrument.Timer$Sample='io.micrometer.core.instrument.Timer$Sample@5bec2f75'], parentObservation={name=http.server.requests(null), error=null, context=name='http.server.requests', contextualName='null', error='null', lowCardinalityKeyValues=[exception='none', method='GET', outcome='SUCCESS', status='200', uri='UNKNOWN'], highCardinalityKeyValues=[http.url='/admin/v3/api-docs'], map=[class io.micrometer.core.instrument.LongTaskTimer$Sample='SampleImpl{duration(seconds)=0.4401378, duration(nanos)=4.401378E8, startTimeNanos=91967437617600}', class io.micrometer.core.instrument.Timer$Sample='io.micrometer.core.instrument.Timer$Sample@1dfae653'], parentObservation=null}}
2026-03-27T11:04:50.966+05:30 DEBUG 24304 --- [Api-Gateway] [reshExecutor-%d] o.s.c.g.r.RouteDefinitionRouteLocator    : RouteDefinition ReactiveCompositeDiscoveryClient_CONFIG-SERVIER applying {pattern=/config-servier/**} to Path
2026-03-27T11:04:51.002+05:30 DEBUG 24304 --- [Api-Gateway] [reshExecutor-%d] o.s.c.g.r.RouteDefinitionRouteLocator    : RouteDefinition ReactiveCompositeDiscoveryClient_CONFIG-SERVIER applying filter {regexp=/config-servier/?(?<remaining>.*), replacement=/${remaining}} to RewritePath
2026-03-27T11:04:51.006+05:30 DEBUG 24304 --- [Api-Gateway] [reshExecutor-%d] o.s.c.g.r.RouteDefinitionRouteLocator    : RouteDefinition matched: ReactiveCompositeDiscoveryClient_CONFIG-SERVIER
2026-03-27T11:04:51.007+05:30 DEBUG 24304 --- [Api-Gateway] [reshExecutor-%d] o.s.c.g.r.RouteDefinitionRouteLocator    : RouteDefinition ReactiveCompositeDiscoveryClient_API-GATEWAY applying {pattern=/api-gateway/**} to Path
2026-03-27T11:04:51.008+05:30 DEBUG 24304 --- [Api-Gateway] [reshExecutor-%d] o.s.c.g.r.RouteDefinitionRouteLocator    : RouteDefinition ReactiveCompositeDiscoveryClient_API-GATEWAY applying filter {regexp=/api-gateway/?(?<remaining>.*), replacement=/${remaining}} to RewritePath
2026-03-27T11:04:51.008+05:30 DEBUG 24304 --- [Api-Gateway] [reshExecutor-%d] o.s.c.g.r.RouteDefinitionRouteLocator    : RouteDefinition matched: ReactiveCompositeDiscoveryClient_API-GATEWAY
2026-03-27T11:04:51.008+05:30 DEBUG 24304 --- [Api-Gateway] [reshExecutor-%d] o.s.c.g.r.RouteDefinitionRouteLocator    : RouteDefinition ReactiveCompositeDiscoveryClient_REWARDS-SERVICE applying {pattern=/rewards-service/**} to Path
2026-03-27T11:04:51.009+05:30 DEBUG 24304 --- [Api-Gateway] [reshExecutor-%d] o.s.c.g.r.RouteDefinitionRouteLocator    : RouteDefinition ReactiveCompositeDiscoveryClient_REWARDS-SERVICE applying filter {regexp=/rewards-service/?(?<remaining>.*), replacement=/${remaining}} to RewritePath
2026-03-27T11:04:51.010+05:30 DEBUG 24304 --- [Api-Gateway] [reshExecutor-%d] o.s.c.g.r.RouteDefinitionRouteLocator    : RouteDefinition matched: ReactiveCompositeDiscoveryClient_REWARDS-SERVICE
2026-03-27T11:04:51.010+05:30 DEBUG 24304 --- [Api-Gateway] [reshExecutor-%d] o.s.c.g.r.RouteDefinitionRouteLocator    : RouteDefinition ReactiveCompositeDiscoveryClient_KYC-SERVICE applying {pattern=/kyc-service/**} to Path
2026-03-27T11:04:51.010+05:30 DEBUG 24304 --- [Api-Gateway] [reshExecutor-%d] o.s.c.g.r.RouteDefinitionRouteLocator    : RouteDefinition ReactiveCompositeDiscoveryClient_KYC-SERVICE applying filter {regexp=/kyc-service/?(?<remaining>.*), replacement=/${remaining}} to RewritePath
2026-03-27T11:04:51.011+05:30 DEBUG 24304 --- [Api-Gateway] [reshExecutor-%d] o.s.c.g.r.RouteDefinitionRouteLocator    : RouteDefinition matched: ReactiveCompositeDiscoveryClient_KYC-SERVICE
2026-03-27T11:04:51.011+05:30 DEBUG 24304 --- [Api-Gateway] [reshExecutor-%d] o.s.c.g.r.RouteDefinitionRouteLocator    : RouteDefinition ReactiveCompositeDiscoveryClient_TRANSACTION-SERVICE applying {pattern=/transaction-service/**} to Path
2026-03-27T11:04:51.012+05:30 DEBUG 24304 --- [Api-Gateway] [reshExecutor-%d] o.s.c.g.r.RouteDefinitionRouteLocator    : RouteDefinition ReactiveCompositeDiscoveryClient_TRANSACTION-SERVICE applying filter {regexp=/transaction-service/?(?<remaining>.*), replacement=/${remaining}} to RewritePath
2026-03-27T11:04:51.012+05:30 DEBUG 24304 --- [Api-Gateway] [reshExecutor-%d] o.s.c.g.r.RouteDefinitionRouteLocator    : RouteDefinition matched: ReactiveCompositeDiscoveryClient_TRANSACTION-SERVICE
2026-03-27T11:04:51.012+05:30 DEBUG 24304 --- [Api-Gateway] [reshExecutor-%d] o.s.c.g.r.RouteDefinitionRouteLocator    : RouteDefinition ReactiveCompositeDiscoveryClient_ADMIN-SERVICE applying {pattern=/admin-service/**} to Path
2026-03-27T11:04:51.013+05:30 DEBUG 24304 --- [Api-Gateway] [reshExecutor-%d] o.s.c.g.r.RouteDefinitionRouteLocator    : RouteDefinition ReactiveCompositeDiscoveryClient_ADMIN-SERVICE applying filter {regexp=/admin-service/?(?<remaining>.*), replacement=/${remaining}} to RewritePath
2026-03-27T11:04:51.013+05:30 DEBUG 24304 --- [Api-Gateway] [reshExecutor-%d] o.s.c.g.r.RouteDefinitionRouteLocator    : RouteDefinition matched: ReactiveCompositeDiscoveryClient_ADMIN-SERVICE
2026-03-27T11:04:51.014+05:30 DEBUG 24304 --- [Api-Gateway] [reshExecutor-%d] o.s.c.g.r.RouteDefinitionRouteLocator    : RouteDefinition ReactiveCompositeDiscoveryClient_WALLET-SERVICE applying {pattern=/wallet-service/**} to Path
2026-03-27T11:04:51.014+05:30 DEBUG 24304 --- [Api-Gateway] [reshExecutor-%d] o.s.c.g.r.RouteDefinitionRouteLocator    : RouteDefinition ReactiveCompositeDiscoveryClient_WALLET-SERVICE applying filter {regexp=/wallet-service/?(?<remaining>.*), replacement=/${remaining}} to RewritePath
2026-03-27T11:04:51.014+05:30 DEBUG 24304 --- [Api-Gateway] [reshExecutor-%d] o.s.c.g.r.RouteDefinitionRouteLocator    : RouteDefinition matched: ReactiveCompositeDiscoveryClient_WALLET-SERVICE
2026-03-27T11:04:51.015+05:30 DEBUG 24304 --- [Api-Gateway] [reshExecutor-%d] o.s.c.g.r.RouteDefinitionRouteLocator    : RouteDefinition ReactiveCompositeDiscoveryClient_NOTIFICATION-SERVICE applying {pattern=/notification-service/**} to Path
2026-03-27T11:04:51.015+05:30 DEBUG 24304 --- [Api-Gateway] [reshExecutor-%d] o.s.c.g.r.RouteDefinitionRouteLocator    : RouteDefinition ReactiveCompositeDiscoveryClient_NOTIFICATION-SERVICE applying filter {regexp=/notification-service/?(?<remaining>.*), replacement=/${remaining}} to RewritePath
2026-03-27T11:04:51.015+05:30 DEBUG 24304 --- [Api-Gateway] [reshExecutor-%d] o.s.c.g.r.RouteDefinitionRouteLocator    : RouteDefinition matched: ReactiveCompositeDiscoveryClient_NOTIFICATION-SERVICE
2026-03-27T11:04:51.016+05:30 DEBUG 24304 --- [Api-Gateway] [reshExecutor-%d] o.s.c.g.r.RouteDefinitionRouteLocator    : RouteDefinition ReactiveCompositeDiscoveryClient_PAYMENT-SERVICES applying {pattern=/payment-services/**} to Path
2026-03-27T11:04:51.016+05:30 DEBUG 24304 --- [Api-Gateway] [reshExecutor-%d] o.s.c.g.r.RouteDefinitionRouteLocator    : RouteDefinition ReactiveCompositeDiscoveryClient_PAYMENT-SERVICES applying filter {regexp=/payment-services/?(?<remaining>.*), replacement=/${remaining}} to RewritePath
2026-03-27T11:04:51.016+05:30 DEBUG 24304 --- [Api-Gateway] [reshExecutor-%d] o.s.c.g.r.RouteDefinitionRouteLocator    : RouteDefinition matched: ReactiveCompositeDiscoveryClient_PAYMENT-SERVICES
2026-03-27T11:04:51.017+05:30 DEBUG 24304 --- [Api-Gateway] [reshExecutor-%d] o.s.c.g.r.RouteDefinitionRouteLocator    : RouteDefinition ReactiveCompositeDiscoveryClient_USER-SERVICE applying {pattern=/user-service/**} to Path
2026-03-27T11:04:51.017+05:30 DEBUG 24304 --- [Api-Gateway] [reshExecutor-%d] o.s.c.g.r.RouteDefinitionRouteLocator    : RouteDefinition ReactiveCompositeDiscoveryClient_USER-SERVICE applying filter {regexp=/user-service/?(?<remaining>.*), replacement=/${remaining}} to RewritePath
2026-03-27T11:04:51.017+05:30 DEBUG 24304 --- [Api-Gateway] [reshExecutor-%d] o.s.c.g.r.RouteDefinitionRouteLocator    : RouteDefinition matched: ReactiveCompositeDiscoveryClient_USER-SERVICE
2026-03-27T11:04:51.018+05:30 DEBUG 24304 --- [Api-Gateway] [reshExecutor-%d] o.s.c.g.r.RouteDefinitionRouteLocator    : RouteDefinition AUTH-SERVICE applying {_genkey_0=/auth/**} to Path
2026-03-27T11:04:51.018+05:30 DEBUG 24304 --- [Api-Gateway] [reshExecutor-%d] o.s.c.g.r.RouteDefinitionRouteLocator    : RouteDefinition matched: AUTH-SERVICE
2026-03-27T11:04:51.018+05:30 DEBUG 24304 --- [Api-Gateway] [reshExecutor-%d] o.s.c.g.r.RouteDefinitionRouteLocator    : RouteDefinition ADMIN-SERVICE applying {_genkey_0=/admin/**} to Path
2026-03-27T11:04:51.019+05:30 DEBUG 24304 --- [Api-Gateway] [reshExecutor-%d] o.s.c.g.r.RouteDefinitionRouteLocator    : RouteDefinition matched: ADMIN-SERVICE
2026-03-27T11:04:51.019+05:30 DEBUG 24304 --- [Api-Gateway] [reshExecutor-%d] o.s.c.g.r.RouteDefinitionRouteLocator    : RouteDefinition KYC-SERVICE applying {_genkey_0=/kyc/**} to Path
2026-03-27T11:04:51.019+05:30 DEBUG 24304 --- [Api-Gateway] [reshExecutor-%d] o.s.c.g.r.RouteDefinitionRouteLocator    : RouteDefinition matched: KYC-SERVICE
2026-03-27T11:04:51.019+05:30 DEBUG 24304 --- [Api-Gateway] [reshExecutor-%d] o.s.c.g.r.RouteDefinitionRouteLocator    : RouteDefinition PAYMENT-SERVICES applying {_genkey_0=/api/payments/**} to Path
2026-03-27T11:04:51.019+05:30 DEBUG 24304 --- [Api-Gateway] [reshExecutor-%d] o.s.c.g.r.RouteDefinitionRouteLocator    : RouteDefinition PAYMENT-SERVICES applying filter {_genkey_0=name:paymentCircuitBreaker, _genkey_1=fallbackUri:forward:/fallback/payment} to CircuitBreaker
2026-03-27T11:04:51.020+05:30 DEBUG 24304 --- [Api-Gateway] [reshExecutor-%d] o.s.c.g.r.RouteDefinitionRouteLocator    : RouteDefinition matched: PAYMENT-SERVICES
2026-03-27T11:04:51.020+05:30 DEBUG 24304 --- [Api-Gateway] [reshExecutor-%d] o.s.c.g.r.RouteDefinitionRouteLocator    : RouteDefinition WALLET-SERVICE applying {_genkey_0=/api/wallets/**} to Path
2026-03-27T11:04:51.022+05:30 DEBUG 24304 --- [Api-Gateway] [reshExecutor-%d] o.s.c.g.r.RouteDefinitionRouteLocator    : RouteDefinition WALLET-SERVICE applying filter {_genkey_0=name:walletCircuitBreaker, _genkey_1=fallbackUri:forward:/fallback/general} to CircuitBreaker
2026-03-27T11:04:51.022+05:30 DEBUG 24304 --- [Api-Gateway] [reshExecutor-%d] o.s.c.g.r.RouteDefinitionRouteLocator    : RouteDefinition matched: WALLET-SERVICE
2026-03-27T11:04:51.022+05:30 DEBUG 24304 --- [Api-Gateway] [reshExecutor-%d] o.s.c.g.r.RouteDefinitionRouteLocator    : RouteDefinition TRANSACTION-SERVICE applying {_genkey_0=/api/transaction/**} to Path
2026-03-27T11:04:51.022+05:30 DEBUG 24304 --- [Api-Gateway] [reshExecutor-%d] o.s.c.g.r.RouteDefinitionRouteLocator    : RouteDefinition TRANSACTION-SERVICE applying filter {_genkey_0=name:transactionCircuitBreaker, _genkey_1=fallbackUri:forward:/fallback/general} to CircuitBreaker
2026-03-27T11:04:51.023+05:30 DEBUG 24304 --- [Api-Gateway] [reshExecutor-%d] o.s.c.g.r.RouteDefinitionRouteLocator    : RouteDefinition matched: TRANSACTION-SERVICE
2026-03-27T11:04:51.023+05:30 DEBUG 24304 --- [Api-Gateway] [reshExecutor-%d] o.s.c.g.r.RouteDefinitionRouteLocator    : RouteDefinition REWARDS-SERVICE applying {_genkey_0=/api/rewards/**} to Path
2026-03-27T11:04:51.024+05:30 DEBUG 24304 --- [Api-Gateway] [reshExecutor-%d] o.s.c.g.r.RouteDefinitionRouteLocator    : RouteDefinition REWARDS-SERVICE applying filter {_genkey_0=name:rewardCircuitBreaker, _genkey_1=fallbackUri:forward:/fallback/reward} to CircuitBreaker
2026-03-27T11:04:51.024+05:30 DEBUG 24304 --- [Api-Gateway] [reshExecutor-%d] o.s.c.g.r.RouteDefinitionRouteLocator    : RouteDefinition matched: REWARDS-SERVICE
2026-03-27T11:04:51.024+05:30 DEBUG 24304 --- [Api-Gateway] [reshExecutor-%d] o.s.c.g.r.RouteDefinitionRouteLocator    : RouteDefinition NOTIFICATION-SERVICE applying {_genkey_0=/api/notifications/**} to Path
2026-03-27T11:04:51.025+05:30 DEBUG 24304 --- [Api-Gateway] [reshExecutor-%d] o.s.c.g.r.RouteDefinitionRouteLocator    : RouteDefinition NOTIFICATION-SERVICE applying filter {_genkey_0=name:notificationCircuitBreaker, _genkey_1=fallbackUri:forward:/fallback/general} to CircuitBreaker
2026-03-27T11:04:51.025+05:30 DEBUG 24304 --- [Api-Gateway] [reshExecutor-%d] o.s.c.g.r.RouteDefinitionRouteLocator    : RouteDefinition matched: NOTIFICATION-SERVICE
2026-03-27T11:04:51.026+05:30 DEBUG 24304 --- [Api-Gateway] [reshExecutor-%d] o.s.c.g.r.RouteDefinitionRouteLocator    : RouteDefinition USER-SERVICE applying {_genkey_0=/users/**} to Path
2026-03-27T11:04:51.026+05:30 DEBUG 24304 --- [Api-Gateway] [reshExecutor-%d] o.s.c.g.r.RouteDefinitionRouteLocator    : RouteDefinition matched: USER-SERVICE
2026-03-27T11:04:51.027+05:30 DEBUG 24304 --- [Api-Gateway] [reshExecutor-%d] o.s.c.g.filter.GatewayMetricsFilter      : New routes count: 19
2026-03-27T11:05:21.057+05:30 DEBUG 24304 --- [Api-Gateway] [reshExecutor-%d] o.s.c.g.r.RouteDefinitionRouteLocator    : RouteDefinition ReactiveCompositeDiscoveryClient_CONFIG-SERVIER applying {pattern=/config-servier/**} to Path
2026-03-27T11:05:21.062+05:30 DEBUG 24304 --- [Api-Gateway] [reshExecutor-%d] o.s.c.g.r.RouteDefinitionRouteLocator    : RouteDefinition ReactiveCompositeDiscoveryClient_CONFIG-SERVIER applying filter {regexp=/config-servier/?(?<remaining>.*), replacement=/${remaining}} to RewritePath
2026-03-27T11:05:21.064+05:30 DEBUG 24304 --- [Api-Gateway] [reshExecutor-%d] o.s.c.g.r.RouteDefinitionRouteLocator    : RouteDefinition matched: ReactiveCompositeDiscoveryClient_CONFIG-SERVIER
2026-03-27T11:05:21.065+05:30 DEBUG 24304 --- [Api-Gateway] [reshExecutor-%d] o.s.c.g.r.RouteDefinitionRouteLocator    : RouteDefinition ReactiveCompositeDiscoveryClient_API-GATEWAY applying {pattern=/api-gateway/**} to Path
2026-03-27T11:05:21.066+05:30 DEBUG 24304 --- [Api-Gateway] [reshExecutor-%d] o.s.c.g.r.RouteDefinitionRouteLocator    : RouteDefinition ReactiveCompositeDiscoveryClient_API-GATEWAY applying filter {regexp=/api-gateway/?(?<remaining>.*), replacement=/${remaining}} to RewritePath
2026-03-27T11:05:21.067+05:30 DEBUG 24304 --- [Api-Gateway] [reshExecutor-%d] o.s.c.g.r.RouteDefinitionRouteLocator    : RouteDefinition matched: ReactiveCompositeDiscoveryClient_API-GATEWAY
2026-03-27T11:05:21.068+05:30 DEBUG 24304 --- [Api-Gateway] [reshExecutor-%d] o.s.c.g.r.RouteDefinitionRouteLocator    : RouteDefinition ReactiveCompositeDiscoveryClient_REWARDS-SERVICE applying {pattern=/rewards-service/**} to Path
2026-03-27T11:05:21.070+05:30 DEBUG 24304 --- [Api-Gateway] [reshExecutor-%d] o.s.c.g.r.RouteDefinitionRouteLocator    : RouteDefinition ReactiveCompositeDiscoveryClient_REWARDS-SERVICE applying filter {regexp=/rewards-service/?(?<remaining>.*), replacement=/${remaining}} to RewritePath
2026-03-27T11:05:21.071+05:30 DEBUG 24304 --- [Api-Gateway] [reshExecutor-%d] o.s.c.g.r.RouteDefinitionRouteLocator    : RouteDefinition matched: ReactiveCompositeDiscoveryClient_REWARDS-SERVICE
2026-03-27T11:05:21.072+05:30 DEBUG 24304 --- [Api-Gateway] [reshExecutor-%d] o.s.c.g.r.RouteDefinitionRouteLocator    : RouteDefinition ReactiveCompositeDiscoveryClient_KYC-SERVICE applying {pattern=/kyc-service/**} to Path
2026-03-27T11:05:21.074+05:30 DEBUG 24304 --- [Api-Gateway] [reshExecutor-%d] o.s.c.g.r.RouteDefinitionRouteLocator    : RouteDefinition ReactiveCompositeDiscoveryClient_KYC-SERVICE applying filter {regexp=/kyc-service/?(?<remaining>.*), replacement=/${remaining}} to RewritePath
2026-03-27T11:05:21.075+05:30 DEBUG 24304 --- [Api-Gateway] [reshExecutor-%d] o.s.c.g.r.RouteDefinitionRouteLocator    : RouteDefinition matched: ReactiveCompositeDiscoveryClient_KYC-SERVICE
2026-03-27T11:05:21.076+05:30 DEBUG 24304 --- [Api-Gateway] [reshExecutor-%d] o.s.c.g.r.RouteDefinitionRouteLocator    : RouteDefinition ReactiveCompositeDiscoveryClient_TRANSACTION-SERVICE applying {pattern=/transaction-service/**} to Path
2026-03-27T11:05:21.077+05:30 DEBUG 24304 --- [Api-Gateway] [reshExecutor-%d] o.s.c.g.r.RouteDefinitionRouteLocator    : RouteDefinition ReactiveCompositeDiscoveryClient_TRANSACTION-SERVICE applying filter {regexp=/transaction-service/?(?<remaining>.*), replacement=/${remaining}} to RewritePath
2026-03-27T11:05:21.078+05:30 DEBUG 24304 --- [Api-Gateway] [reshExecutor-%d] o.s.c.g.r.RouteDefinitionRouteLocator    : RouteDefinition matched: ReactiveCompositeDiscoveryClient_TRANSACTION-SERVICE
2026-03-27T11:05:21.079+05:30 DEBUG 24304 --- [Api-Gateway] [reshExecutor-%d] o.s.c.g.r.RouteDefinitionRouteLocator    : RouteDefinition ReactiveCompositeDiscoveryClient_ADMIN-SERVICE applying {pattern=/admin-service/**} to Path
2026-03-27T11:05:21.080+05:30 DEBUG 24304 --- [Api-Gateway] [reshExecutor-%d] o.s.c.g.r.RouteDefinitionRouteLocator    : RouteDefinition ReactiveCompositeDiscoveryClient_ADMIN-SERVICE applying filter {regexp=/admin-service/?(?<remaining>.*), replacement=/${remaining}} to RewritePath
2026-03-27T11:05:21.081+05:30 DEBUG 24304 --- [Api-Gateway] [reshExecutor-%d] o.s.c.g.r.RouteDefinitionRouteLocator    : RouteDefinition matched: ReactiveCompositeDiscoveryClient_ADMIN-SERVICE
2026-03-27T11:05:21.081+05:30 DEBUG 24304 --- [Api-Gateway] [reshExecutor-%d] o.s.c.g.r.RouteDefinitionRouteLocator    : RouteDefinition ReactiveCompositeDiscoveryClient_WALLET-SERVICE applying {pattern=/wallet-service/**} to Path
2026-03-27T11:05:21.082+05:30 DEBUG 24304 --- [Api-Gateway] [reshExecutor-%d] o.s.c.g.r.RouteDefinitionRouteLocator    : RouteDefinition ReactiveCompositeDiscoveryClient_WALLET-SERVICE applying filter {regexp=/wallet-service/?(?<remaining>.*), replacement=/${remaining}} to RewritePath
2026-03-27T11:05:21.084+05:30 DEBUG 24304 --- [Api-Gateway] [reshExecutor-%d] o.s.c.g.r.RouteDefinitionRouteLocator    : RouteDefinition matched: ReactiveCompositeDiscoveryClient_WALLET-SERVICE
2026-03-27T11:05:21.085+05:30 DEBUG 24304 --- [Api-Gateway] [reshExecutor-%d] o.s.c.g.r.RouteDefinitionRouteLocator    : RouteDefinition ReactiveCompositeDiscoveryClient_NOTIFICATION-SERVICE applying {pattern=/notification-service/**} to Path
2026-03-27T11:05:21.086+05:30 DEBUG 24304 --- [Api-Gateway] [reshExecutor-%d] o.s.c.g.r.RouteDefinitionRouteLocator    : RouteDefinition ReactiveCompositeDiscoveryClient_NOTIFICATION-SERVICE applying filter {regexp=/notification-service/?(?<remaining>.*), replacement=/${remaining}} to RewritePath
2026-03-27T11:05:21.087+05:30 DEBUG 24304 --- [Api-Gateway] [reshExecutor-%d] o.s.c.g.r.RouteDefinitionRouteLocator    : RouteDefinition matched: ReactiveCompositeDiscoveryClient_NOTIFICATION-SERVICE
2026-03-27T11:05:21.089+05:30 DEBUG 24304 --- [Api-Gateway] [reshExecutor-%d] o.s.c.g.r.RouteDefinitionRouteLocator    : RouteDefinition ReactiveCompositeDiscoveryClient_PAYMENT-SERVICES applying {pattern=/payment-services/**} to Path
2026-03-27T11:05:21.090+05:30 DEBUG 24304 --- [Api-Gateway] [reshExecutor-%d] o.s.c.g.r.RouteDefinitionRouteLocator    : RouteDefinition ReactiveCompositeDiscoveryClient_PAYMENT-SERVICES applying filter {regexp=/payment-services/?(?<remaining>.*), replacement=/${remaining}} to RewritePath
2026-03-27T11:05:21.091+05:30 DEBUG 24304 --- [Api-Gateway] [reshExecutor-%d] o.s.c.g.r.RouteDefinitionRouteLocator    : RouteDefinition matched: ReactiveCompositeDiscoveryClient_PAYMENT-SERVICES
2026-03-27T11:05:21.091+05:30 DEBUG 24304 --- [Api-Gateway] [reshExecutor-%d] o.s.c.g.r.RouteDefinitionRouteLocator    : RouteDefinition ReactiveCompositeDiscoveryClient_USER-SERVICE applying {pattern=/user-service/**} to Path
2026-03-27T11:05:21.093+05:30 DEBUG 24304 --- [Api-Gateway] [reshExecutor-%d] o.s.c.g.r.RouteDefinitionRouteLocator    : RouteDefinition ReactiveCompositeDiscoveryClient_USER-SERVICE applying filter {regexp=/user-service/?(?<remaining>.*), replacement=/${remaining}} to RewritePath
2026-03-27T11:05:21.094+05:30 DEBUG 24304 --- [Api-Gateway] [reshExecutor-%d] o.s.c.g.r.RouteDefinitionRouteLocator    : RouteDefinition matched: ReactiveCompositeDiscoveryClient_USER-SERVICE
2026-03-27T11:05:21.095+05:30 DEBUG 24304 --- [Api-Gateway] [reshExecutor-%d] o.s.c.g.r.RouteDefinitionRouteLocator    : RouteDefinition AUTH-SERVICE applying {_genkey_0=/auth/**} to Path
2026-03-27T11:05:21.095+05:30 DEBUG 24304 --- [Api-Gateway] [reshExecutor-%d] o.s.c.g.r.RouteDefinitionRouteLocator    : RouteDefinition matched: AUTH-SERVICE
2026-03-27T11:05:21.096+05:30 DEBUG 24304 --- [Api-Gateway] [reshExecutor-%d] o.s.c.g.r.RouteDefinitionRouteLocator    : RouteDefinition ADMIN-SERVICE applying {_genkey_0=/admin/**} to Path
2026-03-27T11:05:21.097+05:30 DEBUG 24304 --- [Api-Gateway] [reshExecutor-%d] o.s.c.g.r.RouteDefinitionRouteLocator    : RouteDefinition matched: ADMIN-SERVICE
2026-03-27T11:05:21.097+05:30 DEBUG 24304 --- [Api-Gateway] [reshExecutor-%d] o.s.c.g.r.RouteDefinitionRouteLocator    : RouteDefinition KYC-SERVICE applying {_genkey_0=/kyc/**} to Path
2026-03-27T11:05:21.098+05:30 DEBUG 24304 --- [Api-Gateway] [reshExecutor-%d] o.s.c.g.r.RouteDefinitionRouteLocator    : RouteDefinition matched: KYC-SERVICE
2026-03-27T11:05:21.099+05:30 DEBUG 24304 --- [Api-Gateway] [reshExecutor-%d] o.s.c.g.r.RouteDefinitionRouteLocator    : RouteDefinition PAYMENT-SERVICES applying {_genkey_0=/api/payments/**} to Path
2026-03-27T11:05:21.099+05:30 DEBUG 24304 --- [Api-Gateway] [reshExecutor-%d] o.s.c.g.r.RouteDefinitionRouteLocator    : RouteDefinition PAYMENT-SERVICES applying filter {_genkey_0=name:paymentCircuitBreaker, _genkey_1=fallbackUri:forward:/fallback/payment} to CircuitBreaker
2026-03-27T11:05:21.100+05:30 DEBUG 24304 --- [Api-Gateway] [reshExecutor-%d] o.s.c.g.r.RouteDefinitionRouteLocator    : RouteDefinition matched: PAYMENT-SERVICES
2026-03-27T11:05:21.101+05:30 DEBUG 24304 --- [Api-Gateway] [reshExecutor-%d] o.s.c.g.r.RouteDefinitionRouteLocator    : RouteDefinition WALLET-SERVICE applying {_genkey_0=/api/wallets/**} to Path
2026-03-27T11:05:21.102+05:30 DEBUG 24304 --- [Api-Gateway] [reshExecutor-%d] o.s.c.g.r.RouteDefinitionRouteLocator    : RouteDefinition WALLET-SERVICE applying filter {_genkey_0=name:walletCircuitBreaker, _genkey_1=fallbackUri:forward:/fallback/general} to CircuitBreaker
2026-03-27T11:05:21.102+05:30 DEBUG 24304 --- [Api-Gateway] [reshExecutor-%d] o.s.c.g.r.RouteDefinitionRouteLocator    : RouteDefinition matched: WALLET-SERVICE
2026-03-27T11:05:21.102+05:30 DEBUG 24304 --- [Api-Gateway] [reshExecutor-%d] o.s.c.g.r.RouteDefinitionRouteLocator    : RouteDefinition TRANSACTION-SERVICE applying {_genkey_0=/api/transaction/**} to Path
2026-03-27T11:05:21.104+05:30 DEBUG 24304 --- [Api-Gateway] [reshExecutor-%d] o.s.c.g.r.RouteDefinitionRouteLocator    : RouteDefinition TRANSACTION-SERVICE applying filter {_genkey_0=name:transactionCircuitBreaker, _genkey_1=fallbackUri:forward:/fallback/general} to CircuitBreaker
2026-03-27T11:05:21.104+05:30 DEBUG 24304 --- [Api-Gateway] [reshExecutor-%d] o.s.c.g.r.RouteDefinitionRouteLocator    : RouteDefinition matched: TRANSACTION-SERVICE
2026-03-27T11:05:21.105+05:30 DEBUG 24304 --- [Api-Gateway] [reshExecutor-%d] o.s.c.g.r.RouteDefinitionRouteLocator    : RouteDefinition REWARDS-SERVICE applying {_genkey_0=/api/rewards/**} to Path
2026-03-27T11:05:21.105+05:30 DEBUG 24304 --- [Api-Gateway] [reshExecutor-%d] o.s.c.g.r.RouteDefinitionRouteLocator    : RouteDefinition REWARDS-SERVICE applying filter {_genkey_0=name:rewardCircuitBreaker, _genkey_1=fallbackUri:forward:/fallback/reward} to CircuitBreaker
2026-03-27T11:05:21.106+05:30 DEBUG 24304 --- [Api-Gateway] [reshExecutor-%d] o.s.c.g.r.RouteDefinitionRouteLocator    : RouteDefinition matched: REWARDS-SERVICE
2026-03-27T11:05:21.106+05:30 DEBUG 24304 --- [Api-Gateway] [reshExecutor-%d] o.s.c.g.r.RouteDefinitionRouteLocator    : RouteDefinition NOTIFICATION-SERVICE applying {_genkey_0=/api/notifications/**} to Path
2026-03-27T11:05:21.106+05:30 DEBUG 24304 --- [Api-Gateway] [reshExecutor-%d] o.s.c.g.r.RouteDefinitionRouteLocator    : RouteDefinition NOTIFICATION-SERVICE applying filter {_genkey_0=name:notificationCircuitBreaker, _genkey_1=fallbackUri:forward:/fallback/general} to CircuitBreaker
2026-03-27T11:05:21.106+05:30 DEBUG 24304 --- [Api-Gateway] [reshExecutor-%d] o.s.c.g.r.RouteDefinitionRouteLocator    : RouteDefinition matched: NOTIFICATION-SERVICE
2026-03-27T11:05:21.107+05:30 DEBUG 24304 --- [Api-Gateway] [reshExecutor-%d] o.s.c.g.r.RouteDefinitionRouteLocator    : RouteDefinition USER-SERVICE applying {_genkey_0=/users/**} to Path
2026-03-27T11:05:21.107+05:30 DEBUG 24304 --- [Api-Gateway] [reshExecutor-%d] o.s.c.g.r.RouteDefinitionRouteLocator    : RouteDefinition matched: USER-SERVICE
2026-03-27T11:05:21.107+05:30 DEBUG 24304 --- [Api-Gateway] [reshExecutor-%d] o.s.c.g.filter.GatewayMetricsFilter      : New routes count: 19
2026-03-27T11:05:51.140+05:30 DEBUG 24304 --- [Api-Gateway] [reshExecutor-%d] o.s.c.g.r.RouteDefinitionRouteLocator    : RouteDefinition ReactiveCompositeDiscoveryClient_CONFIG-SERVIER applying {pattern=/config-servier/**} to Path
2026-03-27T11:05:51.142+05:30 DEBUG 24304 --- [Api-Gateway] [reshExecutor-%d] o.s.c.g.r.RouteDefinitionRouteLocator    : RouteDefinition ReactiveCompositeDiscoveryClient_CONFIG-SERVIER applying filter {regexp=/config-servier/?(?<remaining>.*), replacement=/${remaining}} to RewritePath
2026-03-27T11:05:51.143+05:30 DEBUG 24304 --- [Api-Gateway] [reshExecutor-%d] o.s.c.g.r.RouteDefinitionRouteLocator    : RouteDefinition matched: ReactiveCompositeDiscoveryClient_CONFIG-SERVIER
2026-03-27T11:05:51.144+05:30 DEBUG 24304 --- [Api-Gateway] [reshExecutor-%d] o.s.c.g.r.RouteDefinitionRouteLocator    : RouteDefinition ReactiveCompositeDiscoveryClient_API-GATEWAY applying {pattern=/api-gateway/**} to Path
2026-03-27T11:05:51.145+05:30 DEBUG 24304 --- [Api-Gateway] [reshExecutor-%d] o.s.c.g.r.RouteDefinitionRouteLocator    : RouteDefinition ReactiveCompositeDiscoveryClient_API-GATEWAY applying filter {regexp=/api-gateway/?(?<remaining>.*), replacement=/${remaining}} to RewritePath
2026-03-27T11:05:51.146+05:30 DEBUG 24304 --- [Api-Gateway] [reshExecutor-%d] o.s.c.g.r.RouteDefinitionRouteLocator    : RouteDefinition matched: ReactiveCompositeDiscoveryClient_API-GATEWAY
2026-03-27T11:05:51.147+05:30 DEBUG 24304 --- [Api-Gateway] [reshExecutor-%d] o.s.c.g.r.RouteDefinitionRouteLocator    : RouteDefinition ReactiveCompositeDiscoveryClient_REWARDS-SERVICE applying {pattern=/rewards-service/**} to Path
2026-03-27T11:05:51.148+05:30 DEBUG 24304 --- [Api-Gateway] [reshExecutor-%d] o.s.c.g.r.RouteDefinitionRouteLocator    : RouteDefinition ReactiveCompositeDiscoveryClient_REWARDS-SERVICE applying filter {regexp=/rewards-service/?(?<remaining>.*), replacement=/${remaining}} to RewritePath
2026-03-27T11:05:51.150+05:30 DEBUG 24304 --- [Api-Gateway] [reshExecutor-%d] o.s.c.g.r.RouteDefinitionRouteLocator    : RouteDefinition matched: ReactiveCompositeDiscoveryClient_REWARDS-SERVICE
2026-03-27T11:05:51.151+05:30 DEBUG 24304 --- [Api-Gateway] [reshExecutor-%d] o.s.c.g.r.RouteDefinitionRouteLocator    : RouteDefinition ReactiveCompositeDiscoveryClient_KYC-SERVICE applying {pattern=/kyc-service/**} to Path
2026-03-27T11:05:51.152+05:30 DEBUG 24304 --- [Api-Gateway] [reshExecutor-%d] o.s.c.g.r.RouteDefinitionRouteLocator    : RouteDefinition ReactiveCompositeDiscoveryClient_KYC-SERVICE applying filter {regexp=/kyc-service/?(?<remaining>.*), replacement=/${remaining}} to RewritePath
2026-03-27T11:05:51.153+05:30 DEBUG 24304 --- [Api-Gateway] [reshExecutor-%d] o.s.c.g.r.RouteDefinitionRouteLocator    : RouteDefinition matched: ReactiveCompositeDiscoveryClient_KYC-SERVICE
2026-03-27T11:05:51.154+05:30 DEBUG 24304 --- [Api-Gateway] [reshExecutor-%d] o.s.c.g.r.RouteDefinitionRouteLocator    : RouteDefinition ReactiveCompositeDiscoveryClient_TRANSACTION-SERVICE applying {pattern=/transaction-service/**} to Path
2026-03-27T11:05:51.155+05:30 DEBUG 24304 --- [Api-Gateway] [reshExecutor-%d] o.s.c.g.r.RouteDefinitionRouteLocator    : RouteDefinition ReactiveCompositeDiscoveryClient_TRANSACTION-SERVICE applying filter {regexp=/transaction-service/?(?<remaining>.*), replacement=/${remaining}} to RewritePath
2026-03-27T11:05:51.156+05:30 DEBUG 24304 --- [Api-Gateway] [reshExecutor-%d] o.s.c.g.r.RouteDefinitionRouteLocator    : RouteDefinition matched: ReactiveCompositeDiscoveryClient_TRANSACTION-SERVICE
2026-03-27T11:05:51.157+05:30 DEBUG 24304 --- [Api-Gateway] [reshExecutor-%d] o.s.c.g.r.RouteDefinitionRouteLocator    : RouteDefinition ReactiveCompositeDiscoveryClient_ADMIN-SERVICE applying {pattern=/admin-service/**} to Path
2026-03-27T11:05:51.158+05:30 DEBUG 24304 --- [Api-Gateway] [reshExecutor-%d] o.s.c.g.r.RouteDefinitionRouteLocator    : RouteDefinition ReactiveCompositeDiscoveryClient_ADMIN-SERVICE applying filter {regexp=/admin-service/?(?<remaining>.*), replacement=/${remaining}} to RewritePath
2026-03-27T11:05:51.159+05:30 DEBUG 24304 --- [Api-Gateway] [reshExecutor-%d] o.s.c.g.r.RouteDefinitionRouteLocator    : RouteDefinition matched: ReactiveCompositeDiscoveryClient_ADMIN-SERVICE
2026-03-27T11:05:51.159+05:30 DEBUG 24304 --- [Api-Gateway] [reshExecutor-%d] o.s.c.g.r.RouteDefinitionRouteLocator    : RouteDefinition ReactiveCompositeDiscoveryClient_WALLET-SERVICE applying {pattern=/wallet-service/**} to Path
2026-03-27T11:05:51.161+05:30 DEBUG 24304 --- [Api-Gateway] [reshExecutor-%d] o.s.c.g.r.RouteDefinitionRouteLocator    : RouteDefinition ReactiveCompositeDiscoveryClient_WALLET-SERVICE applying filter {regexp=/wallet-service/?(?<remaining>.*), replacement=/${remaining}} to RewritePath
2026-03-27T11:05:51.162+05:30 DEBUG 24304 --- [Api-Gateway] [reshExecutor-%d] o.s.c.g.r.RouteDefinitionRouteLocator    : RouteDefinition matched: ReactiveCompositeDiscoveryClient_WALLET-SERVICE
2026-03-27T11:05:51.163+05:30 DEBUG 24304 --- [Api-Gateway] [reshExecutor-%d] o.s.c.g.r.RouteDefinitionRouteLocator    : RouteDefinition ReactiveCompositeDiscoveryClient_NOTIFICATION-SERVICE applying {pattern=/notification-service/**} to Path
2026-03-27T11:05:51.164+05:30 DEBUG 24304 --- [Api-Gateway] [reshExecutor-%d] o.s.c.g.r.RouteDefinitionRouteLocator    : RouteDefinition ReactiveCompositeDiscoveryClient_NOTIFICATION-SERVICE applying filter {regexp=/notification-service/?(?<remaining>.*), replacement=/${remaining}} to RewritePath
2026-03-27T11:05:51.165+05:30 DEBUG 24304 --- [Api-Gateway] [reshExecutor-%d] o.s.c.g.r.RouteDefinitionRouteLocator    : RouteDefinition matched: ReactiveCompositeDiscoveryClient_NOTIFICATION-SERVICE
2026-03-27T11:05:51.165+05:30 DEBUG 24304 --- [Api-Gateway] [reshExecutor-%d] o.s.c.g.r.RouteDefinitionRouteLocator    : RouteDefinition ReactiveCompositeDiscoveryClient_PAYMENT-SERVICES applying {pattern=/payment-services/**} to Path
2026-03-27T11:05:51.166+05:30 DEBUG 24304 --- [Api-Gateway] [reshExecutor-%d] o.s.c.g.r.RouteDefinitionRouteLocator    : RouteDefinition ReactiveCompositeDiscoveryClient_PAYMENT-SERVICES applying filter {regexp=/payment-services/?(?<remaining>.*), replacement=/${remaining}} to RewritePath
2026-03-27T11:05:51.166+05:30 DEBUG 24304 --- [Api-Gateway] [reshExecutor-%d] o.s.c.g.r.RouteDefinitionRouteLocator    : RouteDefinition matched: ReactiveCompositeDiscoveryClient_PAYMENT-SERVICES
2026-03-27T11:05:51.166+05:30 DEBUG 24304 --- [Api-Gateway] [reshExecutor-%d] o.s.c.g.r.RouteDefinitionRouteLocator    : RouteDefinition AUTH-SERVICE applying {_genkey_0=/auth/**} to Path
2026-03-27T11:05:51.167+05:30 DEBUG 24304 --- [Api-Gateway] [reshExecutor-%d] o.s.c.g.r.RouteDefinitionRouteLocator    : RouteDefinition matched: AUTH-SERVICE
2026-03-27T11:05:51.168+05:30 DEBUG 24304 --- [Api-Gateway] [reshExecutor-%d] o.s.c.g.r.RouteDefinitionRouteLocator    : RouteDefinition ADMIN-SERVICE applying {_genkey_0=/admin/**} to Path
2026-03-27T11:05:51.168+05:30 DEBUG 24304 --- [Api-Gateway] [reshExecutor-%d] o.s.c.g.r.RouteDefinitionRouteLocator    : RouteDefinition matched: ADMIN-SERVICE
2026-03-27T11:05:51.168+05:30 DEBUG 24304 --- [Api-Gateway] [reshExecutor-%d] o.s.c.g.r.RouteDefinitionRouteLocator    : RouteDefinition KYC-SERVICE applying {_genkey_0=/kyc/**} to Path
2026-03-27T11:05:51.169+05:30 DEBUG 24304 --- [Api-Gateway] [reshExecutor-%d] o.s.c.g.r.RouteDefinitionRouteLocator    : RouteDefinition matched: KYC-SERVICE
2026-03-27T11:05:51.169+05:30 DEBUG 24304 --- [Api-Gateway] [reshExecutor-%d] o.s.c.g.r.RouteDefinitionRouteLocator    : RouteDefinition PAYMENT-SERVICES applying {_genkey_0=/api/payments/**} to Path
2026-03-27T11:05:51.169+05:30 DEBUG 24304 --- [Api-Gateway] [reshExecutor-%d] o.s.c.g.r.RouteDefinitionRouteLocator    : RouteDefinition PAYMENT-SERVICES applying filter {_genkey_0=name:paymentCircuitBreaker, _genkey_1=fallbackUri:forward:/fallback/payment} to CircuitBreaker
2026-03-27T11:05:51.170+05:30 DEBUG 24304 --- [Api-Gateway] [reshExecutor-%d] o.s.c.g.r.RouteDefinitionRouteLocator    : RouteDefinition matched: PAYMENT-SERVICES
2026-03-27T11:05:51.170+05:30 DEBUG 24304 --- [Api-Gateway] [reshExecutor-%d] o.s.c.g.r.RouteDefinitionRouteLocator    : RouteDefinition WALLET-SERVICE applying {_genkey_0=/api/wallets/**} to Path
2026-03-27T11:05:51.171+05:30 DEBUG 24304 --- [Api-Gateway] [reshExecutor-%d] o.s.c.g.r.RouteDefinitionRouteLocator    : RouteDefinition WALLET-SERVICE applying filter {_genkey_0=name:walletCircuitBreaker, _genkey_1=fallbackUri:forward:/fallback/general} to CircuitBreaker
2026-03-27T11:05:51.171+05:30 DEBUG 24304 --- [Api-Gateway] [reshExecutor-%d] o.s.c.g.r.RouteDefinitionRouteLocator    : RouteDefinition matched: WALLET-SERVICE
2026-03-27T11:05:51.171+05:30 DEBUG 24304 --- [Api-Gateway] [reshExecutor-%d] o.s.c.g.r.RouteDefinitionRouteLocator    : RouteDefinition TRANSACTION-SERVICE applying {_genkey_0=/api/transaction/**} to Path
2026-03-27T11:05:51.172+05:30 DEBUG 24304 --- [Api-Gateway] [reshExecutor-%d] o.s.c.g.r.RouteDefinitionRouteLocator    : RouteDefinition TRANSACTION-SERVICE applying filter {_genkey_0=name:transactionCircuitBreaker, _genkey_1=fallbackUri:forward:/fallback/general} to CircuitBreaker
2026-03-27T11:05:51.173+05:30 DEBUG 24304 --- [Api-Gateway] [reshExecutor-%d] o.s.c.g.r.RouteDefinitionRouteLocator    : RouteDefinition matched: TRANSACTION-SERVICE
2026-03-27T11:05:51.173+05:30 DEBUG 24304 --- [Api-Gateway] [reshExecutor-%d] o.s.c.g.r.RouteDefinitionRouteLocator    : RouteDefinition REWARDS-SERVICE applying {_genkey_0=/api/rewards/**} to Path
2026-03-27T11:05:51.173+05:30 DEBUG 24304 --- [Api-Gateway] [reshExecutor-%d] o.s.c.g.r.RouteDefinitionRouteLocator    : RouteDefinition REWARDS-SERVICE applying filter {_genkey_0=name:rewardCircuitBreaker, _genkey_1=fallbackUri:forward:/fallback/reward} to CircuitBreaker
2026-03-27T11:05:51.174+05:30 DEBUG 24304 --- [Api-Gateway] [reshExecutor-%d] o.s.c.g.r.RouteDefinitionRouteLocator    : RouteDefinition matched: REWARDS-SERVICE
2026-03-27T11:05:51.174+05:30 DEBUG 24304 --- [Api-Gateway] [reshExecutor-%d] o.s.c.g.r.RouteDefinitionRouteLocator    : RouteDefinition NOTIFICATION-SERVICE applying {_genkey_0=/api/notifications/**} to Path
2026-03-27T11:05:51.174+05:30 DEBUG 24304 --- [Api-Gateway] [reshExecutor-%d] o.s.c.g.r.RouteDefinitionRouteLocator    : RouteDefinition NOTIFICATION-SERVICE applying filter {_genkey_0=name:notificationCircuitBreaker, _genkey_1=fallbackUri:forward:/fallback/general} to CircuitBreaker
2026-03-27T11:05:51.174+05:30 DEBUG 24304 --- [Api-Gateway] [reshExecutor-%d] o.s.c.g.r.RouteDefinitionRouteLocator    : RouteDefinition matched: NOTIFICATION-SERVICE
2026-03-27T11:05:51.175+05:30 DEBUG 24304 --- [Api-Gateway] [reshExecutor-%d] o.s.c.g.r.RouteDefinitionRouteLocator    : RouteDefinition USER-SERVICE applying {_genkey_0=/users/**} to Path
2026-03-27T11:05:51.175+05:30 DEBUG 24304 --- [Api-Gateway] [reshExecutor-%d] o.s.c.g.r.RouteDefinitionRouteLocator    : RouteDefinition matched: USER-SERVICE
2026-03-27T11:05:51.176+05:30 DEBUG 24304 --- [Api-Gateway] [reshExecutor-%d] o.s.c.g.filter.GatewayMetricsFilter      : New routes count: 18
2026-03-27T11:06:21.210+05:30 DEBUG 24304 --- [Api-Gateway] [reshExecutor-%d] o.s.c.g.r.RouteDefinitionRouteLocator    : RouteDefinition ReactiveCompositeDiscoveryClient_CONFIG-SERVIER applying {pattern=/config-servier/**} to Path
2026-03-27T11:06:21.212+05:30 DEBUG 24304 --- [Api-Gateway] [reshExecutor-%d] o.s.c.g.r.RouteDefinitionRouteLocator    : RouteDefinition ReactiveCompositeDiscoveryClient_CONFIG-SERVIER applying filter {regexp=/config-servier/?(?<remaining>.*), replacement=/${remaining}} to RewritePath
2026-03-27T11:06:21.213+05:30 DEBUG 24304 --- [Api-Gateway] [reshExecutor-%d] o.s.c.g.r.RouteDefinitionRouteLocator    : RouteDefinition matched: ReactiveCompositeDiscoveryClient_CONFIG-SERVIER
2026-03-27T11:06:21.213+05:30 DEBUG 24304 --- [Api-Gateway] [reshExecutor-%d] o.s.c.g.r.RouteDefinitionRouteLocator    : RouteDefinition ReactiveCompositeDiscoveryClient_API-GATEWAY applying {pattern=/api-gateway/**} to Path
2026-03-27T11:06:21.214+05:30 DEBUG 24304 --- [Api-Gateway] [reshExecutor-%d] o.s.c.g.r.RouteDefinitionRouteLocator    : RouteDefinition ReactiveCompositeDiscoveryClient_API-GATEWAY applying filter {regexp=/api-gateway/?(?<remaining>.*), replacement=/${remaining}} to RewritePath
2026-03-27T11:06:21.215+05:30 DEBUG 24304 --- [Api-Gateway] [reshExecutor-%d] o.s.c.g.r.RouteDefinitionRouteLocator    : RouteDefinition matched: ReactiveCompositeDiscoveryClient_API-GATEWAY
2026-03-27T11:06:21.215+05:30 DEBUG 24304 --- [Api-Gateway] [reshExecutor-%d] o.s.c.g.r.RouteDefinitionRouteLocator    : RouteDefinition ReactiveCompositeDiscoveryClient_REWARDS-SERVICE applying {pattern=/rewards-service/**} to Path
2026-03-27T11:06:21.216+05:30 DEBUG 24304 --- [Api-Gateway] [reshExecutor-%d] o.s.c.g.r.RouteDefinitionRouteLocator    : RouteDefinition ReactiveCompositeDiscoveryClient_REWARDS-SERVICE applying filter {regexp=/rewards-service/?(?<remaining>.*), replacement=/${remaining}} to RewritePath
2026-03-27T11:06:21.216+05:30 DEBUG 24304 --- [Api-Gateway] [reshExecutor-%d] o.s.c.g.r.RouteDefinitionRouteLocator    : RouteDefinition matched: ReactiveCompositeDiscoveryClient_REWARDS-SERVICE
2026-03-27T11:06:21.217+05:30 DEBUG 24304 --- [Api-Gateway] [reshExecutor-%d] o.s.c.g.r.RouteDefinitionRouteLocator    : RouteDefinition ReactiveCompositeDiscoveryClient_KYC-SERVICE applying {pattern=/kyc-service/**} to Path
2026-03-27T11:06:21.217+05:30 DEBUG 24304 --- [Api-Gateway] [reshExecutor-%d] o.s.c.g.r.RouteDefinitionRouteLocator    : RouteDefinition ReactiveCompositeDiscoveryClient_KYC-SERVICE applying filter {regexp=/kyc-service/?(?<remaining>.*), replacement=/${remaining}} to RewritePath
2026-03-27T11:06:21.218+05:30 DEBUG 24304 --- [Api-Gateway] [reshExecutor-%d] o.s.c.g.r.RouteDefinitionRouteLocator    : RouteDefinition matched: ReactiveCompositeDiscoveryClient_KYC-SERVICE
2026-03-27T11:06:21.218+05:30 DEBUG 24304 --- [Api-Gateway] [reshExecutor-%d] o.s.c.g.r.RouteDefinitionRouteLocator    : RouteDefinition ReactiveCompositeDiscoveryClient_TRANSACTION-SERVICE applying {pattern=/transaction-service/**} to Path
2026-03-27T11:06:21.219+05:30 DEBUG 24304 --- [Api-Gateway] [reshExecutor-%d] o.s.c.g.r.RouteDefinitionRouteLocator    : RouteDefinition ReactiveCompositeDiscoveryClient_TRANSACTION-SERVICE applying filter {regexp=/transaction-service/?(?<remaining>.*), replacement=/${remaining}} to RewritePath
2026-03-27T11:06:21.219+05:30 DEBUG 24304 --- [Api-Gateway] [reshExecutor-%d] o.s.c.g.r.RouteDefinitionRouteLocator    : RouteDefinition matched: ReactiveCompositeDiscoveryClient_TRANSACTION-SERVICE
2026-03-27T11:06:21.220+05:30 DEBUG 24304 --- [Api-Gateway] [reshExecutor-%d] o.s.c.g.r.RouteDefinitionRouteLocator    : RouteDefinition ReactiveCompositeDiscoveryClient_ADMIN-SERVICE applying {pattern=/admin-service/**} to Path
2026-03-27T11:06:21.220+05:30 DEBUG 24304 --- [Api-Gateway] [reshExecutor-%d] o.s.c.g.r.RouteDefinitionRouteLocator    : RouteDefinition ReactiveCompositeDiscoveryClient_ADMIN-SERVICE applying filter {regexp=/admin-service/?(?<remaining>.*), replacement=/${remaining}} to RewritePath
2026-03-27T11:06:21.220+05:30 DEBUG 24304 --- [Api-Gateway] [reshExecutor-%d] o.s.c.g.r.RouteDefinitionRouteLocator    : RouteDefinition matched: ReactiveCompositeDiscoveryClient_ADMIN-SERVICE
2026-03-27T11:06:21.222+05:30 DEBUG 24304 --- [Api-Gateway] [reshExecutor-%d] o.s.c.g.r.RouteDefinitionRouteLocator    : RouteDefinition ReactiveCompositeDiscoveryClient_WALLET-SERVICE applying {pattern=/wallet-service/**} to Path
2026-03-27T11:06:21.222+05:30 DEBUG 24304 --- [Api-Gateway] [reshExecutor-%d] o.s.c.g.r.RouteDefinitionRouteLocator    : RouteDefinition ReactiveCompositeDiscoveryClient_WALLET-SERVICE applying filter {regexp=/wallet-service/?(?<remaining>.*), replacement=/${remaining}} to RewritePath
2026-03-27T11:06:21.222+05:30 DEBUG 24304 --- [Api-Gateway] [reshExecutor-%d] o.s.c.g.r.RouteDefinitionRouteLocator    : RouteDefinition matched: ReactiveCompositeDiscoveryClient_WALLET-SERVICE
2026-03-27T11:06:21.223+05:30 DEBUG 24304 --- [Api-Gateway] [reshExecutor-%d] o.s.c.g.r.RouteDefinitionRouteLocator    : RouteDefinition ReactiveCompositeDiscoveryClient_NOTIFICATION-SERVICE applying {pattern=/notification-service/**} to Path
2026-03-27T11:06:21.224+05:30 DEBUG 24304 --- [Api-Gateway] [reshExecutor-%d] o.s.c.g.r.RouteDefinitionRouteLocator    : RouteDefinition ReactiveCompositeDiscoveryClient_NOTIFICATION-SERVICE applying filter {regexp=/notification-service/?(?<remaining>.*), replacement=/${remaining}} to RewritePath
2026-03-27T11:06:21.224+05:30 DEBUG 24304 --- [Api-Gateway] [reshExecutor-%d] o.s.c.g.r.RouteDefinitionRouteLocator    : RouteDefinition matched: ReactiveCompositeDiscoveryClient_NOTIFICATION-SERVICE
2026-03-27T11:06:21.224+05:30 DEBUG 24304 --- [Api-Gateway] [reshExecutor-%d] o.s.c.g.r.RouteDefinitionRouteLocator    : RouteDefinition ReactiveCompositeDiscoveryClient_PAYMENT-SERVICES applying {pattern=/payment-services/**} to Path
2026-03-27T11:06:21.225+05:30 DEBUG 24304 --- [Api-Gateway] [reshExecutor-%d] o.s.c.g.r.RouteDefinitionRouteLocator    : RouteDefinition ReactiveCompositeDiscoveryClient_PAYMENT-SERVICES applying filter {regexp=/payment-services/?(?<remaining>.*), replacement=/${remaining}} to RewritePath
2026-03-27T11:06:21.225+05:30 DEBUG 24304 --- [Api-Gateway] [reshExecutor-%d] o.s.c.g.r.RouteDefinitionRouteLocator    : RouteDefinition matched: ReactiveCompositeDiscoveryClient_PAYMENT-SERVICES
2026-03-27T11:06:21.226+05:30 DEBUG 24304 --- [Api-Gateway] [reshExecutor-%d] o.s.c.g.r.RouteDefinitionRouteLocator    : RouteDefinition AUTH-SERVICE applying {_genkey_0=/auth/**} to Path
2026-03-27T11:06:21.226+05:30 DEBUG 24304 --- [Api-Gateway] [reshExecutor-%d] o.s.c.g.r.RouteDefinitionRouteLocator    : RouteDefinition matched: AUTH-SERVICE
2026-03-27T11:06:21.227+05:30 DEBUG 24304 --- [Api-Gateway] [reshExecutor-%d] o.s.c.g.r.RouteDefinitionRouteLocator    : RouteDefinition ADMIN-SERVICE applying {_genkey_0=/admin/**} to Path
2026-03-27T11:06:21.227+05:30 DEBUG 24304 --- [Api-Gateway] [reshExecutor-%d] o.s.c.g.r.RouteDefinitionRouteLocator    : RouteDefinition matched: ADMIN-SERVICE
2026-03-27T11:06:21.228+05:30 DEBUG 24304 --- [Api-Gateway] [reshExecutor-%d] o.s.c.g.r.RouteDefinitionRouteLocator    : RouteDefinition KYC-SERVICE applying {_genkey_0=/kyc/**} to Path
2026-03-27T11:06:21.228+05:30 DEBUG 24304 --- [Api-Gateway] [reshExecutor-%d] o.s.c.g.r.RouteDefinitionRouteLocator    : RouteDefinition matched: KYC-SERVICE
2026-03-27T11:06:21.228+05:30 DEBUG 24304 --- [Api-Gateway] [reshExecutor-%d] o.s.c.g.r.RouteDefinitionRouteLocator    : RouteDefinition PAYMENT-SERVICES applying {_genkey_0=/api/payments/**} to Path
2026-03-27T11:06:21.230+05:30 DEBUG 24304 --- [Api-Gateway] [reshExecutor-%d] o.s.c.g.r.RouteDefinitionRouteLocator    : RouteDefinition PAYMENT-SERVICES applying filter {_genkey_0=name:paymentCircuitBreaker, _genkey_1=fallbackUri:forward:/fallback/payment} to CircuitBreaker
2026-03-27T11:06:21.230+05:30 DEBUG 24304 --- [Api-Gateway] [reshExecutor-%d] o.s.c.g.r.RouteDefinitionRouteLocator    : RouteDefinition matched: PAYMENT-SERVICES
2026-03-27T11:06:21.231+05:30 DEBUG 24304 --- [Api-Gateway] [reshExecutor-%d] o.s.c.g.r.RouteDefinitionRouteLocator    : RouteDefinition WALLET-SERVICE applying {_genkey_0=/api/wallets/**} to Path
2026-03-27T11:06:21.231+05:30 DEBUG 24304 --- [Api-Gateway] [reshExecutor-%d] o.s.c.g.r.RouteDefinitionRouteLocator    : RouteDefinition WALLET-SERVICE applying filter {_genkey_0=name:walletCircuitBreaker, _genkey_1=fallbackUri:forward:/fallback/general} to CircuitBreaker
2026-03-27T11:06:21.232+05:30 DEBUG 24304 --- [Api-Gateway] [reshExecutor-%d] o.s.c.g.r.RouteDefinitionRouteLocator    : RouteDefinition matched: WALLET-SERVICE
2026-03-27T11:06:21.232+05:30 DEBUG 24304 --- [Api-Gateway] [reshExecutor-%d] o.s.c.g.r.RouteDefinitionRouteLocator    : RouteDefinition TRANSACTION-SERVICE applying {_genkey_0=/api/transaction/**} to Path
2026-03-27T11:06:21.232+05:30 DEBUG 24304 --- [Api-Gateway] [reshExecutor-%d] o.s.c.g.r.RouteDefinitionRouteLocator    : RouteDefinition TRANSACTION-SERVICE applying filter {_genkey_0=name:transactionCircuitBreaker, _genkey_1=fallbackUri:forward:/fallback/general} to CircuitBreaker
2026-03-27T11:06:21.234+05:30 DEBUG 24304 --- [Api-Gateway] [reshExecutor-%d] o.s.c.g.r.RouteDefinitionRouteLocator    : RouteDefinition matched: TRANSACTION-SERVICE
2026-03-27T11:06:21.234+05:30 DEBUG 24304 --- [Api-Gateway] [reshExecutor-%d] o.s.c.g.r.RouteDefinitionRouteLocator    : RouteDefinition REWARDS-SERVICE applying {_genkey_0=/api/rewards/**} to Path
2026-03-27T11:06:21.235+05:30 DEBUG 24304 --- [Api-Gateway] [reshExecutor-%d] o.s.c.g.r.RouteDefinitionRouteLocator    : RouteDefinition REWARDS-SERVICE applying filter {_genkey_0=name:rewardCircuitBreaker, _genkey_1=fallbackUri:forward:/fallback/reward} to CircuitBreaker
2026-03-27T11:06:21.235+05:30 DEBUG 24304 --- [Api-Gateway] [reshExecutor-%d] o.s.c.g.r.RouteDefinitionRouteLocator    : RouteDefinition matched: REWARDS-SERVICE
2026-03-27T11:06:21.236+05:30 DEBUG 24304 --- [Api-Gateway] [reshExecutor-%d] o.s.c.g.r.RouteDefinitionRouteLocator    : RouteDefinition NOTIFICATION-SERVICE applying {_genkey_0=/api/notifications/**} to Path
2026-03-27T11:06:21.236+05:30 DEBUG 24304 --- [Api-Gateway] [reshExecutor-%d] o.s.c.g.r.RouteDefinitionRouteLocator    : RouteDefinition NOTIFICATION-SERVICE applying filter {_genkey_0=name:notificationCircuitBreaker, _genkey_1=fallbackUri:forward:/fallback/general} to CircuitBreaker
2026-03-27T11:06:21.237+05:30 DEBUG 24304 --- [Api-Gateway] [reshExecutor-%d] o.s.c.g.r.RouteDefinitionRouteLocator    : RouteDefinition matched: NOTIFICATION-SERVICE
2026-03-27T11:06:21.237+05:30 DEBUG 24304 --- [Api-Gateway] [reshExecutor-%d] o.s.c.g.r.RouteDefinitionRouteLocator    : RouteDefinition USER-SERVICE applying {_genkey_0=/users/**} to Path
2026-03-27T11:06:21.237+05:30 DEBUG 24304 --- [Api-Gateway] [reshExecutor-%d] o.s.c.g.r.RouteDefinitionRouteLocator    : RouteDefinition matched: USER-SERVICE
2026-03-27T11:06:21.238+05:30 DEBUG 24304 --- [Api-Gateway] [reshExecutor-%d] o.s.c.g.filter.GatewayMetricsFilter      : New routes count: 18
2026-03-27T11:06:51.267+05:30 DEBUG 24304 --- [Api-Gateway] [reshExecutor-%d] o.s.c.g.r.RouteDefinitionRouteLocator    : RouteDefinition ReactiveCompositeDiscoveryClient_CONFIG-SERVIER applying {pattern=/config-servier/**} to Path
2026-03-27T11:06:51.269+05:30 DEBUG 24304 --- [Api-Gateway] [reshExecutor-%d] o.s.c.g.r.RouteDefinitionRouteLocator    : RouteDefinition ReactiveCompositeDiscoveryClient_CONFIG-SERVIER applying filter {regexp=/config-servier/?(?<remaining>.*), replacement=/${remaining}} to RewritePath
2026-03-27T11:06:51.270+05:30 DEBUG 24304 --- [Api-Gateway] [reshExecutor-%d] o.s.c.g.r.RouteDefinitionRouteLocator    : RouteDefinition matched: ReactiveCompositeDiscoveryClient_CONFIG-SERVIER
2026-03-27T11:06:51.271+05:30 DEBUG 24304 --- [Api-Gateway] [reshExecutor-%d] o.s.c.g.r.RouteDefinitionRouteLocator    : RouteDefinition ReactiveCompositeDiscoveryClient_API-GATEWAY applying {pattern=/api-gateway/**} to Path
2026-03-27T11:06:51.273+05:30 DEBUG 24304 --- [Api-Gateway] [reshExecutor-%d] o.s.c.g.r.RouteDefinitionRouteLocator    : RouteDefinition ReactiveCompositeDiscoveryClient_API-GATEWAY applying filter {regexp=/api-gateway/?(?<remaining>.*), replacement=/${remaining}} to RewritePath
2026-03-27T11:06:51.275+05:30 DEBUG 24304 --- [Api-Gateway] [reshExecutor-%d] o.s.c.g.r.RouteDefinitionRouteLocator    : RouteDefinition matched: ReactiveCompositeDiscoveryClient_API-GATEWAY
2026-03-27T11:06:51.275+05:30 DEBUG 24304 --- [Api-Gateway] [reshExecutor-%d] o.s.c.g.r.RouteDefinitionRouteLocator    : RouteDefinition ReactiveCompositeDiscoveryClient_REWARDS-SERVICE applying {pattern=/rewards-service/**} to Path
2026-03-27T11:06:51.276+05:30 DEBUG 24304 --- [Api-Gateway] [reshExecutor-%d] o.s.c.g.r.RouteDefinitionRouteLocator    : RouteDefinition ReactiveCompositeDiscoveryClient_REWARDS-SERVICE applying filter {regexp=/rewards-service/?(?<remaining>.*), replacement=/${remaining}} to RewritePath
2026-03-27T11:06:51.277+05:30 DEBUG 24304 --- [Api-Gateway] [reshExecutor-%d] o.s.c.g.r.RouteDefinitionRouteLocator    : RouteDefinition matched: ReactiveCompositeDiscoveryClient_REWARDS-SERVICE
2026-03-27T11:06:51.278+05:30 DEBUG 24304 --- [Api-Gateway] [reshExecutor-%d] o.s.c.g.r.RouteDefinitionRouteLocator    : RouteDefinition ReactiveCompositeDiscoveryClient_KYC-SERVICE applying {pattern=/kyc-service/**} to Path
2026-03-27T11:06:51.279+05:30 DEBUG 24304 --- [Api-Gateway] [reshExecutor-%d] o.s.c.g.r.RouteDefinitionRouteLocator    : RouteDefinition ReactiveCompositeDiscoveryClient_KYC-SERVICE applying filter {regexp=/kyc-service/?(?<remaining>.*), replacement=/${remaining}} to RewritePath
2026-03-27T11:06:51.280+05:30 DEBUG 24304 --- [Api-Gateway] [reshExecutor-%d] o.s.c.g.r.RouteDefinitionRouteLocator    : RouteDefinition matched: ReactiveCompositeDiscoveryClient_KYC-SERVICE
2026-03-27T11:06:51.282+05:30 DEBUG 24304 --- [Api-Gateway] [reshExecutor-%d] o.s.c.g.r.RouteDefinitionRouteLocator    : RouteDefinition ReactiveCompositeDiscoveryClient_TRANSACTION-SERVICE applying {pattern=/transaction-service/**} to Path
2026-03-27T11:06:51.283+05:30 DEBUG 24304 --- [Api-Gateway] [reshExecutor-%d] o.s.c.g.r.RouteDefinitionRouteLocator    : RouteDefinition ReactiveCompositeDiscoveryClient_TRANSACTION-SERVICE applying filter {regexp=/transaction-service/?(?<remaining>.*), replacement=/${remaining}} to RewritePath
2026-03-27T11:06:51.284+05:30 DEBUG 24304 --- [Api-Gateway] [reshExecutor-%d] o.s.c.g.r.RouteDefinitionRouteLocator    : RouteDefinition matched: ReactiveCompositeDiscoveryClient_TRANSACTION-SERVICE
2026-03-27T11:06:51.284+05:30 DEBUG 24304 --- [Api-Gateway] [reshExecutor-%d] o.s.c.g.r.RouteDefinitionRouteLocator    : RouteDefinition ReactiveCompositeDiscoveryClient_ADMIN-SERVICE applying {pattern=/admin-service/**} to Path
2026-03-27T11:06:51.285+05:30 DEBUG 24304 --- [Api-Gateway] [reshExecutor-%d] o.s.c.g.r.RouteDefinitionRouteLocator    : RouteDefinition ReactiveCompositeDiscoveryClient_ADMIN-SERVICE applying filter {regexp=/admin-service/?(?<remaining>.*), replacement=/${remaining}} to RewritePath
2026-03-27T11:06:51.286+05:30 DEBUG 24304 --- [Api-Gateway] [reshExecutor-%d] o.s.c.g.r.RouteDefinitionRouteLocator    : RouteDefinition matched: ReactiveCompositeDiscoveryClient_ADMIN-SERVICE
2026-03-27T11:06:51.287+05:30 DEBUG 24304 --- [Api-Gateway] [reshExecutor-%d] o.s.c.g.r.RouteDefinitionRouteLocator    : RouteDefinition ReactiveCompositeDiscoveryClient_WALLET-SERVICE applying {pattern=/wallet-service/**} to Path
2026-03-27T11:06:51.288+05:30 DEBUG 24304 --- [Api-Gateway] [reshExecutor-%d] o.s.c.g.r.RouteDefinitionRouteLocator    : RouteDefinition ReactiveCompositeDiscoveryClient_WALLET-SERVICE applying filter {regexp=/wallet-service/?(?<remaining>.*), replacement=/${remaining}} to RewritePath
2026-03-27T11:06:51.290+05:30 DEBUG 24304 --- [Api-Gateway] [reshExecutor-%d] o.s.c.g.r.RouteDefinitionRouteLocator    : RouteDefinition matched: ReactiveCompositeDiscoveryClient_WALLET-SERVICE
2026-03-27T11:06:51.290+05:30 DEBUG 24304 --- [Api-Gateway] [reshExecutor-%d] o.s.c.g.r.RouteDefinitionRouteLocator    : RouteDefinition ReactiveCompositeDiscoveryClient_NOTIFICATION-SERVICE applying {pattern=/notification-service/**} to Path
2026-03-27T11:06:51.290+05:30 DEBUG 24304 --- [Api-Gateway] [reshExecutor-%d] o.s.c.g.r.RouteDefinitionRouteLocator    : RouteDefinition ReactiveCompositeDiscoveryClient_NOTIFICATION-SERVICE applying filter {regexp=/notification-service/?(?<remaining>.*), replacement=/${remaining}} to RewritePath
2026-03-27T11:06:51.292+05:30 DEBUG 24304 --- [Api-Gateway] [reshExecutor-%d] o.s.c.g.r.RouteDefinitionRouteLocator    : RouteDefinition matched: ReactiveCompositeDiscoveryClient_NOTIFICATION-SERVICE
2026-03-27T11:06:51.293+05:30 DEBUG 24304 --- [Api-Gateway] [reshExecutor-%d] o.s.c.g.r.RouteDefinitionRouteLocator    : RouteDefinition ReactiveCompositeDiscoveryClient_PAYMENT-SERVICES applying {pattern=/payment-services/**} to Path
2026-03-27T11:06:51.294+05:30 DEBUG 24304 --- [Api-Gateway] [reshExecutor-%d] o.s.c.g.r.RouteDefinitionRouteLocator    : RouteDefinition ReactiveCompositeDiscoveryClient_PAYMENT-SERVICES applying filter {regexp=/payment-services/?(?<remaining>.*), replacement=/${remaining}} to RewritePath
2026-03-27T11:06:51.295+05:30 DEBUG 24304 --- [Api-Gateway] [reshExecutor-%d] o.s.c.g.r.RouteDefinitionRouteLocator    : RouteDefinition matched: ReactiveCompositeDiscoveryClient_PAYMENT-SERVICES
2026-03-27T11:06:51.297+05:30 DEBUG 24304 --- [Api-Gateway] [reshExecutor-%d] o.s.c.g.r.RouteDefinitionRouteLocator    : RouteDefinition ReactiveCompositeDiscoveryClient_USER-SERVICE applying {pattern=/user-service/**} to Path
2026-03-27T11:06:51.297+05:30 DEBUG 24304 --- [Api-Gateway] [reshExecutor-%d] o.s.c.g.r.RouteDefinitionRouteLocator    : RouteDefinition ReactiveCompositeDiscoveryClient_USER-SERVICE applying filter {regexp=/user-service/?(?<remaining>.*), replacement=/${remaining}} to RewritePath
2026-03-27T11:06:51.298+05:30 DEBUG 24304 --- [Api-Gateway] [reshExecutor-%d] o.s.c.g.r.RouteDefinitionRouteLocator    : RouteDefinition matched: ReactiveCompositeDiscoveryClient_USER-SERVICE
2026-03-27T11:06:51.299+05:30 DEBUG 24304 --- [Api-Gateway] [reshExecutor-%d] o.s.c.g.r.RouteDefinitionRouteLocator    : RouteDefinition AUTH-SERVICE applying {_genkey_0=/auth/**} to Path
2026-03-27T11:06:51.300+05:30 DEBUG 24304 --- [Api-Gateway] [reshExecutor-%d] o.s.c.g.r.RouteDefinitionRouteLocator    : RouteDefinition matched: AUTH-SERVICE
2026-03-27T11:06:51.300+05:30 DEBUG 24304 --- [Api-Gateway] [reshExecutor-%d] o.s.c.g.r.RouteDefinitionRouteLocator    : RouteDefinition ADMIN-SERVICE applying {_genkey_0=/admin/**} to Path
2026-03-27T11:06:51.301+05:30 DEBUG 24304 --- [Api-Gateway] [reshExecutor-%d] o.s.c.g.r.RouteDefinitionRouteLocator    : RouteDefinition matched: ADMIN-SERVICE
2026-03-27T11:06:51.301+05:30 DEBUG 24304 --- [Api-Gateway] [reshExecutor-%d] o.s.c.g.r.RouteDefinitionRouteLocator    : RouteDefinition KYC-SERVICE applying {_genkey_0=/kyc/**} to Path
2026-03-27T11:06:51.302+05:30 DEBUG 24304 --- [Api-Gateway] [reshExecutor-%d] o.s.c.g.r.RouteDefinitionRouteLocator    : RouteDefinition matched: KYC-SERVICE
2026-03-27T11:06:51.302+05:30 DEBUG 24304 --- [Api-Gateway] [reshExecutor-%d] o.s.c.g.r.RouteDefinitionRouteLocator    : RouteDefinition PAYMENT-SERVICES applying {_genkey_0=/api/payments/**} to Path
2026-03-27T11:06:51.303+05:30 DEBUG 24304 --- [Api-Gateway] [reshExecutor-%d] o.s.c.g.r.RouteDefinitionRouteLocator    : RouteDefinition PAYMENT-SERVICES applying filter {_genkey_0=name:paymentCircuitBreaker, _genkey_1=fallbackUri:forward:/fallback/payment} to CircuitBreaker
2026-03-27T11:06:51.304+05:30 DEBUG 24304 --- [Api-Gateway] [reshExecutor-%d] o.s.c.g.r.RouteDefinitionRouteLocator    : RouteDefinition matched: PAYMENT-SERVICES
2026-03-27T11:06:51.304+05:30 DEBUG 24304 --- [Api-Gateway] [reshExecutor-%d] o.s.c.g.r.RouteDefinitionRouteLocator    : RouteDefinition WALLET-SERVICE applying {_genkey_0=/api/wallets/**} to Path
2026-03-27T11:06:51.305+05:30 DEBUG 24304 --- [Api-Gateway] [reshExecutor-%d] o.s.c.g.r.RouteDefinitionRouteLocator    : RouteDefinition WALLET-SERVICE applying filter {_genkey_0=name:walletCircuitBreaker, _genkey_1=fallbackUri:forward:/fallback/general} to CircuitBreaker
2026-03-27T11:06:51.305+05:30 DEBUG 24304 --- [Api-Gateway] [reshExecutor-%d] o.s.c.g.r.RouteDefinitionRouteLocator    : RouteDefinition matched: WALLET-SERVICE
2026-03-27T11:06:51.306+05:30 DEBUG 24304 --- [Api-Gateway] [reshExecutor-%d] o.s.c.g.r.RouteDefinitionRouteLocator    : RouteDefinition TRANSACTION-SERVICE applying {_genkey_0=/api/transaction/**} to Path
2026-03-27T11:06:51.306+05:30 DEBUG 24304 --- [Api-Gateway] [reshExecutor-%d] o.s.c.g.r.RouteDefinitionRouteLocator    : RouteDefinition TRANSACTION-SERVICE applying filter {_genkey_0=name:transactionCircuitBreaker, _genkey_1=fallbackUri:forward:/fallback/general} to CircuitBreaker
2026-03-27T11:06:51.307+05:30 DEBUG 24304 --- [Api-Gateway] [reshExecutor-%d] o.s.c.g.r.RouteDefinitionRouteLocator    : RouteDefinition matched: TRANSACTION-SERVICE
2026-03-27T11:06:51.307+05:30 DEBUG 24304 --- [Api-Gateway] [reshExecutor-%d] o.s.c.g.r.RouteDefinitionRouteLocator    : RouteDefinition REWARDS-SERVICE applying {_genkey_0=/api/rewards/**} to Path
2026-03-27T11:06:51.307+05:30 DEBUG 24304 --- [Api-Gateway] [reshExecutor-%d] o.s.c.g.r.RouteDefinitionRouteLocator    : RouteDefinition REWARDS-SERVICE applying filter {_genkey_0=name:rewardCircuitBreaker, _genkey_1=fallbackUri:forward:/fallback/reward} to CircuitBreaker
2026-03-27T11:06:51.307+05:30 DEBUG 24304 --- [Api-Gateway] [reshExecutor-%d] o.s.c.g.r.RouteDefinitionRouteLocator    : RouteDefinition matched: REWARDS-SERVICE
2026-03-27T11:06:51.309+05:30 DEBUG 24304 --- [Api-Gateway] [reshExecutor-%d] o.s.c.g.r.RouteDefinitionRouteLocator    : RouteDefinition NOTIFICATION-SERVICE applying {_genkey_0=/api/notifications/**} to Path
2026-03-27T11:06:51.309+05:30 DEBUG 24304 --- [Api-Gateway] [reshExecutor-%d] o.s.c.g.r.RouteDefinitionRouteLocator    : RouteDefinition NOTIFICATION-SERVICE applying filter {_genkey_0=name:notificationCircuitBreaker, _genkey_1=fallbackUri:forward:/fallback/general} to CircuitBreaker
2026-03-27T11:06:51.309+05:30 DEBUG 24304 --- [Api-Gateway] [reshExecutor-%d] o.s.c.g.r.RouteDefinitionRouteLocator    : RouteDefinition matched: NOTIFICATION-SERVICE
2026-03-27T11:06:51.310+05:30 DEBUG 24304 --- [Api-Gateway] [reshExecutor-%d] o.s.c.g.r.RouteDefinitionRouteLocator    : RouteDefinition USER-SERVICE applying {_genkey_0=/users/**} to Path
2026-03-27T11:06:51.310+05:30 DEBUG 24304 --- [Api-Gateway] [reshExecutor-%d] o.s.c.g.r.RouteDefinitionRouteLocator    : RouteDefinition matched: USER-SERVICE
2026-03-27T11:06:51.311+05:30 DEBUG 24304 --- [Api-Gateway] [reshExecutor-%d] o.s.c.g.filter.GatewayMetricsFilter      : New routes count: 19
2026-03-27T11:07:21.334+05:30 DEBUG 24304 --- [Api-Gateway] [reshExecutor-%d] o.s.c.g.r.RouteDefinitionRouteLocator    : RouteDefinition ReactiveCompositeDiscoveryClient_CONFIG-SERVIER applying {pattern=/config-servier/**} to Path
2026-03-27T11:07:21.335+05:30 DEBUG 24304 --- [Api-Gateway] [reshExecutor-%d] o.s.c.g.r.RouteDefinitionRouteLocator    : RouteDefinition ReactiveCompositeDiscoveryClient_CONFIG-SERVIER applying filter {regexp=/config-servier/?(?<remaining>.*), replacement=/${remaining}} to RewritePath
2026-03-27T11:07:21.336+05:30 DEBUG 24304 --- [Api-Gateway] [reshExecutor-%d] o.s.c.g.r.RouteDefinitionRouteLocator    : RouteDefinition matched: ReactiveCompositeDiscoveryClient_CONFIG-SERVIER
2026-03-27T11:07:21.336+05:30 DEBUG 24304 --- [Api-Gateway] [reshExecutor-%d] o.s.c.g.r.RouteDefinitionRouteLocator    : RouteDefinition ReactiveCompositeDiscoveryClient_API-GATEWAY applying {pattern=/api-gateway/**} to Path
2026-03-27T11:07:21.337+05:30 DEBUG 24304 --- [Api-Gateway] [reshExecutor-%d] o.s.c.g.r.RouteDefinitionRouteLocator    : RouteDefinition ReactiveCompositeDiscoveryClient_API-GATEWAY applying filter {regexp=/api-gateway/?(?<remaining>.*), replacement=/${remaining}} to RewritePath
2026-03-27T11:07:21.337+05:30 DEBUG 24304 --- [Api-Gateway] [reshExecutor-%d] o.s.c.g.r.RouteDefinitionRouteLocator    : RouteDefinition matched: ReactiveCompositeDiscoveryClient_API-GATEWAY
2026-03-27T11:07:21.337+05:30 DEBUG 24304 --- [Api-Gateway] [reshExecutor-%d] o.s.c.g.r.RouteDefinitionRouteLocator    : RouteDefinition ReactiveCompositeDiscoveryClient_REWARDS-SERVICE applying {pattern=/rewards-service/**} to Path
2026-03-27T11:07:21.338+05:30 DEBUG 24304 --- [Api-Gateway] [reshExecutor-%d] o.s.c.g.r.RouteDefinitionRouteLocator    : RouteDefinition ReactiveCompositeDiscoveryClient_REWARDS-SERVICE applying filter {regexp=/rewards-service/?(?<remaining>.*), replacement=/${remaining}} to RewritePath
2026-03-27T11:07:21.338+05:30 DEBUG 24304 --- [Api-Gateway] [reshExecutor-%d] o.s.c.g.r.RouteDefinitionRouteLocator    : RouteDefinition matched: ReactiveCompositeDiscoveryClient_REWARDS-SERVICE
2026-03-27T11:07:21.339+05:30 DEBUG 24304 --- [Api-Gateway] [reshExecutor-%d] o.s.c.g.r.RouteDefinitionRouteLocator    : RouteDefinition ReactiveCompositeDiscoveryClient_KYC-SERVICE applying {pattern=/kyc-service/**} to Path
2026-03-27T11:07:21.339+05:30 DEBUG 24304 --- [Api-Gateway] [reshExecutor-%d] o.s.c.g.r.RouteDefinitionRouteLocator    : RouteDefinition ReactiveCompositeDiscoveryClient_KYC-SERVICE applying filter {regexp=/kyc-service/?(?<remaining>.*), replacement=/${remaining}} to RewritePath
2026-03-27T11:07:21.339+05:30 DEBUG 24304 --- [Api-Gateway] [reshExecutor-%d] o.s.c.g.r.RouteDefinitionRouteLocator    : RouteDefinition matched: ReactiveCompositeDiscoveryClient_KYC-SERVICE
2026-03-27T11:07:21.340+05:30 DEBUG 24304 --- [Api-Gateway] [reshExecutor-%d] o.s.c.g.r.RouteDefinitionRouteLocator    : RouteDefinition ReactiveCompositeDiscoveryClient_TRANSACTION-SERVICE applying {pattern=/transaction-service/**} to Path
2026-03-27T11:07:21.340+05:30 DEBUG 24304 --- [Api-Gateway] [reshExecutor-%d] o.s.c.g.r.RouteDefinitionRouteLocator    : RouteDefinition ReactiveCompositeDiscoveryClient_TRANSACTION-SERVICE applying filter {regexp=/transaction-service/?(?<remaining>.*), replacement=/${remaining}} to RewritePath
2026-03-27T11:07:21.340+05:30 DEBUG 24304 --- [Api-Gateway] [reshExecutor-%d] o.s.c.g.r.RouteDefinitionRouteLocator    : RouteDefinition matched: ReactiveCompositeDiscoveryClient_TRANSACTION-SERVICE
2026-03-27T11:07:21.340+05:30 DEBUG 24304 --- [Api-Gateway] [reshExecutor-%d] o.s.c.g.r.RouteDefinitionRouteLocator    : RouteDefinition ReactiveCompositeDiscoveryClient_ADMIN-SERVICE applying {pattern=/admin-service/**} to Path
2026-03-27T11:07:21.342+05:30 DEBUG 24304 --- [Api-Gateway] [reshExecutor-%d] o.s.c.g.r.RouteDefinitionRouteLocator    : RouteDefinition ReactiveCompositeDiscoveryClient_ADMIN-SERVICE applying filter {regexp=/admin-service/?(?<remaining>.*), replacement=/${remaining}} to RewritePath
2026-03-27T11:07:21.342+05:30 DEBUG 24304 --- [Api-Gateway] [reshExecutor-%d] o.s.c.g.r.RouteDefinitionRouteLocator    : RouteDefinition matched: ReactiveCompositeDiscoveryClient_ADMIN-SERVICE
2026-03-27T11:07:21.342+05:30 DEBUG 24304 --- [Api-Gateway] [reshExecutor-%d] o.s.c.g.r.RouteDefinitionRouteLocator    : RouteDefinition ReactiveCompositeDiscoveryClient_WALLET-SERVICE applying {pattern=/wallet-service/**} to Path
2026-03-27T11:07:21.343+05:30 DEBUG 24304 --- [Api-Gateway] [reshExecutor-%d] o.s.c.g.r.RouteDefinitionRouteLocator    : RouteDefinition ReactiveCompositeDiscoveryClient_WALLET-SERVICE applying filter {regexp=/wallet-service/?(?<remaining>.*), replacement=/${remaining}} to RewritePath
2026-03-27T11:07:21.343+05:30 DEBUG 24304 --- [Api-Gateway] [reshExecutor-%d] o.s.c.g.r.RouteDefinitionRouteLocator    : RouteDefinition matched: ReactiveCompositeDiscoveryClient_WALLET-SERVICE
2026-03-27T11:07:21.343+05:30 DEBUG 24304 --- [Api-Gateway] [reshExecutor-%d] o.s.c.g.r.RouteDefinitionRouteLocator    : RouteDefinition ReactiveCompositeDiscoveryClient_NOTIFICATION-SERVICE applying {pattern=/notification-service/**} to Path
2026-03-27T11:07:21.343+05:30 DEBUG 24304 --- [Api-Gateway] [reshExecutor-%d] o.s.c.g.r.RouteDefinitionRouteLocator    : RouteDefinition ReactiveCompositeDiscoveryClient_NOTIFICATION-SERVICE applying filter {regexp=/notification-service/?(?<remaining>.*), replacement=/${remaining}} to RewritePath
2026-03-27T11:07:21.344+05:30 DEBUG 24304 --- [Api-Gateway] [reshExecutor-%d] o.s.c.g.r.RouteDefinitionRouteLocator    : RouteDefinition matched: ReactiveCompositeDiscoveryClient_NOTIFICATION-SERVICE
2026-03-27T11:07:21.344+05:30 DEBUG 24304 --- [Api-Gateway] [reshExecutor-%d] o.s.c.g.r.RouteDefinitionRouteLocator    : RouteDefinition ReactiveCompositeDiscoveryClient_PAYMENT-SERVICES applying {pattern=/payment-services/**} to Path
2026-03-27T11:07:21.345+05:30 DEBUG 24304 --- [Api-Gateway] [reshExecutor-%d] o.s.c.g.r.RouteDefinitionRouteLocator    : RouteDefinition ReactiveCompositeDiscoveryClient_PAYMENT-SERVICES applying filter {regexp=/payment-services/?(?<remaining>.*), replacement=/${remaining}} to RewritePath
2026-03-27T11:07:21.346+05:30 DEBUG 24304 --- [Api-Gateway] [reshExecutor-%d] o.s.c.g.r.RouteDefinitionRouteLocator    : RouteDefinition matched: ReactiveCompositeDiscoveryClient_PAYMENT-SERVICES
2026-03-27T11:07:21.347+05:30 DEBUG 24304 --- [Api-Gateway] [reshExecutor-%d] o.s.c.g.r.RouteDefinitionRouteLocator    : RouteDefinition AUTH-SERVICE applying {_genkey_0=/auth/**} to Path
2026-03-27T11:07:21.347+05:30 DEBUG 24304 --- [Api-Gateway] [reshExecutor-%d] o.s.c.g.r.RouteDefinitionRouteLocator    : RouteDefinition matched: AUTH-SERVICE
2026-03-27T11:07:21.347+05:30 DEBUG 24304 --- [Api-Gateway] [reshExecutor-%d] o.s.c.g.r.RouteDefinitionRouteLocator    : RouteDefinition ADMIN-SERVICE applying {_genkey_0=/admin/**} to Path
2026-03-27T11:07:21.348+05:30 DEBUG 24304 --- [Api-Gateway] [reshExecutor-%d] o.s.c.g.r.RouteDefinitionRouteLocator    : RouteDefinition matched: ADMIN-SERVICE
2026-03-27T11:07:21.348+05:30 DEBUG 24304 --- [Api-Gateway] [reshExecutor-%d] o.s.c.g.r.RouteDefinitionRouteLocator    : RouteDefinition KYC-SERVICE applying {_genkey_0=/kyc/**} to Path
2026-03-27T11:07:21.349+05:30 DEBUG 24304 --- [Api-Gateway] [reshExecutor-%d] o.s.c.g.r.RouteDefinitionRouteLocator    : RouteDefinition matched: KYC-SERVICE
2026-03-27T11:07:21.349+05:30 DEBUG 24304 --- [Api-Gateway] [reshExecutor-%d] o.s.c.g.r.RouteDefinitionRouteLocator    : RouteDefinition PAYMENT-SERVICES applying {_genkey_0=/api/payments/**} to Path
2026-03-27T11:07:21.350+05:30 DEBUG 24304 --- [Api-Gateway] [reshExecutor-%d] o.s.c.g.r.RouteDefinitionRouteLocator    : RouteDefinition PAYMENT-SERVICES applying filter {_genkey_0=name:paymentCircuitBreaker, _genkey_1=fallbackUri:forward:/fallback/payment} to CircuitBreaker
2026-03-27T11:07:21.350+05:30 DEBUG 24304 --- [Api-Gateway] [reshExecutor-%d] o.s.c.g.r.RouteDefinitionRouteLocator    : RouteDefinition matched: PAYMENT-SERVICES
2026-03-27T11:07:21.351+05:30 DEBUG 24304 --- [Api-Gateway] [reshExecutor-%d] o.s.c.g.r.RouteDefinitionRouteLocator    : RouteDefinition WALLET-SERVICE applying {_genkey_0=/api/wallets/**} to Path
2026-03-27T11:07:21.351+05:30 DEBUG 24304 --- [Api-Gateway] [reshExecutor-%d] o.s.c.g.r.RouteDefinitionRouteLocator    : RouteDefinition WALLET-SERVICE applying filter {_genkey_0=name:walletCircuitBreaker, _genkey_1=fallbackUri:forward:/fallback/general} to CircuitBreaker
2026-03-27T11:07:21.352+05:30 DEBUG 24304 --- [Api-Gateway] [reshExecutor-%d] o.s.c.g.r.RouteDefinitionRouteLocator    : RouteDefinition matched: WALLET-SERVICE
2026-03-27T11:07:21.352+05:30 DEBUG 24304 --- [Api-Gateway] [reshExecutor-%d] o.s.c.g.r.RouteDefinitionRouteLocator    : RouteDefinition TRANSACTION-SERVICE applying {_genkey_0=/api/transaction/**} to Path
2026-03-27T11:07:21.352+05:30 DEBUG 24304 --- [Api-Gateway] [reshExecutor-%d] o.s.c.g.r.RouteDefinitionRouteLocator    : RouteDefinition TRANSACTION-SERVICE applying filter {_genkey_0=name:transactionCircuitBreaker, _genkey_1=fallbackUri:forward:/fallback/general} to CircuitBreaker
2026-03-27T11:07:21.353+05:30 DEBUG 24304 --- [Api-Gateway] [reshExecutor-%d] o.s.c.g.r.RouteDefinitionRouteLocator    : RouteDefinition matched: TRANSACTION-SERVICE
2026-03-27T11:07:21.353+05:30 DEBUG 24304 --- [Api-Gateway] [reshExecutor-%d] o.s.c.g.r.RouteDefinitionRouteLocator    : RouteDefinition REWARDS-SERVICE applying {_genkey_0=/api/rewards/**} to Path
2026-03-27T11:07:21.354+05:30 DEBUG 24304 --- [Api-Gateway] [reshExecutor-%d] o.s.c.g.r.RouteDefinitionRouteLocator    : RouteDefinition REWARDS-SERVICE applying filter {_genkey_0=name:rewardCircuitBreaker, _genkey_1=fallbackUri:forward:/fallback/reward} to CircuitBreaker
2026-03-27T11:07:21.354+05:30 DEBUG 24304 --- [Api-Gateway] [reshExecutor-%d] o.s.c.g.r.RouteDefinitionRouteLocator    : RouteDefinition matched: REWARDS-SERVICE
2026-03-27T11:07:21.354+05:30 DEBUG 24304 --- [Api-Gateway] [reshExecutor-%d] o.s.c.g.r.RouteDefinitionRouteLocator    : RouteDefinition NOTIFICATION-SERVICE applying {_genkey_0=/api/notifications/**} to Path
2026-03-27T11:07:21.356+05:30 DEBUG 24304 --- [Api-Gateway] [reshExecutor-%d] o.s.c.g.r.RouteDefinitionRouteLocator    : RouteDefinition NOTIFICATION-SERVICE applying filter {_genkey_0=name:notificationCircuitBreaker, _genkey_1=fallbackUri:forward:/fallback/general} to CircuitBreaker
2026-03-27T11:07:21.356+05:30 DEBUG 24304 --- [Api-Gateway] [reshExecutor-%d] o.s.c.g.r.RouteDefinitionRouteLocator    : RouteDefinition matched: NOTIFICATION-SERVICE
2026-03-27T11:07:21.357+05:30 DEBUG 24304 --- [Api-Gateway] [reshExecutor-%d] o.s.c.g.r.RouteDefinitionRouteLocator    : RouteDefinition USER-SERVICE applying {_genkey_0=/users/**} to Path
2026-03-27T11:07:21.357+05:30 DEBUG 24304 --- [Api-Gateway] [reshExecutor-%d] o.s.c.g.r.RouteDefinitionRouteLocator    : RouteDefinition matched: USER-SERVICE
2026-03-27T11:07:21.358+05:30 DEBUG 24304 --- [Api-Gateway] [reshExecutor-%d] o.s.c.g.filter.GatewayMetricsFilter      : New routes count: 18
2026-03-27T11:07:51.389+05:30 DEBUG 24304 --- [Api-Gateway] [reshExecutor-%d] o.s.c.g.r.RouteDefinitionRouteLocator    : RouteDefinition ReactiveCompositeDiscoveryClient_CONFIG-SERVIER applying {pattern=/config-servier/**} to Path
2026-03-27T11:07:51.395+05:30 DEBUG 24304 --- [Api-Gateway] [reshExecutor-%d] o.s.c.g.r.RouteDefinitionRouteLocator    : RouteDefinition ReactiveCompositeDiscoveryClient_CONFIG-SERVIER applying filter {regexp=/config-servier/?(?<remaining>.*), replacement=/${remaining}} to RewritePath
2026-03-27T11:07:51.396+05:30 DEBUG 24304 --- [Api-Gateway] [reshExecutor-%d] o.s.c.g.r.RouteDefinitionRouteLocator    : RouteDefinition matched: ReactiveCompositeDiscoveryClient_CONFIG-SERVIER
2026-03-27T11:07:51.397+05:30 DEBUG 24304 --- [Api-Gateway] [reshExecutor-%d] o.s.c.g.r.RouteDefinitionRouteLocator    : RouteDefinition ReactiveCompositeDiscoveryClient_API-GATEWAY applying {pattern=/api-gateway/**} to Path
2026-03-27T11:07:51.399+05:30 DEBUG 24304 --- [Api-Gateway] [reshExecutor-%d] o.s.c.g.r.RouteDefinitionRouteLocator    : RouteDefinition ReactiveCompositeDiscoveryClient_API-GATEWAY applying filter {regexp=/api-gateway/?(?<remaining>.*), replacement=/${remaining}} to RewritePath
2026-03-27T11:07:51.399+05:30 DEBUG 24304 --- [Api-Gateway] [reshExecutor-%d] o.s.c.g.r.RouteDefinitionRouteLocator    : RouteDefinition matched: ReactiveCompositeDiscoveryClient_API-GATEWAY
2026-03-27T11:07:51.401+05:30 DEBUG 24304 --- [Api-Gateway] [reshExecutor-%d] o.s.c.g.r.RouteDefinitionRouteLocator    : RouteDefinition ReactiveCompositeDiscoveryClient_REWARDS-SERVICE applying {pattern=/rewards-service/**} to Path
2026-03-27T11:07:51.402+05:30 DEBUG 24304 --- [Api-Gateway] [reshExecutor-%d] o.s.c.g.r.RouteDefinitionRouteLocator    : RouteDefinition ReactiveCompositeDiscoveryClient_REWARDS-SERVICE applying filter {regexp=/rewards-service/?(?<remaining>.*), replacement=/${remaining}} to RewritePath
2026-03-27T11:07:51.404+05:30 DEBUG 24304 --- [Api-Gateway] [reshExecutor-%d] o.s.c.g.r.RouteDefinitionRouteLocator    : RouteDefinition matched: ReactiveCompositeDiscoveryClient_REWARDS-SERVICE
2026-03-27T11:07:51.404+05:30 DEBUG 24304 --- [Api-Gateway] [reshExecutor-%d] o.s.c.g.r.RouteDefinitionRouteLocator    : RouteDefinition ReactiveCompositeDiscoveryClient_KYC-SERVICE applying {pattern=/kyc-service/**} to Path
2026-03-27T11:07:51.406+05:30 DEBUG 24304 --- [Api-Gateway] [reshExecutor-%d] o.s.c.g.r.RouteDefinitionRouteLocator    : RouteDefinition ReactiveCompositeDiscoveryClient_KYC-SERVICE applying filter {regexp=/kyc-service/?(?<remaining>.*), replacement=/${remaining}} to RewritePath
2026-03-27T11:07:51.407+05:30 DEBUG 24304 --- [Api-Gateway] [reshExecutor-%d] o.s.c.g.r.RouteDefinitionRouteLocator    : RouteDefinition matched: ReactiveCompositeDiscoveryClient_KYC-SERVICE
2026-03-27T11:07:51.408+05:30 DEBUG 24304 --- [Api-Gateway] [reshExecutor-%d] o.s.c.g.r.RouteDefinitionRouteLocator    : RouteDefinition ReactiveCompositeDiscoveryClient_TRANSACTION-SERVICE applying {pattern=/transaction-service/**} to Path
2026-03-27T11:07:51.409+05:30 DEBUG 24304 --- [Api-Gateway] [reshExecutor-%d] o.s.c.g.r.RouteDefinitionRouteLocator    : RouteDefinition ReactiveCompositeDiscoveryClient_TRANSACTION-SERVICE applying filter {regexp=/transaction-service/?(?<remaining>.*), replacement=/${remaining}} to RewritePath
2026-03-27T11:07:51.410+05:30 DEBUG 24304 --- [Api-Gateway] [reshExecutor-%d] o.s.c.g.r.RouteDefinitionRouteLocator    : RouteDefinition matched: ReactiveCompositeDiscoveryClient_TRANSACTION-SERVICE
2026-03-27T11:07:51.410+05:30 DEBUG 24304 --- [Api-Gateway] [reshExecutor-%d] o.s.c.g.r.RouteDefinitionRouteLocator    : RouteDefinition ReactiveCompositeDiscoveryClient_WALLET-SERVICE applying {pattern=/wallet-service/**} to Path
2026-03-27T11:07:51.411+05:30 DEBUG 24304 --- [Api-Gateway] [reshExecutor-%d] o.s.c.g.r.RouteDefinitionRouteLocator    : RouteDefinition ReactiveCompositeDiscoveryClient_WALLET-SERVICE applying filter {regexp=/wallet-service/?(?<remaining>.*), replacement=/${remaining}} to RewritePath
2026-03-27T11:07:51.412+05:30 DEBUG 24304 --- [Api-Gateway] [reshExecutor-%d] o.s.c.g.r.RouteDefinitionRouteLocator    : RouteDefinition matched: ReactiveCompositeDiscoveryClient_WALLET-SERVICE
2026-03-27T11:07:51.413+05:30 DEBUG 24304 --- [Api-Gateway] [reshExecutor-%d] o.s.c.g.r.RouteDefinitionRouteLocator    : RouteDefinition ReactiveCompositeDiscoveryClient_NOTIFICATION-SERVICE applying {pattern=/notification-service/**} to Path
2026-03-27T11:07:51.414+05:30 DEBUG 24304 --- [Api-Gateway] [reshExecutor-%d] o.s.c.g.r.RouteDefinitionRouteLocator    : RouteDefinition ReactiveCompositeDiscoveryClient_NOTIFICATION-SERVICE applying filter {regexp=/notification-service/?(?<remaining>.*), replacement=/${remaining}} to RewritePath
2026-03-27T11:07:51.415+05:30 DEBUG 24304 --- [Api-Gateway] [reshExecutor-%d] o.s.c.g.r.RouteDefinitionRouteLocator    : RouteDefinition matched: ReactiveCompositeDiscoveryClient_NOTIFICATION-SERVICE
2026-03-27T11:07:51.415+05:30 DEBUG 24304 --- [Api-Gateway] [reshExecutor-%d] o.s.c.g.r.RouteDefinitionRouteLocator    : RouteDefinition ReactiveCompositeDiscoveryClient_PAYMENT-SERVICES applying {pattern=/payment-services/**} to Path
2026-03-27T11:07:51.416+05:30 DEBUG 24304 --- [Api-Gateway] [reshExecutor-%d] o.s.c.g.r.RouteDefinitionRouteLocator    : RouteDefinition ReactiveCompositeDiscoveryClient_PAYMENT-SERVICES applying filter {regexp=/payment-services/?(?<remaining>.*), replacement=/${remaining}} to RewritePath
2026-03-27T11:07:51.417+05:30 DEBUG 24304 --- [Api-Gateway] [reshExecutor-%d] o.s.c.g.r.RouteDefinitionRouteLocator    : RouteDefinition matched: ReactiveCompositeDiscoveryClient_PAYMENT-SERVICES
2026-03-27T11:07:51.417+05:30 DEBUG 24304 --- [Api-Gateway] [reshExecutor-%d] o.s.c.g.r.RouteDefinitionRouteLocator    : RouteDefinition ReactiveCompositeDiscoveryClient_USER-SERVICE applying {pattern=/user-service/**} to Path
2026-03-27T11:07:51.418+05:30 DEBUG 24304 --- [Api-Gateway] [reshExecutor-%d] o.s.c.g.r.RouteDefinitionRouteLocator    : RouteDefinition ReactiveCompositeDiscoveryClient_USER-SERVICE applying filter {regexp=/user-service/?(?<remaining>.*), replacement=/${remaining}} to RewritePath
2026-03-27T11:07:51.418+05:30 DEBUG 24304 --- [Api-Gateway] [reshExecutor-%d] o.s.c.g.r.RouteDefinitionRouteLocator    : RouteDefinition matched: ReactiveCompositeDiscoveryClient_USER-SERVICE
2026-03-27T11:07:51.418+05:30 DEBUG 24304 --- [Api-Gateway] [reshExecutor-%d] o.s.c.g.r.RouteDefinitionRouteLocator    : RouteDefinition AUTH-SERVICE applying {_genkey_0=/auth/**} to Path
2026-03-27T11:07:51.419+05:30 DEBUG 24304 --- [Api-Gateway] [reshExecutor-%d] o.s.c.g.r.RouteDefinitionRouteLocator    : RouteDefinition matched: AUTH-SERVICE
2026-03-27T11:07:51.419+05:30 DEBUG 24304 --- [Api-Gateway] [reshExecutor-%d] o.s.c.g.r.RouteDefinitionRouteLocator    : RouteDefinition ADMIN-SERVICE applying {_genkey_0=/admin/**} to Path
2026-03-27T11:07:51.419+05:30 DEBUG 24304 --- [Api-Gateway] [reshExecutor-%d] o.s.c.g.r.RouteDefinitionRouteLocator    : RouteDefinition matched: ADMIN-SERVICE
2026-03-27T11:07:51.420+05:30 DEBUG 24304 --- [Api-Gateway] [reshExecutor-%d] o.s.c.g.r.RouteDefinitionRouteLocator    : RouteDefinition KYC-SERVICE applying {_genkey_0=/kyc/**} to Path
2026-03-27T11:07:51.420+05:30 DEBUG 24304 --- [Api-Gateway] [reshExecutor-%d] o.s.c.g.r.RouteDefinitionRouteLocator    : RouteDefinition matched: KYC-SERVICE
2026-03-27T11:07:51.420+05:30 DEBUG 24304 --- [Api-Gateway] [reshExecutor-%d] o.s.c.g.r.RouteDefinitionRouteLocator    : RouteDefinition PAYMENT-SERVICES applying {_genkey_0=/api/payments/**} to Path
2026-03-27T11:07:51.420+05:30 DEBUG 24304 --- [Api-Gateway] [reshExecutor-%d] o.s.c.g.r.RouteDefinitionRouteLocator    : RouteDefinition PAYMENT-SERVICES applying filter {_genkey_0=name:paymentCircuitBreaker, _genkey_1=fallbackUri:forward:/fallback/payment} to CircuitBreaker
2026-03-27T11:07:51.420+05:30 DEBUG 24304 --- [Api-Gateway] [reshExecutor-%d] o.s.c.g.r.RouteDefinitionRouteLocator    : RouteDefinition matched: PAYMENT-SERVICES
2026-03-27T11:07:51.422+05:30 DEBUG 24304 --- [Api-Gateway] [reshExecutor-%d] o.s.c.g.r.RouteDefinitionRouteLocator    : RouteDefinition WALLET-SERVICE applying {_genkey_0=/api/wallets/**} to Path
2026-03-27T11:07:51.422+05:30 DEBUG 24304 --- [Api-Gateway] [reshExecutor-%d] o.s.c.g.r.RouteDefinitionRouteLocator    : RouteDefinition WALLET-SERVICE applying filter {_genkey_0=name:walletCircuitBreaker, _genkey_1=fallbackUri:forward:/fallback/general} to CircuitBreaker
2026-03-27T11:07:51.422+05:30 DEBUG 24304 --- [Api-Gateway] [reshExecutor-%d] o.s.c.g.r.RouteDefinitionRouteLocator    : RouteDefinition matched: WALLET-SERVICE
2026-03-27T11:07:51.422+05:30 DEBUG 24304 --- [Api-Gateway] [reshExecutor-%d] o.s.c.g.r.RouteDefinitionRouteLocator    : RouteDefinition TRANSACTION-SERVICE applying {_genkey_0=/api/transaction/**} to Path
2026-03-27T11:07:51.422+05:30 DEBUG 24304 --- [Api-Gateway] [reshExecutor-%d] o.s.c.g.r.RouteDefinitionRouteLocator    : RouteDefinition TRANSACTION-SERVICE applying filter {_genkey_0=name:transactionCircuitBreaker, _genkey_1=fallbackUri:forward:/fallback/general} to CircuitBreaker
2026-03-27T11:07:51.423+05:30 DEBUG 24304 --- [Api-Gateway] [reshExecutor-%d] o.s.c.g.r.RouteDefinitionRouteLocator    : RouteDefinition matched: TRANSACTION-SERVICE
2026-03-27T11:07:51.423+05:30 DEBUG 24304 --- [Api-Gateway] [reshExecutor-%d] o.s.c.g.r.RouteDefinitionRouteLocator    : RouteDefinition REWARDS-SERVICE applying {_genkey_0=/api/rewards/**} to Path
2026-03-27T11:07:51.423+05:30 DEBUG 24304 --- [Api-Gateway] [reshExecutor-%d] o.s.c.g.r.RouteDefinitionRouteLocator    : RouteDefinition REWARDS-SERVICE applying filter {_genkey_0=name:rewardCircuitBreaker, _genkey_1=fallbackUri:forward:/fallback/reward} to CircuitBreaker
2026-03-27T11:07:51.424+05:30 DEBUG 24304 --- [Api-Gateway] [reshExecutor-%d] o.s.c.g.r.RouteDefinitionRouteLocator    : RouteDefinition matched: REWARDS-SERVICE
2026-03-27T11:07:51.424+05:30 DEBUG 24304 --- [Api-Gateway] [reshExecutor-%d] o.s.c.g.r.RouteDefinitionRouteLocator    : RouteDefinition NOTIFICATION-SERVICE applying {_genkey_0=/api/notifications/**} to Path
2026-03-27T11:07:51.425+05:30 DEBUG 24304 --- [Api-Gateway] [reshExecutor-%d] o.s.c.g.r.RouteDefinitionRouteLocator    : RouteDefinition NOTIFICATION-SERVICE applying filter {_genkey_0=name:notificationCircuitBreaker, _genkey_1=fallbackUri:forward:/fallback/general} to CircuitBreaker
2026-03-27T11:07:51.425+05:30 DEBUG 24304 --- [Api-Gateway] [reshExecutor-%d] o.s.c.g.r.RouteDefinitionRouteLocator    : RouteDefinition matched: NOTIFICATION-SERVICE
2026-03-27T11:07:51.425+05:30 DEBUG 24304 --- [Api-Gateway] [reshExecutor-%d] o.s.c.g.r.RouteDefinitionRouteLocator    : RouteDefinition USER-SERVICE applying {_genkey_0=/users/**} to Path
2026-03-27T11:07:51.426+05:30 DEBUG 24304 --- [Api-Gateway] [reshExecutor-%d] o.s.c.g.r.RouteDefinitionRouteLocator    : RouteDefinition matched: USER-SERVICE
2026-03-27T11:07:51.427+05:30 DEBUG 24304 --- [Api-Gateway] [reshExecutor-%d] o.s.c.g.filter.GatewayMetricsFilter      : New routes count: 18
2026-03-27T11:08:12.612+05:30 DEBUG 24304 --- [Api-Gateway] [ctor-http-nio-4] o.s.c.g.h.RoutePredicateHandlerMapping   : Route matched: ADMIN-SERVICE
2026-03-27T11:08:12.613+05:30 DEBUG 24304 --- [Api-Gateway] [ctor-http-nio-4] o.s.c.g.h.RoutePredicateHandlerMapping   : Mapping [Exchange: GET http://localhost:7505/admin/v3/api-docs] to Route{id='ADMIN-SERVICE', uri=lb://ADMIN-SERVICE, order=0, predicate=Paths: [/admin/**], match trailing slash: true, gatewayFilters=[], metadata={}}
2026-03-27T11:08:12.614+05:30 DEBUG 24304 --- [Api-Gateway] [ctor-http-nio-4] o.s.c.g.h.RoutePredicateHandlerMapping   : [d4459dfe-16] Mapped to org.springframework.cloud.gateway.handler.FilteringWebHandler@1cb592da
2026-03-27T11:08:12.615+05:30 DEBUG 24304 --- [Api-Gateway] [ctor-http-nio-4] o.s.c.g.handler.FilteringWebHandler      : Sorted gatewayFilterFactories: [[GatewayFilterAdapter{delegate=org.springframework.cloud.gateway.filter.RemoveCachedBodyFilter@756c67cd}, order = -2147483648], [GatewayFilterAdapter{delegate=org.springframework.cloud.gateway.filter.AdaptCachedBodyGlobalFilter@1cc708a7}, order = -2147482648], [GatewayFilterAdapter{delegate=org.springframework.cloud.gateway.filter.NettyWriteResponseFilter@12214f2f}, order = -1], [GatewayFilterAdapter{delegate=org.springframework.cloud.gateway.filter.ForwardPathFilter@79308a2}, order = 0], [GatewayFilterAdapter{delegate=org.springframework.cloud.gateway.filter.GatewayMetricsFilter@352e5a82}, order = 0], [GatewayFilterAdapter{delegate=org.springframework.cloud.gateway.filter.RouteToRequestUrlFilter@50de907a}, order = 10000], [GatewayFilterAdapter{delegate=org.springframework.cloud.gateway.filter.ReactiveLoadBalancerClientFilter@3a2bb026}, order = 10150], [GatewayFilterAdapter{delegate=org.springframework.cloud.gateway.filter.LoadBalancerServiceInstanceCookieFilter@7645e64}, order = 10151], [GatewayFilterAdapter{delegate=org.springframework.cloud.gateway.filter.WebsocketRoutingFilter@11574592}, order = 2147483646], [GatewayFilterAdapter{delegate=org.springframework.cloud.gateway.filter.NettyRoutingFilter@7de6549d}, order = 2147483647], [GatewayFilterAdapter{delegate=org.springframework.cloud.gateway.filter.ForwardRoutingFilter@1fd37440}, order = 2147483647]]
2026-03-27T11:08:12.618+05:30  WARN 24304 --- [Api-Gateway] [ctor-http-nio-4] o.s.c.l.core.RoundRobinLoadBalancer      : No servers available for service: ADMIN-SERVICE
2026-03-27T11:08:15.347+05:30 DEBUG 24304 --- [Api-Gateway] [ctor-http-nio-4] o.s.c.g.h.RoutePredicateHandlerMapping   : Route matched: USER-SERVICE
2026-03-27T11:08:15.350+05:30 DEBUG 24304 --- [Api-Gateway] [ctor-http-nio-4] o.s.c.g.h.RoutePredicateHandlerMapping   : Mapping [Exchange: GET http://localhost:7505/users/v3/api-docs] to Route{id='USER-SERVICE', uri=lb://USER-SERVICE, order=0, predicate=Paths: [/users/**], match trailing slash: true, gatewayFilters=[], metadata={}}
2026-03-27T11:08:15.351+05:30 DEBUG 24304 --- [Api-Gateway] [ctor-http-nio-4] o.s.c.g.h.RoutePredicateHandlerMapping   : [d4459dfe-17] Mapped to org.springframework.cloud.gateway.handler.FilteringWebHandler@1cb592da
2026-03-27T11:08:15.351+05:30 DEBUG 24304 --- [Api-Gateway] [ctor-http-nio-4] o.s.c.g.handler.FilteringWebHandler      : Sorted gatewayFilterFactories: [[GatewayFilterAdapter{delegate=org.springframework.cloud.gateway.filter.RemoveCachedBodyFilter@756c67cd}, order = -2147483648], [GatewayFilterAdapter{delegate=org.springframework.cloud.gateway.filter.AdaptCachedBodyGlobalFilter@1cc708a7}, order = -2147482648], [GatewayFilterAdapter{delegate=org.springframework.cloud.gateway.filter.NettyWriteResponseFilter@12214f2f}, order = -1], [GatewayFilterAdapter{delegate=org.springframework.cloud.gateway.filter.ForwardPathFilter@79308a2}, order = 0], [GatewayFilterAdapter{delegate=org.springframework.cloud.gateway.filter.GatewayMetricsFilter@352e5a82}, order = 0], [GatewayFilterAdapter{delegate=org.springframework.cloud.gateway.filter.RouteToRequestUrlFilter@50de907a}, order = 10000], [GatewayFilterAdapter{delegate=org.springframework.cloud.gateway.filter.ReactiveLoadBalancerClientFilter@3a2bb026}, order = 10150], [GatewayFilterAdapter{delegate=org.springframework.cloud.gateway.filter.LoadBalancerServiceInstanceCookieFilter@7645e64}, order = 10151], [GatewayFilterAdapter{delegate=org.springframework.cloud.gateway.filter.WebsocketRoutingFilter@11574592}, order = 2147483646], [GatewayFilterAdapter{delegate=org.springframework.cloud.gateway.filter.NettyRoutingFilter@7de6549d}, order = 2147483647], [GatewayFilterAdapter{delegate=org.springframework.cloud.gateway.filter.ForwardRoutingFilter@1fd37440}, order = 2147483647]]
2026-03-27T11:08:15.356+05:30 DEBUG 24304 --- [Api-Gateway] [ctor-http-nio-4] g.f.h.o.ObservedRequestHttpHeadersFilter : Will instrument the HTTP request headers [Host:"localhost:7505", sec-ch-ua-platform:""Windows"", User-Agent:"Mozilla/5.0 (Windows NT 10.0; Win64; x64) AppleWebKit/537.36 (KHTML, like Gecko) Chrome/146.0.0.0 Safari/537.36 Edg/146.0.0.0", Accept:"application/json,*/*", sec-ch-ua:""Chromium";v="146", "Not-A.Brand";v="24", "Microsoft Edge";v="146"", sec-ch-ua-mobile:"?0", Sec-Fetch-Site:"same-origin", Sec-Fetch-Mode:"cors", Sec-Fetch-Dest:"empty", Referer:"http://localhost:7505/webjars/swagger-ui/index.html?urls.primaryName=User%20Service", Accept-Encoding:"gzip, deflate, br, zstd", Accept-Language:"en-US,en;q=0.9", Cookie:"jenkins-timestamper-offset=-19800000; ajs_anonymous_id=bb3c0659-9741-4132-8e48-df1d063bdfc6; splunkweb_csrf_token_8000=4650811227071327921; m=; JSESSIONID=AEC81D640059673CB5727CD0D3E6E468", Forwarded:"proto=http;host="localhost:7505";for="[0:0:0:0:0:0:0:1]:52519"", X-Forwarded-For:"0:0:0:0:0:0:0:1", X-Forwarded-Proto:"http", X-Forwarded-Port:"7505", X-Forwarded-Host:"localhost:7505"]
2026-03-27T11:08:15.357+05:30 DEBUG 24304 --- [Api-Gateway] [ctor-http-nio-4] g.f.h.o.ObservedRequestHttpHeadersFilter : Client observation  {name=http.client.requests(null), error=null, context=name='http.client.requests', contextualName='null', error='null', lowCardinalityKeyValues=[http.method='GET', http.status_code='UNKNOWN', spring.cloud.gateway.route.id='USER-SERVICE', spring.cloud.gateway.route.uri='lb://USER-SERVICE'], highCardinalityKeyValues=[http.uri='http://localhost:7505/users/v3/api-docs'], map=[class io.micrometer.core.instrument.LongTaskTimer$Sample='SampleImpl{duration(seconds)=4.338E-4, duration(nanos)=433800.0, startTimeNanos=92192343045100}', class io.micrometer.core.instrument.Timer$Sample='io.micrometer.core.instrument.Timer$Sample@4b835eb5'], parentObservation={name=http.server.requests(null), error=null, context=name='http.server.requests', contextualName='null', error='null', lowCardinalityKeyValues=[exception='none', method='GET', outcome='SUCCESS', status='200', uri='UNKNOWN'], highCardinalityKeyValues=[http.url='/users/v3/api-docs'], map=[class io.micrometer.core.instrument.LongTaskTimer$Sample='SampleImpl{duration(seconds)=0.0113443, duration(nanos)=1.13443E7, startTimeNanos=92192332232600}', class io.micrometer.core.instrument.Timer$Sample='io.micrometer.core.instrument.Timer$Sample@36b67b4'], parentObservation=null}} created for the request. New headers are [Host:"localhost:7505", sec-ch-ua-platform:""Windows"", User-Agent:"Mozilla/5.0 (Windows NT 10.0; Win64; x64) AppleWebKit/537.36 (KHTML, like Gecko) Chrome/146.0.0.0 Safari/537.36 Edg/146.0.0.0", Accept:"application/json,*/*", sec-ch-ua:""Chromium";v="146", "Not-A.Brand";v="24", "Microsoft Edge";v="146"", sec-ch-ua-mobile:"?0", Sec-Fetch-Site:"same-origin", Sec-Fetch-Mode:"cors", Sec-Fetch-Dest:"empty", Referer:"http://localhost:7505/webjars/swagger-ui/index.html?urls.primaryName=User%20Service", Accept-Encoding:"gzip, deflate, br, zstd", Accept-Language:"en-US,en;q=0.9", Cookie:"jenkins-timestamper-offset=-19800000; ajs_anonymous_id=bb3c0659-9741-4132-8e48-df1d063bdfc6; splunkweb_csrf_token_8000=4650811227071327921; m=; JSESSIONID=AEC81D640059673CB5727CD0D3E6E468", Forwarded:"proto=http;host="localhost:7505";for="[0:0:0:0:0:0:0:1]:52519"", X-Forwarded-For:"0:0:0:0:0:0:0:1", X-Forwarded-Proto:"http", X-Forwarded-Port:"7505", X-Forwarded-Host:"localhost:7505"]
2026-03-27T11:08:15.755+05:30 DEBUG 24304 --- [Api-Gateway] [ctor-http-nio-4] .f.h.o.ObservedResponseHttpHeadersFilter : Will instrument the response
2026-03-27T11:08:15.756+05:30 DEBUG 24304 --- [Api-Gateway] [ctor-http-nio-4] .f.h.o.ObservedResponseHttpHeadersFilter : The response was handled for observation {name=http.client.requests(null), error=null, context=name='http.client.requests', contextualName='null', error='null', lowCardinalityKeyValues=[http.method='GET', http.status_code='UNKNOWN', spring.cloud.gateway.route.id='USER-SERVICE', spring.cloud.gateway.route.uri='lb://USER-SERVICE'], highCardinalityKeyValues=[http.uri='http://localhost:7505/users/v3/api-docs'], map=[class io.micrometer.core.instrument.LongTaskTimer$Sample='SampleImpl{duration(seconds)=0.399506, duration(nanos)=3.99506E8, startTimeNanos=92192343045100}', class io.micrometer.core.instrument.Timer$Sample='io.micrometer.core.instrument.Timer$Sample@4b835eb5'], parentObservation={name=http.server.requests(null), error=null, context=name='http.server.requests', contextualName='null', error='null', lowCardinalityKeyValues=[exception='none', method='GET', outcome='SUCCESS', status='200', uri='UNKNOWN'], highCardinalityKeyValues=[http.url='/users/v3/api-docs'], map=[class io.micrometer.core.instrument.LongTaskTimer$Sample='SampleImpl{duration(seconds)=0.4104277, duration(nanos)=4.104277E8, startTimeNanos=92192332232600}', class io.micrometer.core.instrument.Timer$Sample='io.micrometer.core.instrument.Timer$Sample@36b67b4'], parentObservation=null}}
2026-03-27T11:08:21.455+05:30 DEBUG 24304 --- [Api-Gateway] [reshExecutor-%d] o.s.c.g.r.RouteDefinitionRouteLocator    : RouteDefinition ReactiveCompositeDiscoveryClient_CONFIG-SERVIER applying {pattern=/config-servier/**} to Path
2026-03-27T11:08:21.460+05:30 DEBUG 24304 --- [Api-Gateway] [reshExecutor-%d] o.s.c.g.r.RouteDefinitionRouteLocator    : RouteDefinition ReactiveCompositeDiscoveryClient_CONFIG-SERVIER applying filter {regexp=/config-servier/?(?<remaining>.*), replacement=/${remaining}} to RewritePath
2026-03-27T11:08:21.462+05:30 DEBUG 24304 --- [Api-Gateway] [reshExecutor-%d] o.s.c.g.r.RouteDefinitionRouteLocator    : RouteDefinition matched: ReactiveCompositeDiscoveryClient_CONFIG-SERVIER
2026-03-27T11:08:21.463+05:30 DEBUG 24304 --- [Api-Gateway] [reshExecutor-%d] o.s.c.g.r.RouteDefinitionRouteLocator    : RouteDefinition ReactiveCompositeDiscoveryClient_API-GATEWAY applying {pattern=/api-gateway/**} to Path
2026-03-27T11:08:21.465+05:30 DEBUG 24304 --- [Api-Gateway] [reshExecutor-%d] o.s.c.g.r.RouteDefinitionRouteLocator    : RouteDefinition ReactiveCompositeDiscoveryClient_API-GATEWAY applying filter {regexp=/api-gateway/?(?<remaining>.*), replacement=/${remaining}} to RewritePath
2026-03-27T11:08:21.467+05:30 DEBUG 24304 --- [Api-Gateway] [reshExecutor-%d] o.s.c.g.r.RouteDefinitionRouteLocator    : RouteDefinition matched: ReactiveCompositeDiscoveryClient_API-GATEWAY
2026-03-27T11:08:21.467+05:30 DEBUG 24304 --- [Api-Gateway] [reshExecutor-%d] o.s.c.g.r.RouteDefinitionRouteLocator    : RouteDefinition ReactiveCompositeDiscoveryClient_REWARDS-SERVICE applying {pattern=/rewards-service/**} to Path
2026-03-27T11:08:21.469+05:30 DEBUG 24304 --- [Api-Gateway] [reshExecutor-%d] o.s.c.g.r.RouteDefinitionRouteLocator    : RouteDefinition ReactiveCompositeDiscoveryClient_REWARDS-SERVICE applying filter {regexp=/rewards-service/?(?<remaining>.*), replacement=/${remaining}} to RewritePath
2026-03-27T11:08:21.470+05:30 DEBUG 24304 --- [Api-Gateway] [reshExecutor-%d] o.s.c.g.r.RouteDefinitionRouteLocator    : RouteDefinition matched: ReactiveCompositeDiscoveryClient_REWARDS-SERVICE
2026-03-27T11:08:21.472+05:30 DEBUG 24304 --- [Api-Gateway] [reshExecutor-%d] o.s.c.g.r.RouteDefinitionRouteLocator    : RouteDefinition ReactiveCompositeDiscoveryClient_KYC-SERVICE applying {pattern=/kyc-service/**} to Path
2026-03-27T11:08:21.474+05:30 DEBUG 24304 --- [Api-Gateway] [reshExecutor-%d] o.s.c.g.r.RouteDefinitionRouteLocator    : RouteDefinition ReactiveCompositeDiscoveryClient_KYC-SERVICE applying filter {regexp=/kyc-service/?(?<remaining>.*), replacement=/${remaining}} to RewritePath
2026-03-27T11:08:21.475+05:30 DEBUG 24304 --- [Api-Gateway] [reshExecutor-%d] o.s.c.g.r.RouteDefinitionRouteLocator    : RouteDefinition matched: ReactiveCompositeDiscoveryClient_KYC-SERVICE
2026-03-27T11:08:21.476+05:30 DEBUG 24304 --- [Api-Gateway] [reshExecutor-%d] o.s.c.g.r.RouteDefinitionRouteLocator    : RouteDefinition ReactiveCompositeDiscoveryClient_TRANSACTION-SERVICE applying {pattern=/transaction-service/**} to Path
2026-03-27T11:08:21.478+05:30 DEBUG 24304 --- [Api-Gateway] [reshExecutor-%d] o.s.c.g.r.RouteDefinitionRouteLocator    : RouteDefinition ReactiveCompositeDiscoveryClient_TRANSACTION-SERVICE applying filter {regexp=/transaction-service/?(?<remaining>.*), replacement=/${remaining}} to RewritePath
2026-03-27T11:08:21.481+05:30 DEBUG 24304 --- [Api-Gateway] [reshExecutor-%d] o.s.c.g.r.RouteDefinitionRouteLocator    : RouteDefinition matched: ReactiveCompositeDiscoveryClient_TRANSACTION-SERVICE
2026-03-27T11:08:21.481+05:30 DEBUG 24304 --- [Api-Gateway] [reshExecutor-%d] o.s.c.g.r.RouteDefinitionRouteLocator    : RouteDefinition ReactiveCompositeDiscoveryClient_ADMIN-SERVICE applying {pattern=/admin-service/**} to Path
2026-03-27T11:08:21.483+05:30 DEBUG 24304 --- [Api-Gateway] [reshExecutor-%d] o.s.c.g.r.RouteDefinitionRouteLocator    : RouteDefinition ReactiveCompositeDiscoveryClient_ADMIN-SERVICE applying filter {regexp=/admin-service/?(?<remaining>.*), replacement=/${remaining}} to RewritePath
2026-03-27T11:08:21.484+05:30 DEBUG 24304 --- [Api-Gateway] [reshExecutor-%d] o.s.c.g.r.RouteDefinitionRouteLocator    : RouteDefinition matched: ReactiveCompositeDiscoveryClient_ADMIN-SERVICE
2026-03-27T11:08:21.485+05:30 DEBUG 24304 --- [Api-Gateway] [reshExecutor-%d] o.s.c.g.r.RouteDefinitionRouteLocator    : RouteDefinition ReactiveCompositeDiscoveryClient_WALLET-SERVICE applying {pattern=/wallet-service/**} to Path
2026-03-27T11:08:21.487+05:30 DEBUG 24304 --- [Api-Gateway] [reshExecutor-%d] o.s.c.g.r.RouteDefinitionRouteLocator    : RouteDefinition ReactiveCompositeDiscoveryClient_WALLET-SERVICE applying filter {regexp=/wallet-service/?(?<remaining>.*), replacement=/${remaining}} to RewritePath
2026-03-27T11:08:21.488+05:30 DEBUG 24304 --- [Api-Gateway] [reshExecutor-%d] o.s.c.g.r.RouteDefinitionRouteLocator    : RouteDefinition matched: ReactiveCompositeDiscoveryClient_WALLET-SERVICE
2026-03-27T11:08:21.489+05:30 DEBUG 24304 --- [Api-Gateway] [reshExecutor-%d] o.s.c.g.r.RouteDefinitionRouteLocator    : RouteDefinition ReactiveCompositeDiscoveryClient_NOTIFICATION-SERVICE applying {pattern=/notification-service/**} to Path
2026-03-27T11:08:21.491+05:30 DEBUG 24304 --- [Api-Gateway] [reshExecutor-%d] o.s.c.g.r.RouteDefinitionRouteLocator    : RouteDefinition ReactiveCompositeDiscoveryClient_NOTIFICATION-SERVICE applying filter {regexp=/notification-service/?(?<remaining>.*), replacement=/${remaining}} to RewritePath
2026-03-27T11:08:21.492+05:30 DEBUG 24304 --- [Api-Gateway] [reshExecutor-%d] o.s.c.g.r.RouteDefinitionRouteLocator    : RouteDefinition matched: ReactiveCompositeDiscoveryClient_NOTIFICATION-SERVICE
2026-03-27T11:08:21.492+05:30 DEBUG 24304 --- [Api-Gateway] [reshExecutor-%d] o.s.c.g.r.RouteDefinitionRouteLocator    : RouteDefinition ReactiveCompositeDiscoveryClient_PAYMENT-SERVICES applying {pattern=/payment-services/**} to Path
2026-03-27T11:08:21.495+05:30 DEBUG 24304 --- [Api-Gateway] [reshExecutor-%d] o.s.c.g.r.RouteDefinitionRouteLocator    : RouteDefinition ReactiveCompositeDiscoveryClient_PAYMENT-SERVICES applying filter {regexp=/payment-services/?(?<remaining>.*), replacement=/${remaining}} to RewritePath
2026-03-27T11:08:21.496+05:30 DEBUG 24304 --- [Api-Gateway] [reshExecutor-%d] o.s.c.g.r.RouteDefinitionRouteLocator    : RouteDefinition matched: ReactiveCompositeDiscoveryClient_PAYMENT-SERVICES
2026-03-27T11:08:21.497+05:30 DEBUG 24304 --- [Api-Gateway] [reshExecutor-%d] o.s.c.g.r.RouteDefinitionRouteLocator    : RouteDefinition ReactiveCompositeDiscoveryClient_USER-SERVICE applying {pattern=/user-service/**} to Path
2026-03-27T11:08:21.499+05:30 DEBUG 24304 --- [Api-Gateway] [reshExecutor-%d] o.s.c.g.r.RouteDefinitionRouteLocator    : RouteDefinition ReactiveCompositeDiscoveryClient_USER-SERVICE applying filter {regexp=/user-service/?(?<remaining>.*), replacement=/${remaining}} to RewritePath
2026-03-27T11:08:21.501+05:30 DEBUG 24304 --- [Api-Gateway] [reshExecutor-%d] o.s.c.g.r.RouteDefinitionRouteLocator    : RouteDefinition matched: ReactiveCompositeDiscoveryClient_USER-SERVICE
2026-03-27T11:08:21.502+05:30 DEBUG 24304 --- [Api-Gateway] [reshExecutor-%d] o.s.c.g.r.RouteDefinitionRouteLocator    : RouteDefinition AUTH-SERVICE applying {_genkey_0=/auth/**} to Path
2026-03-27T11:08:21.504+05:30 DEBUG 24304 --- [Api-Gateway] [reshExecutor-%d] o.s.c.g.r.RouteDefinitionRouteLocator    : RouteDefinition matched: AUTH-SERVICE
2026-03-27T11:08:21.505+05:30 DEBUG 24304 --- [Api-Gateway] [reshExecutor-%d] o.s.c.g.r.RouteDefinitionRouteLocator    : RouteDefinition ADMIN-SERVICE applying {_genkey_0=/admin/**} to Path
2026-03-27T11:08:21.506+05:30 DEBUG 24304 --- [Api-Gateway] [reshExecutor-%d] o.s.c.g.r.RouteDefinitionRouteLocator    : RouteDefinition matched: ADMIN-SERVICE
2026-03-27T11:08:21.507+05:30 DEBUG 24304 --- [Api-Gateway] [reshExecutor-%d] o.s.c.g.r.RouteDefinitionRouteLocator    : RouteDefinition KYC-SERVICE applying {_genkey_0=/kyc/**} to Path
2026-03-27T11:08:21.510+05:30 DEBUG 24304 --- [Api-Gateway] [reshExecutor-%d] o.s.c.g.r.RouteDefinitionRouteLocator    : RouteDefinition matched: KYC-SERVICE
2026-03-27T11:08:21.510+05:30 DEBUG 24304 --- [Api-Gateway] [reshExecutor-%d] o.s.c.g.r.RouteDefinitionRouteLocator    : RouteDefinition PAYMENT-SERVICES applying {_genkey_0=/api/payments/**} to Path
2026-03-27T11:08:21.511+05:30 DEBUG 24304 --- [Api-Gateway] [reshExecutor-%d] o.s.c.g.r.RouteDefinitionRouteLocator    : RouteDefinition PAYMENT-SERVICES applying filter {_genkey_0=name:paymentCircuitBreaker, _genkey_1=fallbackUri:forward:/fallback/payment} to CircuitBreaker
2026-03-27T11:08:21.513+05:30 DEBUG 24304 --- [Api-Gateway] [reshExecutor-%d] o.s.c.g.r.RouteDefinitionRouteLocator    : RouteDefinition matched: PAYMENT-SERVICES
2026-03-27T11:08:21.513+05:30 DEBUG 24304 --- [Api-Gateway] [reshExecutor-%d] o.s.c.g.r.RouteDefinitionRouteLocator    : RouteDefinition WALLET-SERVICE applying {_genkey_0=/api/wallets/**} to Path
2026-03-27T11:08:21.514+05:30 DEBUG 24304 --- [Api-Gateway] [reshExecutor-%d] o.s.c.g.r.RouteDefinitionRouteLocator    : RouteDefinition WALLET-SERVICE applying filter {_genkey_0=name:walletCircuitBreaker, _genkey_1=fallbackUri:forward:/fallback/general} to CircuitBreaker
2026-03-27T11:08:21.515+05:30 DEBUG 24304 --- [Api-Gateway] [reshExecutor-%d] o.s.c.g.r.RouteDefinitionRouteLocator    : RouteDefinition matched: WALLET-SERVICE
2026-03-27T11:08:21.516+05:30 DEBUG 24304 --- [Api-Gateway] [reshExecutor-%d] o.s.c.g.r.RouteDefinitionRouteLocator    : RouteDefinition TRANSACTION-SERVICE applying {_genkey_0=/api/transaction/**} to Path
2026-03-27T11:08:21.517+05:30 DEBUG 24304 --- [Api-Gateway] [reshExecutor-%d] o.s.c.g.r.RouteDefinitionRouteLocator    : RouteDefinition TRANSACTION-SERVICE applying filter {_genkey_0=name:transactionCircuitBreaker, _genkey_1=fallbackUri:forward:/fallback/general} to CircuitBreaker
2026-03-27T11:08:21.518+05:30 DEBUG 24304 --- [Api-Gateway] [reshExecutor-%d] o.s.c.g.r.RouteDefinitionRouteLocator    : RouteDefinition matched: TRANSACTION-SERVICE
2026-03-27T11:08:21.519+05:30 DEBUG 24304 --- [Api-Gateway] [reshExecutor-%d] o.s.c.g.r.RouteDefinitionRouteLocator    : RouteDefinition REWARDS-SERVICE applying {_genkey_0=/api/rewards/**} to Path
2026-03-27T11:08:21.520+05:30 DEBUG 24304 --- [Api-Gateway] [reshExecutor-%d] o.s.c.g.r.RouteDefinitionRouteLocator    : RouteDefinition REWARDS-SERVICE applying filter {_genkey_0=name:rewardCircuitBreaker, _genkey_1=fallbackUri:forward:/fallback/reward} to CircuitBreaker
2026-03-27T11:08:21.521+05:30 DEBUG 24304 --- [Api-Gateway] [reshExecutor-%d] o.s.c.g.r.RouteDefinitionRouteLocator    : RouteDefinition matched: REWARDS-SERVICE
2026-03-27T11:08:21.521+05:30 DEBUG 24304 --- [Api-Gateway] [reshExecutor-%d] o.s.c.g.r.RouteDefinitionRouteLocator    : RouteDefinition NOTIFICATION-SERVICE applying {_genkey_0=/api/notifications/**} to Path
2026-03-27T11:08:21.523+05:30 DEBUG 24304 --- [Api-Gateway] [reshExecutor-%d] o.s.c.g.r.RouteDefinitionRouteLocator    : RouteDefinition NOTIFICATION-SERVICE applying filter {_genkey_0=name:notificationCircuitBreaker, _genkey_1=fallbackUri:forward:/fallback/general} to CircuitBreaker
2026-03-27T11:08:21.524+05:30 DEBUG 24304 --- [Api-Gateway] [reshExecutor-%d] o.s.c.g.r.RouteDefinitionRouteLocator    : RouteDefinition matched: NOTIFICATION-SERVICE
2026-03-27T11:08:21.524+05:30 DEBUG 24304 --- [Api-Gateway] [reshExecutor-%d] o.s.c.g.r.RouteDefinitionRouteLocator    : RouteDefinition USER-SERVICE applying {_genkey_0=/users/**} to Path
2026-03-27T11:08:21.525+05:30 DEBUG 24304 --- [Api-Gateway] [reshExecutor-%d] o.s.c.g.r.RouteDefinitionRouteLocator    : RouteDefinition matched: USER-SERVICE
2026-03-27T11:08:21.527+05:30 DEBUG 24304 --- [Api-Gateway] [reshExecutor-%d] o.s.c.g.filter.GatewayMetricsFilter      : New routes count: 19
2026-03-27T11:08:35.685+05:30 DEBUG 24304 --- [Api-Gateway] [ctor-http-nio-4] o.s.c.g.h.RoutePredicateHandlerMapping   : Route matched: AUTH-SERVICE
2026-03-27T11:08:35.686+05:30 DEBUG 24304 --- [Api-Gateway] [ctor-http-nio-4] o.s.c.g.h.RoutePredicateHandlerMapping   : Mapping [Exchange: POST http://localhost:7505/auth/request-otp?identifier=srivastavaharsh148%40gmail.com] to Route{id='AUTH-SERVICE', uri=lb://USER-SERVICE, order=0, predicate=Paths: [/auth/**], match trailing slash: true, gatewayFilters=[], metadata={}}
2026-03-27T11:08:35.687+05:30 DEBUG 24304 --- [Api-Gateway] [ctor-http-nio-4] o.s.c.g.h.RoutePredicateHandlerMapping   : [d4459dfe-18] Mapped to org.springframework.cloud.gateway.handler.FilteringWebHandler@1cb592da
2026-03-27T11:08:35.688+05:30 DEBUG 24304 --- [Api-Gateway] [ctor-http-nio-4] o.s.c.g.handler.FilteringWebHandler      : Sorted gatewayFilterFactories: [[GatewayFilterAdapter{delegate=org.springframework.cloud.gateway.filter.RemoveCachedBodyFilter@756c67cd}, order = -2147483648], [GatewayFilterAdapter{delegate=org.springframework.cloud.gateway.filter.AdaptCachedBodyGlobalFilter@1cc708a7}, order = -2147482648], [GatewayFilterAdapter{delegate=org.springframework.cloud.gateway.filter.NettyWriteResponseFilter@12214f2f}, order = -1], [GatewayFilterAdapter{delegate=org.springframework.cloud.gateway.filter.ForwardPathFilter@79308a2}, order = 0], [GatewayFilterAdapter{delegate=org.springframework.cloud.gateway.filter.GatewayMetricsFilter@352e5a82}, order = 0], [GatewayFilterAdapter{delegate=org.springframework.cloud.gateway.filter.RouteToRequestUrlFilter@50de907a}, order = 10000], [GatewayFilterAdapter{delegate=org.springframework.cloud.gateway.filter.ReactiveLoadBalancerClientFilter@3a2bb026}, order = 10150], [GatewayFilterAdapter{delegate=org.springframework.cloud.gateway.filter.LoadBalancerServiceInstanceCookieFilter@7645e64}, order = 10151], [GatewayFilterAdapter{delegate=org.springframework.cloud.gateway.filter.WebsocketRoutingFilter@11574592}, order = 2147483646], [GatewayFilterAdapter{delegate=org.springframework.cloud.gateway.filter.NettyRoutingFilter@7de6549d}, order = 2147483647], [GatewayFilterAdapter{delegate=org.springframework.cloud.gateway.filter.ForwardRoutingFilter@1fd37440}, order = 2147483647]]
2026-03-27T11:08:35.689+05:30 DEBUG 24304 --- [Api-Gateway] [ctor-http-nio-4] g.f.h.o.ObservedRequestHttpHeadersFilter : Will instrument the HTTP request headers [Host:"localhost:7505", Content-Length:"0", sec-ch-ua-platform:""Windows"", User-Agent:"Mozilla/5.0 (Windows NT 10.0; Win64; x64) AppleWebKit/537.36 (KHTML, like Gecko) Chrome/146.0.0.0 Safari/537.36 Edg/146.0.0.0", accept:"*/*", sec-ch-ua:""Chromium";v="146", "Not-A.Brand";v="24", "Microsoft Edge";v="146"", sec-ch-ua-mobile:"?0", Origin:"http://localhost:7505", Sec-Fetch-Site:"same-origin", Sec-Fetch-Mode:"cors", Sec-Fetch-Dest:"empty", Referer:"http://localhost:7505/webjars/swagger-ui/index.html?urls.primaryName=User%20Service", Accept-Encoding:"gzip, deflate, br, zstd", Accept-Language:"en-US,en;q=0.9", Cookie:"jenkins-timestamper-offset=-19800000; ajs_anonymous_id=bb3c0659-9741-4132-8e48-df1d063bdfc6; splunkweb_csrf_token_8000=4650811227071327921; m=; JSESSIONID=AEC81D640059673CB5727CD0D3E6E468", Forwarded:"proto=http;host="localhost:7505";for="[0:0:0:0:0:0:0:1]:52519"", X-Forwarded-For:"0:0:0:0:0:0:0:1", X-Forwarded-Proto:"http", X-Forwarded-Port:"7505", X-Forwarded-Host:"localhost:7505"]
2026-03-27T11:08:35.689+05:30 DEBUG 24304 --- [Api-Gateway] [ctor-http-nio-4] g.f.h.o.ObservedRequestHttpHeadersFilter : Client observation  {name=http.client.requests(null), error=null, context=name='http.client.requests', contextualName='null', error='null', lowCardinalityKeyValues=[http.method='POST', http.status_code='UNKNOWN', spring.cloud.gateway.route.id='AUTH-SERVICE', spring.cloud.gateway.route.uri='lb://USER-SERVICE'], highCardinalityKeyValues=[http.uri='http://localhost:7505/auth/request-otp?identifier=srivastavaharsh148%40gmail.com'], map=[class io.micrometer.core.instrument.LongTaskTimer$Sample='SampleImpl{duration(seconds)=5.11E-5, duration(nanos)=51100.0, startTimeNanos=92212675744900}', class io.micrometer.core.instrument.Timer$Sample='io.micrometer.core.instrument.Timer$Sample@6c198802'], parentObservation={name=http.server.requests(null), error=null, context=name='http.server.requests', contextualName='null', error='null', lowCardinalityKeyValues=[exception='none', method='POST', outcome='SUCCESS', status='200', uri='UNKNOWN'], highCardinalityKeyValues=[http.url='/auth/request-otp'], map=[class io.micrometer.core.instrument.LongTaskTimer$Sample='SampleImpl{duration(seconds)=0.0049507, duration(nanos)=4950700.0, startTimeNanos=92212670889900}', class io.micrometer.core.instrument.Timer$Sample='io.micrometer.core.instrument.Timer$Sample@20cdbe68'], parentObservation=null}} created for the request. New headers are [Host:"localhost:7505", Content-Length:"0", sec-ch-ua-platform:""Windows"", User-Agent:"Mozilla/5.0 (Windows NT 10.0; Win64; x64) AppleWebKit/537.36 (KHTML, like Gecko) Chrome/146.0.0.0 Safari/537.36 Edg/146.0.0.0", accept:"*/*", sec-ch-ua:""Chromium";v="146", "Not-A.Brand";v="24", "Microsoft Edge";v="146"", sec-ch-ua-mobile:"?0", Origin:"http://localhost:7505", Sec-Fetch-Site:"same-origin", Sec-Fetch-Mode:"cors", Sec-Fetch-Dest:"empty", Referer:"http://localhost:7505/webjars/swagger-ui/index.html?urls.primaryName=User%20Service", Accept-Encoding:"gzip, deflate, br, zstd", Accept-Language:"en-US,en;q=0.9", Cookie:"jenkins-timestamper-offset=-19800000; ajs_anonymous_id=bb3c0659-9741-4132-8e48-df1d063bdfc6; splunkweb_csrf_token_8000=4650811227071327921; m=; JSESSIONID=AEC81D640059673CB5727CD0D3E6E468", Forwarded:"proto=http;host="localhost:7505";for="[0:0:0:0:0:0:0:1]:52519"", X-Forwarded-For:"0:0:0:0:0:0:0:1", X-Forwarded-Proto:"http", X-Forwarded-Port:"7505", X-Forwarded-Host:"localhost:7505"]
2026-03-27T11:08:35.939+05:30 DEBUG 24304 --- [Api-Gateway] [ctor-http-nio-4] .f.h.o.ObservedResponseHttpHeadersFilter : Will instrument the response
2026-03-27T11:08:35.940+05:30 DEBUG 24304 --- [Api-Gateway] [ctor-http-nio-4] .f.h.o.ObservedResponseHttpHeadersFilter : The response was handled for observation {name=http.client.requests(null), error=null, context=name='http.client.requests', contextualName='null', error='null', lowCardinalityKeyValues=[http.method='POST', http.status_code='UNKNOWN', spring.cloud.gateway.route.id='AUTH-SERVICE', spring.cloud.gateway.route.uri='lb://USER-SERVICE'], highCardinalityKeyValues=[http.uri='http://localhost:7505/auth/request-otp?identifier=srivastavaharsh148%40gmail.com'], map=[class io.micrometer.core.instrument.LongTaskTimer$Sample='SampleImpl{duration(seconds)=0.2510062, duration(nanos)=2.510062E8, startTimeNanos=92212675744900}', class io.micrometer.core.instrument.Timer$Sample='io.micrometer.core.instrument.Timer$Sample@6c198802'], parentObservation={name=http.server.requests(null), error=null, context=name='http.server.requests', contextualName='null', error='null', lowCardinalityKeyValues=[exception='none', method='POST', outcome='SUCCESS', status='200', uri='UNKNOWN'], highCardinalityKeyValues=[http.url='/auth/request-otp'], map=[class io.micrometer.core.instrument.LongTaskTimer$Sample='SampleImpl{duration(seconds)=0.2559782, duration(nanos)=2.559782E8, startTimeNanos=92212670889900}', class io.micrometer.core.instrument.Timer$Sample='io.micrometer.core.instrument.Timer$Sample@20cdbe68'], parentObservation=null}}
2026-03-27T11:08:42.200+05:30  INFO 24304 --- [Api-Gateway] [rap-executor-%d] c.n.d.s.r.aws.ConfigClusterResolver      : Resolving eureka endpoints via configuration
2026-03-27T11:08:51.555+05:30 DEBUG 24304 --- [Api-Gateway] [reshExecutor-%d] o.s.c.g.r.RouteDefinitionRouteLocator    : RouteDefinition ReactiveCompositeDiscoveryClient_CONFIG-SERVIER applying {pattern=/config-servier/**} to Path
2026-03-27T11:08:51.561+05:30 DEBUG 24304 --- [Api-Gateway] [reshExecutor-%d] o.s.c.g.r.RouteDefinitionRouteLocator    : RouteDefinition ReactiveCompositeDiscoveryClient_CONFIG-SERVIER applying filter {regexp=/config-servier/?(?<remaining>.*), replacement=/${remaining}} to RewritePath
2026-03-27T11:08:51.563+05:30 DEBUG 24304 --- [Api-Gateway] [reshExecutor-%d] o.s.c.g.r.RouteDefinitionRouteLocator    : RouteDefinition matched: ReactiveCompositeDiscoveryClient_CONFIG-SERVIER
2026-03-27T11:08:51.564+05:30 DEBUG 24304 --- [Api-Gateway] [reshExecutor-%d] o.s.c.g.r.RouteDefinitionRouteLocator    : RouteDefinition ReactiveCompositeDiscoveryClient_API-GATEWAY applying {pattern=/api-gateway/**} to Path
2026-03-27T11:08:51.566+05:30 DEBUG 24304 --- [Api-Gateway] [reshExecutor-%d] o.s.c.g.r.RouteDefinitionRouteLocator    : RouteDefinition ReactiveCompositeDiscoveryClient_API-GATEWAY applying filter {regexp=/api-gateway/?(?<remaining>.*), replacement=/${remaining}} to RewritePath
2026-03-27T11:08:51.568+05:30 DEBUG 24304 --- [Api-Gateway] [reshExecutor-%d] o.s.c.g.r.RouteDefinitionRouteLocator    : RouteDefinition matched: ReactiveCompositeDiscoveryClient_API-GATEWAY
2026-03-27T11:08:51.569+05:30 DEBUG 24304 --- [Api-Gateway] [reshExecutor-%d] o.s.c.g.r.RouteDefinitionRouteLocator    : RouteDefinition ReactiveCompositeDiscoveryClient_REWARDS-SERVICE applying {pattern=/rewards-service/**} to Path
2026-03-27T11:08:51.572+05:30 DEBUG 24304 --- [Api-Gateway] [reshExecutor-%d] o.s.c.g.r.RouteDefinitionRouteLocator    : RouteDefinition ReactiveCompositeDiscoveryClient_REWARDS-SERVICE applying filter {regexp=/rewards-service/?(?<remaining>.*), replacement=/${remaining}} to RewritePath
2026-03-27T11:08:51.572+05:30 DEBUG 24304 --- [Api-Gateway] [reshExecutor-%d] o.s.c.g.r.RouteDefinitionRouteLocator    : RouteDefinition matched: ReactiveCompositeDiscoveryClient_REWARDS-SERVICE
2026-03-27T11:08:51.575+05:30 DEBUG 24304 --- [Api-Gateway] [reshExecutor-%d] o.s.c.g.r.RouteDefinitionRouteLocator    : RouteDefinition ReactiveCompositeDiscoveryClient_KYC-SERVICE applying {pattern=/kyc-service/**} to Path
2026-03-27T11:08:51.576+05:30 DEBUG 24304 --- [Api-Gateway] [reshExecutor-%d] o.s.c.g.r.RouteDefinitionRouteLocator    : RouteDefinition ReactiveCompositeDiscoveryClient_KYC-SERVICE applying filter {regexp=/kyc-service/?(?<remaining>.*), replacement=/${remaining}} to RewritePath
2026-03-27T11:08:51.579+05:30 DEBUG 24304 --- [Api-Gateway] [reshExecutor-%d] o.s.c.g.r.RouteDefinitionRouteLocator    : RouteDefinition matched: ReactiveCompositeDiscoveryClient_KYC-SERVICE
2026-03-27T11:08:51.580+05:30 DEBUG 24304 --- [Api-Gateway] [reshExecutor-%d] o.s.c.g.r.RouteDefinitionRouteLocator    : RouteDefinition ReactiveCompositeDiscoveryClient_TRANSACTION-SERVICE applying {pattern=/transaction-service/**} to Path
2026-03-27T11:08:51.582+05:30 DEBUG 24304 --- [Api-Gateway] [reshExecutor-%d] o.s.c.g.r.RouteDefinitionRouteLocator    : RouteDefinition ReactiveCompositeDiscoveryClient_TRANSACTION-SERVICE applying filter {regexp=/transaction-service/?(?<remaining>.*), replacement=/${remaining}} to RewritePath
2026-03-27T11:08:51.583+05:30 DEBUG 24304 --- [Api-Gateway] [reshExecutor-%d] o.s.c.g.r.RouteDefinitionRouteLocator    : RouteDefinition matched: ReactiveCompositeDiscoveryClient_TRANSACTION-SERVICE
2026-03-27T11:08:51.585+05:30 DEBUG 24304 --- [Api-Gateway] [reshExecutor-%d] o.s.c.g.r.RouteDefinitionRouteLocator    : RouteDefinition ReactiveCompositeDiscoveryClient_ADMIN-SERVICE applying {pattern=/admin-service/**} to Path
2026-03-27T11:08:51.587+05:30 DEBUG 24304 --- [Api-Gateway] [reshExecutor-%d] o.s.c.g.r.RouteDefinitionRouteLocator    : RouteDefinition ReactiveCompositeDiscoveryClient_ADMIN-SERVICE applying filter {regexp=/admin-service/?(?<remaining>.*), replacement=/${remaining}} to RewritePath
2026-03-27T11:08:51.589+05:30 DEBUG 24304 --- [Api-Gateway] [reshExecutor-%d] o.s.c.g.r.RouteDefinitionRouteLocator    : RouteDefinition matched: ReactiveCompositeDiscoveryClient_ADMIN-SERVICE
2026-03-27T11:08:51.589+05:30 DEBUG 24304 --- [Api-Gateway] [reshExecutor-%d] o.s.c.g.r.RouteDefinitionRouteLocator    : RouteDefinition ReactiveCompositeDiscoveryClient_WALLET-SERVICE applying {pattern=/wallet-service/**} to Path
2026-03-27T11:08:51.592+05:30 DEBUG 24304 --- [Api-Gateway] [reshExecutor-%d] o.s.c.g.r.RouteDefinitionRouteLocator    : RouteDefinition ReactiveCompositeDiscoveryClient_WALLET-SERVICE applying filter {regexp=/wallet-service/?(?<remaining>.*), replacement=/${remaining}} to RewritePath
2026-03-27T11:08:51.593+05:30 DEBUG 24304 --- [Api-Gateway] [reshExecutor-%d] o.s.c.g.r.RouteDefinitionRouteLocator    : RouteDefinition matched: ReactiveCompositeDiscoveryClient_WALLET-SERVICE
2026-03-27T11:08:51.594+05:30 DEBUG 24304 --- [Api-Gateway] [reshExecutor-%d] o.s.c.g.r.RouteDefinitionRouteLocator    : RouteDefinition ReactiveCompositeDiscoveryClient_NOTIFICATION-SERVICE applying {pattern=/notification-service/**} to Path
2026-03-27T11:08:51.596+05:30 DEBUG 24304 --- [Api-Gateway] [reshExecutor-%d] o.s.c.g.r.RouteDefinitionRouteLocator    : RouteDefinition ReactiveCompositeDiscoveryClient_NOTIFICATION-SERVICE applying filter {regexp=/notification-service/?(?<remaining>.*), replacement=/${remaining}} to RewritePath
2026-03-27T11:08:51.598+05:30 DEBUG 24304 --- [Api-Gateway] [reshExecutor-%d] o.s.c.g.r.RouteDefinitionRouteLocator    : RouteDefinition matched: ReactiveCompositeDiscoveryClient_NOTIFICATION-SERVICE
2026-03-27T11:08:51.598+05:30 DEBUG 24304 --- [Api-Gateway] [reshExecutor-%d] o.s.c.g.r.RouteDefinitionRouteLocator    : RouteDefinition ReactiveCompositeDiscoveryClient_PAYMENT-SERVICES applying {pattern=/payment-services/**} to Path
2026-03-27T11:08:51.600+05:30 DEBUG 24304 --- [Api-Gateway] [reshExecutor-%d] o.s.c.g.r.RouteDefinitionRouteLocator    : RouteDefinition ReactiveCompositeDiscoveryClient_PAYMENT-SERVICES applying filter {regexp=/payment-services/?(?<remaining>.*), replacement=/${remaining}} to RewritePath
2026-03-27T11:08:51.601+05:30 DEBUG 24304 --- [Api-Gateway] [reshExecutor-%d] o.s.c.g.r.RouteDefinitionRouteLocator    : RouteDefinition matched: ReactiveCompositeDiscoveryClient_PAYMENT-SERVICES
2026-03-27T11:08:51.602+05:30 DEBUG 24304 --- [Api-Gateway] [reshExecutor-%d] o.s.c.g.r.RouteDefinitionRouteLocator    : RouteDefinition ReactiveCompositeDiscoveryClient_USER-SERVICE applying {pattern=/user-service/**} to Path
2026-03-27T11:08:51.603+05:30 DEBUG 24304 --- [Api-Gateway] [reshExecutor-%d] o.s.c.g.r.RouteDefinitionRouteLocator    : RouteDefinition ReactiveCompositeDiscoveryClient_USER-SERVICE applying filter {regexp=/user-service/?(?<remaining>.*), replacement=/${remaining}} to RewritePath
2026-03-27T11:08:51.605+05:30 DEBUG 24304 --- [Api-Gateway] [reshExecutor-%d] o.s.c.g.r.RouteDefinitionRouteLocator    : RouteDefinition matched: ReactiveCompositeDiscoveryClient_USER-SERVICE
2026-03-27T11:08:51.606+05:30 DEBUG 24304 --- [Api-Gateway] [reshExecutor-%d] o.s.c.g.r.RouteDefinitionRouteLocator    : RouteDefinition AUTH-SERVICE applying {_genkey_0=/auth/**} to Path
2026-03-27T11:08:51.608+05:30 DEBUG 24304 --- [Api-Gateway] [reshExecutor-%d] o.s.c.g.r.RouteDefinitionRouteLocator    : RouteDefinition matched: AUTH-SERVICE
2026-03-27T11:08:51.609+05:30 DEBUG 24304 --- [Api-Gateway] [reshExecutor-%d] o.s.c.g.r.RouteDefinitionRouteLocator    : RouteDefinition ADMIN-SERVICE applying {_genkey_0=/admin/**} to Path
2026-03-27T11:08:51.610+05:30 DEBUG 24304 --- [Api-Gateway] [reshExecutor-%d] o.s.c.g.r.RouteDefinitionRouteLocator    : RouteDefinition matched: ADMIN-SERVICE
2026-03-27T11:08:51.611+05:30 DEBUG 24304 --- [Api-Gateway] [reshExecutor-%d] o.s.c.g.r.RouteDefinitionRouteLocator    : RouteDefinition KYC-SERVICE applying {_genkey_0=/kyc/**} to Path
2026-03-27T11:08:51.612+05:30 DEBUG 24304 --- [Api-Gateway] [reshExecutor-%d] o.s.c.g.r.RouteDefinitionRouteLocator    : RouteDefinition matched: KYC-SERVICE
2026-03-27T11:08:51.613+05:30 DEBUG 24304 --- [Api-Gateway] [reshExecutor-%d] o.s.c.g.r.RouteDefinitionRouteLocator    : RouteDefinition PAYMENT-SERVICES applying {_genkey_0=/api/payments/**} to Path
2026-03-27T11:08:51.614+05:30 DEBUG 24304 --- [Api-Gateway] [reshExecutor-%d] o.s.c.g.r.RouteDefinitionRouteLocator    : RouteDefinition PAYMENT-SERVICES applying filter {_genkey_0=name:paymentCircuitBreaker, _genkey_1=fallbackUri:forward:/fallback/payment} to CircuitBreaker
2026-03-27T11:08:51.616+05:30 DEBUG 24304 --- [Api-Gateway] [reshExecutor-%d] o.s.c.g.r.RouteDefinitionRouteLocator    : RouteDefinition matched: PAYMENT-SERVICES
2026-03-27T11:08:51.617+05:30 DEBUG 24304 --- [Api-Gateway] [reshExecutor-%d] o.s.c.g.r.RouteDefinitionRouteLocator    : RouteDefinition WALLET-SERVICE applying {_genkey_0=/api/wallets/**} to Path
2026-03-27T11:08:51.618+05:30 DEBUG 24304 --- [Api-Gateway] [reshExecutor-%d] o.s.c.g.r.RouteDefinitionRouteLocator    : RouteDefinition WALLET-SERVICE applying filter {_genkey_0=name:walletCircuitBreaker, _genkey_1=fallbackUri:forward:/fallback/general} to CircuitBreaker
2026-03-27T11:08:51.620+05:30 DEBUG 24304 --- [Api-Gateway] [reshExecutor-%d] o.s.c.g.r.RouteDefinitionRouteLocator    : RouteDefinition matched: WALLET-SERVICE
2026-03-27T11:08:51.621+05:30 DEBUG 24304 --- [Api-Gateway] [reshExecutor-%d] o.s.c.g.r.RouteDefinitionRouteLocator    : RouteDefinition TRANSACTION-SERVICE applying {_genkey_0=/api/transaction/**} to Path
2026-03-27T11:08:51.622+05:30 DEBUG 24304 --- [Api-Gateway] [reshExecutor-%d] o.s.c.g.r.RouteDefinitionRouteLocator    : RouteDefinition TRANSACTION-SERVICE applying filter {_genkey_0=name:transactionCircuitBreaker, _genkey_1=fallbackUri:forward:/fallback/general} to CircuitBreaker
2026-03-27T11:08:51.624+05:30 DEBUG 24304 --- [Api-Gateway] [reshExecutor-%d] o.s.c.g.r.RouteDefinitionRouteLocator    : RouteDefinition matched: TRANSACTION-SERVICE
2026-03-27T11:08:51.624+05:30 DEBUG 24304 --- [Api-Gateway] [reshExecutor-%d] o.s.c.g.r.RouteDefinitionRouteLocator    : RouteDefinition REWARDS-SERVICE applying {_genkey_0=/api/rewards/**} to Path
2026-03-27T11:08:51.625+05:30 DEBUG 24304 --- [Api-Gateway] [reshExecutor-%d] o.s.c.g.r.RouteDefinitionRouteLocator    : RouteDefinition REWARDS-SERVICE applying filter {_genkey_0=name:rewardCircuitBreaker, _genkey_1=fallbackUri:forward:/fallback/reward} to CircuitBreaker
2026-03-27T11:08:51.627+05:30 DEBUG 24304 --- [Api-Gateway] [reshExecutor-%d] o.s.c.g.r.RouteDefinitionRouteLocator    : RouteDefinition matched: REWARDS-SERVICE
2026-03-27T11:08:51.627+05:30 DEBUG 24304 --- [Api-Gateway] [reshExecutor-%d] o.s.c.g.r.RouteDefinitionRouteLocator    : RouteDefinition NOTIFICATION-SERVICE applying {_genkey_0=/api/notifications/**} to Path
2026-03-27T11:08:51.628+05:30 DEBUG 24304 --- [Api-Gateway] [reshExecutor-%d] o.s.c.g.r.RouteDefinitionRouteLocator    : RouteDefinition NOTIFICATION-SERVICE applying filter {_genkey_0=name:notificationCircuitBreaker, _genkey_1=fallbackUri:forward:/fallback/general} to CircuitBreaker
2026-03-27T11:08:51.631+05:30 DEBUG 24304 --- [Api-Gateway] [reshExecutor-%d] o.s.c.g.r.RouteDefinitionRouteLocator    : RouteDefinition matched: NOTIFICATION-SERVICE
2026-03-27T11:08:51.631+05:30 DEBUG 24304 --- [Api-Gateway] [reshExecutor-%d] o.s.c.g.r.RouteDefinitionRouteLocator    : RouteDefinition USER-SERVICE applying {_genkey_0=/users/**} to Path
2026-03-27T11:08:51.632+05:30 DEBUG 24304 --- [Api-Gateway] [reshExecutor-%d] o.s.c.g.r.RouteDefinitionRouteLocator    : RouteDefinition matched: USER-SERVICE
2026-03-27T11:08:51.633+05:30 DEBUG 24304 --- [Api-Gateway] [reshExecutor-%d] o.s.c.g.filter.GatewayMetricsFilter      : New routes count: 19
2026-03-27T11:09:21.655+05:30 DEBUG 24304 --- [Api-Gateway] [reshExecutor-%d] o.s.c.g.r.RouteDefinitionRouteLocator    : RouteDefinition ReactiveCompositeDiscoveryClient_CONFIG-SERVIER applying {pattern=/config-servier/**} to Path
2026-03-27T11:09:21.670+05:30 DEBUG 24304 --- [Api-Gateway] [reshExecutor-%d] o.s.c.g.r.RouteDefinitionRouteLocator    : RouteDefinition ReactiveCompositeDiscoveryClient_CONFIG-SERVIER applying filter {regexp=/config-servier/?(?<remaining>.*), replacement=/${remaining}} to RewritePath
2026-03-27T11:09:21.672+05:30 DEBUG 24304 --- [Api-Gateway] [reshExecutor-%d] o.s.c.g.r.RouteDefinitionRouteLocator    : RouteDefinition matched: ReactiveCompositeDiscoveryClient_CONFIG-SERVIER
2026-03-27T11:09:21.672+05:30 DEBUG 24304 --- [Api-Gateway] [reshExecutor-%d] o.s.c.g.r.RouteDefinitionRouteLocator    : RouteDefinition ReactiveCompositeDiscoveryClient_API-GATEWAY applying {pattern=/api-gateway/**} to Path
2026-03-27T11:09:21.674+05:30 DEBUG 24304 --- [Api-Gateway] [reshExecutor-%d] o.s.c.g.r.RouteDefinitionRouteLocator    : RouteDefinition ReactiveCompositeDiscoveryClient_API-GATEWAY applying filter {regexp=/api-gateway/?(?<remaining>.*), replacement=/${remaining}} to RewritePath
2026-03-27T11:09:21.675+05:30 DEBUG 24304 --- [Api-Gateway] [reshExecutor-%d] o.s.c.g.r.RouteDefinitionRouteLocator    : RouteDefinition matched: ReactiveCompositeDiscoveryClient_API-GATEWAY
2026-03-27T11:09:21.675+05:30 DEBUG 24304 --- [Api-Gateway] [reshExecutor-%d] o.s.c.g.r.RouteDefinitionRouteLocator    : RouteDefinition ReactiveCompositeDiscoveryClient_REWARDS-SERVICE applying {pattern=/rewards-service/**} to Path
2026-03-27T11:09:21.677+05:30 DEBUG 24304 --- [Api-Gateway] [reshExecutor-%d] o.s.c.g.r.RouteDefinitionRouteLocator    : RouteDefinition ReactiveCompositeDiscoveryClient_REWARDS-SERVICE applying filter {regexp=/rewards-service/?(?<remaining>.*), replacement=/${remaining}} to RewritePath
2026-03-27T11:09:21.678+05:30 DEBUG 24304 --- [Api-Gateway] [reshExecutor-%d] o.s.c.g.r.RouteDefinitionRouteLocator    : RouteDefinition matched: ReactiveCompositeDiscoveryClient_REWARDS-SERVICE
2026-03-27T11:09:21.679+05:30 DEBUG 24304 --- [Api-Gateway] [reshExecutor-%d] o.s.c.g.r.RouteDefinitionRouteLocator    : RouteDefinition ReactiveCompositeDiscoveryClient_KYC-SERVICE applying {pattern=/kyc-service/**} to Path
2026-03-27T11:09:21.680+05:30 DEBUG 24304 --- [Api-Gateway] [reshExecutor-%d] o.s.c.g.r.RouteDefinitionRouteLocator    : RouteDefinition ReactiveCompositeDiscoveryClient_KYC-SERVICE applying filter {regexp=/kyc-service/?(?<remaining>.*), replacement=/${remaining}} to RewritePath
2026-03-27T11:09:21.682+05:30 DEBUG 24304 --- [Api-Gateway] [reshExecutor-%d] o.s.c.g.r.RouteDefinitionRouteLocator    : RouteDefinition matched: ReactiveCompositeDiscoveryClient_KYC-SERVICE
2026-03-27T11:09:21.682+05:30 DEBUG 24304 --- [Api-Gateway] [reshExecutor-%d] o.s.c.g.r.RouteDefinitionRouteLocator    : RouteDefinition ReactiveCompositeDiscoveryClient_TRANSACTION-SERVICE applying {pattern=/transaction-service/**} to Path
2026-03-27T11:09:21.683+05:30 DEBUG 24304 --- [Api-Gateway] [reshExecutor-%d] o.s.c.g.r.RouteDefinitionRouteLocator    : RouteDefinition ReactiveCompositeDiscoveryClient_TRANSACTION-SERVICE applying filter {regexp=/transaction-service/?(?<remaining>.*), replacement=/${remaining}} to RewritePath
2026-03-27T11:09:21.685+05:30 DEBUG 24304 --- [Api-Gateway] [reshExecutor-%d] o.s.c.g.r.RouteDefinitionRouteLocator    : RouteDefinition matched: ReactiveCompositeDiscoveryClient_TRANSACTION-SERVICE
2026-03-27T11:09:21.685+05:30 DEBUG 24304 --- [Api-Gateway] [reshExecutor-%d] o.s.c.g.r.RouteDefinitionRouteLocator    : RouteDefinition ReactiveCompositeDiscoveryClient_ADMIN-SERVICE applying {pattern=/admin-service/**} to Path
2026-03-27T11:09:21.686+05:30 DEBUG 24304 --- [Api-Gateway] [reshExecutor-%d] o.s.c.g.r.RouteDefinitionRouteLocator    : RouteDefinition ReactiveCompositeDiscoveryClient_ADMIN-SERVICE applying filter {regexp=/admin-service/?(?<remaining>.*), replacement=/${remaining}} to RewritePath
2026-03-27T11:09:21.687+05:30 DEBUG 24304 --- [Api-Gateway] [reshExecutor-%d] o.s.c.g.r.RouteDefinitionRouteLocator    : RouteDefinition matched: ReactiveCompositeDiscoveryClient_ADMIN-SERVICE
2026-03-27T11:09:21.688+05:30 DEBUG 24304 --- [Api-Gateway] [reshExecutor-%d] o.s.c.g.r.RouteDefinitionRouteLocator    : RouteDefinition ReactiveCompositeDiscoveryClient_WALLET-SERVICE applying {pattern=/wallet-service/**} to Path
2026-03-27T11:09:21.689+05:30 DEBUG 24304 --- [Api-Gateway] [reshExecutor-%d] o.s.c.g.r.RouteDefinitionRouteLocator    : RouteDefinition ReactiveCompositeDiscoveryClient_WALLET-SERVICE applying filter {regexp=/wallet-service/?(?<remaining>.*), replacement=/${remaining}} to RewritePath
2026-03-27T11:09:21.690+05:30 DEBUG 24304 --- [Api-Gateway] [reshExecutor-%d] o.s.c.g.r.RouteDefinitionRouteLocator    : RouteDefinition matched: ReactiveCompositeDiscoveryClient_WALLET-SERVICE
2026-03-27T11:09:21.690+05:30 DEBUG 24304 --- [Api-Gateway] [reshExecutor-%d] o.s.c.g.r.RouteDefinitionRouteLocator    : RouteDefinition ReactiveCompositeDiscoveryClient_NOTIFICATION-SERVICE applying {pattern=/notification-service/**} to Path
2026-03-27T11:09:21.693+05:30 DEBUG 24304 --- [Api-Gateway] [reshExecutor-%d] o.s.c.g.r.RouteDefinitionRouteLocator    : RouteDefinition ReactiveCompositeDiscoveryClient_NOTIFICATION-SERVICE applying filter {regexp=/notification-service/?(?<remaining>.*), replacement=/${remaining}} to RewritePath
2026-03-27T11:09:21.694+05:30 DEBUG 24304 --- [Api-Gateway] [reshExecutor-%d] o.s.c.g.r.RouteDefinitionRouteLocator    : RouteDefinition matched: ReactiveCompositeDiscoveryClient_NOTIFICATION-SERVICE
2026-03-27T11:09:21.695+05:30 DEBUG 24304 --- [Api-Gateway] [reshExecutor-%d] o.s.c.g.r.RouteDefinitionRouteLocator    : RouteDefinition ReactiveCompositeDiscoveryClient_PAYMENT-SERVICES applying {pattern=/payment-services/**} to Path
2026-03-27T11:09:21.695+05:30 DEBUG 24304 --- [Api-Gateway] [reshExecutor-%d] o.s.c.g.r.RouteDefinitionRouteLocator    : RouteDefinition ReactiveCompositeDiscoveryClient_PAYMENT-SERVICES applying filter {regexp=/payment-services/?(?<remaining>.*), replacement=/${remaining}} to RewritePath
2026-03-27T11:09:21.697+05:30 DEBUG 24304 --- [Api-Gateway] [reshExecutor-%d] o.s.c.g.r.RouteDefinitionRouteLocator    : RouteDefinition matched: ReactiveCompositeDiscoveryClient_PAYMENT-SERVICES
2026-03-27T11:09:21.697+05:30 DEBUG 24304 --- [Api-Gateway] [reshExecutor-%d] o.s.c.g.r.RouteDefinitionRouteLocator    : RouteDefinition ReactiveCompositeDiscoveryClient_USER-SERVICE applying {pattern=/user-service/**} to Path
2026-03-27T11:09:21.699+05:30 DEBUG 24304 --- [Api-Gateway] [reshExecutor-%d] o.s.c.g.r.RouteDefinitionRouteLocator    : RouteDefinition ReactiveCompositeDiscoveryClient_USER-SERVICE applying filter {regexp=/user-service/?(?<remaining>.*), replacement=/${remaining}} to RewritePath
2026-03-27T11:09:21.701+05:30 DEBUG 24304 --- [Api-Gateway] [reshExecutor-%d] o.s.c.g.r.RouteDefinitionRouteLocator    : RouteDefinition matched: ReactiveCompositeDiscoveryClient_USER-SERVICE
2026-03-27T11:09:21.701+05:30 DEBUG 24304 --- [Api-Gateway] [reshExecutor-%d] o.s.c.g.r.RouteDefinitionRouteLocator    : RouteDefinition AUTH-SERVICE applying {_genkey_0=/auth/**} to Path
2026-03-27T11:09:21.701+05:30 DEBUG 24304 --- [Api-Gateway] [reshExecutor-%d] o.s.c.g.r.RouteDefinitionRouteLocator    : RouteDefinition matched: AUTH-SERVICE
2026-03-27T11:09:21.702+05:30 DEBUG 24304 --- [Api-Gateway] [reshExecutor-%d] o.s.c.g.r.RouteDefinitionRouteLocator    : RouteDefinition ADMIN-SERVICE applying {_genkey_0=/admin/**} to Path
2026-03-27T11:09:21.703+05:30 DEBUG 24304 --- [Api-Gateway] [reshExecutor-%d] o.s.c.g.r.RouteDefinitionRouteLocator    : RouteDefinition matched: ADMIN-SERVICE
2026-03-27T11:09:21.703+05:30 DEBUG 24304 --- [Api-Gateway] [reshExecutor-%d] o.s.c.g.r.RouteDefinitionRouteLocator    : RouteDefinition KYC-SERVICE applying {_genkey_0=/kyc/**} to Path
2026-03-27T11:09:21.704+05:30 DEBUG 24304 --- [Api-Gateway] [reshExecutor-%d] o.s.c.g.r.RouteDefinitionRouteLocator    : RouteDefinition matched: KYC-SERVICE
2026-03-27T11:09:21.705+05:30 DEBUG 24304 --- [Api-Gateway] [reshExecutor-%d] o.s.c.g.r.RouteDefinitionRouteLocator    : RouteDefinition PAYMENT-SERVICES applying {_genkey_0=/api/payments/**} to Path
2026-03-27T11:09:21.706+05:30 DEBUG 24304 --- [Api-Gateway] [reshExecutor-%d] o.s.c.g.r.RouteDefinitionRouteLocator    : RouteDefinition PAYMENT-SERVICES applying filter {_genkey_0=name:paymentCircuitBreaker, _genkey_1=fallbackUri:forward:/fallback/payment} to CircuitBreaker
2026-03-27T11:09:21.707+05:30 DEBUG 24304 --- [Api-Gateway] [reshExecutor-%d] o.s.c.g.r.RouteDefinitionRouteLocator    : RouteDefinition matched: PAYMENT-SERVICES
2026-03-27T11:09:21.707+05:30 DEBUG 24304 --- [Api-Gateway] [reshExecutor-%d] o.s.c.g.r.RouteDefinitionRouteLocator    : RouteDefinition WALLET-SERVICE applying {_genkey_0=/api/wallets/**} to Path
2026-03-27T11:09:21.707+05:30 DEBUG 24304 --- [Api-Gateway] [reshExecutor-%d] o.s.c.g.r.RouteDefinitionRouteLocator    : RouteDefinition WALLET-SERVICE applying filter {_genkey_0=name:walletCircuitBreaker, _genkey_1=fallbackUri:forward:/fallback/general} to CircuitBreaker
2026-03-27T11:09:21.710+05:30 DEBUG 24304 --- [Api-Gateway] [reshExecutor-%d] o.s.c.g.r.RouteDefinitionRouteLocator    : RouteDefinition matched: WALLET-SERVICE
2026-03-27T11:09:21.710+05:30 DEBUG 24304 --- [Api-Gateway] [reshExecutor-%d] o.s.c.g.r.RouteDefinitionRouteLocator    : RouteDefinition TRANSACTION-SERVICE applying {_genkey_0=/api/transaction/**} to Path
2026-03-27T11:09:21.711+05:30 DEBUG 24304 --- [Api-Gateway] [reshExecutor-%d] o.s.c.g.r.RouteDefinitionRouteLocator    : RouteDefinition TRANSACTION-SERVICE applying filter {_genkey_0=name:transactionCircuitBreaker, _genkey_1=fallbackUri:forward:/fallback/general} to CircuitBreaker
2026-03-27T11:09:21.712+05:30 DEBUG 24304 --- [Api-Gateway] [reshExecutor-%d] o.s.c.g.r.RouteDefinitionRouteLocator    : RouteDefinition matched: TRANSACTION-SERVICE
2026-03-27T11:09:21.713+05:30 DEBUG 24304 --- [Api-Gateway] [reshExecutor-%d] o.s.c.g.r.RouteDefinitionRouteLocator    : RouteDefinition REWARDS-SERVICE applying {_genkey_0=/api/rewards/**} to Path
2026-03-27T11:09:21.714+05:30 DEBUG 24304 --- [Api-Gateway] [reshExecutor-%d] o.s.c.g.r.RouteDefinitionRouteLocator    : RouteDefinition REWARDS-SERVICE applying filter {_genkey_0=name:rewardCircuitBreaker, _genkey_1=fallbackUri:forward:/fallback/reward} to CircuitBreaker
2026-03-27T11:09:21.715+05:30 DEBUG 24304 --- [Api-Gateway] [reshExecutor-%d] o.s.c.g.r.RouteDefinitionRouteLocator    : RouteDefinition matched: REWARDS-SERVICE
2026-03-27T11:09:21.716+05:30 DEBUG 24304 --- [Api-Gateway] [reshExecutor-%d] o.s.c.g.r.RouteDefinitionRouteLocator    : RouteDefinition NOTIFICATION-SERVICE applying {_genkey_0=/api/notifications/**} to Path
2026-03-27T11:09:21.717+05:30 DEBUG 24304 --- [Api-Gateway] [reshExecutor-%d] o.s.c.g.r.RouteDefinitionRouteLocator    : RouteDefinition NOTIFICATION-SERVICE applying filter {_genkey_0=name:notificationCircuitBreaker, _genkey_1=fallbackUri:forward:/fallback/general} to CircuitBreaker
2026-03-27T11:09:21.718+05:30 DEBUG 24304 --- [Api-Gateway] [reshExecutor-%d] o.s.c.g.r.RouteDefinitionRouteLocator    : RouteDefinition matched: NOTIFICATION-SERVICE
2026-03-27T11:09:21.718+05:30 DEBUG 24304 --- [Api-Gateway] [reshExecutor-%d] o.s.c.g.r.RouteDefinitionRouteLocator    : RouteDefinition USER-SERVICE applying {_genkey_0=/users/**} to Path
2026-03-27T11:09:21.719+05:30 DEBUG 24304 --- [Api-Gateway] [reshExecutor-%d] o.s.c.g.r.RouteDefinitionRouteLocator    : RouteDefinition matched: USER-SERVICE
2026-03-27T11:09:21.721+05:30 DEBUG 24304 --- [Api-Gateway] [reshExecutor-%d] o.s.c.g.filter.GatewayMetricsFilter      : New routes count: 19
2026-03-27T11:09:29.981+05:30 DEBUG 24304 --- [Api-Gateway] [ctor-http-nio-4] o.s.c.g.h.RoutePredicateHandlerMapping   : Route matched: AUTH-SERVICE
2026-03-27T11:09:29.982+05:30 DEBUG 24304 --- [Api-Gateway] [ctor-http-nio-4] o.s.c.g.h.RoutePredicateHandlerMapping   : Mapping [Exchange: POST http://localhost:7505/auth/Log-In?identifier=srivastavaharsh148%40gmail.com&otp=762402] to Route{id='AUTH-SERVICE', uri=lb://USER-SERVICE, order=0, predicate=Paths: [/auth/**], match trailing slash: true, gatewayFilters=[], metadata={}}
2026-03-27T11:09:29.983+05:30 DEBUG 24304 --- [Api-Gateway] [ctor-http-nio-4] o.s.c.g.h.RoutePredicateHandlerMapping   : [d4459dfe-19] Mapped to org.springframework.cloud.gateway.handler.FilteringWebHandler@1cb592da
2026-03-27T11:09:29.984+05:30 DEBUG 24304 --- [Api-Gateway] [ctor-http-nio-4] o.s.c.g.handler.FilteringWebHandler      : Sorted gatewayFilterFactories: [[GatewayFilterAdapter{delegate=org.springframework.cloud.gateway.filter.RemoveCachedBodyFilter@756c67cd}, order = -2147483648], [GatewayFilterAdapter{delegate=org.springframework.cloud.gateway.filter.AdaptCachedBodyGlobalFilter@1cc708a7}, order = -2147482648], [GatewayFilterAdapter{delegate=org.springframework.cloud.gateway.filter.NettyWriteResponseFilter@12214f2f}, order = -1], [GatewayFilterAdapter{delegate=org.springframework.cloud.gateway.filter.ForwardPathFilter@79308a2}, order = 0], [GatewayFilterAdapter{delegate=org.springframework.cloud.gateway.filter.GatewayMetricsFilter@352e5a82}, order = 0], [GatewayFilterAdapter{delegate=org.springframework.cloud.gateway.filter.RouteToRequestUrlFilter@50de907a}, order = 10000], [GatewayFilterAdapter{delegate=org.springframework.cloud.gateway.filter.ReactiveLoadBalancerClientFilter@3a2bb026}, order = 10150], [GatewayFilterAdapter{delegate=org.springframework.cloud.gateway.filter.LoadBalancerServiceInstanceCookieFilter@7645e64}, order = 10151], [GatewayFilterAdapter{delegate=org.springframework.cloud.gateway.filter.WebsocketRoutingFilter@11574592}, order = 2147483646], [GatewayFilterAdapter{delegate=org.springframework.cloud.gateway.filter.NettyRoutingFilter@7de6549d}, order = 2147483647], [GatewayFilterAdapter{delegate=org.springframework.cloud.gateway.filter.ForwardRoutingFilter@1fd37440}, order = 2147483647]]
2026-03-27T11:09:29.988+05:30 DEBUG 24304 --- [Api-Gateway] [ctor-http-nio-4] g.f.h.o.ObservedRequestHttpHeadersFilter : Will instrument the HTTP request headers [Host:"localhost:7505", Content-Length:"0", sec-ch-ua-platform:""Windows"", User-Agent:"Mozilla/5.0 (Windows NT 10.0; Win64; x64) AppleWebKit/537.36 (KHTML, like Gecko) Chrome/146.0.0.0 Safari/537.36 Edg/146.0.0.0", accept:"*/*", sec-ch-ua:""Chromium";v="146", "Not-A.Brand";v="24", "Microsoft Edge";v="146"", sec-ch-ua-mobile:"?0", Origin:"http://localhost:7505", Sec-Fetch-Site:"same-origin", Sec-Fetch-Mode:"cors", Sec-Fetch-Dest:"empty", Referer:"http://localhost:7505/webjars/swagger-ui/index.html?urls.primaryName=User%20Service", Accept-Encoding:"gzip, deflate, br, zstd", Accept-Language:"en-US,en;q=0.9", Cookie:"jenkins-timestamper-offset=-19800000; ajs_anonymous_id=bb3c0659-9741-4132-8e48-df1d063bdfc6; splunkweb_csrf_token_8000=4650811227071327921; m=; JSESSIONID=AEC81D640059673CB5727CD0D3E6E468", Forwarded:"proto=http;host="localhost:7505";for="[0:0:0:0:0:0:0:1]:52519"", X-Forwarded-For:"0:0:0:0:0:0:0:1", X-Forwarded-Proto:"http", X-Forwarded-Port:"7505", X-Forwarded-Host:"localhost:7505"]
2026-03-27T11:09:29.989+05:30 DEBUG 24304 --- [Api-Gateway] [ctor-http-nio-4] g.f.h.o.ObservedRequestHttpHeadersFilter : Client observation  {name=http.client.requests(null), error=null, context=name='http.client.requests', contextualName='null', error='null', lowCardinalityKeyValues=[http.method='POST', http.status_code='UNKNOWN', spring.cloud.gateway.route.id='AUTH-SERVICE', spring.cloud.gateway.route.uri='lb://USER-SERVICE'], highCardinalityKeyValues=[http.uri='http://localhost:7505/auth/Log-In?identifier=srivastavaharsh148%40gmail.com&otp=762402'], map=[class io.micrometer.core.instrument.LongTaskTimer$Sample='SampleImpl{duration(seconds)=7.54E-5, duration(nanos)=75400.0, startTimeNanos=92266975140800}', class io.micrometer.core.instrument.Timer$Sample='io.micrometer.core.instrument.Timer$Sample@4d60c600'], parentObservation={name=http.server.requests(null), error=null, context=name='http.server.requests', contextualName='null', error='null', lowCardinalityKeyValues=[exception='none', method='POST', outcome='SUCCESS', status='200', uri='UNKNOWN'], highCardinalityKeyValues=[http.url='/auth/Log-In'], map=[class io.micrometer.core.instrument.LongTaskTimer$Sample='SampleImpl{duration(seconds)=0.0097222, duration(nanos)=9722200.0, startTimeNanos=92266965566400}', class io.micrometer.core.instrument.Timer$Sample='io.micrometer.core.instrument.Timer$Sample@6d190e36'], parentObservation=null}} created for the request. New headers are [Host:"localhost:7505", Content-Length:"0", sec-ch-ua-platform:""Windows"", User-Agent:"Mozilla/5.0 (Windows NT 10.0; Win64; x64) AppleWebKit/537.36 (KHTML, like Gecko) Chrome/146.0.0.0 Safari/537.36 Edg/146.0.0.0", accept:"*/*", sec-ch-ua:""Chromium";v="146", "Not-A.Brand";v="24", "Microsoft Edge";v="146"", sec-ch-ua-mobile:"?0", Origin:"http://localhost:7505", Sec-Fetch-Site:"same-origin", Sec-Fetch-Mode:"cors", Sec-Fetch-Dest:"empty", Referer:"http://localhost:7505/webjars/swagger-ui/index.html?urls.primaryName=User%20Service", Accept-Encoding:"gzip, deflate, br, zstd", Accept-Language:"en-US,en;q=0.9", Cookie:"jenkins-timestamper-offset=-19800000; ajs_anonymous_id=bb3c0659-9741-4132-8e48-df1d063bdfc6; splunkweb_csrf_token_8000=4650811227071327921; m=; JSESSIONID=AEC81D640059673CB5727CD0D3E6E468", Forwarded:"proto=http;host="localhost:7505";for="[0:0:0:0:0:0:0:1]:52519"", X-Forwarded-For:"0:0:0:0:0:0:0:1", X-Forwarded-Proto:"http", X-Forwarded-Port:"7505", X-Forwarded-Host:"localhost:7505"]
2026-03-27T11:09:30.355+05:30 DEBUG 24304 --- [Api-Gateway] [ctor-http-nio-4] .f.h.o.ObservedResponseHttpHeadersFilter : Will instrument the response
2026-03-27T11:09:30.356+05:30 DEBUG 24304 --- [Api-Gateway] [ctor-http-nio-4] .f.h.o.ObservedResponseHttpHeadersFilter : The response was handled for observation {name=http.client.requests(null), error=null, context=name='http.client.requests', contextualName='null', error='null', lowCardinalityKeyValues=[http.method='POST', http.status_code='UNKNOWN', spring.cloud.gateway.route.id='AUTH-SERVICE', spring.cloud.gateway.route.uri='lb://USER-SERVICE'], highCardinalityKeyValues=[http.uri='http://localhost:7505/auth/Log-In?identifier=srivastavaharsh148%40gmail.com&otp=762402'], map=[class io.micrometer.core.instrument.LongTaskTimer$Sample='SampleImpl{duration(seconds)=0.3680276, duration(nanos)=3.680276E8, startTimeNanos=92266975140800}', class io.micrometer.core.instrument.Timer$Sample='io.micrometer.core.instrument.Timer$Sample@4d60c600'], parentObservation={name=http.server.requests(null), error=null, context=name='http.server.requests', contextualName='null', error='null', lowCardinalityKeyValues=[exception='none', method='POST', outcome='SUCCESS', status='200', uri='UNKNOWN'], highCardinalityKeyValues=[http.url='/auth/Log-In'], map=[class io.micrometer.core.instrument.LongTaskTimer$Sample='SampleImpl{duration(seconds)=0.3777311, duration(nanos)=3.777311E8, startTimeNanos=92266965566400}', class io.micrometer.core.instrument.Timer$Sample='io.micrometer.core.instrument.Timer$Sample@6d190e36'], parentObservation=null}}
2026-03-27T11:09:51.747+05:30 DEBUG 24304 --- [Api-Gateway] [reshExecutor-%d] o.s.c.g.r.RouteDefinitionRouteLocator    : RouteDefinition ReactiveCompositeDiscoveryClient_CONFIG-SERVIER applying {pattern=/config-servier/**} to Path
2026-03-27T11:09:51.753+05:30 DEBUG 24304 --- [Api-Gateway] [reshExecutor-%d] o.s.c.g.r.RouteDefinitionRouteLocator    : RouteDefinition ReactiveCompositeDiscoveryClient_CONFIG-SERVIER applying filter {regexp=/config-servier/?(?<remaining>.*), replacement=/${remaining}} to RewritePath
2026-03-27T11:09:51.754+05:30 DEBUG 24304 --- [Api-Gateway] [reshExecutor-%d] o.s.c.g.r.RouteDefinitionRouteLocator    : RouteDefinition matched: ReactiveCompositeDiscoveryClient_CONFIG-SERVIER
2026-03-27T11:09:51.755+05:30 DEBUG 24304 --- [Api-Gateway] [reshExecutor-%d] o.s.c.g.r.RouteDefinitionRouteLocator    : RouteDefinition ReactiveCompositeDiscoveryClient_API-GATEWAY applying {pattern=/api-gateway/**} to Path
2026-03-27T11:09:51.756+05:30 DEBUG 24304 --- [Api-Gateway] [reshExecutor-%d] o.s.c.g.r.RouteDefinitionRouteLocator    : RouteDefinition ReactiveCompositeDiscoveryClient_API-GATEWAY applying filter {regexp=/api-gateway/?(?<remaining>.*), replacement=/${remaining}} to RewritePath
2026-03-27T11:09:51.758+05:30 DEBUG 24304 --- [Api-Gateway] [reshExecutor-%d] o.s.c.g.r.RouteDefinitionRouteLocator    : RouteDefinition matched: ReactiveCompositeDiscoveryClient_API-GATEWAY
2026-03-27T11:09:51.759+05:30 DEBUG 24304 --- [Api-Gateway] [reshExecutor-%d] o.s.c.g.r.RouteDefinitionRouteLocator    : RouteDefinition ReactiveCompositeDiscoveryClient_REWARDS-SERVICE applying {pattern=/rewards-service/**} to Path
2026-03-27T11:09:51.761+05:30 DEBUG 24304 --- [Api-Gateway] [reshExecutor-%d] o.s.c.g.r.RouteDefinitionRouteLocator    : RouteDefinition ReactiveCompositeDiscoveryClient_REWARDS-SERVICE applying filter {regexp=/rewards-service/?(?<remaining>.*), replacement=/${remaining}} to RewritePath
2026-03-27T11:09:51.762+05:30 DEBUG 24304 --- [Api-Gateway] [reshExecutor-%d] o.s.c.g.r.RouteDefinitionRouteLocator    : RouteDefinition matched: ReactiveCompositeDiscoveryClient_REWARDS-SERVICE
2026-03-27T11:09:51.763+05:30 DEBUG 24304 --- [Api-Gateway] [reshExecutor-%d] o.s.c.g.r.RouteDefinitionRouteLocator    : RouteDefinition ReactiveCompositeDiscoveryClient_KYC-SERVICE applying {pattern=/kyc-service/**} to Path
2026-03-27T11:09:51.764+05:30 DEBUG 24304 --- [Api-Gateway] [reshExecutor-%d] o.s.c.g.r.RouteDefinitionRouteLocator    : RouteDefinition ReactiveCompositeDiscoveryClient_KYC-SERVICE applying filter {regexp=/kyc-service/?(?<remaining>.*), replacement=/${remaining}} to RewritePath
2026-03-27T11:09:51.766+05:30 DEBUG 24304 --- [Api-Gateway] [reshExecutor-%d] o.s.c.g.r.RouteDefinitionRouteLocator    : RouteDefinition matched: ReactiveCompositeDiscoveryClient_KYC-SERVICE
2026-03-27T11:09:51.767+05:30 DEBUG 24304 --- [Api-Gateway] [reshExecutor-%d] o.s.c.g.r.RouteDefinitionRouteLocator    : RouteDefinition ReactiveCompositeDiscoveryClient_TRANSACTION-SERVICE applying {pattern=/transaction-service/**} to Path
2026-03-27T11:09:51.767+05:30 DEBUG 24304 --- [Api-Gateway] [reshExecutor-%d] o.s.c.g.r.RouteDefinitionRouteLocator    : RouteDefinition ReactiveCompositeDiscoveryClient_TRANSACTION-SERVICE applying filter {regexp=/transaction-service/?(?<remaining>.*), replacement=/${remaining}} to RewritePath
2026-03-27T11:09:51.769+05:30 DEBUG 24304 --- [Api-Gateway] [reshExecutor-%d] o.s.c.g.r.RouteDefinitionRouteLocator    : RouteDefinition matched: ReactiveCompositeDiscoveryClient_TRANSACTION-SERVICE
2026-03-27T11:09:51.770+05:30 DEBUG 24304 --- [Api-Gateway] [reshExecutor-%d] o.s.c.g.r.RouteDefinitionRouteLocator    : RouteDefinition ReactiveCompositeDiscoveryClient_ADMIN-SERVICE applying {pattern=/admin-service/**} to Path
2026-03-27T11:09:51.770+05:30 DEBUG 24304 --- [Api-Gateway] [reshExecutor-%d] o.s.c.g.r.RouteDefinitionRouteLocator    : RouteDefinition ReactiveCompositeDiscoveryClient_ADMIN-SERVICE applying filter {regexp=/admin-service/?(?<remaining>.*), replacement=/${remaining}} to RewritePath
2026-03-27T11:09:51.772+05:30 DEBUG 24304 --- [Api-Gateway] [reshExecutor-%d] o.s.c.g.r.RouteDefinitionRouteLocator    : RouteDefinition matched: ReactiveCompositeDiscoveryClient_ADMIN-SERVICE
2026-03-27T11:09:51.774+05:30 DEBUG 24304 --- [Api-Gateway] [reshExecutor-%d] o.s.c.g.r.RouteDefinitionRouteLocator    : RouteDefinition ReactiveCompositeDiscoveryClient_WALLET-SERVICE applying {pattern=/wallet-service/**} to Path
2026-03-27T11:09:51.776+05:30 DEBUG 24304 --- [Api-Gateway] [reshExecutor-%d] o.s.c.g.r.RouteDefinitionRouteLocator    : RouteDefinition ReactiveCompositeDiscoveryClient_WALLET-SERVICE applying filter {regexp=/wallet-service/?(?<remaining>.*), replacement=/${remaining}} to RewritePath
2026-03-27T11:09:51.777+05:30 DEBUG 24304 --- [Api-Gateway] [reshExecutor-%d] o.s.c.g.r.RouteDefinitionRouteLocator    : RouteDefinition matched: ReactiveCompositeDiscoveryClient_WALLET-SERVICE
2026-03-27T11:09:51.778+05:30 DEBUG 24304 --- [Api-Gateway] [reshExecutor-%d] o.s.c.g.r.RouteDefinitionRouteLocator    : RouteDefinition ReactiveCompositeDiscoveryClient_NOTIFICATION-SERVICE applying {pattern=/notification-service/**} to Path
2026-03-27T11:09:51.779+05:30 DEBUG 24304 --- [Api-Gateway] [reshExecutor-%d] o.s.c.g.r.RouteDefinitionRouteLocator    : RouteDefinition ReactiveCompositeDiscoveryClient_NOTIFICATION-SERVICE applying filter {regexp=/notification-service/?(?<remaining>.*), replacement=/${remaining}} to RewritePath
2026-03-27T11:09:51.780+05:30 DEBUG 24304 --- [Api-Gateway] [reshExecutor-%d] o.s.c.g.r.RouteDefinitionRouteLocator    : RouteDefinition matched: ReactiveCompositeDiscoveryClient_NOTIFICATION-SERVICE
2026-03-27T11:09:51.781+05:30 DEBUG 24304 --- [Api-Gateway] [reshExecutor-%d] o.s.c.g.r.RouteDefinitionRouteLocator    : RouteDefinition ReactiveCompositeDiscoveryClient_PAYMENT-SERVICES applying {pattern=/payment-services/**} to Path
2026-03-27T11:09:51.783+05:30 DEBUG 24304 --- [Api-Gateway] [reshExecutor-%d] o.s.c.g.r.RouteDefinitionRouteLocator    : RouteDefinition ReactiveCompositeDiscoveryClient_PAYMENT-SERVICES applying filter {regexp=/payment-services/?(?<remaining>.*), replacement=/${remaining}} to RewritePath
2026-03-27T11:09:51.785+05:30 DEBUG 24304 --- [Api-Gateway] [reshExecutor-%d] o.s.c.g.r.RouteDefinitionRouteLocator    : RouteDefinition matched: ReactiveCompositeDiscoveryClient_PAYMENT-SERVICES
2026-03-27T11:09:51.785+05:30 DEBUG 24304 --- [Api-Gateway] [reshExecutor-%d] o.s.c.g.r.RouteDefinitionRouteLocator    : RouteDefinition ReactiveCompositeDiscoveryClient_USER-SERVICE applying {pattern=/user-service/**} to Path
2026-03-27T11:09:51.787+05:30 DEBUG 24304 --- [Api-Gateway] [reshExecutor-%d] o.s.c.g.r.RouteDefinitionRouteLocator    : RouteDefinition ReactiveCompositeDiscoveryClient_USER-SERVICE applying filter {regexp=/user-service/?(?<remaining>.*), replacement=/${remaining}} to RewritePath
2026-03-27T11:09:51.788+05:30 DEBUG 24304 --- [Api-Gateway] [reshExecutor-%d] o.s.c.g.r.RouteDefinitionRouteLocator    : RouteDefinition matched: ReactiveCompositeDiscoveryClient_USER-SERVICE
2026-03-27T11:09:51.789+05:30 DEBUG 24304 --- [Api-Gateway] [reshExecutor-%d] o.s.c.g.r.RouteDefinitionRouteLocator    : RouteDefinition AUTH-SERVICE applying {_genkey_0=/auth/**} to Path
2026-03-27T11:09:51.791+05:30 DEBUG 24304 --- [Api-Gateway] [reshExecutor-%d] o.s.c.g.r.RouteDefinitionRouteLocator    : RouteDefinition matched: AUTH-SERVICE
2026-03-27T11:09:51.791+05:30 DEBUG 24304 --- [Api-Gateway] [reshExecutor-%d] o.s.c.g.r.RouteDefinitionRouteLocator    : RouteDefinition ADMIN-SERVICE applying {_genkey_0=/admin/**} to Path
2026-03-27T11:09:51.793+05:30 DEBUG 24304 --- [Api-Gateway] [reshExecutor-%d] o.s.c.g.r.RouteDefinitionRouteLocator    : RouteDefinition matched: ADMIN-SERVICE
2026-03-27T11:09:51.794+05:30 DEBUG 24304 --- [Api-Gateway] [reshExecutor-%d] o.s.c.g.r.RouteDefinitionRouteLocator    : RouteDefinition KYC-SERVICE applying {_genkey_0=/kyc/**} to Path
2026-03-27T11:09:51.796+05:30 DEBUG 24304 --- [Api-Gateway] [reshExecutor-%d] o.s.c.g.r.RouteDefinitionRouteLocator    : RouteDefinition matched: KYC-SERVICE
2026-03-27T11:09:51.797+05:30 DEBUG 24304 --- [Api-Gateway] [reshExecutor-%d] o.s.c.g.r.RouteDefinitionRouteLocator    : RouteDefinition PAYMENT-SERVICES applying {_genkey_0=/api/payments/**} to Path
2026-03-27T11:09:51.799+05:30 DEBUG 24304 --- [Api-Gateway] [reshExecutor-%d] o.s.c.g.r.RouteDefinitionRouteLocator    : RouteDefinition PAYMENT-SERVICES applying filter {_genkey_0=name:paymentCircuitBreaker, _genkey_1=fallbackUri:forward:/fallback/payment} to CircuitBreaker
2026-03-27T11:09:51.800+05:30 DEBUG 24304 --- [Api-Gateway] [reshExecutor-%d] o.s.c.g.r.RouteDefinitionRouteLocator    : RouteDefinition matched: PAYMENT-SERVICES
2026-03-27T11:09:51.801+05:30 DEBUG 24304 --- [Api-Gateway] [reshExecutor-%d] o.s.c.g.r.RouteDefinitionRouteLocator    : RouteDefinition WALLET-SERVICE applying {_genkey_0=/api/wallets/**} to Path
2026-03-27T11:09:51.803+05:30 DEBUG 24304 --- [Api-Gateway] [reshExecutor-%d] o.s.c.g.r.RouteDefinitionRouteLocator    : RouteDefinition WALLET-SERVICE applying filter {_genkey_0=name:walletCircuitBreaker, _genkey_1=fallbackUri:forward:/fallback/general} to CircuitBreaker
2026-03-27T11:09:51.805+05:30 DEBUG 24304 --- [Api-Gateway] [reshExecutor-%d] o.s.c.g.r.RouteDefinitionRouteLocator    : RouteDefinition matched: WALLET-SERVICE
2026-03-27T11:09:51.805+05:30 DEBUG 24304 --- [Api-Gateway] [reshExecutor-%d] o.s.c.g.r.RouteDefinitionRouteLocator    : RouteDefinition TRANSACTION-SERVICE applying {_genkey_0=/api/transaction/**} to Path
2026-03-27T11:09:51.807+05:30 DEBUG 24304 --- [Api-Gateway] [reshExecutor-%d] o.s.c.g.r.RouteDefinitionRouteLocator    : RouteDefinition TRANSACTION-SERVICE applying filter {_genkey_0=name:transactionCircuitBreaker, _genkey_1=fallbackUri:forward:/fallback/general} to CircuitBreaker
2026-03-27T11:09:51.809+05:30 DEBUG 24304 --- [Api-Gateway] [reshExecutor-%d] o.s.c.g.r.RouteDefinitionRouteLocator    : RouteDefinition matched: TRANSACTION-SERVICE
2026-03-27T11:09:51.810+05:30 DEBUG 24304 --- [Api-Gateway] [reshExecutor-%d] o.s.c.g.r.RouteDefinitionRouteLocator    : RouteDefinition REWARDS-SERVICE applying {_genkey_0=/api/rewards/**} to Path
2026-03-27T11:09:51.811+05:30 DEBUG 24304 --- [Api-Gateway] [reshExecutor-%d] o.s.c.g.r.RouteDefinitionRouteLocator    : RouteDefinition REWARDS-SERVICE applying filter {_genkey_0=name:rewardCircuitBreaker, _genkey_1=fallbackUri:forward:/fallback/reward} to CircuitBreaker
2026-03-27T11:09:51.812+05:30 DEBUG 24304 --- [Api-Gateway] [reshExecutor-%d] o.s.c.g.r.RouteDefinitionRouteLocator    : RouteDefinition matched: REWARDS-SERVICE
2026-03-27T11:09:51.813+05:30 DEBUG 24304 --- [Api-Gateway] [reshExecutor-%d] o.s.c.g.r.RouteDefinitionRouteLocator    : RouteDefinition NOTIFICATION-SERVICE applying {_genkey_0=/api/notifications/**} to Path
2026-03-27T11:09:51.814+05:30 DEBUG 24304 --- [Api-Gateway] [reshExecutor-%d] o.s.c.g.r.RouteDefinitionRouteLocator    : RouteDefinition NOTIFICATION-SERVICE applying filter {_genkey_0=name:notificationCircuitBreaker, _genkey_1=fallbackUri:forward:/fallback/general} to CircuitBreaker
2026-03-27T11:09:51.817+05:30 DEBUG 24304 --- [Api-Gateway] [reshExecutor-%d] o.s.c.g.r.RouteDefinitionRouteLocator    : RouteDefinition matched: NOTIFICATION-SERVICE
2026-03-27T11:09:51.819+05:30 DEBUG 24304 --- [Api-Gateway] [reshExecutor-%d] o.s.c.g.r.RouteDefinitionRouteLocator    : RouteDefinition USER-SERVICE applying {_genkey_0=/users/**} to Path
2026-03-27T11:09:51.821+05:30 DEBUG 24304 --- [Api-Gateway] [reshExecutor-%d] o.s.c.g.r.RouteDefinitionRouteLocator    : RouteDefinition matched: USER-SERVICE
2026-03-27T11:09:51.823+05:30 DEBUG 24304 --- [Api-Gateway] [reshExecutor-%d] o.s.c.g.filter.GatewayMetricsFilter      : New routes count: 19
2026-03-27T11:10:21.853+05:30 DEBUG 24304 --- [Api-Gateway] [reshExecutor-%d] o.s.c.g.r.RouteDefinitionRouteLocator    : RouteDefinition ReactiveCompositeDiscoveryClient_CONFIG-SERVIER applying {pattern=/config-servier/**} to Path
2026-03-27T11:10:21.856+05:30 DEBUG 24304 --- [Api-Gateway] [reshExecutor-%d] o.s.c.g.r.RouteDefinitionRouteLocator    : RouteDefinition ReactiveCompositeDiscoveryClient_CONFIG-SERVIER applying filter {regexp=/config-servier/?(?<remaining>.*), replacement=/${remaining}} to RewritePath
2026-03-27T11:10:21.857+05:30 DEBUG 24304 --- [Api-Gateway] [reshExecutor-%d] o.s.c.g.r.RouteDefinitionRouteLocator    : RouteDefinition matched: ReactiveCompositeDiscoveryClient_CONFIG-SERVIER
2026-03-27T11:10:21.859+05:30 DEBUG 24304 --- [Api-Gateway] [reshExecutor-%d] o.s.c.g.r.RouteDefinitionRouteLocator    : RouteDefinition ReactiveCompositeDiscoveryClient_API-GATEWAY applying {pattern=/api-gateway/**} to Path
2026-03-27T11:10:21.861+05:30 DEBUG 24304 --- [Api-Gateway] [reshExecutor-%d] o.s.c.g.r.RouteDefinitionRouteLocator    : RouteDefinition ReactiveCompositeDiscoveryClient_API-GATEWAY applying filter {regexp=/api-gateway/?(?<remaining>.*), replacement=/${remaining}} to RewritePath
2026-03-27T11:10:21.862+05:30 DEBUG 24304 --- [Api-Gateway] [reshExecutor-%d] o.s.c.g.r.RouteDefinitionRouteLocator    : RouteDefinition matched: ReactiveCompositeDiscoveryClient_API-GATEWAY
2026-03-27T11:10:21.863+05:30 DEBUG 24304 --- [Api-Gateway] [reshExecutor-%d] o.s.c.g.r.RouteDefinitionRouteLocator    : RouteDefinition ReactiveCompositeDiscoveryClient_REWARDS-SERVICE applying {pattern=/rewards-service/**} to Path
2026-03-27T11:10:21.864+05:30 DEBUG 24304 --- [Api-Gateway] [reshExecutor-%d] o.s.c.g.r.RouteDefinitionRouteLocator    : RouteDefinition ReactiveCompositeDiscoveryClient_REWARDS-SERVICE applying filter {regexp=/rewards-service/?(?<remaining>.*), replacement=/${remaining}} to RewritePath
2026-03-27T11:10:21.866+05:30 DEBUG 24304 --- [Api-Gateway] [reshExecutor-%d] o.s.c.g.r.RouteDefinitionRouteLocator    : RouteDefinition matched: ReactiveCompositeDiscoveryClient_REWARDS-SERVICE
2026-03-27T11:10:21.867+05:30 DEBUG 24304 --- [Api-Gateway] [reshExecutor-%d] o.s.c.g.r.RouteDefinitionRouteLocator    : RouteDefinition ReactiveCompositeDiscoveryClient_KYC-SERVICE applying {pattern=/kyc-service/**} to Path
2026-03-27T11:10:21.868+05:30 DEBUG 24304 --- [Api-Gateway] [reshExecutor-%d] o.s.c.g.r.RouteDefinitionRouteLocator    : RouteDefinition ReactiveCompositeDiscoveryClient_KYC-SERVICE applying filter {regexp=/kyc-service/?(?<remaining>.*), replacement=/${remaining}} to RewritePath
2026-03-27T11:10:21.868+05:30 DEBUG 24304 --- [Api-Gateway] [reshExecutor-%d] o.s.c.g.r.RouteDefinitionRouteLocator    : RouteDefinition matched: ReactiveCompositeDiscoveryClient_KYC-SERVICE
2026-03-27T11:10:21.870+05:30 DEBUG 24304 --- [Api-Gateway] [reshExecutor-%d] o.s.c.g.r.RouteDefinitionRouteLocator    : RouteDefinition ReactiveCompositeDiscoveryClient_TRANSACTION-SERVICE applying {pattern=/transaction-service/**} to Path
2026-03-27T11:10:21.871+05:30 DEBUG 24304 --- [Api-Gateway] [reshExecutor-%d] o.s.c.g.r.RouteDefinitionRouteLocator    : RouteDefinition ReactiveCompositeDiscoveryClient_TRANSACTION-SERVICE applying filter {regexp=/transaction-service/?(?<remaining>.*), replacement=/${remaining}} to RewritePath
2026-03-27T11:10:21.872+05:30 DEBUG 24304 --- [Api-Gateway] [reshExecutor-%d] o.s.c.g.r.RouteDefinitionRouteLocator    : RouteDefinition matched: ReactiveCompositeDiscoveryClient_TRANSACTION-SERVICE
2026-03-27T11:10:21.872+05:30 DEBUG 24304 --- [Api-Gateway] [reshExecutor-%d] o.s.c.g.r.RouteDefinitionRouteLocator    : RouteDefinition ReactiveCompositeDiscoveryClient_ADMIN-SERVICE applying {pattern=/admin-service/**} to Path
2026-03-27T11:10:21.875+05:30 DEBUG 24304 --- [Api-Gateway] [reshExecutor-%d] o.s.c.g.r.RouteDefinitionRouteLocator    : RouteDefinition ReactiveCompositeDiscoveryClient_ADMIN-SERVICE applying filter {regexp=/admin-service/?(?<remaining>.*), replacement=/${remaining}} to RewritePath
2026-03-27T11:10:21.875+05:30 DEBUG 24304 --- [Api-Gateway] [reshExecutor-%d] o.s.c.g.r.RouteDefinitionRouteLocator    : RouteDefinition matched: ReactiveCompositeDiscoveryClient_ADMIN-SERVICE
2026-03-27T11:10:21.876+05:30 DEBUG 24304 --- [Api-Gateway] [reshExecutor-%d] o.s.c.g.r.RouteDefinitionRouteLocator    : RouteDefinition ReactiveCompositeDiscoveryClient_WALLET-SERVICE applying {pattern=/wallet-service/**} to Path
2026-03-27T11:10:21.876+05:30 DEBUG 24304 --- [Api-Gateway] [reshExecutor-%d] o.s.c.g.r.RouteDefinitionRouteLocator    : RouteDefinition ReactiveCompositeDiscoveryClient_WALLET-SERVICE applying filter {regexp=/wallet-service/?(?<remaining>.*), replacement=/${remaining}} to RewritePath
2026-03-27T11:10:21.877+05:30 DEBUG 24304 --- [Api-Gateway] [reshExecutor-%d] o.s.c.g.r.RouteDefinitionRouteLocator    : RouteDefinition matched: ReactiveCompositeDiscoveryClient_WALLET-SERVICE
2026-03-27T11:10:21.877+05:30 DEBUG 24304 --- [Api-Gateway] [reshExecutor-%d] o.s.c.g.r.RouteDefinitionRouteLocator    : RouteDefinition ReactiveCompositeDiscoveryClient_NOTIFICATION-SERVICE applying {pattern=/notification-service/**} to Path
2026-03-27T11:10:21.878+05:30 DEBUG 24304 --- [Api-Gateway] [reshExecutor-%d] o.s.c.g.r.RouteDefinitionRouteLocator    : RouteDefinition ReactiveCompositeDiscoveryClient_NOTIFICATION-SERVICE applying filter {regexp=/notification-service/?(?<remaining>.*), replacement=/${remaining}} to RewritePath
2026-03-27T11:10:21.878+05:30 DEBUG 24304 --- [Api-Gateway] [reshExecutor-%d] o.s.c.g.r.RouteDefinitionRouteLocator    : RouteDefinition matched: ReactiveCompositeDiscoveryClient_NOTIFICATION-SERVICE
2026-03-27T11:10:21.880+05:30 DEBUG 24304 --- [Api-Gateway] [reshExecutor-%d] o.s.c.g.r.RouteDefinitionRouteLocator    : RouteDefinition ReactiveCompositeDiscoveryClient_PAYMENT-SERVICES applying {pattern=/payment-services/**} to Path
2026-03-27T11:10:21.880+05:30 DEBUG 24304 --- [Api-Gateway] [reshExecutor-%d] o.s.c.g.r.RouteDefinitionRouteLocator    : RouteDefinition ReactiveCompositeDiscoveryClient_PAYMENT-SERVICES applying filter {regexp=/payment-services/?(?<remaining>.*), replacement=/${remaining}} to RewritePath
2026-03-27T11:10:21.881+05:30 DEBUG 24304 --- [Api-Gateway] [reshExecutor-%d] o.s.c.g.r.RouteDefinitionRouteLocator    : RouteDefinition matched: ReactiveCompositeDiscoveryClient_PAYMENT-SERVICES
2026-03-27T11:10:21.881+05:30 DEBUG 24304 --- [Api-Gateway] [reshExecutor-%d] o.s.c.g.r.RouteDefinitionRouteLocator    : RouteDefinition ReactiveCompositeDiscoveryClient_USER-SERVICE applying {pattern=/user-service/**} to Path
2026-03-27T11:10:21.882+05:30 DEBUG 24304 --- [Api-Gateway] [reshExecutor-%d] o.s.c.g.r.RouteDefinitionRouteLocator    : RouteDefinition ReactiveCompositeDiscoveryClient_USER-SERVICE applying filter {regexp=/user-service/?(?<remaining>.*), replacement=/${remaining}} to RewritePath
2026-03-27T11:10:21.882+05:30 DEBUG 24304 --- [Api-Gateway] [reshExecutor-%d] o.s.c.g.r.RouteDefinitionRouteLocator    : RouteDefinition matched: ReactiveCompositeDiscoveryClient_USER-SERVICE
2026-03-27T11:10:21.883+05:30 DEBUG 24304 --- [Api-Gateway] [reshExecutor-%d] o.s.c.g.r.RouteDefinitionRouteLocator    : RouteDefinition AUTH-SERVICE applying {_genkey_0=/auth/**} to Path
2026-03-27T11:10:21.883+05:30 DEBUG 24304 --- [Api-Gateway] [reshExecutor-%d] o.s.c.g.r.RouteDefinitionRouteLocator    : RouteDefinition matched: AUTH-SERVICE
2026-03-27T11:10:21.884+05:30 DEBUG 24304 --- [Api-Gateway] [reshExecutor-%d] o.s.c.g.r.RouteDefinitionRouteLocator    : RouteDefinition ADMIN-SERVICE applying {_genkey_0=/admin/**} to Path
2026-03-27T11:10:21.884+05:30 DEBUG 24304 --- [Api-Gateway] [reshExecutor-%d] o.s.c.g.r.RouteDefinitionRouteLocator    : RouteDefinition matched: ADMIN-SERVICE
2026-03-27T11:10:21.884+05:30 DEBUG 24304 --- [Api-Gateway] [reshExecutor-%d] o.s.c.g.r.RouteDefinitionRouteLocator    : RouteDefinition KYC-SERVICE applying {_genkey_0=/kyc/**} to Path
2026-03-27T11:10:21.885+05:30 DEBUG 24304 --- [Api-Gateway] [reshExecutor-%d] o.s.c.g.r.RouteDefinitionRouteLocator    : RouteDefinition matched: KYC-SERVICE
2026-03-27T11:10:21.885+05:30 DEBUG 24304 --- [Api-Gateway] [reshExecutor-%d] o.s.c.g.r.RouteDefinitionRouteLocator    : RouteDefinition PAYMENT-SERVICES applying {_genkey_0=/api/payments/**} to Path
2026-03-27T11:10:21.885+05:30 DEBUG 24304 --- [Api-Gateway] [reshExecutor-%d] o.s.c.g.r.RouteDefinitionRouteLocator    : RouteDefinition PAYMENT-SERVICES applying filter {_genkey_0=name:paymentCircuitBreaker, _genkey_1=fallbackUri:forward:/fallback/payment} to CircuitBreaker
2026-03-27T11:10:21.886+05:30 DEBUG 24304 --- [Api-Gateway] [reshExecutor-%d] o.s.c.g.r.RouteDefinitionRouteLocator    : RouteDefinition matched: PAYMENT-SERVICES
2026-03-27T11:10:21.886+05:30 DEBUG 24304 --- [Api-Gateway] [reshExecutor-%d] o.s.c.g.r.RouteDefinitionRouteLocator    : RouteDefinition WALLET-SERVICE applying {_genkey_0=/api/wallets/**} to Path
2026-03-27T11:10:21.886+05:30 DEBUG 24304 --- [Api-Gateway] [reshExecutor-%d] o.s.c.g.r.RouteDefinitionRouteLocator    : RouteDefinition WALLET-SERVICE applying filter {_genkey_0=name:walletCircuitBreaker, _genkey_1=fallbackUri:forward:/fallback/general} to CircuitBreaker
2026-03-27T11:10:21.887+05:30 DEBUG 24304 --- [Api-Gateway] [reshExecutor-%d] o.s.c.g.r.RouteDefinitionRouteLocator    : RouteDefinition matched: WALLET-SERVICE
2026-03-27T11:10:21.887+05:30 DEBUG 24304 --- [Api-Gateway] [reshExecutor-%d] o.s.c.g.r.RouteDefinitionRouteLocator    : RouteDefinition TRANSACTION-SERVICE applying {_genkey_0=/api/transaction/**} to Path
2026-03-27T11:10:21.887+05:30 DEBUG 24304 --- [Api-Gateway] [reshExecutor-%d] o.s.c.g.r.RouteDefinitionRouteLocator    : RouteDefinition TRANSACTION-SERVICE applying filter {_genkey_0=name:transactionCircuitBreaker, _genkey_1=fallbackUri:forward:/fallback/general} to CircuitBreaker
2026-03-27T11:10:21.887+05:30 DEBUG 24304 --- [Api-Gateway] [reshExecutor-%d] o.s.c.g.r.RouteDefinitionRouteLocator    : RouteDefinition matched: TRANSACTION-SERVICE
2026-03-27T11:10:21.888+05:30 DEBUG 24304 --- [Api-Gateway] [reshExecutor-%d] o.s.c.g.r.RouteDefinitionRouteLocator    : RouteDefinition REWARDS-SERVICE applying {_genkey_0=/api/rewards/**} to Path
2026-03-27T11:10:21.888+05:30 DEBUG 24304 --- [Api-Gateway] [reshExecutor-%d] o.s.c.g.r.RouteDefinitionRouteLocator    : RouteDefinition REWARDS-SERVICE applying filter {_genkey_0=name:rewardCircuitBreaker, _genkey_1=fallbackUri:forward:/fallback/reward} to CircuitBreaker
2026-03-27T11:10:21.888+05:30 DEBUG 24304 --- [Api-Gateway] [reshExecutor-%d] o.s.c.g.r.RouteDefinitionRouteLocator    : RouteDefinition matched: REWARDS-SERVICE
2026-03-27T11:10:21.889+05:30 DEBUG 24304 --- [Api-Gateway] [reshExecutor-%d] o.s.c.g.r.RouteDefinitionRouteLocator    : RouteDefinition NOTIFICATION-SERVICE applying {_genkey_0=/api/notifications/**} to Path
2026-03-27T11:10:21.889+05:30 DEBUG 24304 --- [Api-Gateway] [reshExecutor-%d] o.s.c.g.r.RouteDefinitionRouteLocator    : RouteDefinition NOTIFICATION-SERVICE applying filter {_genkey_0=name:notificationCircuitBreaker, _genkey_1=fallbackUri:forward:/fallback/general} to CircuitBreaker
2026-03-27T11:10:21.889+05:30 DEBUG 24304 --- [Api-Gateway] [reshExecutor-%d] o.s.c.g.r.RouteDefinitionRouteLocator    : RouteDefinition matched: NOTIFICATION-SERVICE
2026-03-27T11:10:21.889+05:30 DEBUG 24304 --- [Api-Gateway] [reshExecutor-%d] o.s.c.g.r.RouteDefinitionRouteLocator    : RouteDefinition USER-SERVICE applying {_genkey_0=/users/**} to Path
2026-03-27T11:10:21.889+05:30 DEBUG 24304 --- [Api-Gateway] [reshExecutor-%d] o.s.c.g.r.RouteDefinitionRouteLocator    : RouteDefinition matched: USER-SERVICE
2026-03-27T11:10:21.891+05:30 DEBUG 24304 --- [Api-Gateway] [reshExecutor-%d] o.s.c.g.filter.GatewayMetricsFilter      : New routes count: 19
2026-03-27T11:10:51.925+05:30 DEBUG 24304 --- [Api-Gateway] [reshExecutor-%d] o.s.c.g.r.RouteDefinitionRouteLocator    : RouteDefinition ReactiveCompositeDiscoveryClient_CONFIG-SERVIER applying {pattern=/config-servier/**} to Path
2026-03-27T11:10:51.930+05:30 DEBUG 24304 --- [Api-Gateway] [reshExecutor-%d] o.s.c.g.r.RouteDefinitionRouteLocator    : RouteDefinition ReactiveCompositeDiscoveryClient_CONFIG-SERVIER applying filter {regexp=/config-servier/?(?<remaining>.*), replacement=/${remaining}} to RewritePath
2026-03-27T11:10:51.932+05:30 DEBUG 24304 --- [Api-Gateway] [reshExecutor-%d] o.s.c.g.r.RouteDefinitionRouteLocator    : RouteDefinition matched: ReactiveCompositeDiscoveryClient_CONFIG-SERVIER
2026-03-27T11:10:51.932+05:30 DEBUG 24304 --- [Api-Gateway] [reshExecutor-%d] o.s.c.g.r.RouteDefinitionRouteLocator    : RouteDefinition ReactiveCompositeDiscoveryClient_API-GATEWAY applying {pattern=/api-gateway/**} to Path
2026-03-27T11:10:51.934+05:30 DEBUG 24304 --- [Api-Gateway] [reshExecutor-%d] o.s.c.g.r.RouteDefinitionRouteLocator    : RouteDefinition ReactiveCompositeDiscoveryClient_API-GATEWAY applying filter {regexp=/api-gateway/?(?<remaining>.*), replacement=/${remaining}} to RewritePath
2026-03-27T11:10:51.936+05:30 DEBUG 24304 --- [Api-Gateway] [reshExecutor-%d] o.s.c.g.r.RouteDefinitionRouteLocator    : RouteDefinition matched: ReactiveCompositeDiscoveryClient_API-GATEWAY
2026-03-27T11:10:51.937+05:30 DEBUG 24304 --- [Api-Gateway] [reshExecutor-%d] o.s.c.g.r.RouteDefinitionRouteLocator    : RouteDefinition ReactiveCompositeDiscoveryClient_REWARDS-SERVICE applying {pattern=/rewards-service/**} to Path
2026-03-27T11:10:51.938+05:30 DEBUG 24304 --- [Api-Gateway] [reshExecutor-%d] o.s.c.g.r.RouteDefinitionRouteLocator    : RouteDefinition ReactiveCompositeDiscoveryClient_REWARDS-SERVICE applying filter {regexp=/rewards-service/?(?<remaining>.*), replacement=/${remaining}} to RewritePath
2026-03-27T11:10:51.939+05:30 DEBUG 24304 --- [Api-Gateway] [reshExecutor-%d] o.s.c.g.r.RouteDefinitionRouteLocator    : RouteDefinition matched: ReactiveCompositeDiscoveryClient_REWARDS-SERVICE
2026-03-27T11:10:51.940+05:30 DEBUG 24304 --- [Api-Gateway] [reshExecutor-%d] o.s.c.g.r.RouteDefinitionRouteLocator    : RouteDefinition ReactiveCompositeDiscoveryClient_KYC-SERVICE applying {pattern=/kyc-service/**} to Path
2026-03-27T11:10:51.941+05:30 DEBUG 24304 --- [Api-Gateway] [reshExecutor-%d] o.s.c.g.r.RouteDefinitionRouteLocator    : RouteDefinition ReactiveCompositeDiscoveryClient_KYC-SERVICE applying filter {regexp=/kyc-service/?(?<remaining>.*), replacement=/${remaining}} to RewritePath
2026-03-27T11:10:51.942+05:30 DEBUG 24304 --- [Api-Gateway] [reshExecutor-%d] o.s.c.g.r.RouteDefinitionRouteLocator    : RouteDefinition matched: ReactiveCompositeDiscoveryClient_KYC-SERVICE
2026-03-27T11:10:51.943+05:30 DEBUG 24304 --- [Api-Gateway] [reshExecutor-%d] o.s.c.g.r.RouteDefinitionRouteLocator    : RouteDefinition ReactiveCompositeDiscoveryClient_TRANSACTION-SERVICE applying {pattern=/transaction-service/**} to Path
2026-03-27T11:10:51.945+05:30 DEBUG 24304 --- [Api-Gateway] [reshExecutor-%d] o.s.c.g.r.RouteDefinitionRouteLocator    : RouteDefinition ReactiveCompositeDiscoveryClient_TRANSACTION-SERVICE applying filter {regexp=/transaction-service/?(?<remaining>.*), replacement=/${remaining}} to RewritePath
2026-03-27T11:10:51.945+05:30 DEBUG 24304 --- [Api-Gateway] [reshExecutor-%d] o.s.c.g.r.RouteDefinitionRouteLocator    : RouteDefinition matched: ReactiveCompositeDiscoveryClient_TRANSACTION-SERVICE
2026-03-27T11:10:51.947+05:30 DEBUG 24304 --- [Api-Gateway] [reshExecutor-%d] o.s.c.g.r.RouteDefinitionRouteLocator    : RouteDefinition ReactiveCompositeDiscoveryClient_ADMIN-SERVICE applying {pattern=/admin-service/**} to Path
2026-03-27T11:10:51.947+05:30 DEBUG 24304 --- [Api-Gateway] [reshExecutor-%d] o.s.c.g.r.RouteDefinitionRouteLocator    : RouteDefinition ReactiveCompositeDiscoveryClient_ADMIN-SERVICE applying filter {regexp=/admin-service/?(?<remaining>.*), replacement=/${remaining}} to RewritePath
2026-03-27T11:10:51.949+05:30 DEBUG 24304 --- [Api-Gateway] [reshExecutor-%d] o.s.c.g.r.RouteDefinitionRouteLocator    : RouteDefinition matched: ReactiveCompositeDiscoveryClient_ADMIN-SERVICE
2026-03-27T11:10:51.950+05:30 DEBUG 24304 --- [Api-Gateway] [reshExecutor-%d] o.s.c.g.r.RouteDefinitionRouteLocator    : RouteDefinition ReactiveCompositeDiscoveryClient_WALLET-SERVICE applying {pattern=/wallet-service/**} to Path
2026-03-27T11:10:51.951+05:30 DEBUG 24304 --- [Api-Gateway] [reshExecutor-%d] o.s.c.g.r.RouteDefinitionRouteLocator    : RouteDefinition ReactiveCompositeDiscoveryClient_WALLET-SERVICE applying filter {regexp=/wallet-service/?(?<remaining>.*), replacement=/${remaining}} to RewritePath
2026-03-27T11:10:51.952+05:30 DEBUG 24304 --- [Api-Gateway] [reshExecutor-%d] o.s.c.g.r.RouteDefinitionRouteLocator    : RouteDefinition matched: ReactiveCompositeDiscoveryClient_WALLET-SERVICE
2026-03-27T11:10:51.953+05:30 DEBUG 24304 --- [Api-Gateway] [reshExecutor-%d] o.s.c.g.r.RouteDefinitionRouteLocator    : RouteDefinition ReactiveCompositeDiscoveryClient_NOTIFICATION-SERVICE applying {pattern=/notification-service/**} to Path
2026-03-27T11:10:51.954+05:30 DEBUG 24304 --- [Api-Gateway] [reshExecutor-%d] o.s.c.g.r.RouteDefinitionRouteLocator    : RouteDefinition ReactiveCompositeDiscoveryClient_NOTIFICATION-SERVICE applying filter {regexp=/notification-service/?(?<remaining>.*), replacement=/${remaining}} to RewritePath
2026-03-27T11:10:51.955+05:30 DEBUG 24304 --- [Api-Gateway] [reshExecutor-%d] o.s.c.g.r.RouteDefinitionRouteLocator    : RouteDefinition matched: ReactiveCompositeDiscoveryClient_NOTIFICATION-SERVICE
2026-03-27T11:10:51.956+05:30 DEBUG 24304 --- [Api-Gateway] [reshExecutor-%d] o.s.c.g.r.RouteDefinitionRouteLocator    : RouteDefinition ReactiveCompositeDiscoveryClient_PAYMENT-SERVICES applying {pattern=/payment-services/**} to Path
2026-03-27T11:10:51.957+05:30 DEBUG 24304 --- [Api-Gateway] [reshExecutor-%d] o.s.c.g.r.RouteDefinitionRouteLocator    : RouteDefinition ReactiveCompositeDiscoveryClient_PAYMENT-SERVICES applying filter {regexp=/payment-services/?(?<remaining>.*), replacement=/${remaining}} to RewritePath
2026-03-27T11:10:51.958+05:30 DEBUG 24304 --- [Api-Gateway] [reshExecutor-%d] o.s.c.g.r.RouteDefinitionRouteLocator    : RouteDefinition matched: ReactiveCompositeDiscoveryClient_PAYMENT-SERVICES
2026-03-27T11:10:51.958+05:30 DEBUG 24304 --- [Api-Gateway] [reshExecutor-%d] o.s.c.g.r.RouteDefinitionRouteLocator    : RouteDefinition ReactiveCompositeDiscoveryClient_USER-SERVICE applying {pattern=/user-service/**} to Path
2026-03-27T11:10:51.960+05:30 DEBUG 24304 --- [Api-Gateway] [reshExecutor-%d] o.s.c.g.r.RouteDefinitionRouteLocator    : RouteDefinition ReactiveCompositeDiscoveryClient_USER-SERVICE applying filter {regexp=/user-service/?(?<remaining>.*), replacement=/${remaining}} to RewritePath
2026-03-27T11:10:51.960+05:30 DEBUG 24304 --- [Api-Gateway] [reshExecutor-%d] o.s.c.g.r.RouteDefinitionRouteLocator    : RouteDefinition matched: ReactiveCompositeDiscoveryClient_USER-SERVICE
2026-03-27T11:10:51.961+05:30 DEBUG 24304 --- [Api-Gateway] [reshExecutor-%d] o.s.c.g.r.RouteDefinitionRouteLocator    : RouteDefinition AUTH-SERVICE applying {_genkey_0=/auth/**} to Path
2026-03-27T11:10:51.962+05:30 DEBUG 24304 --- [Api-Gateway] [reshExecutor-%d] o.s.c.g.r.RouteDefinitionRouteLocator    : RouteDefinition matched: AUTH-SERVICE
2026-03-27T11:10:51.962+05:30 DEBUG 24304 --- [Api-Gateway] [reshExecutor-%d] o.s.c.g.r.RouteDefinitionRouteLocator    : RouteDefinition ADMIN-SERVICE applying {_genkey_0=/admin/**} to Path
2026-03-27T11:10:51.963+05:30 DEBUG 24304 --- [Api-Gateway] [reshExecutor-%d] o.s.c.g.r.RouteDefinitionRouteLocator    : RouteDefinition matched: ADMIN-SERVICE
2026-03-27T11:10:51.963+05:30 DEBUG 24304 --- [Api-Gateway] [reshExecutor-%d] o.s.c.g.r.RouteDefinitionRouteLocator    : RouteDefinition KYC-SERVICE applying {_genkey_0=/kyc/**} to Path
2026-03-27T11:10:51.963+05:30 DEBUG 24304 --- [Api-Gateway] [reshExecutor-%d] o.s.c.g.r.RouteDefinitionRouteLocator    : RouteDefinition matched: KYC-SERVICE
2026-03-27T11:10:51.963+05:30 DEBUG 24304 --- [Api-Gateway] [reshExecutor-%d] o.s.c.g.r.RouteDefinitionRouteLocator    : RouteDefinition PAYMENT-SERVICES applying {_genkey_0=/api/payments/**} to Path
2026-03-27T11:10:51.964+05:30 DEBUG 24304 --- [Api-Gateway] [reshExecutor-%d] o.s.c.g.r.RouteDefinitionRouteLocator    : RouteDefinition PAYMENT-SERVICES applying filter {_genkey_0=name:paymentCircuitBreaker, _genkey_1=fallbackUri:forward:/fallback/payment} to CircuitBreaker
2026-03-27T11:10:51.965+05:30 DEBUG 24304 --- [Api-Gateway] [reshExecutor-%d] o.s.c.g.r.RouteDefinitionRouteLocator    : RouteDefinition matched: PAYMENT-SERVICES
2026-03-27T11:10:51.965+05:30 DEBUG 24304 --- [Api-Gateway] [reshExecutor-%d] o.s.c.g.r.RouteDefinitionRouteLocator    : RouteDefinition WALLET-SERVICE applying {_genkey_0=/api/wallets/**} to Path
2026-03-27T11:10:51.965+05:30 DEBUG 24304 --- [Api-Gateway] [reshExecutor-%d] o.s.c.g.r.RouteDefinitionRouteLocator    : RouteDefinition WALLET-SERVICE applying filter {_genkey_0=name:walletCircuitBreaker, _genkey_1=fallbackUri:forward:/fallback/general} to CircuitBreaker
2026-03-27T11:10:51.966+05:30 DEBUG 24304 --- [Api-Gateway] [reshExecutor-%d] o.s.c.g.r.RouteDefinitionRouteLocator    : RouteDefinition matched: WALLET-SERVICE
2026-03-27T11:10:51.966+05:30 DEBUG 24304 --- [Api-Gateway] [reshExecutor-%d] o.s.c.g.r.RouteDefinitionRouteLocator    : RouteDefinition TRANSACTION-SERVICE applying {_genkey_0=/api/transaction/**} to Path
2026-03-27T11:10:51.967+05:30 DEBUG 24304 --- [Api-Gateway] [reshExecutor-%d] o.s.c.g.r.RouteDefinitionRouteLocator    : RouteDefinition TRANSACTION-SERVICE applying filter {_genkey_0=name:transactionCircuitBreaker, _genkey_1=fallbackUri:forward:/fallback/general} to CircuitBreaker
2026-03-27T11:10:51.968+05:30 DEBUG 24304 --- [Api-Gateway] [reshExecutor-%d] o.s.c.g.r.RouteDefinitionRouteLocator    : RouteDefinition matched: TRANSACTION-SERVICE
2026-03-27T11:10:51.968+05:30 DEBUG 24304 --- [Api-Gateway] [reshExecutor-%d] o.s.c.g.r.RouteDefinitionRouteLocator    : RouteDefinition REWARDS-SERVICE applying {_genkey_0=/api/rewards/**} to Path
2026-03-27T11:10:51.969+05:30 DEBUG 24304 --- [Api-Gateway] [reshExecutor-%d] o.s.c.g.r.RouteDefinitionRouteLocator    : RouteDefinition REWARDS-SERVICE applying filter {_genkey_0=name:rewardCircuitBreaker, _genkey_1=fallbackUri:forward:/fallback/reward} to CircuitBreaker
2026-03-27T11:10:51.969+05:30 DEBUG 24304 --- [Api-Gateway] [reshExecutor-%d] o.s.c.g.r.RouteDefinitionRouteLocator    : RouteDefinition matched: REWARDS-SERVICE
2026-03-27T11:10:51.970+05:30 DEBUG 24304 --- [Api-Gateway] [reshExecutor-%d] o.s.c.g.r.RouteDefinitionRouteLocator    : RouteDefinition NOTIFICATION-SERVICE applying {_genkey_0=/api/notifications/**} to Path
2026-03-27T11:10:51.970+05:30 DEBUG 24304 --- [Api-Gateway] [reshExecutor-%d] o.s.c.g.r.RouteDefinitionRouteLocator    : RouteDefinition NOTIFICATION-SERVICE applying filter {_genkey_0=name:notificationCircuitBreaker, _genkey_1=fallbackUri:forward:/fallback/general} to CircuitBreaker
2026-03-27T11:10:51.971+05:30 DEBUG 24304 --- [Api-Gateway] [reshExecutor-%d] o.s.c.g.r.RouteDefinitionRouteLocator    : RouteDefinition matched: NOTIFICATION-SERVICE
2026-03-27T11:10:51.971+05:30 DEBUG 24304 --- [Api-Gateway] [reshExecutor-%d] o.s.c.g.r.RouteDefinitionRouteLocator    : RouteDefinition USER-SERVICE applying {_genkey_0=/users/**} to Path
2026-03-27T11:10:51.971+05:30 DEBUG 24304 --- [Api-Gateway] [reshExecutor-%d] o.s.c.g.r.RouteDefinitionRouteLocator    : RouteDefinition matched: USER-SERVICE
2026-03-27T11:10:51.972+05:30 DEBUG 24304 --- [Api-Gateway] [reshExecutor-%d] o.s.c.g.filter.GatewayMetricsFilter      : New routes count: 19
2026-03-27T11:11:22.002+05:30 DEBUG 24304 --- [Api-Gateway] [reshExecutor-%d] o.s.c.g.r.RouteDefinitionRouteLocator    : RouteDefinition ReactiveCompositeDiscoveryClient_CONFIG-SERVIER applying {pattern=/config-servier/**} to Path
2026-03-27T11:11:22.007+05:30 DEBUG 24304 --- [Api-Gateway] [reshExecutor-%d] o.s.c.g.r.RouteDefinitionRouteLocator    : RouteDefinition ReactiveCompositeDiscoveryClient_CONFIG-SERVIER applying filter {regexp=/config-servier/?(?<remaining>.*), replacement=/${remaining}} to RewritePath
2026-03-27T11:11:22.009+05:30 DEBUG 24304 --- [Api-Gateway] [reshExecutor-%d] o.s.c.g.r.RouteDefinitionRouteLocator    : RouteDefinition matched: ReactiveCompositeDiscoveryClient_CONFIG-SERVIER
2026-03-27T11:11:22.009+05:30 DEBUG 24304 --- [Api-Gateway] [reshExecutor-%d] o.s.c.g.r.RouteDefinitionRouteLocator    : RouteDefinition ReactiveCompositeDiscoveryClient_API-GATEWAY applying {pattern=/api-gateway/**} to Path
2026-03-27T11:11:22.011+05:30 DEBUG 24304 --- [Api-Gateway] [reshExecutor-%d] o.s.c.g.r.RouteDefinitionRouteLocator    : RouteDefinition ReactiveCompositeDiscoveryClient_API-GATEWAY applying filter {regexp=/api-gateway/?(?<remaining>.*), replacement=/${remaining}} to RewritePath
2026-03-27T11:11:22.013+05:30 DEBUG 24304 --- [Api-Gateway] [reshExecutor-%d] o.s.c.g.r.RouteDefinitionRouteLocator    : RouteDefinition matched: ReactiveCompositeDiscoveryClient_API-GATEWAY
2026-03-27T11:11:22.014+05:30 DEBUG 24304 --- [Api-Gateway] [reshExecutor-%d] o.s.c.g.r.RouteDefinitionRouteLocator    : RouteDefinition ReactiveCompositeDiscoveryClient_REWARDS-SERVICE applying {pattern=/rewards-service/**} to Path
2026-03-27T11:11:22.017+05:30 DEBUG 24304 --- [Api-Gateway] [reshExecutor-%d] o.s.c.g.r.RouteDefinitionRouteLocator    : RouteDefinition ReactiveCompositeDiscoveryClient_REWARDS-SERVICE applying filter {regexp=/rewards-service/?(?<remaining>.*), replacement=/${remaining}} to RewritePath
2026-03-27T11:11:22.018+05:30 DEBUG 24304 --- [Api-Gateway] [reshExecutor-%d] o.s.c.g.r.RouteDefinitionRouteLocator    : RouteDefinition matched: ReactiveCompositeDiscoveryClient_REWARDS-SERVICE
2026-03-27T11:11:22.019+05:30 DEBUG 24304 --- [Api-Gateway] [reshExecutor-%d] o.s.c.g.r.RouteDefinitionRouteLocator    : RouteDefinition ReactiveCompositeDiscoveryClient_KYC-SERVICE applying {pattern=/kyc-service/**} to Path
2026-03-27T11:11:22.020+05:30 DEBUG 24304 --- [Api-Gateway] [reshExecutor-%d] o.s.c.g.r.RouteDefinitionRouteLocator    : RouteDefinition ReactiveCompositeDiscoveryClient_KYC-SERVICE applying filter {regexp=/kyc-service/?(?<remaining>.*), replacement=/${remaining}} to RewritePath
2026-03-27T11:11:22.021+05:30 DEBUG 24304 --- [Api-Gateway] [reshExecutor-%d] o.s.c.g.r.RouteDefinitionRouteLocator    : RouteDefinition matched: ReactiveCompositeDiscoveryClient_KYC-SERVICE
2026-03-27T11:11:22.022+05:30 DEBUG 24304 --- [Api-Gateway] [reshExecutor-%d] o.s.c.g.r.RouteDefinitionRouteLocator    : RouteDefinition ReactiveCompositeDiscoveryClient_TRANSACTION-SERVICE applying {pattern=/transaction-service/**} to Path
2026-03-27T11:11:22.024+05:30 DEBUG 24304 --- [Api-Gateway] [reshExecutor-%d] o.s.c.g.r.RouteDefinitionRouteLocator    : RouteDefinition ReactiveCompositeDiscoveryClient_TRANSACTION-SERVICE applying filter {regexp=/transaction-service/?(?<remaining>.*), replacement=/${remaining}} to RewritePath
2026-03-27T11:11:22.025+05:30 DEBUG 24304 --- [Api-Gateway] [reshExecutor-%d] o.s.c.g.r.RouteDefinitionRouteLocator    : RouteDefinition matched: ReactiveCompositeDiscoveryClient_TRANSACTION-SERVICE
2026-03-27T11:11:22.026+05:30 DEBUG 24304 --- [Api-Gateway] [reshExecutor-%d] o.s.c.g.r.RouteDefinitionRouteLocator    : RouteDefinition ReactiveCompositeDiscoveryClient_ADMIN-SERVICE applying {pattern=/admin-service/**} to Path
2026-03-27T11:11:22.028+05:30 DEBUG 24304 --- [Api-Gateway] [reshExecutor-%d] o.s.c.g.r.RouteDefinitionRouteLocator    : RouteDefinition ReactiveCompositeDiscoveryClient_ADMIN-SERVICE applying filter {regexp=/admin-service/?(?<remaining>.*), replacement=/${remaining}} to RewritePath
2026-03-27T11:11:22.030+05:30 DEBUG 24304 --- [Api-Gateway] [reshExecutor-%d] o.s.c.g.r.RouteDefinitionRouteLocator    : RouteDefinition matched: ReactiveCompositeDiscoveryClient_ADMIN-SERVICE
2026-03-27T11:11:22.030+05:30 DEBUG 24304 --- [Api-Gateway] [reshExecutor-%d] o.s.c.g.r.RouteDefinitionRouteLocator    : RouteDefinition ReactiveCompositeDiscoveryClient_WALLET-SERVICE applying {pattern=/wallet-service/**} to Path
2026-03-27T11:11:22.032+05:30 DEBUG 24304 --- [Api-Gateway] [reshExecutor-%d] o.s.c.g.r.RouteDefinitionRouteLocator    : RouteDefinition ReactiveCompositeDiscoveryClient_WALLET-SERVICE applying filter {regexp=/wallet-service/?(?<remaining>.*), replacement=/${remaining}} to RewritePath
2026-03-27T11:11:22.034+05:30 DEBUG 24304 --- [Api-Gateway] [reshExecutor-%d] o.s.c.g.r.RouteDefinitionRouteLocator    : RouteDefinition matched: ReactiveCompositeDiscoveryClient_WALLET-SERVICE
2026-03-27T11:11:22.035+05:30 DEBUG 24304 --- [Api-Gateway] [reshExecutor-%d] o.s.c.g.r.RouteDefinitionRouteLocator    : RouteDefinition ReactiveCompositeDiscoveryClient_NOTIFICATION-SERVICE applying {pattern=/notification-service/**} to Path
2026-03-27T11:11:22.036+05:30 DEBUG 24304 --- [Api-Gateway] [reshExecutor-%d] o.s.c.g.r.RouteDefinitionRouteLocator    : RouteDefinition ReactiveCompositeDiscoveryClient_NOTIFICATION-SERVICE applying filter {regexp=/notification-service/?(?<remaining>.*), replacement=/${remaining}} to RewritePath
2026-03-27T11:11:22.038+05:30 DEBUG 24304 --- [Api-Gateway] [reshExecutor-%d] o.s.c.g.r.RouteDefinitionRouteLocator    : RouteDefinition matched: ReactiveCompositeDiscoveryClient_NOTIFICATION-SERVICE
2026-03-27T11:11:22.038+05:30 DEBUG 24304 --- [Api-Gateway] [reshExecutor-%d] o.s.c.g.r.RouteDefinitionRouteLocator    : RouteDefinition ReactiveCompositeDiscoveryClient_PAYMENT-SERVICES applying {pattern=/payment-services/**} to Path
2026-03-27T11:11:22.039+05:30 DEBUG 24304 --- [Api-Gateway] [reshExecutor-%d] o.s.c.g.r.RouteDefinitionRouteLocator    : RouteDefinition ReactiveCompositeDiscoveryClient_PAYMENT-SERVICES applying filter {regexp=/payment-services/?(?<remaining>.*), replacement=/${remaining}} to RewritePath
2026-03-27T11:11:22.040+05:30 DEBUG 24304 --- [Api-Gateway] [reshExecutor-%d] o.s.c.g.r.RouteDefinitionRouteLocator    : RouteDefinition matched: ReactiveCompositeDiscoveryClient_PAYMENT-SERVICES
2026-03-27T11:11:22.042+05:30 DEBUG 24304 --- [Api-Gateway] [reshExecutor-%d] o.s.c.g.r.RouteDefinitionRouteLocator    : RouteDefinition ReactiveCompositeDiscoveryClient_USER-SERVICE applying {pattern=/user-service/**} to Path
2026-03-27T11:11:22.043+05:30 DEBUG 24304 --- [Api-Gateway] [reshExecutor-%d] o.s.c.g.r.RouteDefinitionRouteLocator    : RouteDefinition ReactiveCompositeDiscoveryClient_USER-SERVICE applying filter {regexp=/user-service/?(?<remaining>.*), replacement=/${remaining}} to RewritePath
2026-03-27T11:11:22.044+05:30 DEBUG 24304 --- [Api-Gateway] [reshExecutor-%d] o.s.c.g.r.RouteDefinitionRouteLocator    : RouteDefinition matched: ReactiveCompositeDiscoveryClient_USER-SERVICE
2026-03-27T11:11:22.044+05:30 DEBUG 24304 --- [Api-Gateway] [reshExecutor-%d] o.s.c.g.r.RouteDefinitionRouteLocator    : RouteDefinition AUTH-SERVICE applying {_genkey_0=/auth/**} to Path
2026-03-27T11:11:22.045+05:30 DEBUG 24304 --- [Api-Gateway] [reshExecutor-%d] o.s.c.g.r.RouteDefinitionRouteLocator    : RouteDefinition matched: AUTH-SERVICE
2026-03-27T11:11:22.045+05:30 DEBUG 24304 --- [Api-Gateway] [reshExecutor-%d] o.s.c.g.r.RouteDefinitionRouteLocator    : RouteDefinition ADMIN-SERVICE applying {_genkey_0=/admin/**} to Path
2026-03-27T11:11:22.046+05:30 DEBUG 24304 --- [Api-Gateway] [reshExecutor-%d] o.s.c.g.r.RouteDefinitionRouteLocator    : RouteDefinition matched: ADMIN-SERVICE
2026-03-27T11:11:22.047+05:30 DEBUG 24304 --- [Api-Gateway] [reshExecutor-%d] o.s.c.g.r.RouteDefinitionRouteLocator    : RouteDefinition KYC-SERVICE applying {_genkey_0=/kyc/**} to Path
2026-03-27T11:11:22.048+05:30 DEBUG 24304 --- [Api-Gateway] [reshExecutor-%d] o.s.c.g.r.RouteDefinitionRouteLocator    : RouteDefinition matched: KYC-SERVICE
2026-03-27T11:11:22.048+05:30 DEBUG 24304 --- [Api-Gateway] [reshExecutor-%d] o.s.c.g.r.RouteDefinitionRouteLocator    : RouteDefinition PAYMENT-SERVICES applying {_genkey_0=/api/payments/**} to Path
2026-03-27T11:11:22.050+05:30 DEBUG 24304 --- [Api-Gateway] [reshExecutor-%d] o.s.c.g.r.RouteDefinitionRouteLocator    : RouteDefinition PAYMENT-SERVICES applying filter {_genkey_0=name:paymentCircuitBreaker, _genkey_1=fallbackUri:forward:/fallback/payment} to CircuitBreaker
2026-03-27T11:11:22.050+05:30 DEBUG 24304 --- [Api-Gateway] [reshExecutor-%d] o.s.c.g.r.RouteDefinitionRouteLocator    : RouteDefinition matched: PAYMENT-SERVICES
2026-03-27T11:11:22.051+05:30 DEBUG 24304 --- [Api-Gateway] [reshExecutor-%d] o.s.c.g.r.RouteDefinitionRouteLocator    : RouteDefinition WALLET-SERVICE applying {_genkey_0=/api/wallets/**} to Path
2026-03-27T11:11:22.052+05:30 DEBUG 24304 --- [Api-Gateway] [reshExecutor-%d] o.s.c.g.r.RouteDefinitionRouteLocator    : RouteDefinition WALLET-SERVICE applying filter {_genkey_0=name:walletCircuitBreaker, _genkey_1=fallbackUri:forward:/fallback/general} to CircuitBreaker
2026-03-27T11:11:22.052+05:30 DEBUG 24304 --- [Api-Gateway] [reshExecutor-%d] o.s.c.g.r.RouteDefinitionRouteLocator    : RouteDefinition matched: WALLET-SERVICE
2026-03-27T11:11:22.053+05:30 DEBUG 24304 --- [Api-Gateway] [reshExecutor-%d] o.s.c.g.r.RouteDefinitionRouteLocator    : RouteDefinition TRANSACTION-SERVICE applying {_genkey_0=/api/transaction/**} to Path
2026-03-27T11:11:22.053+05:30 DEBUG 24304 --- [Api-Gateway] [reshExecutor-%d] o.s.c.g.r.RouteDefinitionRouteLocator    : RouteDefinition TRANSACTION-SERVICE applying filter {_genkey_0=name:transactionCircuitBreaker, _genkey_1=fallbackUri:forward:/fallback/general} to CircuitBreaker
2026-03-27T11:11:22.053+05:30 DEBUG 24304 --- [Api-Gateway] [reshExecutor-%d] o.s.c.g.r.RouteDefinitionRouteLocator    : RouteDefinition matched: TRANSACTION-SERVICE
2026-03-27T11:11:22.054+05:30 DEBUG 24304 --- [Api-Gateway] [reshExecutor-%d] o.s.c.g.r.RouteDefinitionRouteLocator    : RouteDefinition REWARDS-SERVICE applying {_genkey_0=/api/rewards/**} to Path
2026-03-27T11:11:22.054+05:30 DEBUG 24304 --- [Api-Gateway] [reshExecutor-%d] o.s.c.g.r.RouteDefinitionRouteLocator    : RouteDefinition REWARDS-SERVICE applying filter {_genkey_0=name:rewardCircuitBreaker, _genkey_1=fallbackUri:forward:/fallback/reward} to CircuitBreaker
2026-03-27T11:11:22.055+05:30 DEBUG 24304 --- [Api-Gateway] [reshExecutor-%d] o.s.c.g.r.RouteDefinitionRouteLocator    : RouteDefinition matched: REWARDS-SERVICE
2026-03-27T11:11:22.055+05:30 DEBUG 24304 --- [Api-Gateway] [reshExecutor-%d] o.s.c.g.r.RouteDefinitionRouteLocator    : RouteDefinition NOTIFICATION-SERVICE applying {_genkey_0=/api/notifications/**} to Path
2026-03-27T11:11:22.056+05:30 DEBUG 24304 --- [Api-Gateway] [reshExecutor-%d] o.s.c.g.r.RouteDefinitionRouteLocator    : RouteDefinition NOTIFICATION-SERVICE applying filter {_genkey_0=name:notificationCircuitBreaker, _genkey_1=fallbackUri:forward:/fallback/general} to CircuitBreaker
2026-03-27T11:11:22.057+05:30 DEBUG 24304 --- [Api-Gateway] [reshExecutor-%d] o.s.c.g.r.RouteDefinitionRouteLocator    : RouteDefinition matched: NOTIFICATION-SERVICE
2026-03-27T11:11:22.057+05:30 DEBUG 24304 --- [Api-Gateway] [reshExecutor-%d] o.s.c.g.r.RouteDefinitionRouteLocator    : RouteDefinition USER-SERVICE applying {_genkey_0=/users/**} to Path
2026-03-27T11:11:22.058+05:30 DEBUG 24304 --- [Api-Gateway] [reshExecutor-%d] o.s.c.g.r.RouteDefinitionRouteLocator    : RouteDefinition matched: USER-SERVICE
2026-03-27T11:11:22.059+05:30 DEBUG 24304 --- [Api-Gateway] [reshExecutor-%d] o.s.c.g.filter.GatewayMetricsFilter      : New routes count: 19
2026-03-27T11:11:52.088+05:30 DEBUG 24304 --- [Api-Gateway] [reshExecutor-%d] o.s.c.g.r.RouteDefinitionRouteLocator    : RouteDefinition ReactiveCompositeDiscoveryClient_CONFIG-SERVIER applying {pattern=/config-servier/**} to Path
2026-03-27T11:11:52.092+05:30 DEBUG 24304 --- [Api-Gateway] [reshExecutor-%d] o.s.c.g.r.RouteDefinitionRouteLocator    : RouteDefinition ReactiveCompositeDiscoveryClient_CONFIG-SERVIER applying filter {regexp=/config-servier/?(?<remaining>.*), replacement=/${remaining}} to RewritePath
2026-03-27T11:11:52.095+05:30 DEBUG 24304 --- [Api-Gateway] [reshExecutor-%d] o.s.c.g.r.RouteDefinitionRouteLocator    : RouteDefinition matched: ReactiveCompositeDiscoveryClient_CONFIG-SERVIER
2026-03-27T11:11:52.096+05:30 DEBUG 24304 --- [Api-Gateway] [reshExecutor-%d] o.s.c.g.r.RouteDefinitionRouteLocator    : RouteDefinition ReactiveCompositeDiscoveryClient_API-GATEWAY applying {pattern=/api-gateway/**} to Path
2026-03-27T11:11:52.097+05:30 DEBUG 24304 --- [Api-Gateway] [reshExecutor-%d] o.s.c.g.r.RouteDefinitionRouteLocator    : RouteDefinition ReactiveCompositeDiscoveryClient_API-GATEWAY applying filter {regexp=/api-gateway/?(?<remaining>.*), replacement=/${remaining}} to RewritePath
2026-03-27T11:11:52.099+05:30 DEBUG 24304 --- [Api-Gateway] [reshExecutor-%d] o.s.c.g.r.RouteDefinitionRouteLocator    : RouteDefinition matched: ReactiveCompositeDiscoveryClient_API-GATEWAY
2026-03-27T11:11:52.099+05:30 DEBUG 24304 --- [Api-Gateway] [reshExecutor-%d] o.s.c.g.r.RouteDefinitionRouteLocator    : RouteDefinition ReactiveCompositeDiscoveryClient_REWARDS-SERVICE applying {pattern=/rewards-service/**} to Path
2026-03-27T11:11:52.101+05:30 DEBUG 24304 --- [Api-Gateway] [reshExecutor-%d] o.s.c.g.r.RouteDefinitionRouteLocator    : RouteDefinition ReactiveCompositeDiscoveryClient_REWARDS-SERVICE applying filter {regexp=/rewards-service/?(?<remaining>.*), replacement=/${remaining}} to RewritePath
2026-03-27T11:11:52.101+05:30 DEBUG 24304 --- [Api-Gateway] [reshExecutor-%d] o.s.c.g.r.RouteDefinitionRouteLocator    : RouteDefinition matched: ReactiveCompositeDiscoveryClient_REWARDS-SERVICE
2026-03-27T11:11:52.102+05:30 DEBUG 24304 --- [Api-Gateway] [reshExecutor-%d] o.s.c.g.r.RouteDefinitionRouteLocator    : RouteDefinition ReactiveCompositeDiscoveryClient_KYC-SERVICE applying {pattern=/kyc-service/**} to Path
2026-03-27T11:11:52.104+05:30 DEBUG 24304 --- [Api-Gateway] [reshExecutor-%d] o.s.c.g.r.RouteDefinitionRouteLocator    : RouteDefinition ReactiveCompositeDiscoveryClient_KYC-SERVICE applying filter {regexp=/kyc-service/?(?<remaining>.*), replacement=/${remaining}} to RewritePath
2026-03-27T11:11:52.105+05:30 DEBUG 24304 --- [Api-Gateway] [reshExecutor-%d] o.s.c.g.r.RouteDefinitionRouteLocator    : RouteDefinition matched: ReactiveCompositeDiscoveryClient_KYC-SERVICE
2026-03-27T11:11:52.106+05:30 DEBUG 24304 --- [Api-Gateway] [reshExecutor-%d] o.s.c.g.r.RouteDefinitionRouteLocator    : RouteDefinition ReactiveCompositeDiscoveryClient_TRANSACTION-SERVICE applying {pattern=/transaction-service/**} to Path
2026-03-27T11:11:52.107+05:30 DEBUG 24304 --- [Api-Gateway] [reshExecutor-%d] o.s.c.g.r.RouteDefinitionRouteLocator    : RouteDefinition ReactiveCompositeDiscoveryClient_TRANSACTION-SERVICE applying filter {regexp=/transaction-service/?(?<remaining>.*), replacement=/${remaining}} to RewritePath
2026-03-27T11:11:52.109+05:30 DEBUG 24304 --- [Api-Gateway] [reshExecutor-%d] o.s.c.g.r.RouteDefinitionRouteLocator    : RouteDefinition matched: ReactiveCompositeDiscoveryClient_TRANSACTION-SERVICE
2026-03-27T11:11:52.109+05:30 DEBUG 24304 --- [Api-Gateway] [reshExecutor-%d] o.s.c.g.r.RouteDefinitionRouteLocator    : RouteDefinition ReactiveCompositeDiscoveryClient_ADMIN-SERVICE applying {pattern=/admin-service/**} to Path
2026-03-27T11:11:52.110+05:30 DEBUG 24304 --- [Api-Gateway] [reshExecutor-%d] o.s.c.g.r.RouteDefinitionRouteLocator    : RouteDefinition ReactiveCompositeDiscoveryClient_ADMIN-SERVICE applying filter {regexp=/admin-service/?(?<remaining>.*), replacement=/${remaining}} to RewritePath
2026-03-27T11:11:52.111+05:30 DEBUG 24304 --- [Api-Gateway] [reshExecutor-%d] o.s.c.g.r.RouteDefinitionRouteLocator    : RouteDefinition matched: ReactiveCompositeDiscoveryClient_ADMIN-SERVICE
2026-03-27T11:11:52.112+05:30 DEBUG 24304 --- [Api-Gateway] [reshExecutor-%d] o.s.c.g.r.RouteDefinitionRouteLocator    : RouteDefinition ReactiveCompositeDiscoveryClient_WALLET-SERVICE applying {pattern=/wallet-service/**} to Path
2026-03-27T11:11:52.113+05:30 DEBUG 24304 --- [Api-Gateway] [reshExecutor-%d] o.s.c.g.r.RouteDefinitionRouteLocator    : RouteDefinition ReactiveCompositeDiscoveryClient_WALLET-SERVICE applying filter {regexp=/wallet-service/?(?<remaining>.*), replacement=/${remaining}} to RewritePath
2026-03-27T11:11:52.114+05:30 DEBUG 24304 --- [Api-Gateway] [reshExecutor-%d] o.s.c.g.r.RouteDefinitionRouteLocator    : RouteDefinition matched: ReactiveCompositeDiscoveryClient_WALLET-SERVICE
2026-03-27T11:11:52.115+05:30 DEBUG 24304 --- [Api-Gateway] [reshExecutor-%d] o.s.c.g.r.RouteDefinitionRouteLocator    : RouteDefinition ReactiveCompositeDiscoveryClient_NOTIFICATION-SERVICE applying {pattern=/notification-service/**} to Path
2026-03-27T11:11:52.116+05:30 DEBUG 24304 --- [Api-Gateway] [reshExecutor-%d] o.s.c.g.r.RouteDefinitionRouteLocator    : RouteDefinition ReactiveCompositeDiscoveryClient_NOTIFICATION-SERVICE applying filter {regexp=/notification-service/?(?<remaining>.*), replacement=/${remaining}} to RewritePath
2026-03-27T11:11:52.118+05:30 DEBUG 24304 --- [Api-Gateway] [reshExecutor-%d] o.s.c.g.r.RouteDefinitionRouteLocator    : RouteDefinition matched: ReactiveCompositeDiscoveryClient_NOTIFICATION-SERVICE
2026-03-27T11:11:52.118+05:30 DEBUG 24304 --- [Api-Gateway] [reshExecutor-%d] o.s.c.g.r.RouteDefinitionRouteLocator    : RouteDefinition ReactiveCompositeDiscoveryClient_PAYMENT-SERVICES applying {pattern=/payment-services/**} to Path
2026-03-27T11:11:52.120+05:30 DEBUG 24304 --- [Api-Gateway] [reshExecutor-%d] o.s.c.g.r.RouteDefinitionRouteLocator    : RouteDefinition ReactiveCompositeDiscoveryClient_PAYMENT-SERVICES applying filter {regexp=/payment-services/?(?<remaining>.*), replacement=/${remaining}} to RewritePath
2026-03-27T11:11:52.120+05:30 DEBUG 24304 --- [Api-Gateway] [reshExecutor-%d] o.s.c.g.r.RouteDefinitionRouteLocator    : RouteDefinition matched: ReactiveCompositeDiscoveryClient_PAYMENT-SERVICES
2026-03-27T11:11:52.122+05:30 DEBUG 24304 --- [Api-Gateway] [reshExecutor-%d] o.s.c.g.r.RouteDefinitionRouteLocator    : RouteDefinition ReactiveCompositeDiscoveryClient_USER-SERVICE applying {pattern=/user-service/**} to Path
2026-03-27T11:11:52.122+05:30 DEBUG 24304 --- [Api-Gateway] [reshExecutor-%d] o.s.c.g.r.RouteDefinitionRouteLocator    : RouteDefinition ReactiveCompositeDiscoveryClient_USER-SERVICE applying filter {regexp=/user-service/?(?<remaining>.*), replacement=/${remaining}} to RewritePath
2026-03-27T11:11:52.122+05:30 DEBUG 24304 --- [Api-Gateway] [reshExecutor-%d] o.s.c.g.r.RouteDefinitionRouteLocator    : RouteDefinition matched: ReactiveCompositeDiscoveryClient_USER-SERVICE
2026-03-27T11:11:52.124+05:30 DEBUG 24304 --- [Api-Gateway] [reshExecutor-%d] o.s.c.g.r.RouteDefinitionRouteLocator    : RouteDefinition AUTH-SERVICE applying {_genkey_0=/auth/**} to Path
2026-03-27T11:11:52.125+05:30 DEBUG 24304 --- [Api-Gateway] [reshExecutor-%d] o.s.c.g.r.RouteDefinitionRouteLocator    : RouteDefinition matched: AUTH-SERVICE
2026-03-27T11:11:52.125+05:30 DEBUG 24304 --- [Api-Gateway] [reshExecutor-%d] o.s.c.g.r.RouteDefinitionRouteLocator    : RouteDefinition ADMIN-SERVICE applying {_genkey_0=/admin/**} to Path
2026-03-27T11:11:52.125+05:30 DEBUG 24304 --- [Api-Gateway] [reshExecutor-%d] o.s.c.g.r.RouteDefinitionRouteLocator    : RouteDefinition matched: ADMIN-SERVICE
2026-03-27T11:11:52.125+05:30 DEBUG 24304 --- [Api-Gateway] [reshExecutor-%d] o.s.c.g.r.RouteDefinitionRouteLocator    : RouteDefinition KYC-SERVICE applying {_genkey_0=/kyc/**} to Path
2026-03-27T11:11:52.126+05:30 DEBUG 24304 --- [Api-Gateway] [reshExecutor-%d] o.s.c.g.r.RouteDefinitionRouteLocator    : RouteDefinition matched: KYC-SERVICE
2026-03-27T11:11:52.126+05:30 DEBUG 24304 --- [Api-Gateway] [reshExecutor-%d] o.s.c.g.r.RouteDefinitionRouteLocator    : RouteDefinition PAYMENT-SERVICES applying {_genkey_0=/api/payments/**} to Path
2026-03-27T11:11:52.127+05:30 DEBUG 24304 --- [Api-Gateway] [reshExecutor-%d] o.s.c.g.r.RouteDefinitionRouteLocator    : RouteDefinition PAYMENT-SERVICES applying filter {_genkey_0=name:paymentCircuitBreaker, _genkey_1=fallbackUri:forward:/fallback/payment} to CircuitBreaker
2026-03-27T11:11:52.127+05:30 DEBUG 24304 --- [Api-Gateway] [reshExecutor-%d] o.s.c.g.r.RouteDefinitionRouteLocator    : RouteDefinition matched: PAYMENT-SERVICES
2026-03-27T11:11:52.128+05:30 DEBUG 24304 --- [Api-Gateway] [reshExecutor-%d] o.s.c.g.r.RouteDefinitionRouteLocator    : RouteDefinition WALLET-SERVICE applying {_genkey_0=/api/wallets/**} to Path
2026-03-27T11:11:52.128+05:30 DEBUG 24304 --- [Api-Gateway] [reshExecutor-%d] o.s.c.g.r.RouteDefinitionRouteLocator    : RouteDefinition WALLET-SERVICE applying filter {_genkey_0=name:walletCircuitBreaker, _genkey_1=fallbackUri:forward:/fallback/general} to CircuitBreaker
2026-03-27T11:11:52.128+05:30 DEBUG 24304 --- [Api-Gateway] [reshExecutor-%d] o.s.c.g.r.RouteDefinitionRouteLocator    : RouteDefinition matched: WALLET-SERVICE
2026-03-27T11:11:52.128+05:30 DEBUG 24304 --- [Api-Gateway] [reshExecutor-%d] o.s.c.g.r.RouteDefinitionRouteLocator    : RouteDefinition TRANSACTION-SERVICE applying {_genkey_0=/api/transaction/**} to Path
2026-03-27T11:11:52.130+05:30 DEBUG 24304 --- [Api-Gateway] [reshExecutor-%d] o.s.c.g.r.RouteDefinitionRouteLocator    : RouteDefinition TRANSACTION-SERVICE applying filter {_genkey_0=name:transactionCircuitBreaker, _genkey_1=fallbackUri:forward:/fallback/general} to CircuitBreaker
2026-03-27T11:11:52.131+05:30 DEBUG 24304 --- [Api-Gateway] [reshExecutor-%d] o.s.c.g.r.RouteDefinitionRouteLocator    : RouteDefinition matched: TRANSACTION-SERVICE
2026-03-27T11:11:52.131+05:30 DEBUG 24304 --- [Api-Gateway] [reshExecutor-%d] o.s.c.g.r.RouteDefinitionRouteLocator    : RouteDefinition REWARDS-SERVICE applying {_genkey_0=/api/rewards/**} to Path
2026-03-27T11:11:52.131+05:30 DEBUG 24304 --- [Api-Gateway] [reshExecutor-%d] o.s.c.g.r.RouteDefinitionRouteLocator    : RouteDefinition REWARDS-SERVICE applying filter {_genkey_0=name:rewardCircuitBreaker, _genkey_1=fallbackUri:forward:/fallback/reward} to CircuitBreaker
2026-03-27T11:11:52.132+05:30 DEBUG 24304 --- [Api-Gateway] [reshExecutor-%d] o.s.c.g.r.RouteDefinitionRouteLocator    : RouteDefinition matched: REWARDS-SERVICE
2026-03-27T11:11:52.132+05:30 DEBUG 24304 --- [Api-Gateway] [reshExecutor-%d] o.s.c.g.r.RouteDefinitionRouteLocator    : RouteDefinition NOTIFICATION-SERVICE applying {_genkey_0=/api/notifications/**} to Path
2026-03-27T11:11:52.133+05:30 DEBUG 24304 --- [Api-Gateway] [reshExecutor-%d] o.s.c.g.r.RouteDefinitionRouteLocator    : RouteDefinition NOTIFICATION-SERVICE applying filter {_genkey_0=name:notificationCircuitBreaker, _genkey_1=fallbackUri:forward:/fallback/general} to CircuitBreaker
2026-03-27T11:11:52.133+05:30 DEBUG 24304 --- [Api-Gateway] [reshExecutor-%d] o.s.c.g.r.RouteDefinitionRouteLocator    : RouteDefinition matched: NOTIFICATION-SERVICE
2026-03-27T11:11:52.133+05:30 DEBUG 24304 --- [Api-Gateway] [reshExecutor-%d] o.s.c.g.r.RouteDefinitionRouteLocator    : RouteDefinition USER-SERVICE applying {_genkey_0=/users/**} to Path
2026-03-27T11:11:52.134+05:30 DEBUG 24304 --- [Api-Gateway] [reshExecutor-%d] o.s.c.g.r.RouteDefinitionRouteLocator    : RouteDefinition matched: USER-SERVICE
2026-03-27T11:11:52.135+05:30 DEBUG 24304 --- [Api-Gateway] [reshExecutor-%d] o.s.c.g.filter.GatewayMetricsFilter      : New routes count: 19
2026-03-27T11:12:22.170+05:30 DEBUG 24304 --- [Api-Gateway] [reshExecutor-%d] o.s.c.g.r.RouteDefinitionRouteLocator    : RouteDefinition ReactiveCompositeDiscoveryClient_CONFIG-SERVIER applying {pattern=/config-servier/**} to Path
2026-03-27T11:12:22.176+05:30 DEBUG 24304 --- [Api-Gateway] [reshExecutor-%d] o.s.c.g.r.RouteDefinitionRouteLocator    : RouteDefinition ReactiveCompositeDiscoveryClient_CONFIG-SERVIER applying filter {regexp=/config-servier/?(?<remaining>.*), replacement=/${remaining}} to RewritePath
2026-03-27T11:12:22.177+05:30 DEBUG 24304 --- [Api-Gateway] [reshExecutor-%d] o.s.c.g.r.RouteDefinitionRouteLocator    : RouteDefinition matched: ReactiveCompositeDiscoveryClient_CONFIG-SERVIER
2026-03-27T11:12:22.178+05:30 DEBUG 24304 --- [Api-Gateway] [reshExecutor-%d] o.s.c.g.r.RouteDefinitionRouteLocator    : RouteDefinition ReactiveCompositeDiscoveryClient_API-GATEWAY applying {pattern=/api-gateway/**} to Path
2026-03-27T11:12:22.180+05:30 DEBUG 24304 --- [Api-Gateway] [reshExecutor-%d] o.s.c.g.r.RouteDefinitionRouteLocator    : RouteDefinition ReactiveCompositeDiscoveryClient_API-GATEWAY applying filter {regexp=/api-gateway/?(?<remaining>.*), replacement=/${remaining}} to RewritePath
2026-03-27T11:12:22.181+05:30 DEBUG 24304 --- [Api-Gateway] [reshExecutor-%d] o.s.c.g.r.RouteDefinitionRouteLocator    : RouteDefinition matched: ReactiveCompositeDiscoveryClient_API-GATEWAY
2026-03-27T11:12:22.181+05:30 DEBUG 24304 --- [Api-Gateway] [reshExecutor-%d] o.s.c.g.r.RouteDefinitionRouteLocator    : RouteDefinition ReactiveCompositeDiscoveryClient_REWARDS-SERVICE applying {pattern=/rewards-service/**} to Path
2026-03-27T11:12:22.183+05:30 DEBUG 24304 --- [Api-Gateway] [reshExecutor-%d] o.s.c.g.r.RouteDefinitionRouteLocator    : RouteDefinition ReactiveCompositeDiscoveryClient_REWARDS-SERVICE applying filter {regexp=/rewards-service/?(?<remaining>.*), replacement=/${remaining}} to RewritePath
2026-03-27T11:12:22.184+05:30 DEBUG 24304 --- [Api-Gateway] [reshExecutor-%d] o.s.c.g.r.RouteDefinitionRouteLocator    : RouteDefinition matched: ReactiveCompositeDiscoveryClient_REWARDS-SERVICE
2026-03-27T11:12:22.185+05:30 DEBUG 24304 --- [Api-Gateway] [reshExecutor-%d] o.s.c.g.r.RouteDefinitionRouteLocator    : RouteDefinition ReactiveCompositeDiscoveryClient_KYC-SERVICE applying {pattern=/kyc-service/**} to Path
2026-03-27T11:12:22.187+05:30 DEBUG 24304 --- [Api-Gateway] [reshExecutor-%d] o.s.c.g.r.RouteDefinitionRouteLocator    : RouteDefinition ReactiveCompositeDiscoveryClient_KYC-SERVICE applying filter {regexp=/kyc-service/?(?<remaining>.*), replacement=/${remaining}} to RewritePath
2026-03-27T11:12:22.188+05:30 DEBUG 24304 --- [Api-Gateway] [reshExecutor-%d] o.s.c.g.r.RouteDefinitionRouteLocator    : RouteDefinition matched: ReactiveCompositeDiscoveryClient_KYC-SERVICE
2026-03-27T11:12:22.189+05:30 DEBUG 24304 --- [Api-Gateway] [reshExecutor-%d] o.s.c.g.r.RouteDefinitionRouteLocator    : RouteDefinition ReactiveCompositeDiscoveryClient_TRANSACTION-SERVICE applying {pattern=/transaction-service/**} to Path
2026-03-27T11:12:22.189+05:30 DEBUG 24304 --- [Api-Gateway] [reshExecutor-%d] o.s.c.g.r.RouteDefinitionRouteLocator    : RouteDefinition ReactiveCompositeDiscoveryClient_TRANSACTION-SERVICE applying filter {regexp=/transaction-service/?(?<remaining>.*), replacement=/${remaining}} to RewritePath
2026-03-27T11:12:22.190+05:30 DEBUG 24304 --- [Api-Gateway] [reshExecutor-%d] o.s.c.g.r.RouteDefinitionRouteLocator    : RouteDefinition matched: ReactiveCompositeDiscoveryClient_TRANSACTION-SERVICE
2026-03-27T11:12:22.192+05:30 DEBUG 24304 --- [Api-Gateway] [reshExecutor-%d] o.s.c.g.r.RouteDefinitionRouteLocator    : RouteDefinition ReactiveCompositeDiscoveryClient_ADMIN-SERVICE applying {pattern=/admin-service/**} to Path
2026-03-27T11:12:22.193+05:30 DEBUG 24304 --- [Api-Gateway] [reshExecutor-%d] o.s.c.g.r.RouteDefinitionRouteLocator    : RouteDefinition ReactiveCompositeDiscoveryClient_ADMIN-SERVICE applying filter {regexp=/admin-service/?(?<remaining>.*), replacement=/${remaining}} to RewritePath
2026-03-27T11:12:22.195+05:30 DEBUG 24304 --- [Api-Gateway] [reshExecutor-%d] o.s.c.g.r.RouteDefinitionRouteLocator    : RouteDefinition matched: ReactiveCompositeDiscoveryClient_ADMIN-SERVICE
2026-03-27T11:12:22.195+05:30 DEBUG 24304 --- [Api-Gateway] [reshExecutor-%d] o.s.c.g.r.RouteDefinitionRouteLocator    : RouteDefinition ReactiveCompositeDiscoveryClient_WALLET-SERVICE applying {pattern=/wallet-service/**} to Path
2026-03-27T11:12:22.197+05:30 DEBUG 24304 --- [Api-Gateway] [reshExecutor-%d] o.s.c.g.r.RouteDefinitionRouteLocator    : RouteDefinition ReactiveCompositeDiscoveryClient_WALLET-SERVICE applying filter {regexp=/wallet-service/?(?<remaining>.*), replacement=/${remaining}} to RewritePath
2026-03-27T11:12:22.198+05:30 DEBUG 24304 --- [Api-Gateway] [reshExecutor-%d] o.s.c.g.r.RouteDefinitionRouteLocator    : RouteDefinition matched: ReactiveCompositeDiscoveryClient_WALLET-SERVICE
2026-03-27T11:12:22.199+05:30 DEBUG 24304 --- [Api-Gateway] [reshExecutor-%d] o.s.c.g.r.RouteDefinitionRouteLocator    : RouteDefinition ReactiveCompositeDiscoveryClient_NOTIFICATION-SERVICE applying {pattern=/notification-service/**} to Path
2026-03-27T11:12:22.200+05:30 DEBUG 24304 --- [Api-Gateway] [reshExecutor-%d] o.s.c.g.r.RouteDefinitionRouteLocator    : RouteDefinition ReactiveCompositeDiscoveryClient_NOTIFICATION-SERVICE applying filter {regexp=/notification-service/?(?<remaining>.*), replacement=/${remaining}} to RewritePath
2026-03-27T11:12:22.201+05:30 DEBUG 24304 --- [Api-Gateway] [reshExecutor-%d] o.s.c.g.r.RouteDefinitionRouteLocator    : RouteDefinition matched: ReactiveCompositeDiscoveryClient_NOTIFICATION-SERVICE
2026-03-27T11:12:22.202+05:30 DEBUG 24304 --- [Api-Gateway] [reshExecutor-%d] o.s.c.g.r.RouteDefinitionRouteLocator    : RouteDefinition ReactiveCompositeDiscoveryClient_PAYMENT-SERVICES applying {pattern=/payment-services/**} to Path
2026-03-27T11:12:22.203+05:30 DEBUG 24304 --- [Api-Gateway] [reshExecutor-%d] o.s.c.g.r.RouteDefinitionRouteLocator    : RouteDefinition ReactiveCompositeDiscoveryClient_PAYMENT-SERVICES applying filter {regexp=/payment-services/?(?<remaining>.*), replacement=/${remaining}} to RewritePath
2026-03-27T11:12:22.204+05:30 DEBUG 24304 --- [Api-Gateway] [reshExecutor-%d] o.s.c.g.r.RouteDefinitionRouteLocator    : RouteDefinition matched: ReactiveCompositeDiscoveryClient_PAYMENT-SERVICES
2026-03-27T11:12:22.204+05:30 DEBUG 24304 --- [Api-Gateway] [reshExecutor-%d] o.s.c.g.r.RouteDefinitionRouteLocator    : RouteDefinition ReactiveCompositeDiscoveryClient_USER-SERVICE applying {pattern=/user-service/**} to Path
2026-03-27T11:12:22.205+05:30 DEBUG 24304 --- [Api-Gateway] [reshExecutor-%d] o.s.c.g.r.RouteDefinitionRouteLocator    : RouteDefinition ReactiveCompositeDiscoveryClient_USER-SERVICE applying filter {regexp=/user-service/?(?<remaining>.*), replacement=/${remaining}} to RewritePath
2026-03-27T11:12:22.205+05:30 DEBUG 24304 --- [Api-Gateway] [reshExecutor-%d] o.s.c.g.r.RouteDefinitionRouteLocator    : RouteDefinition matched: ReactiveCompositeDiscoveryClient_USER-SERVICE
2026-03-27T11:12:22.206+05:30 DEBUG 24304 --- [Api-Gateway] [reshExecutor-%d] o.s.c.g.r.RouteDefinitionRouteLocator    : RouteDefinition AUTH-SERVICE applying {_genkey_0=/auth/**} to Path
2026-03-27T11:12:22.207+05:30 DEBUG 24304 --- [Api-Gateway] [reshExecutor-%d] o.s.c.g.r.RouteDefinitionRouteLocator    : RouteDefinition matched: AUTH-SERVICE
2026-03-27T11:12:22.207+05:30 DEBUG 24304 --- [Api-Gateway] [reshExecutor-%d] o.s.c.g.r.RouteDefinitionRouteLocator    : RouteDefinition ADMIN-SERVICE applying {_genkey_0=/admin/**} to Path
2026-03-27T11:12:22.208+05:30 DEBUG 24304 --- [Api-Gateway] [reshExecutor-%d] o.s.c.g.r.RouteDefinitionRouteLocator    : RouteDefinition matched: ADMIN-SERVICE
2026-03-27T11:12:22.208+05:30 DEBUG 24304 --- [Api-Gateway] [reshExecutor-%d] o.s.c.g.r.RouteDefinitionRouteLocator    : RouteDefinition KYC-SERVICE applying {_genkey_0=/kyc/**} to Path
2026-03-27T11:12:22.209+05:30 DEBUG 24304 --- [Api-Gateway] [reshExecutor-%d] o.s.c.g.r.RouteDefinitionRouteLocator    : RouteDefinition matched: KYC-SERVICE
2026-03-27T11:12:22.209+05:30 DEBUG 24304 --- [Api-Gateway] [reshExecutor-%d] o.s.c.g.r.RouteDefinitionRouteLocator    : RouteDefinition PAYMENT-SERVICES applying {_genkey_0=/api/payments/**} to Path
2026-03-27T11:12:22.209+05:30 DEBUG 24304 --- [Api-Gateway] [reshExecutor-%d] o.s.c.g.r.RouteDefinitionRouteLocator    : RouteDefinition PAYMENT-SERVICES applying filter {_genkey_0=name:paymentCircuitBreaker, _genkey_1=fallbackUri:forward:/fallback/payment} to CircuitBreaker
2026-03-27T11:12:22.211+05:30 DEBUG 24304 --- [Api-Gateway] [reshExecutor-%d] o.s.c.g.r.RouteDefinitionRouteLocator    : RouteDefinition matched: PAYMENT-SERVICES
2026-03-27T11:12:22.211+05:30 DEBUG 24304 --- [Api-Gateway] [reshExecutor-%d] o.s.c.g.r.RouteDefinitionRouteLocator    : RouteDefinition WALLET-SERVICE applying {_genkey_0=/api/wallets/**} to Path
2026-03-27T11:12:22.212+05:30 DEBUG 24304 --- [Api-Gateway] [reshExecutor-%d] o.s.c.g.r.RouteDefinitionRouteLocator    : RouteDefinition WALLET-SERVICE applying filter {_genkey_0=name:walletCircuitBreaker, _genkey_1=fallbackUri:forward:/fallback/general} to CircuitBreaker
2026-03-27T11:12:22.212+05:30 DEBUG 24304 --- [Api-Gateway] [reshExecutor-%d] o.s.c.g.r.RouteDefinitionRouteLocator    : RouteDefinition matched: WALLET-SERVICE
2026-03-27T11:12:22.213+05:30 DEBUG 24304 --- [Api-Gateway] [reshExecutor-%d] o.s.c.g.r.RouteDefinitionRouteLocator    : RouteDefinition TRANSACTION-SERVICE applying {_genkey_0=/api/transaction/**} to Path
2026-03-27T11:12:22.213+05:30 DEBUG 24304 --- [Api-Gateway] [reshExecutor-%d] o.s.c.g.r.RouteDefinitionRouteLocator    : RouteDefinition TRANSACTION-SERVICE applying filter {_genkey_0=name:transactionCircuitBreaker, _genkey_1=fallbackUri:forward:/fallback/general} to CircuitBreaker
2026-03-27T11:12:22.214+05:30 DEBUG 24304 --- [Api-Gateway] [reshExecutor-%d] o.s.c.g.r.RouteDefinitionRouteLocator    : RouteDefinition matched: TRANSACTION-SERVICE
2026-03-27T11:12:22.214+05:30 DEBUG 24304 --- [Api-Gateway] [reshExecutor-%d] o.s.c.g.r.RouteDefinitionRouteLocator    : RouteDefinition REWARDS-SERVICE applying {_genkey_0=/api/rewards/**} to Path
2026-03-27T11:12:22.215+05:30 DEBUG 24304 --- [Api-Gateway] [reshExecutor-%d] o.s.c.g.r.RouteDefinitionRouteLocator    : RouteDefinition REWARDS-SERVICE applying filter {_genkey_0=name:rewardCircuitBreaker, _genkey_1=fallbackUri:forward:/fallback/reward} to CircuitBreaker
2026-03-27T11:12:22.215+05:30 DEBUG 24304 --- [Api-Gateway] [reshExecutor-%d] o.s.c.g.r.RouteDefinitionRouteLocator    : RouteDefinition matched: REWARDS-SERVICE
2026-03-27T11:12:22.216+05:30 DEBUG 24304 --- [Api-Gateway] [reshExecutor-%d] o.s.c.g.r.RouteDefinitionRouteLocator    : RouteDefinition NOTIFICATION-SERVICE applying {_genkey_0=/api/notifications/**} to Path
2026-03-27T11:12:22.216+05:30 DEBUG 24304 --- [Api-Gateway] [reshExecutor-%d] o.s.c.g.r.RouteDefinitionRouteLocator    : RouteDefinition NOTIFICATION-SERVICE applying filter {_genkey_0=name:notificationCircuitBreaker, _genkey_1=fallbackUri:forward:/fallback/general} to CircuitBreaker
2026-03-27T11:12:22.217+05:30 DEBUG 24304 --- [Api-Gateway] [reshExecutor-%d] o.s.c.g.r.RouteDefinitionRouteLocator    : RouteDefinition matched: NOTIFICATION-SERVICE
2026-03-27T11:12:22.217+05:30 DEBUG 24304 --- [Api-Gateway] [reshExecutor-%d] o.s.c.g.r.RouteDefinitionRouteLocator    : RouteDefinition USER-SERVICE applying {_genkey_0=/users/**} to Path
2026-03-27T11:12:22.217+05:30 DEBUG 24304 --- [Api-Gateway] [reshExecutor-%d] o.s.c.g.r.RouteDefinitionRouteLocator    : RouteDefinition matched: USER-SERVICE
2026-03-27T11:12:22.218+05:30 DEBUG 24304 --- [Api-Gateway] [reshExecutor-%d] o.s.c.g.filter.GatewayMetricsFilter      : New routes count: 19
2026-03-27T11:12:52.245+05:30 DEBUG 24304 --- [Api-Gateway] [reshExecutor-%d] o.s.c.g.r.RouteDefinitionRouteLocator    : RouteDefinition ReactiveCompositeDiscoveryClient_CONFIG-SERVIER applying {pattern=/config-servier/**} to Path
2026-03-27T11:12:52.249+05:30 DEBUG 24304 --- [Api-Gateway] [reshExecutor-%d] o.s.c.g.r.RouteDefinitionRouteLocator    : RouteDefinition ReactiveCompositeDiscoveryClient_CONFIG-SERVIER applying filter {regexp=/config-servier/?(?<remaining>.*), replacement=/${remaining}} to RewritePath
2026-03-27T11:12:52.252+05:30 DEBUG 24304 --- [Api-Gateway] [reshExecutor-%d] o.s.c.g.r.RouteDefinitionRouteLocator    : RouteDefinition matched: ReactiveCompositeDiscoveryClient_CONFIG-SERVIER
2026-03-27T11:12:52.252+05:30 DEBUG 24304 --- [Api-Gateway] [reshExecutor-%d] o.s.c.g.r.RouteDefinitionRouteLocator    : RouteDefinition ReactiveCompositeDiscoveryClient_API-GATEWAY applying {pattern=/api-gateway/**} to Path
2026-03-27T11:12:52.254+05:30 DEBUG 24304 --- [Api-Gateway] [reshExecutor-%d] o.s.c.g.r.RouteDefinitionRouteLocator    : RouteDefinition ReactiveCompositeDiscoveryClient_API-GATEWAY applying filter {regexp=/api-gateway/?(?<remaining>.*), replacement=/${remaining}} to RewritePath
2026-03-27T11:12:52.255+05:30 DEBUG 24304 --- [Api-Gateway] [reshExecutor-%d] o.s.c.g.r.RouteDefinitionRouteLocator    : RouteDefinition matched: ReactiveCompositeDiscoveryClient_API-GATEWAY
2026-03-27T11:12:52.256+05:30 DEBUG 24304 --- [Api-Gateway] [reshExecutor-%d] o.s.c.g.r.RouteDefinitionRouteLocator    : RouteDefinition ReactiveCompositeDiscoveryClient_REWARDS-SERVICE applying {pattern=/rewards-service/**} to Path
2026-03-27T11:12:52.257+05:30 DEBUG 24304 --- [Api-Gateway] [reshExecutor-%d] o.s.c.g.r.RouteDefinitionRouteLocator    : RouteDefinition ReactiveCompositeDiscoveryClient_REWARDS-SERVICE applying filter {regexp=/rewards-service/?(?<remaining>.*), replacement=/${remaining}} to RewritePath
2026-03-27T11:12:52.260+05:30 DEBUG 24304 --- [Api-Gateway] [reshExecutor-%d] o.s.c.g.r.RouteDefinitionRouteLocator    : RouteDefinition matched: ReactiveCompositeDiscoveryClient_REWARDS-SERVICE
2026-03-27T11:12:52.261+05:30 DEBUG 24304 --- [Api-Gateway] [reshExecutor-%d] o.s.c.g.r.RouteDefinitionRouteLocator    : RouteDefinition ReactiveCompositeDiscoveryClient_TRANSACTION-SERVICE applying {pattern=/transaction-service/**} to Path
2026-03-27T11:12:52.262+05:30 DEBUG 24304 --- [Api-Gateway] [reshExecutor-%d] o.s.c.g.r.RouteDefinitionRouteLocator    : RouteDefinition ReactiveCompositeDiscoveryClient_TRANSACTION-SERVICE applying filter {regexp=/transaction-service/?(?<remaining>.*), replacement=/${remaining}} to RewritePath
2026-03-27T11:12:52.264+05:30 DEBUG 24304 --- [Api-Gateway] [reshExecutor-%d] o.s.c.g.r.RouteDefinitionRouteLocator    : RouteDefinition matched: ReactiveCompositeDiscoveryClient_TRANSACTION-SERVICE
2026-03-27T11:12:52.264+05:30 DEBUG 24304 --- [Api-Gateway] [reshExecutor-%d] o.s.c.g.r.RouteDefinitionRouteLocator    : RouteDefinition ReactiveCompositeDiscoveryClient_ADMIN-SERVICE applying {pattern=/admin-service/**} to Path
2026-03-27T11:12:52.265+05:30 DEBUG 24304 --- [Api-Gateway] [reshExecutor-%d] o.s.c.g.r.RouteDefinitionRouteLocator    : RouteDefinition ReactiveCompositeDiscoveryClient_ADMIN-SERVICE applying filter {regexp=/admin-service/?(?<remaining>.*), replacement=/${remaining}} to RewritePath
2026-03-27T11:12:52.267+05:30 DEBUG 24304 --- [Api-Gateway] [reshExecutor-%d] o.s.c.g.r.RouteDefinitionRouteLocator    : RouteDefinition matched: ReactiveCompositeDiscoveryClient_ADMIN-SERVICE
2026-03-27T11:12:52.268+05:30 DEBUG 24304 --- [Api-Gateway] [reshExecutor-%d] o.s.c.g.r.RouteDefinitionRouteLocator    : RouteDefinition ReactiveCompositeDiscoveryClient_WALLET-SERVICE applying {pattern=/wallet-service/**} to Path
2026-03-27T11:12:52.269+05:30 DEBUG 24304 --- [Api-Gateway] [reshExecutor-%d] o.s.c.g.r.RouteDefinitionRouteLocator    : RouteDefinition ReactiveCompositeDiscoveryClient_WALLET-SERVICE applying filter {regexp=/wallet-service/?(?<remaining>.*), replacement=/${remaining}} to RewritePath
2026-03-27T11:12:52.270+05:30 DEBUG 24304 --- [Api-Gateway] [reshExecutor-%d] o.s.c.g.r.RouteDefinitionRouteLocator    : RouteDefinition matched: ReactiveCompositeDiscoveryClient_WALLET-SERVICE
2026-03-27T11:12:52.272+05:30 DEBUG 24304 --- [Api-Gateway] [reshExecutor-%d] o.s.c.g.r.RouteDefinitionRouteLocator    : RouteDefinition ReactiveCompositeDiscoveryClient_NOTIFICATION-SERVICE applying {pattern=/notification-service/**} to Path
2026-03-27T11:12:52.273+05:30 DEBUG 24304 --- [Api-Gateway] [reshExecutor-%d] o.s.c.g.r.RouteDefinitionRouteLocator    : RouteDefinition ReactiveCompositeDiscoveryClient_NOTIFICATION-SERVICE applying filter {regexp=/notification-service/?(?<remaining>.*), replacement=/${remaining}} to RewritePath
2026-03-27T11:12:52.274+05:30 DEBUG 24304 --- [Api-Gateway] [reshExecutor-%d] o.s.c.g.r.RouteDefinitionRouteLocator    : RouteDefinition matched: ReactiveCompositeDiscoveryClient_NOTIFICATION-SERVICE
2026-03-27T11:12:52.275+05:30 DEBUG 24304 --- [Api-Gateway] [reshExecutor-%d] o.s.c.g.r.RouteDefinitionRouteLocator    : RouteDefinition ReactiveCompositeDiscoveryClient_PAYMENT-SERVICES applying {pattern=/payment-services/**} to Path
2026-03-27T11:12:52.277+05:30 DEBUG 24304 --- [Api-Gateway] [reshExecutor-%d] o.s.c.g.r.RouteDefinitionRouteLocator    : RouteDefinition ReactiveCompositeDiscoveryClient_PAYMENT-SERVICES applying filter {regexp=/payment-services/?(?<remaining>.*), replacement=/${remaining}} to RewritePath
2026-03-27T11:12:52.278+05:30 DEBUG 24304 --- [Api-Gateway] [reshExecutor-%d] o.s.c.g.r.RouteDefinitionRouteLocator    : RouteDefinition matched: ReactiveCompositeDiscoveryClient_PAYMENT-SERVICES
2026-03-27T11:12:52.279+05:30 DEBUG 24304 --- [Api-Gateway] [reshExecutor-%d] o.s.c.g.r.RouteDefinitionRouteLocator    : RouteDefinition ReactiveCompositeDiscoveryClient_USER-SERVICE applying {pattern=/user-service/**} to Path
2026-03-27T11:12:52.280+05:30 DEBUG 24304 --- [Api-Gateway] [reshExecutor-%d] o.s.c.g.r.RouteDefinitionRouteLocator    : RouteDefinition ReactiveCompositeDiscoveryClient_USER-SERVICE applying filter {regexp=/user-service/?(?<remaining>.*), replacement=/${remaining}} to RewritePath
2026-03-27T11:12:52.282+05:30 DEBUG 24304 --- [Api-Gateway] [reshExecutor-%d] o.s.c.g.r.RouteDefinitionRouteLocator    : RouteDefinition matched: ReactiveCompositeDiscoveryClient_USER-SERVICE
2026-03-27T11:12:52.282+05:30 DEBUG 24304 --- [Api-Gateway] [reshExecutor-%d] o.s.c.g.r.RouteDefinitionRouteLocator    : RouteDefinition AUTH-SERVICE applying {_genkey_0=/auth/**} to Path
2026-03-27T11:12:52.284+05:30 DEBUG 24304 --- [Api-Gateway] [reshExecutor-%d] o.s.c.g.r.RouteDefinitionRouteLocator    : RouteDefinition matched: AUTH-SERVICE
2026-03-27T11:12:52.284+05:30 DEBUG 24304 --- [Api-Gateway] [reshExecutor-%d] o.s.c.g.r.RouteDefinitionRouteLocator    : RouteDefinition ADMIN-SERVICE applying {_genkey_0=/admin/**} to Path
2026-03-27T11:12:52.285+05:30 DEBUG 24304 --- [Api-Gateway] [reshExecutor-%d] o.s.c.g.r.RouteDefinitionRouteLocator    : RouteDefinition matched: ADMIN-SERVICE
2026-03-27T11:12:52.286+05:30 DEBUG 24304 --- [Api-Gateway] [reshExecutor-%d] o.s.c.g.r.RouteDefinitionRouteLocator    : RouteDefinition KYC-SERVICE applying {_genkey_0=/kyc/**} to Path
2026-03-27T11:12:52.287+05:30 DEBUG 24304 --- [Api-Gateway] [reshExecutor-%d] o.s.c.g.r.RouteDefinitionRouteLocator    : RouteDefinition matched: KYC-SERVICE
2026-03-27T11:12:52.288+05:30 DEBUG 24304 --- [Api-Gateway] [reshExecutor-%d] o.s.c.g.r.RouteDefinitionRouteLocator    : RouteDefinition PAYMENT-SERVICES applying {_genkey_0=/api/payments/**} to Path
2026-03-27T11:12:52.288+05:30 DEBUG 24304 --- [Api-Gateway] [reshExecutor-%d] o.s.c.g.r.RouteDefinitionRouteLocator    : RouteDefinition PAYMENT-SERVICES applying filter {_genkey_0=name:paymentCircuitBreaker, _genkey_1=fallbackUri:forward:/fallback/payment} to CircuitBreaker
2026-03-27T11:12:52.290+05:30 DEBUG 24304 --- [Api-Gateway] [reshExecutor-%d] o.s.c.g.r.RouteDefinitionRouteLocator    : RouteDefinition matched: PAYMENT-SERVICES
2026-03-27T11:12:52.290+05:30 DEBUG 24304 --- [Api-Gateway] [reshExecutor-%d] o.s.c.g.r.RouteDefinitionRouteLocator    : RouteDefinition WALLET-SERVICE applying {_genkey_0=/api/wallets/**} to Path
2026-03-27T11:12:52.292+05:30 DEBUG 24304 --- [Api-Gateway] [reshExecutor-%d] o.s.c.g.r.RouteDefinitionRouteLocator    : RouteDefinition WALLET-SERVICE applying filter {_genkey_0=name:walletCircuitBreaker, _genkey_1=fallbackUri:forward:/fallback/general} to CircuitBreaker
2026-03-27T11:12:52.293+05:30 DEBUG 24304 --- [Api-Gateway] [reshExecutor-%d] o.s.c.g.r.RouteDefinitionRouteLocator    : RouteDefinition matched: WALLET-SERVICE
2026-03-27T11:12:52.293+05:30 DEBUG 24304 --- [Api-Gateway] [reshExecutor-%d] o.s.c.g.r.RouteDefinitionRouteLocator    : RouteDefinition TRANSACTION-SERVICE applying {_genkey_0=/api/transaction/**} to Path
2026-03-27T11:12:52.294+05:30 DEBUG 24304 --- [Api-Gateway] [reshExecutor-%d] o.s.c.g.r.RouteDefinitionRouteLocator    : RouteDefinition TRANSACTION-SERVICE applying filter {_genkey_0=name:transactionCircuitBreaker, _genkey_1=fallbackUri:forward:/fallback/general} to CircuitBreaker
2026-03-27T11:12:52.295+05:30 DEBUG 24304 --- [Api-Gateway] [reshExecutor-%d] o.s.c.g.r.RouteDefinitionRouteLocator    : RouteDefinition matched: TRANSACTION-SERVICE
2026-03-27T11:12:52.295+05:30 DEBUG 24304 --- [Api-Gateway] [reshExecutor-%d] o.s.c.g.r.RouteDefinitionRouteLocator    : RouteDefinition REWARDS-SERVICE applying {_genkey_0=/api/rewards/**} to Path
2026-03-27T11:12:52.295+05:30 DEBUG 24304 --- [Api-Gateway] [reshExecutor-%d] o.s.c.g.r.RouteDefinitionRouteLocator    : RouteDefinition REWARDS-SERVICE applying filter {_genkey_0=name:rewardCircuitBreaker, _genkey_1=fallbackUri:forward:/fallback/reward} to CircuitBreaker
2026-03-27T11:12:52.296+05:30 DEBUG 24304 --- [Api-Gateway] [reshExecutor-%d] o.s.c.g.r.RouteDefinitionRouteLocator    : RouteDefinition matched: REWARDS-SERVICE
2026-03-27T11:12:52.296+05:30 DEBUG 24304 --- [Api-Gateway] [reshExecutor-%d] o.s.c.g.r.RouteDefinitionRouteLocator    : RouteDefinition NOTIFICATION-SERVICE applying {_genkey_0=/api/notifications/**} to Path
2026-03-27T11:12:52.297+05:30 DEBUG 24304 --- [Api-Gateway] [reshExecutor-%d] o.s.c.g.r.RouteDefinitionRouteLocator    : RouteDefinition NOTIFICATION-SERVICE applying filter {_genkey_0=name:notificationCircuitBreaker, _genkey_1=fallbackUri:forward:/fallback/general} to CircuitBreaker
2026-03-27T11:12:52.298+05:30 DEBUG 24304 --- [Api-Gateway] [reshExecutor-%d] o.s.c.g.r.RouteDefinitionRouteLocator    : RouteDefinition matched: NOTIFICATION-SERVICE
2026-03-27T11:12:52.298+05:30 DEBUG 24304 --- [Api-Gateway] [reshExecutor-%d] o.s.c.g.r.RouteDefinitionRouteLocator    : RouteDefinition USER-SERVICE applying {_genkey_0=/users/**} to Path
2026-03-27T11:12:52.298+05:30 DEBUG 24304 --- [Api-Gateway] [reshExecutor-%d] o.s.c.g.r.RouteDefinitionRouteLocator    : RouteDefinition matched: USER-SERVICE
2026-03-27T11:12:52.300+05:30 DEBUG 24304 --- [Api-Gateway] [reshExecutor-%d] o.s.c.g.filter.GatewayMetricsFilter      : New routes count: 18
2026-03-27T11:13:22.324+05:30 DEBUG 24304 --- [Api-Gateway] [reshExecutor-%d] o.s.c.g.r.RouteDefinitionRouteLocator    : RouteDefinition ReactiveCompositeDiscoveryClient_CONFIG-SERVIER applying {pattern=/config-servier/**} to Path
2026-03-27T11:13:22.326+05:30 DEBUG 24304 --- [Api-Gateway] [reshExecutor-%d] o.s.c.g.r.RouteDefinitionRouteLocator    : RouteDefinition ReactiveCompositeDiscoveryClient_CONFIG-SERVIER applying filter {regexp=/config-servier/?(?<remaining>.*), replacement=/${remaining}} to RewritePath
2026-03-27T11:13:22.328+05:30 DEBUG 24304 --- [Api-Gateway] [reshExecutor-%d] o.s.c.g.r.RouteDefinitionRouteLocator    : RouteDefinition matched: ReactiveCompositeDiscoveryClient_CONFIG-SERVIER
2026-03-27T11:13:22.329+05:30 DEBUG 24304 --- [Api-Gateway] [reshExecutor-%d] o.s.c.g.r.RouteDefinitionRouteLocator    : RouteDefinition ReactiveCompositeDiscoveryClient_API-GATEWAY applying {pattern=/api-gateway/**} to Path
2026-03-27T11:13:22.332+05:30 DEBUG 24304 --- [Api-Gateway] [reshExecutor-%d] o.s.c.g.r.RouteDefinitionRouteLocator    : RouteDefinition ReactiveCompositeDiscoveryClient_API-GATEWAY applying filter {regexp=/api-gateway/?(?<remaining>.*), replacement=/${remaining}} to RewritePath
2026-03-27T11:13:22.333+05:30 DEBUG 24304 --- [Api-Gateway] [reshExecutor-%d] o.s.c.g.r.RouteDefinitionRouteLocator    : RouteDefinition matched: ReactiveCompositeDiscoveryClient_API-GATEWAY
2026-03-27T11:13:22.334+05:30 DEBUG 24304 --- [Api-Gateway] [reshExecutor-%d] o.s.c.g.r.RouteDefinitionRouteLocator    : RouteDefinition ReactiveCompositeDiscoveryClient_REWARDS-SERVICE applying {pattern=/rewards-service/**} to Path
2026-03-27T11:13:22.336+05:30 DEBUG 24304 --- [Api-Gateway] [reshExecutor-%d] o.s.c.g.r.RouteDefinitionRouteLocator    : RouteDefinition ReactiveCompositeDiscoveryClient_REWARDS-SERVICE applying filter {regexp=/rewards-service/?(?<remaining>.*), replacement=/${remaining}} to RewritePath
2026-03-27T11:13:22.336+05:30 DEBUG 24304 --- [Api-Gateway] [reshExecutor-%d] o.s.c.g.r.RouteDefinitionRouteLocator    : RouteDefinition matched: ReactiveCompositeDiscoveryClient_REWARDS-SERVICE
2026-03-27T11:13:22.337+05:30 DEBUG 24304 --- [Api-Gateway] [reshExecutor-%d] o.s.c.g.r.RouteDefinitionRouteLocator    : RouteDefinition ReactiveCompositeDiscoveryClient_KYC-SERVICE applying {pattern=/kyc-service/**} to Path
2026-03-27T11:13:22.338+05:30 DEBUG 24304 --- [Api-Gateway] [reshExecutor-%d] o.s.c.g.r.RouteDefinitionRouteLocator    : RouteDefinition ReactiveCompositeDiscoveryClient_KYC-SERVICE applying filter {regexp=/kyc-service/?(?<remaining>.*), replacement=/${remaining}} to RewritePath
2026-03-27T11:13:22.339+05:30 DEBUG 24304 --- [Api-Gateway] [reshExecutor-%d] o.s.c.g.r.RouteDefinitionRouteLocator    : RouteDefinition matched: ReactiveCompositeDiscoveryClient_KYC-SERVICE
2026-03-27T11:13:22.341+05:30 DEBUG 24304 --- [Api-Gateway] [reshExecutor-%d] o.s.c.g.r.RouteDefinitionRouteLocator    : RouteDefinition ReactiveCompositeDiscoveryClient_TRANSACTION-SERVICE applying {pattern=/transaction-service/**} to Path
2026-03-27T11:13:22.343+05:30 DEBUG 24304 --- [Api-Gateway] [reshExecutor-%d] o.s.c.g.r.RouteDefinitionRouteLocator    : RouteDefinition ReactiveCompositeDiscoveryClient_TRANSACTION-SERVICE applying filter {regexp=/transaction-service/?(?<remaining>.*), replacement=/${remaining}} to RewritePath
2026-03-27T11:13:22.344+05:30 DEBUG 24304 --- [Api-Gateway] [reshExecutor-%d] o.s.c.g.r.RouteDefinitionRouteLocator    : RouteDefinition matched: ReactiveCompositeDiscoveryClient_TRANSACTION-SERVICE
2026-03-27T11:13:22.345+05:30 DEBUG 24304 --- [Api-Gateway] [reshExecutor-%d] o.s.c.g.r.RouteDefinitionRouteLocator    : RouteDefinition ReactiveCompositeDiscoveryClient_ADMIN-SERVICE applying {pattern=/admin-service/**} to Path
2026-03-27T11:13:22.347+05:30 DEBUG 24304 --- [Api-Gateway] [reshExecutor-%d] o.s.c.g.r.RouteDefinitionRouteLocator    : RouteDefinition ReactiveCompositeDiscoveryClient_ADMIN-SERVICE applying filter {regexp=/admin-service/?(?<remaining>.*), replacement=/${remaining}} to RewritePath
2026-03-27T11:13:22.347+05:30 DEBUG 24304 --- [Api-Gateway] [reshExecutor-%d] o.s.c.g.r.RouteDefinitionRouteLocator    : RouteDefinition matched: ReactiveCompositeDiscoveryClient_ADMIN-SERVICE
2026-03-27T11:13:22.349+05:30 DEBUG 24304 --- [Api-Gateway] [reshExecutor-%d] o.s.c.g.r.RouteDefinitionRouteLocator    : RouteDefinition ReactiveCompositeDiscoveryClient_WALLET-SERVICE applying {pattern=/wallet-service/**} to Path
2026-03-27T11:13:22.351+05:30 DEBUG 24304 --- [Api-Gateway] [reshExecutor-%d] o.s.c.g.r.RouteDefinitionRouteLocator    : RouteDefinition ReactiveCompositeDiscoveryClient_WALLET-SERVICE applying filter {regexp=/wallet-service/?(?<remaining>.*), replacement=/${remaining}} to RewritePath
2026-03-27T11:13:22.353+05:30 DEBUG 24304 --- [Api-Gateway] [reshExecutor-%d] o.s.c.g.r.RouteDefinitionRouteLocator    : RouteDefinition matched: ReactiveCompositeDiscoveryClient_WALLET-SERVICE
2026-03-27T11:13:22.353+05:30 DEBUG 24304 --- [Api-Gateway] [reshExecutor-%d] o.s.c.g.r.RouteDefinitionRouteLocator    : RouteDefinition ReactiveCompositeDiscoveryClient_NOTIFICATION-SERVICE applying {pattern=/notification-service/**} to Path
2026-03-27T11:13:22.354+05:30 DEBUG 24304 --- [Api-Gateway] [reshExecutor-%d] o.s.c.g.r.RouteDefinitionRouteLocator    : RouteDefinition ReactiveCompositeDiscoveryClient_NOTIFICATION-SERVICE applying filter {regexp=/notification-service/?(?<remaining>.*), replacement=/${remaining}} to RewritePath
2026-03-27T11:13:22.355+05:30 DEBUG 24304 --- [Api-Gateway] [reshExecutor-%d] o.s.c.g.r.RouteDefinitionRouteLocator    : RouteDefinition matched: ReactiveCompositeDiscoveryClient_NOTIFICATION-SERVICE
2026-03-27T11:13:22.356+05:30 DEBUG 24304 --- [Api-Gateway] [reshExecutor-%d] o.s.c.g.r.RouteDefinitionRouteLocator    : RouteDefinition ReactiveCompositeDiscoveryClient_PAYMENT-SERVICES applying {pattern=/payment-services/**} to Path
2026-03-27T11:13:22.358+05:30 DEBUG 24304 --- [Api-Gateway] [reshExecutor-%d] o.s.c.g.r.RouteDefinitionRouteLocator    : RouteDefinition ReactiveCompositeDiscoveryClient_PAYMENT-SERVICES applying filter {regexp=/payment-services/?(?<remaining>.*), replacement=/${remaining}} to RewritePath
2026-03-27T11:13:22.360+05:30 DEBUG 24304 --- [Api-Gateway] [reshExecutor-%d] o.s.c.g.r.RouteDefinitionRouteLocator    : RouteDefinition matched: ReactiveCompositeDiscoveryClient_PAYMENT-SERVICES
2026-03-27T11:13:22.361+05:30 DEBUG 24304 --- [Api-Gateway] [reshExecutor-%d] o.s.c.g.r.RouteDefinitionRouteLocator    : RouteDefinition ReactiveCompositeDiscoveryClient_USER-SERVICE applying {pattern=/user-service/**} to Path
2026-03-27T11:13:22.362+05:30 DEBUG 24304 --- [Api-Gateway] [reshExecutor-%d] o.s.c.g.r.RouteDefinitionRouteLocator    : RouteDefinition ReactiveCompositeDiscoveryClient_USER-SERVICE applying filter {regexp=/user-service/?(?<remaining>.*), replacement=/${remaining}} to RewritePath
2026-03-27T11:13:22.364+05:30 DEBUG 24304 --- [Api-Gateway] [reshExecutor-%d] o.s.c.g.r.RouteDefinitionRouteLocator    : RouteDefinition matched: ReactiveCompositeDiscoveryClient_USER-SERVICE
2026-03-27T11:13:22.364+05:30 DEBUG 24304 --- [Api-Gateway] [reshExecutor-%d] o.s.c.g.r.RouteDefinitionRouteLocator    : RouteDefinition AUTH-SERVICE applying {_genkey_0=/auth/**} to Path
2026-03-27T11:13:22.366+05:30 DEBUG 24304 --- [Api-Gateway] [reshExecutor-%d] o.s.c.g.r.RouteDefinitionRouteLocator    : RouteDefinition matched: AUTH-SERVICE
2026-03-27T11:13:22.367+05:30 DEBUG 24304 --- [Api-Gateway] [reshExecutor-%d] o.s.c.g.r.RouteDefinitionRouteLocator    : RouteDefinition ADMIN-SERVICE applying {_genkey_0=/admin/**} to Path
2026-03-27T11:13:22.368+05:30 DEBUG 24304 --- [Api-Gateway] [reshExecutor-%d] o.s.c.g.r.RouteDefinitionRouteLocator    : RouteDefinition matched: ADMIN-SERVICE
2026-03-27T11:13:22.369+05:30 DEBUG 24304 --- [Api-Gateway] [reshExecutor-%d] o.s.c.g.r.RouteDefinitionRouteLocator    : RouteDefinition KYC-SERVICE applying {_genkey_0=/kyc/**} to Path
2026-03-27T11:13:22.369+05:30 DEBUG 24304 --- [Api-Gateway] [reshExecutor-%d] o.s.c.g.r.RouteDefinitionRouteLocator    : RouteDefinition matched: KYC-SERVICE
2026-03-27T11:13:22.370+05:30 DEBUG 24304 --- [Api-Gateway] [reshExecutor-%d] o.s.c.g.r.RouteDefinitionRouteLocator    : RouteDefinition PAYMENT-SERVICES applying {_genkey_0=/api/payments/**} to Path
2026-03-27T11:13:22.373+05:30 DEBUG 24304 --- [Api-Gateway] [reshExecutor-%d] o.s.c.g.r.RouteDefinitionRouteLocator    : RouteDefinition PAYMENT-SERVICES applying filter {_genkey_0=name:paymentCircuitBreaker, _genkey_1=fallbackUri:forward:/fallback/payment} to CircuitBreaker
2026-03-27T11:13:22.375+05:30 DEBUG 24304 --- [Api-Gateway] [reshExecutor-%d] o.s.c.g.r.RouteDefinitionRouteLocator    : RouteDefinition matched: PAYMENT-SERVICES
2026-03-27T11:13:22.376+05:30 DEBUG 24304 --- [Api-Gateway] [reshExecutor-%d] o.s.c.g.r.RouteDefinitionRouteLocator    : RouteDefinition WALLET-SERVICE applying {_genkey_0=/api/wallets/**} to Path
2026-03-27T11:13:22.377+05:30 DEBUG 24304 --- [Api-Gateway] [reshExecutor-%d] o.s.c.g.r.RouteDefinitionRouteLocator    : RouteDefinition WALLET-SERVICE applying filter {_genkey_0=name:walletCircuitBreaker, _genkey_1=fallbackUri:forward:/fallback/general} to CircuitBreaker
2026-03-27T11:13:22.379+05:30 DEBUG 24304 --- [Api-Gateway] [reshExecutor-%d] o.s.c.g.r.RouteDefinitionRouteLocator    : RouteDefinition matched: WALLET-SERVICE
2026-03-27T11:13:22.380+05:30 DEBUG 24304 --- [Api-Gateway] [reshExecutor-%d] o.s.c.g.r.RouteDefinitionRouteLocator    : RouteDefinition TRANSACTION-SERVICE applying {_genkey_0=/api/transaction/**} to Path
2026-03-27T11:13:22.381+05:30 DEBUG 24304 --- [Api-Gateway] [reshExecutor-%d] o.s.c.g.r.RouteDefinitionRouteLocator    : RouteDefinition TRANSACTION-SERVICE applying filter {_genkey_0=name:transactionCircuitBreaker, _genkey_1=fallbackUri:forward:/fallback/general} to CircuitBreaker
2026-03-27T11:13:22.384+05:30 DEBUG 24304 --- [Api-Gateway] [reshExecutor-%d] o.s.c.g.r.RouteDefinitionRouteLocator    : RouteDefinition matched: TRANSACTION-SERVICE
2026-03-27T11:13:22.386+05:30 DEBUG 24304 --- [Api-Gateway] [reshExecutor-%d] o.s.c.g.r.RouteDefinitionRouteLocator    : RouteDefinition REWARDS-SERVICE applying {_genkey_0=/api/rewards/**} to Path
2026-03-27T11:13:22.388+05:30 DEBUG 24304 --- [Api-Gateway] [reshExecutor-%d] o.s.c.g.r.RouteDefinitionRouteLocator    : RouteDefinition REWARDS-SERVICE applying filter {_genkey_0=name:rewardCircuitBreaker, _genkey_1=fallbackUri:forward:/fallback/reward} to CircuitBreaker
2026-03-27T11:13:22.402+05:30 DEBUG 24304 --- [Api-Gateway] [reshExecutor-%d] o.s.c.g.r.RouteDefinitionRouteLocator    : RouteDefinition matched: REWARDS-SERVICE
2026-03-27T11:13:22.403+05:30 DEBUG 24304 --- [Api-Gateway] [reshExecutor-%d] o.s.c.g.r.RouteDefinitionRouteLocator    : RouteDefinition NOTIFICATION-SERVICE applying {_genkey_0=/api/notifications/**} to Path
2026-03-27T11:13:22.404+05:30 DEBUG 24304 --- [Api-Gateway] [reshExecutor-%d] o.s.c.g.r.RouteDefinitionRouteLocator    : RouteDefinition NOTIFICATION-SERVICE applying filter {_genkey_0=name:notificationCircuitBreaker, _genkey_1=fallbackUri:forward:/fallback/general} to CircuitBreaker
2026-03-27T11:13:22.406+05:30 DEBUG 24304 --- [Api-Gateway] [reshExecutor-%d] o.s.c.g.r.RouteDefinitionRouteLocator    : RouteDefinition matched: NOTIFICATION-SERVICE
2026-03-27T11:13:22.407+05:30 DEBUG 24304 --- [Api-Gateway] [reshExecutor-%d] o.s.c.g.r.RouteDefinitionRouteLocator    : RouteDefinition USER-SERVICE applying {_genkey_0=/users/**} to Path
2026-03-27T11:13:22.408+05:30 DEBUG 24304 --- [Api-Gateway] [reshExecutor-%d] o.s.c.g.r.RouteDefinitionRouteLocator    : RouteDefinition matched: USER-SERVICE
2026-03-27T11:13:22.411+05:30 DEBUG 24304 --- [Api-Gateway] [reshExecutor-%d] o.s.c.g.filter.GatewayMetricsFilter      : New routes count: 19
2026-03-27T11:13:39.448+05:30 DEBUG 24304 --- [Api-Gateway] [ctor-http-nio-7] o.s.c.g.h.RoutePredicateHandlerMapping   : Route matched: ADMIN-SERVICE
2026-03-27T11:13:39.450+05:30 DEBUG 24304 --- [Api-Gateway] [ctor-http-nio-7] o.s.c.g.h.RoutePredicateHandlerMapping   : Mapping [Exchange: GET http://localhost:7505/admin/v3/api-docs] to Route{id='ADMIN-SERVICE', uri=lb://ADMIN-SERVICE, order=0, predicate=Paths: [/admin/**], match trailing slash: true, gatewayFilters=[], metadata={}}
2026-03-27T11:13:39.452+05:30 DEBUG 24304 --- [Api-Gateway] [ctor-http-nio-7] o.s.c.g.h.RoutePredicateHandlerMapping   : [5907f815-23] Mapped to org.springframework.cloud.gateway.handler.FilteringWebHandler@1cb592da
2026-03-27T11:13:39.453+05:30 DEBUG 24304 --- [Api-Gateway] [ctor-http-nio-7] o.s.c.g.handler.FilteringWebHandler      : Sorted gatewayFilterFactories: [[GatewayFilterAdapter{delegate=org.springframework.cloud.gateway.filter.RemoveCachedBodyFilter@756c67cd}, order = -2147483648], [GatewayFilterAdapter{delegate=org.springframework.cloud.gateway.filter.AdaptCachedBodyGlobalFilter@1cc708a7}, order = -2147482648], [GatewayFilterAdapter{delegate=org.springframework.cloud.gateway.filter.NettyWriteResponseFilter@12214f2f}, order = -1], [GatewayFilterAdapter{delegate=org.springframework.cloud.gateway.filter.ForwardPathFilter@79308a2}, order = 0], [GatewayFilterAdapter{delegate=org.springframework.cloud.gateway.filter.GatewayMetricsFilter@352e5a82}, order = 0], [GatewayFilterAdapter{delegate=org.springframework.cloud.gateway.filter.RouteToRequestUrlFilter@50de907a}, order = 10000], [GatewayFilterAdapter{delegate=org.springframework.cloud.gateway.filter.ReactiveLoadBalancerClientFilter@3a2bb026}, order = 10150], [GatewayFilterAdapter{delegate=org.springframework.cloud.gateway.filter.LoadBalancerServiceInstanceCookieFilter@7645e64}, order = 10151], [GatewayFilterAdapter{delegate=org.springframework.cloud.gateway.filter.WebsocketRoutingFilter@11574592}, order = 2147483646], [GatewayFilterAdapter{delegate=org.springframework.cloud.gateway.filter.NettyRoutingFilter@7de6549d}, order = 2147483647], [GatewayFilterAdapter{delegate=org.springframework.cloud.gateway.filter.ForwardRoutingFilter@1fd37440}, order = 2147483647]]
2026-03-27T11:13:39.457+05:30 DEBUG 24304 --- [Api-Gateway] [ctor-http-nio-7] g.f.h.o.ObservedRequestHttpHeadersFilter : Will instrument the HTTP request headers [Host:"localhost:7505", sec-ch-ua-platform:""Windows"", User-Agent:"Mozilla/5.0 (Windows NT 10.0; Win64; x64) AppleWebKit/537.36 (KHTML, like Gecko) Chrome/146.0.0.0 Safari/537.36", Accept:"application/json,*/*", sec-ch-ua:""Chromium";v="146", "Not-A.Brand";v="24", "Google Chrome";v="146"", sec-ch-ua-mobile:"?0", Sec-Fetch-Site:"same-origin", Sec-Fetch-Mode:"cors", Sec-Fetch-Dest:"empty", Referer:"http://localhost:7505/webjars/swagger-ui/index.html", Accept-Encoding:"gzip, deflate, br, zstd", Accept-Language:"en-US,en;q=0.9", Cookie:"m=", Forwarded:"proto=http;host="localhost:7505";for="[0:0:0:0:0:0:0:1]:59669"", X-Forwarded-For:"0:0:0:0:0:0:0:1", X-Forwarded-Proto:"http", X-Forwarded-Port:"7505", X-Forwarded-Host:"localhost:7505"]
2026-03-27T11:13:39.459+05:30 DEBUG 24304 --- [Api-Gateway] [ctor-http-nio-7] g.f.h.o.ObservedRequestHttpHeadersFilter : Client observation  {name=http.client.requests(null), error=null, context=name='http.client.requests', contextualName='null', error='null', lowCardinalityKeyValues=[http.method='GET', http.status_code='UNKNOWN', spring.cloud.gateway.route.id='ADMIN-SERVICE', spring.cloud.gateway.route.uri='lb://ADMIN-SERVICE'], highCardinalityKeyValues=[http.uri='http://localhost:7505/admin/v3/api-docs'], map=[class io.micrometer.core.instrument.LongTaskTimer$Sample='SampleImpl{duration(seconds)=1.83E-4, duration(nanos)=183000.0, startTimeNanos=92516444495700}', class io.micrometer.core.instrument.Timer$Sample='io.micrometer.core.instrument.Timer$Sample@64ae5895'], parentObservation={name=http.server.requests(null), error=null, context=name='http.server.requests', contextualName='null', error='null', lowCardinalityKeyValues=[exception='none', method='GET', outcome='SUCCESS', status='200', uri='UNKNOWN'], highCardinalityKeyValues=[http.url='/admin/v3/api-docs'], map=[class io.micrometer.core.instrument.LongTaskTimer$Sample='SampleImpl{duration(seconds)=0.0109626, duration(nanos)=1.09626E7, startTimeNanos=92516433883100}', class io.micrometer.core.instrument.Timer$Sample='io.micrometer.core.instrument.Timer$Sample@7d700716'], parentObservation=null}} created for the request. New headers are [Host:"localhost:7505", sec-ch-ua-platform:""Windows"", User-Agent:"Mozilla/5.0 (Windows NT 10.0; Win64; x64) AppleWebKit/537.36 (KHTML, like Gecko) Chrome/146.0.0.0 Safari/537.36", Accept:"application/json,*/*", sec-ch-ua:""Chromium";v="146", "Not-A.Brand";v="24", "Google Chrome";v="146"", sec-ch-ua-mobile:"?0", Sec-Fetch-Site:"same-origin", Sec-Fetch-Mode:"cors", Sec-Fetch-Dest:"empty", Referer:"http://localhost:7505/webjars/swagger-ui/index.html", Accept-Encoding:"gzip, deflate, br, zstd", Accept-Language:"en-US,en;q=0.9", Cookie:"m=", Forwarded:"proto=http;host="localhost:7505";for="[0:0:0:0:0:0:0:1]:59669"", X-Forwarded-For:"0:0:0:0:0:0:0:1", X-Forwarded-Proto:"http", X-Forwarded-Port:"7505", X-Forwarded-Host:"localhost:7505"]
2026-03-27T11:13:40.893+05:30 DEBUG 24304 --- [Api-Gateway] [ctor-http-nio-7] .f.h.o.ObservedResponseHttpHeadersFilter : Will instrument the response
2026-03-27T11:13:40.897+05:30 DEBUG 24304 --- [Api-Gateway] [ctor-http-nio-7] .f.h.o.ObservedResponseHttpHeadersFilter : The response was handled for observation {name=http.client.requests(null), error=null, context=name='http.client.requests', contextualName='null', error='null', lowCardinalityKeyValues=[http.method='GET', http.status_code='UNKNOWN', spring.cloud.gateway.route.id='ADMIN-SERVICE', spring.cloud.gateway.route.uri='lb://ADMIN-SERVICE'], highCardinalityKeyValues=[http.uri='http://localhost:7505/admin/v3/api-docs'], map=[class io.micrometer.core.instrument.LongTaskTimer$Sample='SampleImpl{duration(seconds)=1.4386049, duration(nanos)=1.4386049E9, startTimeNanos=92516444495700}', class io.micrometer.core.instrument.Timer$Sample='io.micrometer.core.instrument.Timer$Sample@64ae5895'], parentObservation={name=http.server.requests(null), error=null, context=name='http.server.requests', contextualName='null', error='null', lowCardinalityKeyValues=[exception='none', method='GET', outcome='SUCCESS', status='200', uri='UNKNOWN'], highCardinalityKeyValues=[http.url='/admin/v3/api-docs'], map=[class io.micrometer.core.instrument.LongTaskTimer$Sample='SampleImpl{duration(seconds)=1.4495511, duration(nanos)=1.4495511E9, startTimeNanos=92516433883100}', class io.micrometer.core.instrument.Timer$Sample='io.micrometer.core.instrument.Timer$Sample@7d700716'], parentObservation=null}}
2026-03-27T11:13:42.207+05:30  INFO 24304 --- [Api-Gateway] [rap-executor-%d] c.n.d.s.r.aws.ConfigClusterResolver      : Resolving eureka endpoints via configuration
2026-03-27T11:13:52.445+05:30 DEBUG 24304 --- [Api-Gateway] [reshExecutor-%d] o.s.c.g.r.RouteDefinitionRouteLocator    : RouteDefinition ReactiveCompositeDiscoveryClient_CONFIG-SERVIER applying {pattern=/config-servier/**} to Path
2026-03-27T11:13:52.448+05:30 DEBUG 24304 --- [Api-Gateway] [reshExecutor-%d] o.s.c.g.r.RouteDefinitionRouteLocator    : RouteDefinition ReactiveCompositeDiscoveryClient_CONFIG-SERVIER applying filter {regexp=/config-servier/?(?<remaining>.*), replacement=/${remaining}} to RewritePath
2026-03-27T11:13:52.450+05:30 DEBUG 24304 --- [Api-Gateway] [reshExecutor-%d] o.s.c.g.r.RouteDefinitionRouteLocator    : RouteDefinition matched: ReactiveCompositeDiscoveryClient_CONFIG-SERVIER
2026-03-27T11:13:52.451+05:30 DEBUG 24304 --- [Api-Gateway] [reshExecutor-%d] o.s.c.g.r.RouteDefinitionRouteLocator    : RouteDefinition ReactiveCompositeDiscoveryClient_API-GATEWAY applying {pattern=/api-gateway/**} to Path
2026-03-27T11:13:52.453+05:30 DEBUG 24304 --- [Api-Gateway] [reshExecutor-%d] o.s.c.g.r.RouteDefinitionRouteLocator    : RouteDefinition ReactiveCompositeDiscoveryClient_API-GATEWAY applying filter {regexp=/api-gateway/?(?<remaining>.*), replacement=/${remaining}} to RewritePath
2026-03-27T11:13:52.454+05:30 DEBUG 24304 --- [Api-Gateway] [reshExecutor-%d] o.s.c.g.r.RouteDefinitionRouteLocator    : RouteDefinition matched: ReactiveCompositeDiscoveryClient_API-GATEWAY
2026-03-27T11:13:52.455+05:30 DEBUG 24304 --- [Api-Gateway] [reshExecutor-%d] o.s.c.g.r.RouteDefinitionRouteLocator    : RouteDefinition ReactiveCompositeDiscoveryClient_REWARDS-SERVICE applying {pattern=/rewards-service/**} to Path
2026-03-27T11:13:52.457+05:30 DEBUG 24304 --- [Api-Gateway] [reshExecutor-%d] o.s.c.g.r.RouteDefinitionRouteLocator    : RouteDefinition ReactiveCompositeDiscoveryClient_REWARDS-SERVICE applying filter {regexp=/rewards-service/?(?<remaining>.*), replacement=/${remaining}} to RewritePath
2026-03-27T11:13:52.459+05:30 DEBUG 24304 --- [Api-Gateway] [reshExecutor-%d] o.s.c.g.r.RouteDefinitionRouteLocator    : RouteDefinition matched: ReactiveCompositeDiscoveryClient_REWARDS-SERVICE
2026-03-27T11:13:52.459+05:30 DEBUG 24304 --- [Api-Gateway] [reshExecutor-%d] o.s.c.g.r.RouteDefinitionRouteLocator    : RouteDefinition ReactiveCompositeDiscoveryClient_KYC-SERVICE applying {pattern=/kyc-service/**} to Path
2026-03-27T11:13:52.461+05:30 DEBUG 24304 --- [Api-Gateway] [reshExecutor-%d] o.s.c.g.r.RouteDefinitionRouteLocator    : RouteDefinition ReactiveCompositeDiscoveryClient_KYC-SERVICE applying filter {regexp=/kyc-service/?(?<remaining>.*), replacement=/${remaining}} to RewritePath
2026-03-27T11:13:52.463+05:30 DEBUG 24304 --- [Api-Gateway] [reshExecutor-%d] o.s.c.g.r.RouteDefinitionRouteLocator    : RouteDefinition matched: ReactiveCompositeDiscoveryClient_KYC-SERVICE
2026-03-27T11:13:52.463+05:30 DEBUG 24304 --- [Api-Gateway] [reshExecutor-%d] o.s.c.g.r.RouteDefinitionRouteLocator    : RouteDefinition ReactiveCompositeDiscoveryClient_TRANSACTION-SERVICE applying {pattern=/transaction-service/**} to Path
2026-03-27T11:13:52.465+05:30 DEBUG 24304 --- [Api-Gateway] [reshExecutor-%d] o.s.c.g.r.RouteDefinitionRouteLocator    : RouteDefinition ReactiveCompositeDiscoveryClient_TRANSACTION-SERVICE applying filter {regexp=/transaction-service/?(?<remaining>.*), replacement=/${remaining}} to RewritePath
2026-03-27T11:13:52.466+05:30 DEBUG 24304 --- [Api-Gateway] [reshExecutor-%d] o.s.c.g.r.RouteDefinitionRouteLocator    : RouteDefinition matched: ReactiveCompositeDiscoveryClient_TRANSACTION-SERVICE
2026-03-27T11:13:52.466+05:30 DEBUG 24304 --- [Api-Gateway] [reshExecutor-%d] o.s.c.g.r.RouteDefinitionRouteLocator    : RouteDefinition ReactiveCompositeDiscoveryClient_ADMIN-SERVICE applying {pattern=/admin-service/**} to Path
2026-03-27T11:13:52.468+05:30 DEBUG 24304 --- [Api-Gateway] [reshExecutor-%d] o.s.c.g.r.RouteDefinitionRouteLocator    : RouteDefinition ReactiveCompositeDiscoveryClient_ADMIN-SERVICE applying filter {regexp=/admin-service/?(?<remaining>.*), replacement=/${remaining}} to RewritePath
2026-03-27T11:13:52.469+05:30 DEBUG 24304 --- [Api-Gateway] [reshExecutor-%d] o.s.c.g.r.RouteDefinitionRouteLocator    : RouteDefinition matched: ReactiveCompositeDiscoveryClient_ADMIN-SERVICE
2026-03-27T11:13:52.470+05:30 DEBUG 24304 --- [Api-Gateway] [reshExecutor-%d] o.s.c.g.r.RouteDefinitionRouteLocator    : RouteDefinition ReactiveCompositeDiscoveryClient_WALLET-SERVICE applying {pattern=/wallet-service/**} to Path
2026-03-27T11:13:52.472+05:30 DEBUG 24304 --- [Api-Gateway] [reshExecutor-%d] o.s.c.g.r.RouteDefinitionRouteLocator    : RouteDefinition ReactiveCompositeDiscoveryClient_WALLET-SERVICE applying filter {regexp=/wallet-service/?(?<remaining>.*), replacement=/${remaining}} to RewritePath
2026-03-27T11:13:52.475+05:30 DEBUG 24304 --- [Api-Gateway] [reshExecutor-%d] o.s.c.g.r.RouteDefinitionRouteLocator    : RouteDefinition matched: ReactiveCompositeDiscoveryClient_WALLET-SERVICE
2026-03-27T11:13:52.476+05:30 DEBUG 24304 --- [Api-Gateway] [reshExecutor-%d] o.s.c.g.r.RouteDefinitionRouteLocator    : RouteDefinition ReactiveCompositeDiscoveryClient_NOTIFICATION-SERVICE applying {pattern=/notification-service/**} to Path
2026-03-27T11:13:52.478+05:30 DEBUG 24304 --- [Api-Gateway] [reshExecutor-%d] o.s.c.g.r.RouteDefinitionRouteLocator    : RouteDefinition ReactiveCompositeDiscoveryClient_NOTIFICATION-SERVICE applying filter {regexp=/notification-service/?(?<remaining>.*), replacement=/${remaining}} to RewritePath
2026-03-27T11:13:52.480+05:30 DEBUG 24304 --- [Api-Gateway] [reshExecutor-%d] o.s.c.g.r.RouteDefinitionRouteLocator    : RouteDefinition matched: ReactiveCompositeDiscoveryClient_NOTIFICATION-SERVICE
2026-03-27T11:13:52.481+05:30 DEBUG 24304 --- [Api-Gateway] [reshExecutor-%d] o.s.c.g.r.RouteDefinitionRouteLocator    : RouteDefinition ReactiveCompositeDiscoveryClient_PAYMENT-SERVICES applying {pattern=/payment-services/**} to Path
2026-03-27T11:13:52.482+05:30 DEBUG 24304 --- [Api-Gateway] [reshExecutor-%d] o.s.c.g.r.RouteDefinitionRouteLocator    : RouteDefinition ReactiveCompositeDiscoveryClient_PAYMENT-SERVICES applying filter {regexp=/payment-services/?(?<remaining>.*), replacement=/${remaining}} to RewritePath
2026-03-27T11:13:52.484+05:30 DEBUG 24304 --- [Api-Gateway] [reshExecutor-%d] o.s.c.g.r.RouteDefinitionRouteLocator    : RouteDefinition matched: ReactiveCompositeDiscoveryClient_PAYMENT-SERVICES
2026-03-27T11:13:52.484+05:30 DEBUG 24304 --- [Api-Gateway] [reshExecutor-%d] o.s.c.g.r.RouteDefinitionRouteLocator    : RouteDefinition ReactiveCompositeDiscoveryClient_USER-SERVICE applying {pattern=/user-service/**} to Path
2026-03-27T11:13:52.486+05:30 DEBUG 24304 --- [Api-Gateway] [reshExecutor-%d] o.s.c.g.r.RouteDefinitionRouteLocator    : RouteDefinition ReactiveCompositeDiscoveryClient_USER-SERVICE applying filter {regexp=/user-service/?(?<remaining>.*), replacement=/${remaining}} to RewritePath
2026-03-27T11:13:52.487+05:30 DEBUG 24304 --- [Api-Gateway] [reshExecutor-%d] o.s.c.g.r.RouteDefinitionRouteLocator    : RouteDefinition matched: ReactiveCompositeDiscoveryClient_USER-SERVICE
2026-03-27T11:13:52.489+05:30 DEBUG 24304 --- [Api-Gateway] [reshExecutor-%d] o.s.c.g.r.RouteDefinitionRouteLocator    : RouteDefinition AUTH-SERVICE applying {_genkey_0=/auth/**} to Path
2026-03-27T11:13:52.490+05:30 DEBUG 24304 --- [Api-Gateway] [reshExecutor-%d] o.s.c.g.r.RouteDefinitionRouteLocator    : RouteDefinition matched: AUTH-SERVICE
2026-03-27T11:13:52.492+05:30 DEBUG 24304 --- [Api-Gateway] [reshExecutor-%d] o.s.c.g.r.RouteDefinitionRouteLocator    : RouteDefinition ADMIN-SERVICE applying {_genkey_0=/admin/**} to Path
2026-03-27T11:13:52.494+05:30 DEBUG 24304 --- [Api-Gateway] [reshExecutor-%d] o.s.c.g.r.RouteDefinitionRouteLocator    : RouteDefinition matched: ADMIN-SERVICE
2026-03-27T11:13:52.495+05:30 DEBUG 24304 --- [Api-Gateway] [reshExecutor-%d] o.s.c.g.r.RouteDefinitionRouteLocator    : RouteDefinition KYC-SERVICE applying {_genkey_0=/kyc/**} to Path
2026-03-27T11:13:52.495+05:30 DEBUG 24304 --- [Api-Gateway] [reshExecutor-%d] o.s.c.g.r.RouteDefinitionRouteLocator    : RouteDefinition matched: KYC-SERVICE
2026-03-27T11:13:52.497+05:30 DEBUG 24304 --- [Api-Gateway] [reshExecutor-%d] o.s.c.g.r.RouteDefinitionRouteLocator    : RouteDefinition PAYMENT-SERVICES applying {_genkey_0=/api/payments/**} to Path
2026-03-27T11:13:52.499+05:30 DEBUG 24304 --- [Api-Gateway] [reshExecutor-%d] o.s.c.g.r.RouteDefinitionRouteLocator    : RouteDefinition PAYMENT-SERVICES applying filter {_genkey_0=name:paymentCircuitBreaker, _genkey_1=fallbackUri:forward:/fallback/payment} to CircuitBreaker
2026-03-27T11:13:52.500+05:30 DEBUG 24304 --- [Api-Gateway] [reshExecutor-%d] o.s.c.g.r.RouteDefinitionRouteLocator    : RouteDefinition matched: PAYMENT-SERVICES
2026-03-27T11:13:52.501+05:30 DEBUG 24304 --- [Api-Gateway] [reshExecutor-%d] o.s.c.g.r.RouteDefinitionRouteLocator    : RouteDefinition WALLET-SERVICE applying {_genkey_0=/api/wallets/**} to Path
2026-03-27T11:13:52.502+05:30 DEBUG 24304 --- [Api-Gateway] [reshExecutor-%d] o.s.c.g.r.RouteDefinitionRouteLocator    : RouteDefinition WALLET-SERVICE applying filter {_genkey_0=name:walletCircuitBreaker, _genkey_1=fallbackUri:forward:/fallback/general} to CircuitBreaker
2026-03-27T11:13:52.504+05:30 DEBUG 24304 --- [Api-Gateway] [reshExecutor-%d] o.s.c.g.r.RouteDefinitionRouteLocator    : RouteDefinition matched: WALLET-SERVICE
2026-03-27T11:13:52.505+05:30 DEBUG 24304 --- [Api-Gateway] [reshExecutor-%d] o.s.c.g.r.RouteDefinitionRouteLocator    : RouteDefinition TRANSACTION-SERVICE applying {_genkey_0=/api/transaction/**} to Path
2026-03-27T11:13:52.507+05:30 DEBUG 24304 --- [Api-Gateway] [reshExecutor-%d] o.s.c.g.r.RouteDefinitionRouteLocator    : RouteDefinition TRANSACTION-SERVICE applying filter {_genkey_0=name:transactionCircuitBreaker, _genkey_1=fallbackUri:forward:/fallback/general} to CircuitBreaker
2026-03-27T11:13:52.508+05:30 DEBUG 24304 --- [Api-Gateway] [reshExecutor-%d] o.s.c.g.r.RouteDefinitionRouteLocator    : RouteDefinition matched: TRANSACTION-SERVICE
2026-03-27T11:13:52.509+05:30 DEBUG 24304 --- [Api-Gateway] [reshExecutor-%d] o.s.c.g.r.RouteDefinitionRouteLocator    : RouteDefinition REWARDS-SERVICE applying {_genkey_0=/api/rewards/**} to Path
2026-03-27T11:13:52.510+05:30 DEBUG 24304 --- [Api-Gateway] [reshExecutor-%d] o.s.c.g.r.RouteDefinitionRouteLocator    : RouteDefinition REWARDS-SERVICE applying filter {_genkey_0=name:rewardCircuitBreaker, _genkey_1=fallbackUri:forward:/fallback/reward} to CircuitBreaker
2026-03-27T11:13:52.514+05:30 DEBUG 24304 --- [Api-Gateway] [reshExecutor-%d] o.s.c.g.r.RouteDefinitionRouteLocator    : RouteDefinition matched: REWARDS-SERVICE
2026-03-27T11:13:52.515+05:30 DEBUG 24304 --- [Api-Gateway] [reshExecutor-%d] o.s.c.g.r.RouteDefinitionRouteLocator    : RouteDefinition NOTIFICATION-SERVICE applying {_genkey_0=/api/notifications/**} to Path
2026-03-27T11:13:52.518+05:30 DEBUG 24304 --- [Api-Gateway] [reshExecutor-%d] o.s.c.g.r.RouteDefinitionRouteLocator    : RouteDefinition NOTIFICATION-SERVICE applying filter {_genkey_0=name:notificationCircuitBreaker, _genkey_1=fallbackUri:forward:/fallback/general} to CircuitBreaker
2026-03-27T11:13:52.522+05:30 DEBUG 24304 --- [Api-Gateway] [reshExecutor-%d] o.s.c.g.r.RouteDefinitionRouteLocator    : RouteDefinition matched: NOTIFICATION-SERVICE
2026-03-27T11:13:52.523+05:30 DEBUG 24304 --- [Api-Gateway] [reshExecutor-%d] o.s.c.g.r.RouteDefinitionRouteLocator    : RouteDefinition USER-SERVICE applying {_genkey_0=/users/**} to Path
2026-03-27T11:13:52.525+05:30 DEBUG 24304 --- [Api-Gateway] [reshExecutor-%d] o.s.c.g.r.RouteDefinitionRouteLocator    : RouteDefinition matched: USER-SERVICE
2026-03-27T11:13:52.529+05:30 DEBUG 24304 --- [Api-Gateway] [reshExecutor-%d] o.s.c.g.filter.GatewayMetricsFilter      : New routes count: 19
2026-03-27T11:13:59.945+05:30 DEBUG 24304 --- [Api-Gateway] [ctor-http-nio-4] o.s.c.g.h.RoutePredicateHandlerMapping   : Route matched: AUTH-SERVICE
2026-03-27T11:13:59.947+05:30 DEBUG 24304 --- [Api-Gateway] [ctor-http-nio-4] o.s.c.g.h.RoutePredicateHandlerMapping   : Mapping [Exchange: POST http://localhost:7505/auth/Log-In?identifier=srivastavaharsh148%40gmail.com&otp=762402] to Route{id='AUTH-SERVICE', uri=lb://USER-SERVICE, order=0, predicate=Paths: [/auth/**], match trailing slash: true, gatewayFilters=[], metadata={}}
2026-03-27T11:13:59.948+05:30 DEBUG 24304 --- [Api-Gateway] [ctor-http-nio-4] o.s.c.g.h.RoutePredicateHandlerMapping   : [d4459dfe-24] Mapped to org.springframework.cloud.gateway.handler.FilteringWebHandler@1cb592da
2026-03-27T11:13:59.949+05:30 DEBUG 24304 --- [Api-Gateway] [ctor-http-nio-4] o.s.c.g.handler.FilteringWebHandler      : Sorted gatewayFilterFactories: [[GatewayFilterAdapter{delegate=org.springframework.cloud.gateway.filter.RemoveCachedBodyFilter@756c67cd}, order = -2147483648], [GatewayFilterAdapter{delegate=org.springframework.cloud.gateway.filter.AdaptCachedBodyGlobalFilter@1cc708a7}, order = -2147482648], [GatewayFilterAdapter{delegate=org.springframework.cloud.gateway.filter.NettyWriteResponseFilter@12214f2f}, order = -1], [GatewayFilterAdapter{delegate=org.springframework.cloud.gateway.filter.ForwardPathFilter@79308a2}, order = 0], [GatewayFilterAdapter{delegate=org.springframework.cloud.gateway.filter.GatewayMetricsFilter@352e5a82}, order = 0], [GatewayFilterAdapter{delegate=org.springframework.cloud.gateway.filter.RouteToRequestUrlFilter@50de907a}, order = 10000], [GatewayFilterAdapter{delegate=org.springframework.cloud.gateway.filter.ReactiveLoadBalancerClientFilter@3a2bb026}, order = 10150], [GatewayFilterAdapter{delegate=org.springframework.cloud.gateway.filter.LoadBalancerServiceInstanceCookieFilter@7645e64}, order = 10151], [GatewayFilterAdapter{delegate=org.springframework.cloud.gateway.filter.WebsocketRoutingFilter@11574592}, order = 2147483646], [GatewayFilterAdapter{delegate=org.springframework.cloud.gateway.filter.NettyRoutingFilter@7de6549d}, order = 2147483647], [GatewayFilterAdapter{delegate=org.springframework.cloud.gateway.filter.ForwardRoutingFilter@1fd37440}, order = 2147483647]]
2026-03-27T11:13:59.955+05:30 DEBUG 24304 --- [Api-Gateway] [ctor-http-nio-4] g.f.h.o.ObservedRequestHttpHeadersFilter : Will instrument the HTTP request headers [Host:"localhost:7505", Content-Length:"0", sec-ch-ua-platform:""Windows"", User-Agent:"Mozilla/5.0 (Windows NT 10.0; Win64; x64) AppleWebKit/537.36 (KHTML, like Gecko) Chrome/146.0.0.0 Safari/537.36 Edg/146.0.0.0", accept:"*/*", sec-ch-ua:""Chromium";v="146", "Not-A.Brand";v="24", "Microsoft Edge";v="146"", sec-ch-ua-mobile:"?0", Origin:"http://localhost:7505", Sec-Fetch-Site:"same-origin", Sec-Fetch-Mode:"cors", Sec-Fetch-Dest:"empty", Referer:"http://localhost:7505/webjars/swagger-ui/index.html?urls.primaryName=User%20Service", Accept-Encoding:"gzip, deflate, br, zstd", Accept-Language:"en-US,en;q=0.9", Cookie:"jenkins-timestamper-offset=-19800000; ajs_anonymous_id=bb3c0659-9741-4132-8e48-df1d063bdfc6; splunkweb_csrf_token_8000=4650811227071327921; m=; JSESSIONID=AEC81D640059673CB5727CD0D3E6E468", Forwarded:"proto=http;host="localhost:7505";for="[0:0:0:0:0:0:0:1]:52519"", X-Forwarded-For:"0:0:0:0:0:0:0:1", X-Forwarded-Proto:"http", X-Forwarded-Port:"7505", X-Forwarded-Host:"localhost:7505"]
2026-03-27T11:13:59.956+05:30 DEBUG 24304 --- [Api-Gateway] [ctor-http-nio-4] g.f.h.o.ObservedRequestHttpHeadersFilter : Client observation  {name=http.client.requests(null), error=null, context=name='http.client.requests', contextualName='null', error='null', lowCardinalityKeyValues=[http.method='POST', http.status_code='UNKNOWN', spring.cloud.gateway.route.id='AUTH-SERVICE', spring.cloud.gateway.route.uri='lb://USER-SERVICE'], highCardinalityKeyValues=[http.uri='http://localhost:7505/auth/Log-In?identifier=srivastavaharsh148%40gmail.com&otp=762402'], map=[class io.micrometer.core.instrument.LongTaskTimer$Sample='SampleImpl{duration(seconds)=2.279E-4, duration(nanos)=227900.0, startTimeNanos=92536942112100}', class io.micrometer.core.instrument.Timer$Sample='io.micrometer.core.instrument.Timer$Sample@4084585b'], parentObservation={name=http.server.requests(null), error=null, context=name='http.server.requests', contextualName='null', error='null', lowCardinalityKeyValues=[exception='none', method='POST', outcome='SUCCESS', status='200', uri='UNKNOWN'], highCardinalityKeyValues=[http.url='/auth/Log-In'], map=[class io.micrometer.core.instrument.LongTaskTimer$Sample='SampleImpl{duration(seconds)=0.0118688, duration(nanos)=1.18688E7, startTimeNanos=92536930607900}', class io.micrometer.core.instrument.Timer$Sample='io.micrometer.core.instrument.Timer$Sample@b9fc68d'], parentObservation=null}} created for the request. New headers are [Host:"localhost:7505", Content-Length:"0", sec-ch-ua-platform:""Windows"", User-Agent:"Mozilla/5.0 (Windows NT 10.0; Win64; x64) AppleWebKit/537.36 (KHTML, like Gecko) Chrome/146.0.0.0 Safari/537.36 Edg/146.0.0.0", accept:"*/*", sec-ch-ua:""Chromium";v="146", "Not-A.Brand";v="24", "Microsoft Edge";v="146"", sec-ch-ua-mobile:"?0", Origin:"http://localhost:7505", Sec-Fetch-Site:"same-origin", Sec-Fetch-Mode:"cors", Sec-Fetch-Dest:"empty", Referer:"http://localhost:7505/webjars/swagger-ui/index.html?urls.primaryName=User%20Service", Accept-Encoding:"gzip, deflate, br, zstd", Accept-Language:"en-US,en;q=0.9", Cookie:"jenkins-timestamper-offset=-19800000; ajs_anonymous_id=bb3c0659-9741-4132-8e48-df1d063bdfc6; splunkweb_csrf_token_8000=4650811227071327921; m=; JSESSIONID=AEC81D640059673CB5727CD0D3E6E468", Forwarded:"proto=http;host="localhost:7505";for="[0:0:0:0:0:0:0:1]:52519"", X-Forwarded-For:"0:0:0:0:0:0:0:1", X-Forwarded-Proto:"http", X-Forwarded-Port:"7505", X-Forwarded-Host:"localhost:7505"]
2026-03-27T11:14:00.454+05:30 DEBUG 24304 --- [Api-Gateway] [ctor-http-nio-7] o.s.c.g.h.RoutePredicateHandlerMapping   : Route matched: USER-SERVICE
2026-03-27T11:14:00.455+05:30 DEBUG 24304 --- [Api-Gateway] [ctor-http-nio-7] o.s.c.g.h.RoutePredicateHandlerMapping   : Mapping [Exchange: GET http://localhost:7505/users/v3/api-docs] to Route{id='USER-SERVICE', uri=lb://USER-SERVICE, order=0, predicate=Paths: [/users/**], match trailing slash: true, gatewayFilters=[], metadata={}}
2026-03-27T11:14:00.456+05:30 DEBUG 24304 --- [Api-Gateway] [ctor-http-nio-7] o.s.c.g.h.RoutePredicateHandlerMapping   : [5907f815-25] Mapped to org.springframework.cloud.gateway.handler.FilteringWebHandler@1cb592da
2026-03-27T11:14:00.457+05:30 DEBUG 24304 --- [Api-Gateway] [ctor-http-nio-7] o.s.c.g.handler.FilteringWebHandler      : Sorted gatewayFilterFactories: [[GatewayFilterAdapter{delegate=org.springframework.cloud.gateway.filter.RemoveCachedBodyFilter@756c67cd}, order = -2147483648], [GatewayFilterAdapter{delegate=org.springframework.cloud.gateway.filter.AdaptCachedBodyGlobalFilter@1cc708a7}, order = -2147482648], [GatewayFilterAdapter{delegate=org.springframework.cloud.gateway.filter.NettyWriteResponseFilter@12214f2f}, order = -1], [GatewayFilterAdapter{delegate=org.springframework.cloud.gateway.filter.ForwardPathFilter@79308a2}, order = 0], [GatewayFilterAdapter{delegate=org.springframework.cloud.gateway.filter.GatewayMetricsFilter@352e5a82}, order = 0], [GatewayFilterAdapter{delegate=org.springframework.cloud.gateway.filter.RouteToRequestUrlFilter@50de907a}, order = 10000], [GatewayFilterAdapter{delegate=org.springframework.cloud.gateway.filter.ReactiveLoadBalancerClientFilter@3a2bb026}, order = 10150], [GatewayFilterAdapter{delegate=org.springframework.cloud.gateway.filter.LoadBalancerServiceInstanceCookieFilter@7645e64}, order = 10151], [GatewayFilterAdapter{delegate=org.springframework.cloud.gateway.filter.WebsocketRoutingFilter@11574592}, order = 2147483646], [GatewayFilterAdapter{delegate=org.springframework.cloud.gateway.filter.NettyRoutingFilter@7de6549d}, order = 2147483647], [GatewayFilterAdapter{delegate=org.springframework.cloud.gateway.filter.ForwardRoutingFilter@1fd37440}, order = 2147483647]]
2026-03-27T11:14:00.459+05:30 DEBUG 24304 --- [Api-Gateway] [ctor-http-nio-7] g.f.h.o.ObservedRequestHttpHeadersFilter : Will instrument the HTTP request headers [Host:"localhost:7505", sec-ch-ua-platform:""Windows"", User-Agent:"Mozilla/5.0 (Windows NT 10.0; Win64; x64) AppleWebKit/537.36 (KHTML, like Gecko) Chrome/146.0.0.0 Safari/537.36", Accept:"application/json,*/*", sec-ch-ua:""Chromium";v="146", "Not-A.Brand";v="24", "Google Chrome";v="146"", sec-ch-ua-mobile:"?0", Sec-Fetch-Site:"same-origin", Sec-Fetch-Mode:"cors", Sec-Fetch-Dest:"empty", Referer:"http://localhost:7505/webjars/swagger-ui/index.html?urls.primaryName=User%20Service", Accept-Encoding:"gzip, deflate, br, zstd", Accept-Language:"en-US,en;q=0.9", Cookie:"m=", Forwarded:"proto=http;host="localhost:7505";for="[0:0:0:0:0:0:0:1]:59669"", X-Forwarded-For:"0:0:0:0:0:0:0:1", X-Forwarded-Proto:"http", X-Forwarded-Port:"7505", X-Forwarded-Host:"localhost:7505"]
2026-03-27T11:14:00.460+05:30 DEBUG 24304 --- [Api-Gateway] [ctor-http-nio-7] g.f.h.o.ObservedRequestHttpHeadersFilter : Client observation  {name=http.client.requests(null), error=null, context=name='http.client.requests', contextualName='null', error='null', lowCardinalityKeyValues=[http.method='GET', http.status_code='UNKNOWN', spring.cloud.gateway.route.id='USER-SERVICE', spring.cloud.gateway.route.uri='lb://USER-SERVICE'], highCardinalityKeyValues=[http.uri='http://localhost:7505/users/v3/api-docs'], map=[class io.micrometer.core.instrument.LongTaskTimer$Sample='SampleImpl{duration(seconds)=1.158E-4, duration(nanos)=115800.0, startTimeNanos=92537445988600}', class io.micrometer.core.instrument.Timer$Sample='io.micrometer.core.instrument.Timer$Sample@3f51f2e0'], parentObservation={name=http.server.requests(null), error=null, context=name='http.server.requests', contextualName='null', error='null', lowCardinalityKeyValues=[exception='none', method='GET', outcome='SUCCESS', status='200', uri='UNKNOWN'], highCardinalityKeyValues=[http.url='/users/v3/api-docs'], map=[class io.micrometer.core.instrument.LongTaskTimer$Sample='SampleImpl{duration(seconds)=0.006362, duration(nanos)=6362000.0, startTimeNanos=92537439843800}', class io.micrometer.core.instrument.Timer$Sample='io.micrometer.core.instrument.Timer$Sample@995e041'], parentObservation=null}} created for the request. New headers are [Host:"localhost:7505", sec-ch-ua-platform:""Windows"", User-Agent:"Mozilla/5.0 (Windows NT 10.0; Win64; x64) AppleWebKit/537.36 (KHTML, like Gecko) Chrome/146.0.0.0 Safari/537.36", Accept:"application/json,*/*", sec-ch-ua:""Chromium";v="146", "Not-A.Brand";v="24", "Google Chrome";v="146"", sec-ch-ua-mobile:"?0", Sec-Fetch-Site:"same-origin", Sec-Fetch-Mode:"cors", Sec-Fetch-Dest:"empty", Referer:"http://localhost:7505/webjars/swagger-ui/index.html?urls.primaryName=User%20Service", Accept-Encoding:"gzip, deflate, br, zstd", Accept-Language:"en-US,en;q=0.9", Cookie:"m=", Forwarded:"proto=http;host="localhost:7505";for="[0:0:0:0:0:0:0:1]:59669"", X-Forwarded-For:"0:0:0:0:0:0:0:1", X-Forwarded-Proto:"http", X-Forwarded-Port:"7505", X-Forwarded-Host:"localhost:7505"]
2026-03-27T11:14:00.959+05:30 DEBUG 24304 --- [Api-Gateway] [ctor-http-nio-4] .f.h.o.ObservedResponseHttpHeadersFilter : Will instrument the response
2026-03-27T11:14:00.961+05:30 DEBUG 24304 --- [Api-Gateway] [ctor-http-nio-4] .f.h.o.ObservedResponseHttpHeadersFilter : The response was handled for observation {name=http.client.requests(null), error=null, context=name='http.client.requests', contextualName='null', error='null', lowCardinalityKeyValues=[http.method='POST', http.status_code='UNKNOWN', spring.cloud.gateway.route.id='AUTH-SERVICE', spring.cloud.gateway.route.uri='lb://USER-SERVICE'], highCardinalityKeyValues=[http.uri='http://localhost:7505/auth/Log-In?identifier=srivastavaharsh148%40gmail.com&otp=762402'], map=[class io.micrometer.core.instrument.LongTaskTimer$Sample='SampleImpl{duration(seconds)=1.005296, duration(nanos)=1.005296E9, startTimeNanos=92536942112100}', class io.micrometer.core.instrument.Timer$Sample='io.micrometer.core.instrument.Timer$Sample@4084585b'], parentObservation={name=http.server.requests(null), error=null, context=name='http.server.requests', contextualName='null', error='null', lowCardinalityKeyValues=[exception='none', method='POST', outcome='SUCCESS', status='200', uri='UNKNOWN'], highCardinalityKeyValues=[http.url='/auth/Log-In'], map=[class io.micrometer.core.instrument.LongTaskTimer$Sample='SampleImpl{duration(seconds)=1.0169915, duration(nanos)=1.0169915E9, startTimeNanos=92536930607900}', class io.micrometer.core.instrument.Timer$Sample='io.micrometer.core.instrument.Timer$Sample@b9fc68d'], parentObservation=null}}
2026-03-27T11:14:01.402+05:30 DEBUG 24304 --- [Api-Gateway] [ctor-http-nio-7] .f.h.o.ObservedResponseHttpHeadersFilter : Will instrument the response
2026-03-27T11:14:01.404+05:30 DEBUG 24304 --- [Api-Gateway] [ctor-http-nio-7] .f.h.o.ObservedResponseHttpHeadersFilter : The response was handled for observation {name=http.client.requests(null), error=null, context=name='http.client.requests', contextualName='null', error='null', lowCardinalityKeyValues=[http.method='GET', http.status_code='UNKNOWN', spring.cloud.gateway.route.id='USER-SERVICE', spring.cloud.gateway.route.uri='lb://USER-SERVICE'], highCardinalityKeyValues=[http.uri='http://localhost:7505/users/v3/api-docs'], map=[class io.micrometer.core.instrument.LongTaskTimer$Sample='SampleImpl{duration(seconds)=0.9440325, duration(nanos)=9.440325E8, startTimeNanos=92537445988600}', class io.micrometer.core.instrument.Timer$Sample='io.micrometer.core.instrument.Timer$Sample@3f51f2e0'], parentObservation={name=http.server.requests(null), error=null, context=name='http.server.requests', contextualName='null', error='null', lowCardinalityKeyValues=[exception='none', method='GET', outcome='SUCCESS', status='200', uri='UNKNOWN'], highCardinalityKeyValues=[http.url='/users/v3/api-docs'], map=[class io.micrometer.core.instrument.LongTaskTimer$Sample='SampleImpl{duration(seconds)=0.9502773, duration(nanos)=9.502773E8, startTimeNanos=92537439843800}', class io.micrometer.core.instrument.Timer$Sample='io.micrometer.core.instrument.Timer$Sample@995e041'], parentObservation=null}}
2026-03-27T11:14:22.566+05:30 DEBUG 24304 --- [Api-Gateway] [reshExecutor-%d] o.s.c.g.r.RouteDefinitionRouteLocator    : RouteDefinition ReactiveCompositeDiscoveryClient_CONFIG-SERVIER applying {pattern=/config-servier/**} to Path
2026-03-27T11:14:22.619+05:30 DEBUG 24304 --- [Api-Gateway] [reshExecutor-%d] o.s.c.g.r.RouteDefinitionRouteLocator    : RouteDefinition ReactiveCompositeDiscoveryClient_CONFIG-SERVIER applying filter {regexp=/config-servier/?(?<remaining>.*), replacement=/${remaining}} to RewritePath
2026-03-27T11:14:22.800+05:30 DEBUG 24304 --- [Api-Gateway] [reshExecutor-%d] o.s.c.g.r.RouteDefinitionRouteLocator    : RouteDefinition matched: ReactiveCompositeDiscoveryClient_CONFIG-SERVIER
2026-03-27T11:14:22.811+05:30 DEBUG 24304 --- [Api-Gateway] [reshExecutor-%d] o.s.c.g.r.RouteDefinitionRouteLocator    : RouteDefinition ReactiveCompositeDiscoveryClient_API-GATEWAY applying {pattern=/api-gateway/**} to Path
2026-03-27T11:14:22.813+05:30 DEBUG 24304 --- [Api-Gateway] [reshExecutor-%d] o.s.c.g.r.RouteDefinitionRouteLocator    : RouteDefinition ReactiveCompositeDiscoveryClient_API-GATEWAY applying filter {regexp=/api-gateway/?(?<remaining>.*), replacement=/${remaining}} to RewritePath
2026-03-27T11:14:22.825+05:30 DEBUG 24304 --- [Api-Gateway] [reshExecutor-%d] o.s.c.g.r.RouteDefinitionRouteLocator    : RouteDefinition matched: ReactiveCompositeDiscoveryClient_API-GATEWAY
2026-03-27T11:14:22.825+05:30 DEBUG 24304 --- [Api-Gateway] [reshExecutor-%d] o.s.c.g.r.RouteDefinitionRouteLocator    : RouteDefinition ReactiveCompositeDiscoveryClient_REWARDS-SERVICE applying {pattern=/rewards-service/**} to Path
2026-03-27T11:14:22.828+05:30 DEBUG 24304 --- [Api-Gateway] [reshExecutor-%d] o.s.c.g.r.RouteDefinitionRouteLocator    : RouteDefinition ReactiveCompositeDiscoveryClient_REWARDS-SERVICE applying filter {regexp=/rewards-service/?(?<remaining>.*), replacement=/${remaining}} to RewritePath
2026-03-27T11:14:22.841+05:30 DEBUG 24304 --- [Api-Gateway] [reshExecutor-%d] o.s.c.g.r.RouteDefinitionRouteLocator    : RouteDefinition matched: ReactiveCompositeDiscoveryClient_REWARDS-SERVICE
2026-03-27T11:14:22.842+05:30 DEBUG 24304 --- [Api-Gateway] [reshExecutor-%d] o.s.c.g.r.RouteDefinitionRouteLocator    : RouteDefinition ReactiveCompositeDiscoveryClient_KYC-SERVICE applying {pattern=/kyc-service/**} to Path
2026-03-27T11:14:22.845+05:30 DEBUG 24304 --- [Api-Gateway] [reshExecutor-%d] o.s.c.g.r.RouteDefinitionRouteLocator    : RouteDefinition ReactiveCompositeDiscoveryClient_KYC-SERVICE applying filter {regexp=/kyc-service/?(?<remaining>.*), replacement=/${remaining}} to RewritePath
2026-03-27T11:14:22.846+05:30 DEBUG 24304 --- [Api-Gateway] [reshExecutor-%d] o.s.c.g.r.RouteDefinitionRouteLocator    : RouteDefinition matched: ReactiveCompositeDiscoveryClient_KYC-SERVICE
2026-03-27T11:14:22.848+05:30 DEBUG 24304 --- [Api-Gateway] [reshExecutor-%d] o.s.c.g.r.RouteDefinitionRouteLocator    : RouteDefinition ReactiveCompositeDiscoveryClient_TRANSACTION-SERVICE applying {pattern=/transaction-service/**} to Path
2026-03-27T11:14:22.849+05:30 DEBUG 24304 --- [Api-Gateway] [reshExecutor-%d] o.s.c.g.r.RouteDefinitionRouteLocator    : RouteDefinition ReactiveCompositeDiscoveryClient_TRANSACTION-SERVICE applying filter {regexp=/transaction-service/?(?<remaining>.*), replacement=/${remaining}} to RewritePath
2026-03-27T11:14:22.850+05:30 DEBUG 24304 --- [Api-Gateway] [reshExecutor-%d] o.s.c.g.r.RouteDefinitionRouteLocator    : RouteDefinition matched: ReactiveCompositeDiscoveryClient_TRANSACTION-SERVICE
2026-03-27T11:14:22.910+05:30 DEBUG 24304 --- [Api-Gateway] [reshExecutor-%d] o.s.c.g.r.RouteDefinitionRouteLocator    : RouteDefinition ReactiveCompositeDiscoveryClient_ADMIN-SERVICE applying {pattern=/admin-service/**} to Path
2026-03-27T11:14:22.970+05:30 DEBUG 24304 --- [Api-Gateway] [reshExecutor-%d] o.s.c.g.r.RouteDefinitionRouteLocator    : RouteDefinition ReactiveCompositeDiscoveryClient_ADMIN-SERVICE applying filter {regexp=/admin-service/?(?<remaining>.*), replacement=/${remaining}} to RewritePath
2026-03-27T11:14:22.971+05:30 DEBUG 24304 --- [Api-Gateway] [reshExecutor-%d] o.s.c.g.r.RouteDefinitionRouteLocator    : RouteDefinition matched: ReactiveCompositeDiscoveryClient_ADMIN-SERVICE
2026-03-27T11:14:22.971+05:30 DEBUG 24304 --- [Api-Gateway] [reshExecutor-%d] o.s.c.g.r.RouteDefinitionRouteLocator    : RouteDefinition ReactiveCompositeDiscoveryClient_WALLET-SERVICE applying {pattern=/wallet-service/**} to Path
2026-03-27T11:14:22.974+05:30 DEBUG 24304 --- [Api-Gateway] [reshExecutor-%d] o.s.c.g.r.RouteDefinitionRouteLocator    : RouteDefinition ReactiveCompositeDiscoveryClient_WALLET-SERVICE applying filter {regexp=/wallet-service/?(?<remaining>.*), replacement=/${remaining}} to RewritePath
2026-03-27T11:14:22.975+05:30 DEBUG 24304 --- [Api-Gateway] [reshExecutor-%d] o.s.c.g.r.RouteDefinitionRouteLocator    : RouteDefinition matched: ReactiveCompositeDiscoveryClient_WALLET-SERVICE
2026-03-27T11:14:23.278+05:30 DEBUG 24304 --- [Api-Gateway] [reshExecutor-%d] o.s.c.g.r.RouteDefinitionRouteLocator    : RouteDefinition ReactiveCompositeDiscoveryClient_NOTIFICATION-SERVICE applying {pattern=/notification-service/**} to Path
2026-03-27T11:14:23.280+05:30 DEBUG 24304 --- [Api-Gateway] [reshExecutor-%d] o.s.c.g.r.RouteDefinitionRouteLocator    : RouteDefinition ReactiveCompositeDiscoveryClient_NOTIFICATION-SERVICE applying filter {regexp=/notification-service/?(?<remaining>.*), replacement=/${remaining}} to RewritePath
2026-03-27T11:14:23.281+05:30 DEBUG 24304 --- [Api-Gateway] [reshExecutor-%d] o.s.c.g.r.RouteDefinitionRouteLocator    : RouteDefinition matched: ReactiveCompositeDiscoveryClient_NOTIFICATION-SERVICE
2026-03-27T11:14:23.283+05:30 DEBUG 24304 --- [Api-Gateway] [reshExecutor-%d] o.s.c.g.r.RouteDefinitionRouteLocator    : RouteDefinition ReactiveCompositeDiscoveryClient_PAYMENT-SERVICES applying {pattern=/payment-services/**} to Path
2026-03-27T11:14:23.285+05:30 DEBUG 24304 --- [Api-Gateway] [reshExecutor-%d] o.s.c.g.r.RouteDefinitionRouteLocator    : RouteDefinition ReactiveCompositeDiscoveryClient_PAYMENT-SERVICES applying filter {regexp=/payment-services/?(?<remaining>.*), replacement=/${remaining}} to RewritePath
2026-03-27T11:14:23.287+05:30 DEBUG 24304 --- [Api-Gateway] [reshExecutor-%d] o.s.c.g.r.RouteDefinitionRouteLocator    : RouteDefinition matched: ReactiveCompositeDiscoveryClient_PAYMENT-SERVICES
2026-03-27T11:14:23.504+05:30 DEBUG 24304 --- [Api-Gateway] [reshExecutor-%d] o.s.c.g.r.RouteDefinitionRouteLocator    : RouteDefinition ReactiveCompositeDiscoveryClient_USER-SERVICE applying {pattern=/user-service/**} to Path
2026-03-27T11:14:23.684+05:30 DEBUG 24304 --- [Api-Gateway] [reshExecutor-%d] o.s.c.g.r.RouteDefinitionRouteLocator    : RouteDefinition ReactiveCompositeDiscoveryClient_USER-SERVICE applying filter {regexp=/user-service/?(?<remaining>.*), replacement=/${remaining}} to RewritePath
2026-03-27T11:14:23.745+05:30 DEBUG 24304 --- [Api-Gateway] [reshExecutor-%d] o.s.c.g.r.RouteDefinitionRouteLocator    : RouteDefinition matched: ReactiveCompositeDiscoveryClient_USER-SERVICE
2026-03-27T11:14:23.803+05:30 DEBUG 24304 --- [Api-Gateway] [reshExecutor-%d] o.s.c.g.r.RouteDefinitionRouteLocator    : RouteDefinition AUTH-SERVICE applying {_genkey_0=/auth/**} to Path
2026-03-27T11:14:23.866+05:30 DEBUG 24304 --- [Api-Gateway] [reshExecutor-%d] o.s.c.g.r.RouteDefinitionRouteLocator    : RouteDefinition matched: AUTH-SERVICE
2026-03-27T11:14:23.868+05:30 DEBUG 24304 --- [Api-Gateway] [reshExecutor-%d] o.s.c.g.r.RouteDefinitionRouteLocator    : RouteDefinition ADMIN-SERVICE applying {_genkey_0=/admin/**} to Path
2026-03-27T11:14:23.871+05:30 DEBUG 24304 --- [Api-Gateway] [reshExecutor-%d] o.s.c.g.r.RouteDefinitionRouteLocator    : RouteDefinition matched: ADMIN-SERVICE
2026-03-27T11:14:23.871+05:30 DEBUG 24304 --- [Api-Gateway] [reshExecutor-%d] o.s.c.g.r.RouteDefinitionRouteLocator    : RouteDefinition KYC-SERVICE applying {_genkey_0=/kyc/**} to Path
2026-03-27T11:14:23.874+05:30 DEBUG 24304 --- [Api-Gateway] [reshExecutor-%d] o.s.c.g.r.RouteDefinitionRouteLocator    : RouteDefinition matched: KYC-SERVICE
2026-03-27T11:14:23.934+05:30 DEBUG 24304 --- [Api-Gateway] [reshExecutor-%d] o.s.c.g.r.RouteDefinitionRouteLocator    : RouteDefinition PAYMENT-SERVICES applying {_genkey_0=/api/payments/**} to Path
2026-03-27T11:14:23.997+05:30 DEBUG 24304 --- [Api-Gateway] [reshExecutor-%d] o.s.c.g.r.RouteDefinitionRouteLocator    : RouteDefinition PAYMENT-SERVICES applying filter {_genkey_0=name:paymentCircuitBreaker, _genkey_1=fallbackUri:forward:/fallback/payment} to CircuitBreaker
2026-03-27T11:14:24.118+05:30 DEBUG 24304 --- [Api-Gateway] [reshExecutor-%d] o.s.c.g.r.RouteDefinitionRouteLocator    : RouteDefinition matched: PAYMENT-SERVICES
2026-03-27T11:14:24.240+05:30 DEBUG 24304 --- [Api-Gateway] [reshExecutor-%d] o.s.c.g.r.RouteDefinitionRouteLocator    : RouteDefinition WALLET-SERVICE applying {_genkey_0=/api/wallets/**} to Path
2026-03-27T11:14:24.300+05:30 DEBUG 24304 --- [Api-Gateway] [reshExecutor-%d] o.s.c.g.r.RouteDefinitionRouteLocator    : RouteDefinition WALLET-SERVICE applying filter {_genkey_0=name:walletCircuitBreaker, _genkey_1=fallbackUri:forward:/fallback/general} to CircuitBreaker
2026-03-27T11:14:24.303+05:30 DEBUG 24304 --- [Api-Gateway] [reshExecutor-%d] o.s.c.g.r.RouteDefinitionRouteLocator    : RouteDefinition matched: WALLET-SERVICE
2026-03-27T11:14:24.303+05:30 DEBUG 24304 --- [Api-Gateway] [reshExecutor-%d] o.s.c.g.r.RouteDefinitionRouteLocator    : RouteDefinition TRANSACTION-SERVICE applying {_genkey_0=/api/transaction/**} to Path
2026-03-27T11:14:24.306+05:30 DEBUG 24304 --- [Api-Gateway] [reshExecutor-%d] o.s.c.g.r.RouteDefinitionRouteLocator    : RouteDefinition TRANSACTION-SERVICE applying filter {_genkey_0=name:transactionCircuitBreaker, _genkey_1=fallbackUri:forward:/fallback/general} to CircuitBreaker
2026-03-27T11:14:24.370+05:30 DEBUG 24304 --- [Api-Gateway] [reshExecutor-%d] o.s.c.g.r.RouteDefinitionRouteLocator    : RouteDefinition matched: TRANSACTION-SERVICE
2026-03-27T11:14:24.487+05:30 DEBUG 24304 --- [Api-Gateway] [reshExecutor-%d] o.s.c.g.r.RouteDefinitionRouteLocator    : RouteDefinition REWARDS-SERVICE applying {_genkey_0=/api/rewards/**} to Path
2026-03-27T11:14:24.489+05:30 DEBUG 24304 --- [Api-Gateway] [reshExecutor-%d] o.s.c.g.r.RouteDefinitionRouteLocator    : RouteDefinition REWARDS-SERVICE applying filter {_genkey_0=name:rewardCircuitBreaker, _genkey_1=fallbackUri:forward:/fallback/reward} to CircuitBreaker
2026-03-27T11:14:24.492+05:30 DEBUG 24304 --- [Api-Gateway] [reshExecutor-%d] o.s.c.g.r.RouteDefinitionRouteLocator    : RouteDefinition matched: REWARDS-SERVICE
2026-03-27T11:14:24.613+05:30 DEBUG 24304 --- [Api-Gateway] [reshExecutor-%d] o.s.c.g.r.RouteDefinitionRouteLocator    : RouteDefinition NOTIFICATION-SERVICE applying {_genkey_0=/api/notifications/**} to Path
2026-03-27T11:14:24.735+05:30 DEBUG 24304 --- [Api-Gateway] [reshExecutor-%d] o.s.c.g.r.RouteDefinitionRouteLocator    : RouteDefinition NOTIFICATION-SERVICE applying filter {_genkey_0=name:notificationCircuitBreaker, _genkey_1=fallbackUri:forward:/fallback/general} to CircuitBreaker
2026-03-27T11:14:24.857+05:30 DEBUG 24304 --- [Api-Gateway] [reshExecutor-%d] o.s.c.g.r.RouteDefinitionRouteLocator    : RouteDefinition matched: NOTIFICATION-SERVICE
2026-03-27T11:14:24.858+05:30 DEBUG 24304 --- [Api-Gateway] [reshExecutor-%d] o.s.c.g.r.RouteDefinitionRouteLocator    : RouteDefinition USER-SERVICE applying {_genkey_0=/users/**} to Path
2026-03-27T11:14:24.921+05:30 DEBUG 24304 --- [Api-Gateway] [reshExecutor-%d] o.s.c.g.r.RouteDefinitionRouteLocator    : RouteDefinition matched: USER-SERVICE
2026-03-27T11:14:24.924+05:30 DEBUG 24304 --- [Api-Gateway] [reshExecutor-%d] o.s.c.g.filter.GatewayMetricsFilter      : New routes count: 19
2026-03-27T11:14:54.950+05:30 DEBUG 24304 --- [Api-Gateway] [reshExecutor-%d] o.s.c.g.r.RouteDefinitionRouteLocator    : RouteDefinition ReactiveCompositeDiscoveryClient_CONFIG-SERVIER applying {pattern=/config-servier/**} to Path
2026-03-27T11:14:54.954+05:30 DEBUG 24304 --- [Api-Gateway] [reshExecutor-%d] o.s.c.g.r.RouteDefinitionRouteLocator    : RouteDefinition ReactiveCompositeDiscoveryClient_CONFIG-SERVIER applying filter {regexp=/config-servier/?(?<remaining>.*), replacement=/${remaining}} to RewritePath
2026-03-27T11:14:54.956+05:30 DEBUG 24304 --- [Api-Gateway] [reshExecutor-%d] o.s.c.g.r.RouteDefinitionRouteLocator    : RouteDefinition matched: ReactiveCompositeDiscoveryClient_CONFIG-SERVIER
2026-03-27T11:14:54.957+05:30 DEBUG 24304 --- [Api-Gateway] [reshExecutor-%d] o.s.c.g.r.RouteDefinitionRouteLocator    : RouteDefinition ReactiveCompositeDiscoveryClient_API-GATEWAY applying {pattern=/api-gateway/**} to Path
2026-03-27T11:14:54.958+05:30 DEBUG 24304 --- [Api-Gateway] [reshExecutor-%d] o.s.c.g.r.RouteDefinitionRouteLocator    : RouteDefinition ReactiveCompositeDiscoveryClient_API-GATEWAY applying filter {regexp=/api-gateway/?(?<remaining>.*), replacement=/${remaining}} to RewritePath
2026-03-27T11:14:54.960+05:30 DEBUG 24304 --- [Api-Gateway] [reshExecutor-%d] o.s.c.g.r.RouteDefinitionRouteLocator    : RouteDefinition matched: ReactiveCompositeDiscoveryClient_API-GATEWAY
2026-03-27T11:14:54.960+05:30 DEBUG 24304 --- [Api-Gateway] [reshExecutor-%d] o.s.c.g.r.RouteDefinitionRouteLocator    : RouteDefinition ReactiveCompositeDiscoveryClient_REWARDS-SERVICE applying {pattern=/rewards-service/**} to Path
2026-03-27T11:14:54.964+05:30 DEBUG 24304 --- [Api-Gateway] [reshExecutor-%d] o.s.c.g.r.RouteDefinitionRouteLocator    : RouteDefinition ReactiveCompositeDiscoveryClient_REWARDS-SERVICE applying filter {regexp=/rewards-service/?(?<remaining>.*), replacement=/${remaining}} to RewritePath
2026-03-27T11:14:54.964+05:30 DEBUG 24304 --- [Api-Gateway] [reshExecutor-%d] o.s.c.g.r.RouteDefinitionRouteLocator    : RouteDefinition matched: ReactiveCompositeDiscoveryClient_REWARDS-SERVICE
2026-03-27T11:14:54.966+05:30 DEBUG 24304 --- [Api-Gateway] [reshExecutor-%d] o.s.c.g.r.RouteDefinitionRouteLocator    : RouteDefinition ReactiveCompositeDiscoveryClient_KYC-SERVICE applying {pattern=/kyc-service/**} to Path
2026-03-27T11:14:54.967+05:30 DEBUG 24304 --- [Api-Gateway] [reshExecutor-%d] o.s.c.g.r.RouteDefinitionRouteLocator    : RouteDefinition ReactiveCompositeDiscoveryClient_KYC-SERVICE applying filter {regexp=/kyc-service/?(?<remaining>.*), replacement=/${remaining}} to RewritePath
2026-03-27T11:14:54.968+05:30 DEBUG 24304 --- [Api-Gateway] [reshExecutor-%d] o.s.c.g.r.RouteDefinitionRouteLocator    : RouteDefinition matched: ReactiveCompositeDiscoveryClient_KYC-SERVICE
2026-03-27T11:14:54.969+05:30 DEBUG 24304 --- [Api-Gateway] [reshExecutor-%d] o.s.c.g.r.RouteDefinitionRouteLocator    : RouteDefinition ReactiveCompositeDiscoveryClient_TRANSACTION-SERVICE applying {pattern=/transaction-service/**} to Path
2026-03-27T11:14:54.970+05:30 DEBUG 24304 --- [Api-Gateway] [reshExecutor-%d] o.s.c.g.r.RouteDefinitionRouteLocator    : RouteDefinition ReactiveCompositeDiscoveryClient_TRANSACTION-SERVICE applying filter {regexp=/transaction-service/?(?<remaining>.*), replacement=/${remaining}} to RewritePath
2026-03-27T11:14:54.974+05:30 DEBUG 24304 --- [Api-Gateway] [reshExecutor-%d] o.s.c.g.r.RouteDefinitionRouteLocator    : RouteDefinition matched: ReactiveCompositeDiscoveryClient_TRANSACTION-SERVICE
2026-03-27T11:14:54.975+05:30 DEBUG 24304 --- [Api-Gateway] [reshExecutor-%d] o.s.c.g.r.RouteDefinitionRouteLocator    : RouteDefinition ReactiveCompositeDiscoveryClient_ADMIN-SERVICE applying {pattern=/admin-service/**} to Path
2026-03-27T11:14:54.977+05:30 DEBUG 24304 --- [Api-Gateway] [reshExecutor-%d] o.s.c.g.r.RouteDefinitionRouteLocator    : RouteDefinition ReactiveCompositeDiscoveryClient_ADMIN-SERVICE applying filter {regexp=/admin-service/?(?<remaining>.*), replacement=/${remaining}} to RewritePath
2026-03-27T11:14:54.979+05:30 DEBUG 24304 --- [Api-Gateway] [reshExecutor-%d] o.s.c.g.r.RouteDefinitionRouteLocator    : RouteDefinition matched: ReactiveCompositeDiscoveryClient_ADMIN-SERVICE
2026-03-27T11:14:54.979+05:30 DEBUG 24304 --- [Api-Gateway] [reshExecutor-%d] o.s.c.g.r.RouteDefinitionRouteLocator    : RouteDefinition ReactiveCompositeDiscoveryClient_WALLET-SERVICE applying {pattern=/wallet-service/**} to Path
2026-03-27T11:14:54.980+05:30 DEBUG 24304 --- [Api-Gateway] [reshExecutor-%d] o.s.c.g.r.RouteDefinitionRouteLocator    : RouteDefinition ReactiveCompositeDiscoveryClient_WALLET-SERVICE applying filter {regexp=/wallet-service/?(?<remaining>.*), replacement=/${remaining}} to RewritePath
2026-03-27T11:14:54.982+05:30 DEBUG 24304 --- [Api-Gateway] [reshExecutor-%d] o.s.c.g.r.RouteDefinitionRouteLocator    : RouteDefinition matched: ReactiveCompositeDiscoveryClient_WALLET-SERVICE
2026-03-27T11:14:54.983+05:30 DEBUG 24304 --- [Api-Gateway] [reshExecutor-%d] o.s.c.g.r.RouteDefinitionRouteLocator    : RouteDefinition ReactiveCompositeDiscoveryClient_NOTIFICATION-SERVICE applying {pattern=/notification-service/**} to Path
2026-03-27T11:14:54.985+05:30 DEBUG 24304 --- [Api-Gateway] [reshExecutor-%d] o.s.c.g.r.RouteDefinitionRouteLocator    : RouteDefinition ReactiveCompositeDiscoveryClient_NOTIFICATION-SERVICE applying filter {regexp=/notification-service/?(?<remaining>.*), replacement=/${remaining}} to RewritePath
2026-03-27T11:14:54.987+05:30 DEBUG 24304 --- [Api-Gateway] [reshExecutor-%d] o.s.c.g.r.RouteDefinitionRouteLocator    : RouteDefinition matched: ReactiveCompositeDiscoveryClient_NOTIFICATION-SERVICE
2026-03-27T11:14:54.987+05:30 DEBUG 24304 --- [Api-Gateway] [reshExecutor-%d] o.s.c.g.r.RouteDefinitionRouteLocator    : RouteDefinition ReactiveCompositeDiscoveryClient_PAYMENT-SERVICES applying {pattern=/payment-services/**} to Path
2026-03-27T11:14:54.990+05:30 DEBUG 24304 --- [Api-Gateway] [reshExecutor-%d] o.s.c.g.r.RouteDefinitionRouteLocator    : RouteDefinition ReactiveCompositeDiscoveryClient_PAYMENT-SERVICES applying filter {regexp=/payment-services/?(?<remaining>.*), replacement=/${remaining}} to RewritePath
2026-03-27T11:14:54.992+05:30 DEBUG 24304 --- [Api-Gateway] [reshExecutor-%d] o.s.c.g.r.RouteDefinitionRouteLocator    : RouteDefinition matched: ReactiveCompositeDiscoveryClient_PAYMENT-SERVICES
2026-03-27T11:14:54.994+05:30 DEBUG 24304 --- [Api-Gateway] [reshExecutor-%d] o.s.c.g.r.RouteDefinitionRouteLocator    : RouteDefinition ReactiveCompositeDiscoveryClient_USER-SERVICE applying {pattern=/user-service/**} to Path
2026-03-27T11:14:54.996+05:30 DEBUG 24304 --- [Api-Gateway] [reshExecutor-%d] o.s.c.g.r.RouteDefinitionRouteLocator    : RouteDefinition ReactiveCompositeDiscoveryClient_USER-SERVICE applying filter {regexp=/user-service/?(?<remaining>.*), replacement=/${remaining}} to RewritePath
2026-03-27T11:14:54.999+05:30 DEBUG 24304 --- [Api-Gateway] [reshExecutor-%d] o.s.c.g.r.RouteDefinitionRouteLocator    : RouteDefinition matched: ReactiveCompositeDiscoveryClient_USER-SERVICE
2026-03-27T11:14:54.999+05:30 DEBUG 24304 --- [Api-Gateway] [reshExecutor-%d] o.s.c.g.r.RouteDefinitionRouteLocator    : RouteDefinition AUTH-SERVICE applying {_genkey_0=/auth/**} to Path
2026-03-27T11:14:55.001+05:30 DEBUG 24304 --- [Api-Gateway] [reshExecutor-%d] o.s.c.g.r.RouteDefinitionRouteLocator    : RouteDefinition matched: AUTH-SERVICE
2026-03-27T11:14:55.002+05:30 DEBUG 24304 --- [Api-Gateway] [reshExecutor-%d] o.s.c.g.r.RouteDefinitionRouteLocator    : RouteDefinition ADMIN-SERVICE applying {_genkey_0=/admin/**} to Path
2026-03-27T11:14:55.004+05:30 DEBUG 24304 --- [Api-Gateway] [reshExecutor-%d] o.s.c.g.r.RouteDefinitionRouteLocator    : RouteDefinition matched: ADMIN-SERVICE
2026-03-27T11:14:55.005+05:30 DEBUG 24304 --- [Api-Gateway] [reshExecutor-%d] o.s.c.g.r.RouteDefinitionRouteLocator    : RouteDefinition KYC-SERVICE applying {_genkey_0=/kyc/**} to Path
2026-03-27T11:14:55.008+05:30 DEBUG 24304 --- [Api-Gateway] [reshExecutor-%d] o.s.c.g.r.RouteDefinitionRouteLocator    : RouteDefinition matched: KYC-SERVICE
2026-03-27T11:14:55.008+05:30 DEBUG 24304 --- [Api-Gateway] [reshExecutor-%d] o.s.c.g.r.RouteDefinitionRouteLocator    : RouteDefinition PAYMENT-SERVICES applying {_genkey_0=/api/payments/**} to Path
2026-03-27T11:14:55.010+05:30 DEBUG 24304 --- [Api-Gateway] [reshExecutor-%d] o.s.c.g.r.RouteDefinitionRouteLocator    : RouteDefinition PAYMENT-SERVICES applying filter {_genkey_0=name:paymentCircuitBreaker, _genkey_1=fallbackUri:forward:/fallback/payment} to CircuitBreaker
2026-03-27T11:14:55.013+05:30 DEBUG 24304 --- [Api-Gateway] [reshExecutor-%d] o.s.c.g.r.RouteDefinitionRouteLocator    : RouteDefinition matched: PAYMENT-SERVICES
2026-03-27T11:14:55.014+05:30 DEBUG 24304 --- [Api-Gateway] [reshExecutor-%d] o.s.c.g.r.RouteDefinitionRouteLocator    : RouteDefinition WALLET-SERVICE applying {_genkey_0=/api/wallets/**} to Path
2026-03-27T11:14:55.019+05:30 DEBUG 24304 --- [Api-Gateway] [reshExecutor-%d] o.s.c.g.r.RouteDefinitionRouteLocator    : RouteDefinition WALLET-SERVICE applying filter {_genkey_0=name:walletCircuitBreaker, _genkey_1=fallbackUri:forward:/fallback/general} to CircuitBreaker
2026-03-27T11:14:55.024+05:30 DEBUG 24304 --- [Api-Gateway] [reshExecutor-%d] o.s.c.g.r.RouteDefinitionRouteLocator    : RouteDefinition matched: WALLET-SERVICE
2026-03-27T11:14:55.024+05:30 DEBUG 24304 --- [Api-Gateway] [reshExecutor-%d] o.s.c.g.r.RouteDefinitionRouteLocator    : RouteDefinition TRANSACTION-SERVICE applying {_genkey_0=/api/transaction/**} to Path
2026-03-27T11:14:55.026+05:30 DEBUG 24304 --- [Api-Gateway] [reshExecutor-%d] o.s.c.g.r.RouteDefinitionRouteLocator    : RouteDefinition TRANSACTION-SERVICE applying filter {_genkey_0=name:transactionCircuitBreaker, _genkey_1=fallbackUri:forward:/fallback/general} to CircuitBreaker
2026-03-27T11:14:55.028+05:30 DEBUG 24304 --- [Api-Gateway] [reshExecutor-%d] o.s.c.g.r.RouteDefinitionRouteLocator    : RouteDefinition matched: TRANSACTION-SERVICE
2026-03-27T11:14:55.030+05:30 DEBUG 24304 --- [Api-Gateway] [reshExecutor-%d] o.s.c.g.r.RouteDefinitionRouteLocator    : RouteDefinition REWARDS-SERVICE applying {_genkey_0=/api/rewards/**} to Path
2026-03-27T11:14:55.031+05:30 DEBUG 24304 --- [Api-Gateway] [reshExecutor-%d] o.s.c.g.r.RouteDefinitionRouteLocator    : RouteDefinition REWARDS-SERVICE applying filter {_genkey_0=name:rewardCircuitBreaker, _genkey_1=fallbackUri:forward:/fallback/reward} to CircuitBreaker
2026-03-27T11:14:55.036+05:30 DEBUG 24304 --- [Api-Gateway] [reshExecutor-%d] o.s.c.g.r.RouteDefinitionRouteLocator    : RouteDefinition matched: REWARDS-SERVICE
2026-03-27T11:14:55.036+05:30 DEBUG 24304 --- [Api-Gateway] [reshExecutor-%d] o.s.c.g.r.RouteDefinitionRouteLocator    : RouteDefinition NOTIFICATION-SERVICE applying {_genkey_0=/api/notifications/**} to Path
2026-03-27T11:14:55.037+05:30 DEBUG 24304 --- [Api-Gateway] [reshExecutor-%d] o.s.c.g.r.RouteDefinitionRouteLocator    : RouteDefinition NOTIFICATION-SERVICE applying filter {_genkey_0=name:notificationCircuitBreaker, _genkey_1=fallbackUri:forward:/fallback/general} to CircuitBreaker
2026-03-27T11:14:55.039+05:30 DEBUG 24304 --- [Api-Gateway] [reshExecutor-%d] o.s.c.g.r.RouteDefinitionRouteLocator    : RouteDefinition matched: NOTIFICATION-SERVICE
2026-03-27T11:14:55.040+05:30 DEBUG 24304 --- [Api-Gateway] [reshExecutor-%d] o.s.c.g.r.RouteDefinitionRouteLocator    : RouteDefinition USER-SERVICE applying {_genkey_0=/users/**} to Path
2026-03-27T11:14:55.042+05:30 DEBUG 24304 --- [Api-Gateway] [reshExecutor-%d] o.s.c.g.r.RouteDefinitionRouteLocator    : RouteDefinition matched: USER-SERVICE
2026-03-27T11:14:55.046+05:30 DEBUG 24304 --- [Api-Gateway] [reshExecutor-%d] o.s.c.g.filter.GatewayMetricsFilter      : New routes count: 19
2026-03-27T11:15:25.078+05:30 DEBUG 24304 --- [Api-Gateway] [reshExecutor-%d] o.s.c.g.r.RouteDefinitionRouteLocator    : RouteDefinition ReactiveCompositeDiscoveryClient_CONFIG-SERVIER applying {pattern=/config-servier/**} to Path
2026-03-27T11:15:25.081+05:30 DEBUG 24304 --- [Api-Gateway] [reshExecutor-%d] o.s.c.g.r.RouteDefinitionRouteLocator    : RouteDefinition ReactiveCompositeDiscoveryClient_CONFIG-SERVIER applying filter {regexp=/config-servier/?(?<remaining>.*), replacement=/${remaining}} to RewritePath
2026-03-27T11:15:25.083+05:30 DEBUG 24304 --- [Api-Gateway] [reshExecutor-%d] o.s.c.g.r.RouteDefinitionRouteLocator    : RouteDefinition matched: ReactiveCompositeDiscoveryClient_CONFIG-SERVIER
2026-03-27T11:15:25.083+05:30 DEBUG 24304 --- [Api-Gateway] [reshExecutor-%d] o.s.c.g.r.RouteDefinitionRouteLocator    : RouteDefinition ReactiveCompositeDiscoveryClient_API-GATEWAY applying {pattern=/api-gateway/**} to Path
2026-03-27T11:15:25.085+05:30 DEBUG 24304 --- [Api-Gateway] [reshExecutor-%d] o.s.c.g.r.RouteDefinitionRouteLocator    : RouteDefinition ReactiveCompositeDiscoveryClient_API-GATEWAY applying filter {regexp=/api-gateway/?(?<remaining>.*), replacement=/${remaining}} to RewritePath
2026-03-27T11:15:25.087+05:30 DEBUG 24304 --- [Api-Gateway] [reshExecutor-%d] o.s.c.g.r.RouteDefinitionRouteLocator    : RouteDefinition matched: ReactiveCompositeDiscoveryClient_API-GATEWAY
2026-03-27T11:15:25.087+05:30 DEBUG 24304 --- [Api-Gateway] [reshExecutor-%d] o.s.c.g.r.RouteDefinitionRouteLocator    : RouteDefinition ReactiveCompositeDiscoveryClient_REWARDS-SERVICE applying {pattern=/rewards-service/**} to Path
2026-03-27T11:15:25.089+05:30 DEBUG 24304 --- [Api-Gateway] [reshExecutor-%d] o.s.c.g.r.RouteDefinitionRouteLocator    : RouteDefinition ReactiveCompositeDiscoveryClient_REWARDS-SERVICE applying filter {regexp=/rewards-service/?(?<remaining>.*), replacement=/${remaining}} to RewritePath
2026-03-27T11:15:25.092+05:30 DEBUG 24304 --- [Api-Gateway] [reshExecutor-%d] o.s.c.g.r.RouteDefinitionRouteLocator    : RouteDefinition matched: ReactiveCompositeDiscoveryClient_REWARDS-SERVICE
2026-03-27T11:15:25.094+05:30 DEBUG 24304 --- [Api-Gateway] [reshExecutor-%d] o.s.c.g.r.RouteDefinitionRouteLocator    : RouteDefinition ReactiveCompositeDiscoveryClient_KYC-SERVICE applying {pattern=/kyc-service/**} to Path
2026-03-27T11:15:25.097+05:30 DEBUG 24304 --- [Api-Gateway] [reshExecutor-%d] o.s.c.g.r.RouteDefinitionRouteLocator    : RouteDefinition ReactiveCompositeDiscoveryClient_KYC-SERVICE applying filter {regexp=/kyc-service/?(?<remaining>.*), replacement=/${remaining}} to RewritePath
2026-03-27T11:15:25.100+05:30 DEBUG 24304 --- [Api-Gateway] [reshExecutor-%d] o.s.c.g.r.RouteDefinitionRouteLocator    : RouteDefinition matched: ReactiveCompositeDiscoveryClient_KYC-SERVICE
2026-03-27T11:15:25.101+05:30 DEBUG 24304 --- [Api-Gateway] [reshExecutor-%d] o.s.c.g.r.RouteDefinitionRouteLocator    : RouteDefinition ReactiveCompositeDiscoveryClient_TRANSACTION-SERVICE applying {pattern=/transaction-service/**} to Path
2026-03-27T11:15:25.103+05:30 DEBUG 24304 --- [Api-Gateway] [reshExecutor-%d] o.s.c.g.r.RouteDefinitionRouteLocator    : RouteDefinition ReactiveCompositeDiscoveryClient_TRANSACTION-SERVICE applying filter {regexp=/transaction-service/?(?<remaining>.*), replacement=/${remaining}} to RewritePath
2026-03-27T11:15:25.105+05:30 DEBUG 24304 --- [Api-Gateway] [reshExecutor-%d] o.s.c.g.r.RouteDefinitionRouteLocator    : RouteDefinition matched: ReactiveCompositeDiscoveryClient_TRANSACTION-SERVICE
2026-03-27T11:15:25.107+05:30 DEBUG 24304 --- [Api-Gateway] [reshExecutor-%d] o.s.c.g.r.RouteDefinitionRouteLocator    : RouteDefinition ReactiveCompositeDiscoveryClient_ADMIN-SERVICE applying {pattern=/admin-service/**} to Path
2026-03-27T11:15:25.109+05:30 DEBUG 24304 --- [Api-Gateway] [reshExecutor-%d] o.s.c.g.r.RouteDefinitionRouteLocator    : RouteDefinition ReactiveCompositeDiscoveryClient_ADMIN-SERVICE applying filter {regexp=/admin-service/?(?<remaining>.*), replacement=/${remaining}} to RewritePath
2026-03-27T11:15:25.114+05:30 DEBUG 24304 --- [Api-Gateway] [reshExecutor-%d] o.s.c.g.r.RouteDefinitionRouteLocator    : RouteDefinition matched: ReactiveCompositeDiscoveryClient_ADMIN-SERVICE
2026-03-27T11:15:25.116+05:30 DEBUG 24304 --- [Api-Gateway] [reshExecutor-%d] o.s.c.g.r.RouteDefinitionRouteLocator    : RouteDefinition ReactiveCompositeDiscoveryClient_WALLET-SERVICE applying {pattern=/wallet-service/**} to Path
2026-03-27T11:15:25.117+05:30 DEBUG 24304 --- [Api-Gateway] [reshExecutor-%d] o.s.c.g.r.RouteDefinitionRouteLocator    : RouteDefinition ReactiveCompositeDiscoveryClient_WALLET-SERVICE applying filter {regexp=/wallet-service/?(?<remaining>.*), replacement=/${remaining}} to RewritePath
2026-03-27T11:15:25.120+05:30 DEBUG 24304 --- [Api-Gateway] [reshExecutor-%d] o.s.c.g.r.RouteDefinitionRouteLocator    : RouteDefinition matched: ReactiveCompositeDiscoveryClient_WALLET-SERVICE
2026-03-27T11:15:25.121+05:30 DEBUG 24304 --- [Api-Gateway] [reshExecutor-%d] o.s.c.g.r.RouteDefinitionRouteLocator    : RouteDefinition ReactiveCompositeDiscoveryClient_NOTIFICATION-SERVICE applying {pattern=/notification-service/**} to Path
2026-03-27T11:15:25.123+05:30 DEBUG 24304 --- [Api-Gateway] [reshExecutor-%d] o.s.c.g.r.RouteDefinitionRouteLocator    : RouteDefinition ReactiveCompositeDiscoveryClient_NOTIFICATION-SERVICE applying filter {regexp=/notification-service/?(?<remaining>.*), replacement=/${remaining}} to RewritePath
2026-03-27T11:15:25.125+05:30 DEBUG 24304 --- [Api-Gateway] [reshExecutor-%d] o.s.c.g.r.RouteDefinitionRouteLocator    : RouteDefinition matched: ReactiveCompositeDiscoveryClient_NOTIFICATION-SERVICE
2026-03-27T11:15:25.126+05:30 DEBUG 24304 --- [Api-Gateway] [reshExecutor-%d] o.s.c.g.r.RouteDefinitionRouteLocator    : RouteDefinition ReactiveCompositeDiscoveryClient_PAYMENT-SERVICES applying {pattern=/payment-services/**} to Path
2026-03-27T11:15:25.128+05:30 DEBUG 24304 --- [Api-Gateway] [reshExecutor-%d] o.s.c.g.r.RouteDefinitionRouteLocator    : RouteDefinition ReactiveCompositeDiscoveryClient_PAYMENT-SERVICES applying filter {regexp=/payment-services/?(?<remaining>.*), replacement=/${remaining}} to RewritePath
2026-03-27T11:15:25.130+05:30 DEBUG 24304 --- [Api-Gateway] [reshExecutor-%d] o.s.c.g.r.RouteDefinitionRouteLocator    : RouteDefinition matched: ReactiveCompositeDiscoveryClient_PAYMENT-SERVICES
2026-03-27T11:15:25.131+05:30 DEBUG 24304 --- [Api-Gateway] [reshExecutor-%d] o.s.c.g.r.RouteDefinitionRouteLocator    : RouteDefinition ReactiveCompositeDiscoveryClient_USER-SERVICE applying {pattern=/user-service/**} to Path
2026-03-27T11:15:25.133+05:30 DEBUG 24304 --- [Api-Gateway] [reshExecutor-%d] o.s.c.g.r.RouteDefinitionRouteLocator    : RouteDefinition ReactiveCompositeDiscoveryClient_USER-SERVICE applying filter {regexp=/user-service/?(?<remaining>.*), replacement=/${remaining}} to RewritePath
2026-03-27T11:15:25.134+05:30 DEBUG 24304 --- [Api-Gateway] [reshExecutor-%d] o.s.c.g.r.RouteDefinitionRouteLocator    : RouteDefinition matched: ReactiveCompositeDiscoveryClient_USER-SERVICE
2026-03-27T11:15:25.134+05:30 DEBUG 24304 --- [Api-Gateway] [reshExecutor-%d] o.s.c.g.r.RouteDefinitionRouteLocator    : RouteDefinition AUTH-SERVICE applying {_genkey_0=/auth/**} to Path
2026-03-27T11:15:25.137+05:30 DEBUG 24304 --- [Api-Gateway] [reshExecutor-%d] o.s.c.g.r.RouteDefinitionRouteLocator    : RouteDefinition matched: AUTH-SERVICE
2026-03-27T11:15:25.138+05:30 DEBUG 24304 --- [Api-Gateway] [reshExecutor-%d] o.s.c.g.r.RouteDefinitionRouteLocator    : RouteDefinition ADMIN-SERVICE applying {_genkey_0=/admin/**} to Path
2026-03-27T11:15:25.140+05:30 DEBUG 24304 --- [Api-Gateway] [reshExecutor-%d] o.s.c.g.r.RouteDefinitionRouteLocator    : RouteDefinition matched: ADMIN-SERVICE
2026-03-27T11:15:25.141+05:30 DEBUG 24304 --- [Api-Gateway] [reshExecutor-%d] o.s.c.g.r.RouteDefinitionRouteLocator    : RouteDefinition KYC-SERVICE applying {_genkey_0=/kyc/**} to Path
2026-03-27T11:15:25.142+05:30 DEBUG 24304 --- [Api-Gateway] [reshExecutor-%d] o.s.c.g.r.RouteDefinitionRouteLocator    : RouteDefinition matched: KYC-SERVICE
2026-03-27T11:15:25.144+05:30 DEBUG 24304 --- [Api-Gateway] [reshExecutor-%d] o.s.c.g.r.RouteDefinitionRouteLocator    : RouteDefinition PAYMENT-SERVICES applying {_genkey_0=/api/payments/**} to Path
2026-03-27T11:15:25.146+05:30 DEBUG 24304 --- [Api-Gateway] [reshExecutor-%d] o.s.c.g.r.RouteDefinitionRouteLocator    : RouteDefinition PAYMENT-SERVICES applying filter {_genkey_0=name:paymentCircuitBreaker, _genkey_1=fallbackUri:forward:/fallback/payment} to CircuitBreaker
2026-03-27T11:15:25.147+05:30 DEBUG 24304 --- [Api-Gateway] [reshExecutor-%d] o.s.c.g.r.RouteDefinitionRouteLocator    : RouteDefinition matched: PAYMENT-SERVICES
2026-03-27T11:15:25.147+05:30 DEBUG 24304 --- [Api-Gateway] [reshExecutor-%d] o.s.c.g.r.RouteDefinitionRouteLocator    : RouteDefinition WALLET-SERVICE applying {_genkey_0=/api/wallets/**} to Path
2026-03-27T11:15:25.150+05:30 DEBUG 24304 --- [Api-Gateway] [reshExecutor-%d] o.s.c.g.r.RouteDefinitionRouteLocator    : RouteDefinition WALLET-SERVICE applying filter {_genkey_0=name:walletCircuitBreaker, _genkey_1=fallbackUri:forward:/fallback/general} to CircuitBreaker
2026-03-27T11:15:25.152+05:30 DEBUG 24304 --- [Api-Gateway] [reshExecutor-%d] o.s.c.g.r.RouteDefinitionRouteLocator    : RouteDefinition matched: WALLET-SERVICE
2026-03-27T11:15:25.152+05:30 DEBUG 24304 --- [Api-Gateway] [reshExecutor-%d] o.s.c.g.r.RouteDefinitionRouteLocator    : RouteDefinition TRANSACTION-SERVICE applying {_genkey_0=/api/transaction/**} to Path
2026-03-27T11:15:25.153+05:30 DEBUG 24304 --- [Api-Gateway] [reshExecutor-%d] o.s.c.g.r.RouteDefinitionRouteLocator    : RouteDefinition TRANSACTION-SERVICE applying filter {_genkey_0=name:transactionCircuitBreaker, _genkey_1=fallbackUri:forward:/fallback/general} to CircuitBreaker
2026-03-27T11:15:25.155+05:30 DEBUG 24304 --- [Api-Gateway] [reshExecutor-%d] o.s.c.g.r.RouteDefinitionRouteLocator    : RouteDefinition matched: TRANSACTION-SERVICE
2026-03-27T11:15:25.156+05:30 DEBUG 24304 --- [Api-Gateway] [reshExecutor-%d] o.s.c.g.r.RouteDefinitionRouteLocator    : RouteDefinition REWARDS-SERVICE applying {_genkey_0=/api/rewards/**} to Path
2026-03-27T11:15:25.158+05:30 DEBUG 24304 --- [Api-Gateway] [reshExecutor-%d] o.s.c.g.r.RouteDefinitionRouteLocator    : RouteDefinition REWARDS-SERVICE applying filter {_genkey_0=name:rewardCircuitBreaker, _genkey_1=fallbackUri:forward:/fallback/reward} to CircuitBreaker
2026-03-27T11:15:25.162+05:30 DEBUG 24304 --- [Api-Gateway] [reshExecutor-%d] o.s.c.g.r.RouteDefinitionRouteLocator    : RouteDefinition matched: REWARDS-SERVICE
2026-03-27T11:15:25.163+05:30 DEBUG 24304 --- [Api-Gateway] [reshExecutor-%d] o.s.c.g.r.RouteDefinitionRouteLocator    : RouteDefinition NOTIFICATION-SERVICE applying {_genkey_0=/api/notifications/**} to Path
2026-03-27T11:15:25.165+05:30 DEBUG 24304 --- [Api-Gateway] [reshExecutor-%d] o.s.c.g.r.RouteDefinitionRouteLocator    : RouteDefinition NOTIFICATION-SERVICE applying filter {_genkey_0=name:notificationCircuitBreaker, _genkey_1=fallbackUri:forward:/fallback/general} to CircuitBreaker
2026-03-27T11:15:25.166+05:30 DEBUG 24304 --- [Api-Gateway] [reshExecutor-%d] o.s.c.g.r.RouteDefinitionRouteLocator    : RouteDefinition matched: NOTIFICATION-SERVICE
2026-03-27T11:15:25.166+05:30 DEBUG 24304 --- [Api-Gateway] [reshExecutor-%d] o.s.c.g.r.RouteDefinitionRouteLocator    : RouteDefinition USER-SERVICE applying {_genkey_0=/users/**} to Path
2026-03-27T11:15:25.168+05:30 DEBUG 24304 --- [Api-Gateway] [reshExecutor-%d] o.s.c.g.r.RouteDefinitionRouteLocator    : RouteDefinition matched: USER-SERVICE
2026-03-27T11:15:25.169+05:30 DEBUG 24304 --- [Api-Gateway] [reshExecutor-%d] o.s.c.g.filter.GatewayMetricsFilter      : New routes count: 19
2026-03-27T11:15:55.202+05:30 DEBUG 24304 --- [Api-Gateway] [reshExecutor-%d] o.s.c.g.r.RouteDefinitionRouteLocator    : RouteDefinition ReactiveCompositeDiscoveryClient_CONFIG-SERVIER applying {pattern=/config-servier/**} to Path
2026-03-27T11:15:55.207+05:30 DEBUG 24304 --- [Api-Gateway] [reshExecutor-%d] o.s.c.g.r.RouteDefinitionRouteLocator    : RouteDefinition ReactiveCompositeDiscoveryClient_CONFIG-SERVIER applying filter {regexp=/config-servier/?(?<remaining>.*), replacement=/${remaining}} to RewritePath
2026-03-27T11:15:55.210+05:30 DEBUG 24304 --- [Api-Gateway] [reshExecutor-%d] o.s.c.g.r.RouteDefinitionRouteLocator    : RouteDefinition matched: ReactiveCompositeDiscoveryClient_CONFIG-SERVIER
2026-03-27T11:15:55.210+05:30 DEBUG 24304 --- [Api-Gateway] [reshExecutor-%d] o.s.c.g.r.RouteDefinitionRouteLocator    : RouteDefinition ReactiveCompositeDiscoveryClient_API-GATEWAY applying {pattern=/api-gateway/**} to Path
2026-03-27T11:15:55.213+05:30 DEBUG 24304 --- [Api-Gateway] [reshExecutor-%d] o.s.c.g.r.RouteDefinitionRouteLocator    : RouteDefinition ReactiveCompositeDiscoveryClient_API-GATEWAY applying filter {regexp=/api-gateway/?(?<remaining>.*), replacement=/${remaining}} to RewritePath
2026-03-27T11:15:55.214+05:30 DEBUG 24304 --- [Api-Gateway] [reshExecutor-%d] o.s.c.g.r.RouteDefinitionRouteLocator    : RouteDefinition matched: ReactiveCompositeDiscoveryClient_API-GATEWAY
2026-03-27T11:15:55.215+05:30 DEBUG 24304 --- [Api-Gateway] [reshExecutor-%d] o.s.c.g.r.RouteDefinitionRouteLocator    : RouteDefinition ReactiveCompositeDiscoveryClient_REWARDS-SERVICE applying {pattern=/rewards-service/**} to Path
2026-03-27T11:15:55.216+05:30 DEBUG 24304 --- [Api-Gateway] [reshExecutor-%d] o.s.c.g.r.RouteDefinitionRouteLocator    : RouteDefinition ReactiveCompositeDiscoveryClient_REWARDS-SERVICE applying filter {regexp=/rewards-service/?(?<remaining>.*), replacement=/${remaining}} to RewritePath
2026-03-27T11:15:55.217+05:30 DEBUG 24304 --- [Api-Gateway] [reshExecutor-%d] o.s.c.g.r.RouteDefinitionRouteLocator    : RouteDefinition matched: ReactiveCompositeDiscoveryClient_REWARDS-SERVICE
2026-03-27T11:15:55.218+05:30 DEBUG 24304 --- [Api-Gateway] [reshExecutor-%d] o.s.c.g.r.RouteDefinitionRouteLocator    : RouteDefinition ReactiveCompositeDiscoveryClient_KYC-SERVICE applying {pattern=/kyc-service/**} to Path
2026-03-27T11:15:55.220+05:30 DEBUG 24304 --- [Api-Gateway] [reshExecutor-%d] o.s.c.g.r.RouteDefinitionRouteLocator    : RouteDefinition ReactiveCompositeDiscoveryClient_KYC-SERVICE applying filter {regexp=/kyc-service/?(?<remaining>.*), replacement=/${remaining}} to RewritePath
2026-03-27T11:15:55.222+05:30 DEBUG 24304 --- [Api-Gateway] [reshExecutor-%d] o.s.c.g.r.RouteDefinitionRouteLocator    : RouteDefinition matched: ReactiveCompositeDiscoveryClient_KYC-SERVICE
2026-03-27T11:15:55.222+05:30 DEBUG 24304 --- [Api-Gateway] [reshExecutor-%d] o.s.c.g.r.RouteDefinitionRouteLocator    : RouteDefinition ReactiveCompositeDiscoveryClient_TRANSACTION-SERVICE applying {pattern=/transaction-service/**} to Path
2026-03-27T11:15:55.223+05:30 DEBUG 24304 --- [Api-Gateway] [reshExecutor-%d] o.s.c.g.r.RouteDefinitionRouteLocator    : RouteDefinition ReactiveCompositeDiscoveryClient_TRANSACTION-SERVICE applying filter {regexp=/transaction-service/?(?<remaining>.*), replacement=/${remaining}} to RewritePath
2026-03-27T11:15:55.224+05:30 DEBUG 24304 --- [Api-Gateway] [reshExecutor-%d] o.s.c.g.r.RouteDefinitionRouteLocator    : RouteDefinition matched: ReactiveCompositeDiscoveryClient_TRANSACTION-SERVICE
2026-03-27T11:15:55.225+05:30 DEBUG 24304 --- [Api-Gateway] [reshExecutor-%d] o.s.c.g.r.RouteDefinitionRouteLocator    : RouteDefinition ReactiveCompositeDiscoveryClient_ADMIN-SERVICE applying {pattern=/admin-service/**} to Path
2026-03-27T11:15:55.228+05:30 DEBUG 24304 --- [Api-Gateway] [reshExecutor-%d] o.s.c.g.r.RouteDefinitionRouteLocator    : RouteDefinition ReactiveCompositeDiscoveryClient_ADMIN-SERVICE applying filter {regexp=/admin-service/?(?<remaining>.*), replacement=/${remaining}} to RewritePath
2026-03-27T11:15:55.228+05:30 DEBUG 24304 --- [Api-Gateway] [reshExecutor-%d] o.s.c.g.r.RouteDefinitionRouteLocator    : RouteDefinition matched: ReactiveCompositeDiscoveryClient_ADMIN-SERVICE
2026-03-27T11:15:55.230+05:30 DEBUG 24304 --- [Api-Gateway] [reshExecutor-%d] o.s.c.g.r.RouteDefinitionRouteLocator    : RouteDefinition ReactiveCompositeDiscoveryClient_WALLET-SERVICE applying {pattern=/wallet-service/**} to Path
2026-03-27T11:15:55.231+05:30 DEBUG 24304 --- [Api-Gateway] [reshExecutor-%d] o.s.c.g.r.RouteDefinitionRouteLocator    : RouteDefinition ReactiveCompositeDiscoveryClient_WALLET-SERVICE applying filter {regexp=/wallet-service/?(?<remaining>.*), replacement=/${remaining}} to RewritePath
2026-03-27T11:15:55.232+05:30 DEBUG 24304 --- [Api-Gateway] [reshExecutor-%d] o.s.c.g.r.RouteDefinitionRouteLocator    : RouteDefinition matched: ReactiveCompositeDiscoveryClient_WALLET-SERVICE
2026-03-27T11:15:55.233+05:30 DEBUG 24304 --- [Api-Gateway] [reshExecutor-%d] o.s.c.g.r.RouteDefinitionRouteLocator    : RouteDefinition ReactiveCompositeDiscoveryClient_NOTIFICATION-SERVICE applying {pattern=/notification-service/**} to Path
2026-03-27T11:15:55.234+05:30 DEBUG 24304 --- [Api-Gateway] [reshExecutor-%d] o.s.c.g.r.RouteDefinitionRouteLocator    : RouteDefinition ReactiveCompositeDiscoveryClient_NOTIFICATION-SERVICE applying filter {regexp=/notification-service/?(?<remaining>.*), replacement=/${remaining}} to RewritePath
2026-03-27T11:15:55.235+05:30 DEBUG 24304 --- [Api-Gateway] [reshExecutor-%d] o.s.c.g.r.RouteDefinitionRouteLocator    : RouteDefinition matched: ReactiveCompositeDiscoveryClient_NOTIFICATION-SERVICE
2026-03-27T11:15:55.236+05:30 DEBUG 24304 --- [Api-Gateway] [reshExecutor-%d] o.s.c.g.r.RouteDefinitionRouteLocator    : RouteDefinition ReactiveCompositeDiscoveryClient_PAYMENT-SERVICES applying {pattern=/payment-services/**} to Path
2026-03-27T11:15:55.237+05:30 DEBUG 24304 --- [Api-Gateway] [reshExecutor-%d] o.s.c.g.r.RouteDefinitionRouteLocator    : RouteDefinition ReactiveCompositeDiscoveryClient_PAYMENT-SERVICES applying filter {regexp=/payment-services/?(?<remaining>.*), replacement=/${remaining}} to RewritePath
2026-03-27T11:15:55.238+05:30 DEBUG 24304 --- [Api-Gateway] [reshExecutor-%d] o.s.c.g.r.RouteDefinitionRouteLocator    : RouteDefinition matched: ReactiveCompositeDiscoveryClient_PAYMENT-SERVICES
2026-03-27T11:15:55.239+05:30 DEBUG 24304 --- [Api-Gateway] [reshExecutor-%d] o.s.c.g.r.RouteDefinitionRouteLocator    : RouteDefinition ReactiveCompositeDiscoveryClient_USER-SERVICE applying {pattern=/user-service/**} to Path
2026-03-27T11:15:55.240+05:30 DEBUG 24304 --- [Api-Gateway] [reshExecutor-%d] o.s.c.g.r.RouteDefinitionRouteLocator    : RouteDefinition ReactiveCompositeDiscoveryClient_USER-SERVICE applying filter {regexp=/user-service/?(?<remaining>.*), replacement=/${remaining}} to RewritePath
2026-03-27T11:15:55.241+05:30 DEBUG 24304 --- [Api-Gateway] [reshExecutor-%d] o.s.c.g.r.RouteDefinitionRouteLocator    : RouteDefinition matched: ReactiveCompositeDiscoveryClient_USER-SERVICE
2026-03-27T11:15:55.242+05:30 DEBUG 24304 --- [Api-Gateway] [reshExecutor-%d] o.s.c.g.r.RouteDefinitionRouteLocator    : RouteDefinition AUTH-SERVICE applying {_genkey_0=/auth/**} to Path
2026-03-27T11:15:55.243+05:30 DEBUG 24304 --- [Api-Gateway] [reshExecutor-%d] o.s.c.g.r.RouteDefinitionRouteLocator    : RouteDefinition matched: AUTH-SERVICE
2026-03-27T11:15:55.244+05:30 DEBUG 24304 --- [Api-Gateway] [reshExecutor-%d] o.s.c.g.r.RouteDefinitionRouteLocator    : RouteDefinition ADMIN-SERVICE applying {_genkey_0=/admin/**} to Path
2026-03-27T11:15:55.245+05:30 DEBUG 24304 --- [Api-Gateway] [reshExecutor-%d] o.s.c.g.r.RouteDefinitionRouteLocator    : RouteDefinition matched: ADMIN-SERVICE
2026-03-27T11:15:55.245+05:30 DEBUG 24304 --- [Api-Gateway] [reshExecutor-%d] o.s.c.g.r.RouteDefinitionRouteLocator    : RouteDefinition KYC-SERVICE applying {_genkey_0=/kyc/**} to Path
2026-03-27T11:15:55.247+05:30 DEBUG 24304 --- [Api-Gateway] [reshExecutor-%d] o.s.c.g.r.RouteDefinitionRouteLocator    : RouteDefinition matched: KYC-SERVICE
2026-03-27T11:15:55.247+05:30 DEBUG 24304 --- [Api-Gateway] [reshExecutor-%d] o.s.c.g.r.RouteDefinitionRouteLocator    : RouteDefinition PAYMENT-SERVICES applying {_genkey_0=/api/payments/**} to Path
2026-03-27T11:15:55.247+05:30 DEBUG 24304 --- [Api-Gateway] [reshExecutor-%d] o.s.c.g.r.RouteDefinitionRouteLocator    : RouteDefinition PAYMENT-SERVICES applying filter {_genkey_0=name:paymentCircuitBreaker, _genkey_1=fallbackUri:forward:/fallback/payment} to CircuitBreaker
2026-03-27T11:15:55.249+05:30 DEBUG 24304 --- [Api-Gateway] [reshExecutor-%d] o.s.c.g.r.RouteDefinitionRouteLocator    : RouteDefinition matched: PAYMENT-SERVICES
2026-03-27T11:15:55.249+05:30 DEBUG 24304 --- [Api-Gateway] [reshExecutor-%d] o.s.c.g.r.RouteDefinitionRouteLocator    : RouteDefinition WALLET-SERVICE applying {_genkey_0=/api/wallets/**} to Path
2026-03-27T11:15:55.250+05:30 DEBUG 24304 --- [Api-Gateway] [reshExecutor-%d] o.s.c.g.r.RouteDefinitionRouteLocator    : RouteDefinition WALLET-SERVICE applying filter {_genkey_0=name:walletCircuitBreaker, _genkey_1=fallbackUri:forward:/fallback/general} to CircuitBreaker
2026-03-27T11:15:55.252+05:30 DEBUG 24304 --- [Api-Gateway] [reshExecutor-%d] o.s.c.g.r.RouteDefinitionRouteLocator    : RouteDefinition matched: WALLET-SERVICE
2026-03-27T11:15:55.252+05:30 DEBUG 24304 --- [Api-Gateway] [reshExecutor-%d] o.s.c.g.r.RouteDefinitionRouteLocator    : RouteDefinition TRANSACTION-SERVICE applying {_genkey_0=/api/transaction/**} to Path
2026-03-27T11:15:55.253+05:30 DEBUG 24304 --- [Api-Gateway] [reshExecutor-%d] o.s.c.g.r.RouteDefinitionRouteLocator    : RouteDefinition TRANSACTION-SERVICE applying filter {_genkey_0=name:transactionCircuitBreaker, _genkey_1=fallbackUri:forward:/fallback/general} to CircuitBreaker
2026-03-27T11:15:55.254+05:30 DEBUG 24304 --- [Api-Gateway] [reshExecutor-%d] o.s.c.g.r.RouteDefinitionRouteLocator    : RouteDefinition matched: TRANSACTION-SERVICE
2026-03-27T11:15:55.255+05:30 DEBUG 24304 --- [Api-Gateway] [reshExecutor-%d] o.s.c.g.r.RouteDefinitionRouteLocator    : RouteDefinition REWARDS-SERVICE applying {_genkey_0=/api/rewards/**} to Path
2026-03-27T11:15:55.256+05:30 DEBUG 24304 --- [Api-Gateway] [reshExecutor-%d] o.s.c.g.r.RouteDefinitionRouteLocator    : RouteDefinition REWARDS-SERVICE applying filter {_genkey_0=name:rewardCircuitBreaker, _genkey_1=fallbackUri:forward:/fallback/reward} to CircuitBreaker
2026-03-27T11:15:55.256+05:30 DEBUG 24304 --- [Api-Gateway] [reshExecutor-%d] o.s.c.g.r.RouteDefinitionRouteLocator    : RouteDefinition matched: REWARDS-SERVICE
2026-03-27T11:15:55.257+05:30 DEBUG 24304 --- [Api-Gateway] [reshExecutor-%d] o.s.c.g.r.RouteDefinitionRouteLocator    : RouteDefinition NOTIFICATION-SERVICE applying {_genkey_0=/api/notifications/**} to Path
2026-03-27T11:15:55.257+05:30 DEBUG 24304 --- [Api-Gateway] [reshExecutor-%d] o.s.c.g.r.RouteDefinitionRouteLocator    : RouteDefinition NOTIFICATION-SERVICE applying filter {_genkey_0=name:notificationCircuitBreaker, _genkey_1=fallbackUri:forward:/fallback/general} to CircuitBreaker
2026-03-27T11:15:55.260+05:30 DEBUG 24304 --- [Api-Gateway] [reshExecutor-%d] o.s.c.g.r.RouteDefinitionRouteLocator    : RouteDefinition matched: NOTIFICATION-SERVICE
2026-03-27T11:15:55.260+05:30 DEBUG 24304 --- [Api-Gateway] [reshExecutor-%d] o.s.c.g.r.RouteDefinitionRouteLocator    : RouteDefinition USER-SERVICE applying {_genkey_0=/users/**} to Path
2026-03-27T11:15:55.260+05:30 DEBUG 24304 --- [Api-Gateway] [reshExecutor-%d] o.s.c.g.r.RouteDefinitionRouteLocator    : RouteDefinition matched: USER-SERVICE
2026-03-27T11:15:55.262+05:30 DEBUG 24304 --- [Api-Gateway] [reshExecutor-%d] o.s.c.g.filter.GatewayMetricsFilter      : New routes count: 19
2026-03-27T11:16:08.306+05:30 DEBUG 24304 --- [Api-Gateway] [ctor-http-nio-4] o.s.c.g.h.RoutePredicateHandlerMapping   : Route matched: USER-SERVICE
2026-03-27T11:16:08.307+05:30 DEBUG 24304 --- [Api-Gateway] [ctor-http-nio-4] o.s.c.g.h.RoutePredicateHandlerMapping   : Mapping [Exchange: GET http://localhost:7505/users/v3/api-docs] to Route{id='USER-SERVICE', uri=lb://USER-SERVICE, order=0, predicate=Paths: [/users/**], match trailing slash: true, gatewayFilters=[], metadata={}}
2026-03-27T11:16:08.307+05:30 DEBUG 24304 --- [Api-Gateway] [ctor-http-nio-4] o.s.c.g.h.RoutePredicateHandlerMapping   : [d4459dfe-28] Mapped to org.springframework.cloud.gateway.handler.FilteringWebHandler@1cb592da
2026-03-27T11:16:08.309+05:30 DEBUG 24304 --- [Api-Gateway] [ctor-http-nio-4] o.s.c.g.handler.FilteringWebHandler      : Sorted gatewayFilterFactories: [[GatewayFilterAdapter{delegate=org.springframework.cloud.gateway.filter.RemoveCachedBodyFilter@756c67cd}, order = -2147483648], [GatewayFilterAdapter{delegate=org.springframework.cloud.gateway.filter.AdaptCachedBodyGlobalFilter@1cc708a7}, order = -2147482648], [GatewayFilterAdapter{delegate=org.springframework.cloud.gateway.filter.NettyWriteResponseFilter@12214f2f}, order = -1], [GatewayFilterAdapter{delegate=org.springframework.cloud.gateway.filter.ForwardPathFilter@79308a2}, order = 0], [GatewayFilterAdapter{delegate=org.springframework.cloud.gateway.filter.GatewayMetricsFilter@352e5a82}, order = 0], [GatewayFilterAdapter{delegate=org.springframework.cloud.gateway.filter.RouteToRequestUrlFilter@50de907a}, order = 10000], [GatewayFilterAdapter{delegate=org.springframework.cloud.gateway.filter.ReactiveLoadBalancerClientFilter@3a2bb026}, order = 10150], [GatewayFilterAdapter{delegate=org.springframework.cloud.gateway.filter.LoadBalancerServiceInstanceCookieFilter@7645e64}, order = 10151], [GatewayFilterAdapter{delegate=org.springframework.cloud.gateway.filter.WebsocketRoutingFilter@11574592}, order = 2147483646], [GatewayFilterAdapter{delegate=org.springframework.cloud.gateway.filter.NettyRoutingFilter@7de6549d}, order = 2147483647], [GatewayFilterAdapter{delegate=org.springframework.cloud.gateway.filter.ForwardRoutingFilter@1fd37440}, order = 2147483647]]
2026-03-27T11:16:08.311+05:30 DEBUG 24304 --- [Api-Gateway] [ctor-http-nio-4] g.f.h.o.ObservedRequestHttpHeadersFilter : Will instrument the HTTP request headers [Host:"localhost:7505", sec-ch-ua-platform:""Windows"", User-Agent:"Mozilla/5.0 (Windows NT 10.0; Win64; x64) AppleWebKit/537.36 (KHTML, like Gecko) Chrome/146.0.0.0 Safari/537.36 Edg/146.0.0.0", Accept:"application/json,*/*", sec-ch-ua:""Chromium";v="146", "Not-A.Brand";v="24", "Microsoft Edge";v="146"", sec-ch-ua-mobile:"?0", Sec-Fetch-Site:"same-origin", Sec-Fetch-Mode:"cors", Sec-Fetch-Dest:"empty", Referer:"http://localhost:7505/webjars/swagger-ui/index.html?urls.primaryName=User%20Service", Accept-Encoding:"gzip, deflate, br, zstd", Accept-Language:"en-US,en;q=0.9", Cookie:"jenkins-timestamper-offset=-19800000; ajs_anonymous_id=bb3c0659-9741-4132-8e48-df1d063bdfc6; splunkweb_csrf_token_8000=4650811227071327921; m=; JSESSIONID=3C8853B00C5DEE94D540EFD356E822A6", Forwarded:"proto=http;host="localhost:7505";for="[0:0:0:0:0:0:0:1]:52519"", X-Forwarded-For:"0:0:0:0:0:0:0:1", X-Forwarded-Proto:"http", X-Forwarded-Port:"7505", X-Forwarded-Host:"localhost:7505"]
2026-03-27T11:16:08.312+05:30 DEBUG 24304 --- [Api-Gateway] [ctor-http-nio-4] g.f.h.o.ObservedRequestHttpHeadersFilter : Client observation  {name=http.client.requests(null), error=null, context=name='http.client.requests', contextualName='null', error='null', lowCardinalityKeyValues=[http.method='GET', http.status_code='UNKNOWN', spring.cloud.gateway.route.id='USER-SERVICE', spring.cloud.gateway.route.uri='lb://USER-SERVICE'], highCardinalityKeyValues=[http.uri='http://localhost:7505/users/v3/api-docs'], map=[class io.micrometer.core.instrument.LongTaskTimer$Sample='SampleImpl{duration(seconds)=1.906E-4, duration(nanos)=190600.0, startTimeNanos=92665298199800}', class io.micrometer.core.instrument.Timer$Sample='io.micrometer.core.instrument.Timer$Sample@19531f16'], parentObservation={name=http.server.requests(null), error=null, context=name='http.server.requests', contextualName='null', error='null', lowCardinalityKeyValues=[exception='none', method='GET', outcome='SUCCESS', status='200', uri='UNKNOWN'], highCardinalityKeyValues=[http.url='/users/v3/api-docs'], map=[class io.micrometer.core.instrument.LongTaskTimer$Sample='SampleImpl{duration(seconds)=0.0063193, duration(nanos)=6319300.0, startTimeNanos=92665292222200}', class io.micrometer.core.instrument.Timer$Sample='io.micrometer.core.instrument.Timer$Sample@302e0b95'], parentObservation=null}} created for the request. New headers are [Host:"localhost:7505", sec-ch-ua-platform:""Windows"", User-Agent:"Mozilla/5.0 (Windows NT 10.0; Win64; x64) AppleWebKit/537.36 (KHTML, like Gecko) Chrome/146.0.0.0 Safari/537.36 Edg/146.0.0.0", Accept:"application/json,*/*", sec-ch-ua:""Chromium";v="146", "Not-A.Brand";v="24", "Microsoft Edge";v="146"", sec-ch-ua-mobile:"?0", Sec-Fetch-Site:"same-origin", Sec-Fetch-Mode:"cors", Sec-Fetch-Dest:"empty", Referer:"http://localhost:7505/webjars/swagger-ui/index.html?urls.primaryName=User%20Service", Accept-Encoding:"gzip, deflate, br, zstd", Accept-Language:"en-US,en;q=0.9", Cookie:"jenkins-timestamper-offset=-19800000; ajs_anonymous_id=bb3c0659-9741-4132-8e48-df1d063bdfc6; splunkweb_csrf_token_8000=4650811227071327921; m=; JSESSIONID=3C8853B00C5DEE94D540EFD356E822A6", Forwarded:"proto=http;host="localhost:7505";for="[0:0:0:0:0:0:0:1]:52519"", X-Forwarded-For:"0:0:0:0:0:0:0:1", X-Forwarded-Proto:"http", X-Forwarded-Port:"7505", X-Forwarded-Host:"localhost:7505"]
2026-03-27T11:16:08.335+05:30 DEBUG 24304 --- [Api-Gateway] [ctor-http-nio-4] .f.h.o.ObservedResponseHttpHeadersFilter : Will instrument the response
2026-03-27T11:16:08.335+05:30 DEBUG 24304 --- [Api-Gateway] [ctor-http-nio-4] .f.h.o.ObservedResponseHttpHeadersFilter : The response was handled for observation {name=http.client.requests(null), error=null, context=name='http.client.requests', contextualName='null', error='null', lowCardinalityKeyValues=[http.method='GET', http.status_code='UNKNOWN', spring.cloud.gateway.route.id='USER-SERVICE', spring.cloud.gateway.route.uri='lb://USER-SERVICE'], highCardinalityKeyValues=[http.uri='http://localhost:7505/users/v3/api-docs'], map=[class io.micrometer.core.instrument.LongTaskTimer$Sample='SampleImpl{duration(seconds)=0.0232865, duration(nanos)=2.32865E7, startTimeNanos=92665298199800}', class io.micrometer.core.instrument.Timer$Sample='io.micrometer.core.instrument.Timer$Sample@19531f16'], parentObservation={name=http.server.requests(null), error=null, context=name='http.server.requests', contextualName='null', error='null', lowCardinalityKeyValues=[exception='none', method='GET', outcome='SUCCESS', status='200', uri='UNKNOWN'], highCardinalityKeyValues=[http.url='/users/v3/api-docs'], map=[class io.micrometer.core.instrument.LongTaskTimer$Sample='SampleImpl{duration(seconds)=0.0294086, duration(nanos)=2.94086E7, startTimeNanos=92665292222200}', class io.micrometer.core.instrument.Timer$Sample='io.micrometer.core.instrument.Timer$Sample@302e0b95'], parentObservation=null}}
2026-03-27T11:16:11.318+05:30 DEBUG 24304 --- [Api-Gateway] [ctor-http-nio-7] o.s.c.g.h.RoutePredicateHandlerMapping   : Route matched: ADMIN-SERVICE
2026-03-27T11:16:11.321+05:30 DEBUG 24304 --- [Api-Gateway] [ctor-http-nio-7] o.s.c.g.h.RoutePredicateHandlerMapping   : Mapping [Exchange: GET http://localhost:7505/admin/v3/api-docs] to Route{id='ADMIN-SERVICE', uri=lb://ADMIN-SERVICE, order=0, predicate=Paths: [/admin/**], match trailing slash: true, gatewayFilters=[], metadata={}}
2026-03-27T11:16:11.322+05:30 DEBUG 24304 --- [Api-Gateway] [ctor-http-nio-7] o.s.c.g.h.RoutePredicateHandlerMapping   : [5907f815-31] Mapped to org.springframework.cloud.gateway.handler.FilteringWebHandler@1cb592da
2026-03-27T11:16:11.322+05:30 DEBUG 24304 --- [Api-Gateway] [ctor-http-nio-7] o.s.c.g.handler.FilteringWebHandler      : Sorted gatewayFilterFactories: [[GatewayFilterAdapter{delegate=org.springframework.cloud.gateway.filter.RemoveCachedBodyFilter@756c67cd}, order = -2147483648], [GatewayFilterAdapter{delegate=org.springframework.cloud.gateway.filter.AdaptCachedBodyGlobalFilter@1cc708a7}, order = -2147482648], [GatewayFilterAdapter{delegate=org.springframework.cloud.gateway.filter.NettyWriteResponseFilter@12214f2f}, order = -1], [GatewayFilterAdapter{delegate=org.springframework.cloud.gateway.filter.ForwardPathFilter@79308a2}, order = 0], [GatewayFilterAdapter{delegate=org.springframework.cloud.gateway.filter.GatewayMetricsFilter@352e5a82}, order = 0], [GatewayFilterAdapter{delegate=org.springframework.cloud.gateway.filter.RouteToRequestUrlFilter@50de907a}, order = 10000], [GatewayFilterAdapter{delegate=org.springframework.cloud.gateway.filter.ReactiveLoadBalancerClientFilter@3a2bb026}, order = 10150], [GatewayFilterAdapter{delegate=org.springframework.cloud.gateway.filter.LoadBalancerServiceInstanceCookieFilter@7645e64}, order = 10151], [GatewayFilterAdapter{delegate=org.springframework.cloud.gateway.filter.WebsocketRoutingFilter@11574592}, order = 2147483646], [GatewayFilterAdapter{delegate=org.springframework.cloud.gateway.filter.NettyRoutingFilter@7de6549d}, order = 2147483647], [GatewayFilterAdapter{delegate=org.springframework.cloud.gateway.filter.ForwardRoutingFilter@1fd37440}, order = 2147483647]]
2026-03-27T11:16:11.325+05:30 DEBUG 24304 --- [Api-Gateway] [ctor-http-nio-7] g.f.h.o.ObservedRequestHttpHeadersFilter : Will instrument the HTTP request headers [Host:"localhost:7505", sec-ch-ua-platform:""Windows"", User-Agent:"Mozilla/5.0 (Windows NT 10.0; Win64; x64) AppleWebKit/537.36 (KHTML, like Gecko) Chrome/146.0.0.0 Safari/537.36", Accept:"application/json,*/*", sec-ch-ua:""Chromium";v="146", "Not-A.Brand";v="24", "Google Chrome";v="146"", sec-ch-ua-mobile:"?0", Sec-Fetch-Site:"same-origin", Sec-Fetch-Mode:"cors", Sec-Fetch-Dest:"empty", Referer:"http://localhost:7505/webjars/swagger-ui/index.html", Accept-Encoding:"gzip, deflate, br, zstd", Accept-Language:"en-US,en;q=0.9", Cookie:"m=", Forwarded:"proto=http;host="localhost:7505";for="[0:0:0:0:0:0:0:1]:59669"", X-Forwarded-For:"0:0:0:0:0:0:0:1", X-Forwarded-Proto:"http", X-Forwarded-Port:"7505", X-Forwarded-Host:"localhost:7505"]
2026-03-27T11:16:11.326+05:30 DEBUG 24304 --- [Api-Gateway] [ctor-http-nio-7] g.f.h.o.ObservedRequestHttpHeadersFilter : Client observation  {name=http.client.requests(null), error=null, context=name='http.client.requests', contextualName='null', error='null', lowCardinalityKeyValues=[http.method='GET', http.status_code='UNKNOWN', spring.cloud.gateway.route.id='ADMIN-SERVICE', spring.cloud.gateway.route.uri='lb://ADMIN-SERVICE'], highCardinalityKeyValues=[http.uri='http://localhost:7505/admin/v3/api-docs'], map=[class io.micrometer.core.instrument.LongTaskTimer$Sample='SampleImpl{duration(seconds)=7.62E-5, duration(nanos)=76200.0, startTimeNanos=92668311814300}', class io.micrometer.core.instrument.Timer$Sample='io.micrometer.core.instrument.Timer$Sample@60beb27b'], parentObservation={name=http.server.requests(null), error=null, context=name='http.server.requests', contextualName='null', error='null', lowCardinalityKeyValues=[exception='none', method='GET', outcome='SUCCESS', status='200', uri='UNKNOWN'], highCardinalityKeyValues=[http.url='/admin/v3/api-docs'], map=[class io.micrometer.core.instrument.LongTaskTimer$Sample='SampleImpl{duration(seconds)=0.008062, duration(nanos)=8062000.0, startTimeNanos=92668303908300}', class io.micrometer.core.instrument.Timer$Sample='io.micrometer.core.instrument.Timer$Sample@7af0cb5e'], parentObservation=null}} created for the request. New headers are [Host:"localhost:7505", sec-ch-ua-platform:""Windows"", User-Agent:"Mozilla/5.0 (Windows NT 10.0; Win64; x64) AppleWebKit/537.36 (KHTML, like Gecko) Chrome/146.0.0.0 Safari/537.36", Accept:"application/json,*/*", sec-ch-ua:""Chromium";v="146", "Not-A.Brand";v="24", "Google Chrome";v="146"", sec-ch-ua-mobile:"?0", Sec-Fetch-Site:"same-origin", Sec-Fetch-Mode:"cors", Sec-Fetch-Dest:"empty", Referer:"http://localhost:7505/webjars/swagger-ui/index.html", Accept-Encoding:"gzip, deflate, br, zstd", Accept-Language:"en-US,en;q=0.9", Cookie:"m=", Forwarded:"proto=http;host="localhost:7505";for="[0:0:0:0:0:0:0:1]:59669"", X-Forwarded-For:"0:0:0:0:0:0:0:1", X-Forwarded-Proto:"http", X-Forwarded-Port:"7505", X-Forwarded-Host:"localhost:7505"]
2026-03-27T11:16:11.341+05:30 DEBUG 24304 --- [Api-Gateway] [ctor-http-nio-7] .f.h.o.ObservedResponseHttpHeadersFilter : Will instrument the response
2026-03-27T11:16:11.342+05:30 DEBUG 24304 --- [Api-Gateway] [ctor-http-nio-7] .f.h.o.ObservedResponseHttpHeadersFilter : The response was handled for observation {name=http.client.requests(null), error=null, context=name='http.client.requests', contextualName='null', error='null', lowCardinalityKeyValues=[http.method='GET', http.status_code='UNKNOWN', spring.cloud.gateway.route.id='ADMIN-SERVICE', spring.cloud.gateway.route.uri='lb://ADMIN-SERVICE'], highCardinalityKeyValues=[http.uri='http://localhost:7505/admin/v3/api-docs'], map=[class io.micrometer.core.instrument.LongTaskTimer$Sample='SampleImpl{duration(seconds)=0.0162226, duration(nanos)=1.62226E7, startTimeNanos=92668311814300}', class io.micrometer.core.instrument.Timer$Sample='io.micrometer.core.instrument.Timer$Sample@60beb27b'], parentObservation={name=http.server.requests(null), error=null, context=name='http.server.requests', contextualName='null', error='null', lowCardinalityKeyValues=[exception='none', method='GET', outcome='SUCCESS', status='200', uri='UNKNOWN'], highCardinalityKeyValues=[http.url='/admin/v3/api-docs'], map=[class io.micrometer.core.instrument.LongTaskTimer$Sample='SampleImpl{duration(seconds)=0.0242681, duration(nanos)=2.42681E7, startTimeNanos=92668303908300}', class io.micrometer.core.instrument.Timer$Sample='io.micrometer.core.instrument.Timer$Sample@7af0cb5e'], parentObservation=null}}
2026-03-27T11:16:17.668+05:30 DEBUG 24304 --- [Api-Gateway] [ctor-http-nio-4] o.s.c.g.h.RoutePredicateHandlerMapping   : Route matched: AUTH-SERVICE
2026-03-27T11:16:17.672+05:30 DEBUG 24304 --- [Api-Gateway] [ctor-http-nio-4] o.s.c.g.h.RoutePredicateHandlerMapping   : Mapping [Exchange: POST http://localhost:7505/auth/Log-In?identifier=srivastavaharsh148%40gmail.com&otp=762402] to Route{id='AUTH-SERVICE', uri=lb://USER-SERVICE, order=0, predicate=Paths: [/auth/**], match trailing slash: true, gatewayFilters=[], metadata={}}
2026-03-27T11:16:17.672+05:30 DEBUG 24304 --- [Api-Gateway] [ctor-http-nio-4] o.s.c.g.h.RoutePredicateHandlerMapping   : [d4459dfe-32] Mapped to org.springframework.cloud.gateway.handler.FilteringWebHandler@1cb592da
2026-03-27T11:16:17.672+05:30 DEBUG 24304 --- [Api-Gateway] [ctor-http-nio-4] o.s.c.g.handler.FilteringWebHandler      : Sorted gatewayFilterFactories: [[GatewayFilterAdapter{delegate=org.springframework.cloud.gateway.filter.RemoveCachedBodyFilter@756c67cd}, order = -2147483648], [GatewayFilterAdapter{delegate=org.springframework.cloud.gateway.filter.AdaptCachedBodyGlobalFilter@1cc708a7}, order = -2147482648], [GatewayFilterAdapter{delegate=org.springframework.cloud.gateway.filter.NettyWriteResponseFilter@12214f2f}, order = -1], [GatewayFilterAdapter{delegate=org.springframework.cloud.gateway.filter.ForwardPathFilter@79308a2}, order = 0], [GatewayFilterAdapter{delegate=org.springframework.cloud.gateway.filter.GatewayMetricsFilter@352e5a82}, order = 0], [GatewayFilterAdapter{delegate=org.springframework.cloud.gateway.filter.RouteToRequestUrlFilter@50de907a}, order = 10000], [GatewayFilterAdapter{delegate=org.springframework.cloud.gateway.filter.ReactiveLoadBalancerClientFilter@3a2bb026}, order = 10150], [GatewayFilterAdapter{delegate=org.springframework.cloud.gateway.filter.LoadBalancerServiceInstanceCookieFilter@7645e64}, order = 10151], [GatewayFilterAdapter{delegate=org.springframework.cloud.gateway.filter.WebsocketRoutingFilter@11574592}, order = 2147483646], [GatewayFilterAdapter{delegate=org.springframework.cloud.gateway.filter.NettyRoutingFilter@7de6549d}, order = 2147483647], [GatewayFilterAdapter{delegate=org.springframework.cloud.gateway.filter.ForwardRoutingFilter@1fd37440}, order = 2147483647]]
2026-03-27T11:16:17.673+05:30 DEBUG 24304 --- [Api-Gateway] [ctor-http-nio-4] g.f.h.o.ObservedRequestHttpHeadersFilter : Will instrument the HTTP request headers [Host:"localhost:7505", Content-Length:"0", sec-ch-ua-platform:""Windows"", User-Agent:"Mozilla/5.0 (Windows NT 10.0; Win64; x64) AppleWebKit/537.36 (KHTML, like Gecko) Chrome/146.0.0.0 Safari/537.36 Edg/146.0.0.0", accept:"*/*", sec-ch-ua:""Chromium";v="146", "Not-A.Brand";v="24", "Microsoft Edge";v="146"", sec-ch-ua-mobile:"?0", Origin:"http://localhost:7505", Sec-Fetch-Site:"same-origin", Sec-Fetch-Mode:"cors", Sec-Fetch-Dest:"empty", Referer:"http://localhost:7505/webjars/swagger-ui/index.html?urls.primaryName=User%20Service", Accept-Encoding:"gzip, deflate, br, zstd", Accept-Language:"en-US,en;q=0.9", Cookie:"jenkins-timestamper-offset=-19800000; ajs_anonymous_id=bb3c0659-9741-4132-8e48-df1d063bdfc6; splunkweb_csrf_token_8000=4650811227071327921; m=; JSESSIONID=3C8853B00C5DEE94D540EFD356E822A6", Forwarded:"proto=http;host="localhost:7505";for="[0:0:0:0:0:0:0:1]:52519"", X-Forwarded-For:"0:0:0:0:0:0:0:1", X-Forwarded-Proto:"http", X-Forwarded-Port:"7505", X-Forwarded-Host:"localhost:7505"]
2026-03-27T11:16:17.675+05:30 DEBUG 24304 --- [Api-Gateway] [ctor-http-nio-4] g.f.h.o.ObservedRequestHttpHeadersFilter : Client observation  {name=http.client.requests(null), error=null, context=name='http.client.requests', contextualName='null', error='null', lowCardinalityKeyValues=[http.method='POST', http.status_code='UNKNOWN', spring.cloud.gateway.route.id='AUTH-SERVICE', spring.cloud.gateway.route.uri='lb://USER-SERVICE'], highCardinalityKeyValues=[http.uri='http://localhost:7505/auth/Log-In?identifier=srivastavaharsh148%40gmail.com&otp=762402'], map=[class io.micrometer.core.instrument.LongTaskTimer$Sample='SampleImpl{duration(seconds)=6.65E-5, duration(nanos)=66500.0, startTimeNanos=92674660875800}', class io.micrometer.core.instrument.Timer$Sample='io.micrometer.core.instrument.Timer$Sample@2957b33b'], parentObservation={name=http.server.requests(null), error=null, context=name='http.server.requests', contextualName='null', error='null', lowCardinalityKeyValues=[exception='none', method='POST', outcome='SUCCESS', status='200', uri='UNKNOWN'], highCardinalityKeyValues=[http.url='/auth/Log-In'], map=[class io.micrometer.core.instrument.LongTaskTimer$Sample='SampleImpl{duration(seconds)=0.0075129, duration(nanos)=7512900.0, startTimeNanos=92674653726200}', class io.micrometer.core.instrument.Timer$Sample='io.micrometer.core.instrument.Timer$Sample@344187fc'], parentObservation=null}} created for the request. New headers are [Host:"localhost:7505", Content-Length:"0", sec-ch-ua-platform:""Windows"", User-Agent:"Mozilla/5.0 (Windows NT 10.0; Win64; x64) AppleWebKit/537.36 (KHTML, like Gecko) Chrome/146.0.0.0 Safari/537.36 Edg/146.0.0.0", accept:"*/*", sec-ch-ua:""Chromium";v="146", "Not-A.Brand";v="24", "Microsoft Edge";v="146"", sec-ch-ua-mobile:"?0", Origin:"http://localhost:7505", Sec-Fetch-Site:"same-origin", Sec-Fetch-Mode:"cors", Sec-Fetch-Dest:"empty", Referer:"http://localhost:7505/webjars/swagger-ui/index.html?urls.primaryName=User%20Service", Accept-Encoding:"gzip, deflate, br, zstd", Accept-Language:"en-US,en;q=0.9", Cookie:"jenkins-timestamper-offset=-19800000; ajs_anonymous_id=bb3c0659-9741-4132-8e48-df1d063bdfc6; splunkweb_csrf_token_8000=4650811227071327921; m=; JSESSIONID=3C8853B00C5DEE94D540EFD356E822A6", Forwarded:"proto=http;host="localhost:7505";for="[0:0:0:0:0:0:0:1]:52519"", X-Forwarded-For:"0:0:0:0:0:0:0:1", X-Forwarded-Proto:"http", X-Forwarded-Port:"7505", X-Forwarded-Host:"localhost:7505"]
2026-03-27T11:16:17.716+05:30 DEBUG 24304 --- [Api-Gateway] [ctor-http-nio-4] .f.h.o.ObservedResponseHttpHeadersFilter : Will instrument the response
2026-03-27T11:16:17.717+05:30 DEBUG 24304 --- [Api-Gateway] [ctor-http-nio-4] .f.h.o.ObservedResponseHttpHeadersFilter : The response was handled for observation {name=http.client.requests(null), error=null, context=name='http.client.requests', contextualName='null', error='null', lowCardinalityKeyValues=[http.method='POST', http.status_code='UNKNOWN', spring.cloud.gateway.route.id='AUTH-SERVICE', spring.cloud.gateway.route.uri='lb://USER-SERVICE'], highCardinalityKeyValues=[http.uri='http://localhost:7505/auth/Log-In?identifier=srivastavaharsh148%40gmail.com&otp=762402'], map=[class io.micrometer.core.instrument.LongTaskTimer$Sample='SampleImpl{duration(seconds)=0.0427899, duration(nanos)=4.27899E7, startTimeNanos=92674660875800}', class io.micrometer.core.instrument.Timer$Sample='io.micrometer.core.instrument.Timer$Sample@2957b33b'], parentObservation={name=http.server.requests(null), error=null, context=name='http.server.requests', contextualName='null', error='null', lowCardinalityKeyValues=[exception='none', method='POST', outcome='SUCCESS', status='200', uri='UNKNOWN'], highCardinalityKeyValues=[http.url='/auth/Log-In'], map=[class io.micrometer.core.instrument.LongTaskTimer$Sample='SampleImpl{duration(seconds)=0.0500558, duration(nanos)=5.00558E7, startTimeNanos=92674653726200}', class io.micrometer.core.instrument.Timer$Sample='io.micrometer.core.instrument.Timer$Sample@344187fc'], parentObservation=null}}
2026-03-27T11:16:25.294+05:30 DEBUG 24304 --- [Api-Gateway] [reshExecutor-%d] o.s.c.g.r.RouteDefinitionRouteLocator    : RouteDefinition ReactiveCompositeDiscoveryClient_CONFIG-SERVIER applying {pattern=/config-servier/**} to Path
2026-03-27T11:16:25.297+05:30 DEBUG 24304 --- [Api-Gateway] [reshExecutor-%d] o.s.c.g.r.RouteDefinitionRouteLocator    : RouteDefinition ReactiveCompositeDiscoveryClient_CONFIG-SERVIER applying filter {regexp=/config-servier/?(?<remaining>.*), replacement=/${remaining}} to RewritePath
2026-03-27T11:16:25.298+05:30 DEBUG 24304 --- [Api-Gateway] [reshExecutor-%d] o.s.c.g.r.RouteDefinitionRouteLocator    : RouteDefinition matched: ReactiveCompositeDiscoveryClient_CONFIG-SERVIER
2026-03-27T11:16:25.298+05:30 DEBUG 24304 --- [Api-Gateway] [reshExecutor-%d] o.s.c.g.r.RouteDefinitionRouteLocator    : RouteDefinition ReactiveCompositeDiscoveryClient_API-GATEWAY applying {pattern=/api-gateway/**} to Path
2026-03-27T11:16:25.300+05:30 DEBUG 24304 --- [Api-Gateway] [reshExecutor-%d] o.s.c.g.r.RouteDefinitionRouteLocator    : RouteDefinition ReactiveCompositeDiscoveryClient_API-GATEWAY applying filter {regexp=/api-gateway/?(?<remaining>.*), replacement=/${remaining}} to RewritePath
2026-03-27T11:16:25.302+05:30 DEBUG 24304 --- [Api-Gateway] [reshExecutor-%d] o.s.c.g.r.RouteDefinitionRouteLocator    : RouteDefinition matched: ReactiveCompositeDiscoveryClient_API-GATEWAY
2026-03-27T11:16:25.302+05:30 DEBUG 24304 --- [Api-Gateway] [reshExecutor-%d] o.s.c.g.r.RouteDefinitionRouteLocator    : RouteDefinition ReactiveCompositeDiscoveryClient_REWARDS-SERVICE applying {pattern=/rewards-service/**} to Path
2026-03-27T11:16:25.304+05:30 DEBUG 24304 --- [Api-Gateway] [reshExecutor-%d] o.s.c.g.r.RouteDefinitionRouteLocator    : RouteDefinition ReactiveCompositeDiscoveryClient_REWARDS-SERVICE applying filter {regexp=/rewards-service/?(?<remaining>.*), replacement=/${remaining}} to RewritePath
2026-03-27T11:16:25.307+05:30 DEBUG 24304 --- [Api-Gateway] [reshExecutor-%d] o.s.c.g.r.RouteDefinitionRouteLocator    : RouteDefinition matched: ReactiveCompositeDiscoveryClient_REWARDS-SERVICE
2026-03-27T11:16:25.308+05:30 DEBUG 24304 --- [Api-Gateway] [reshExecutor-%d] o.s.c.g.r.RouteDefinitionRouteLocator    : RouteDefinition ReactiveCompositeDiscoveryClient_KYC-SERVICE applying {pattern=/kyc-service/**} to Path
2026-03-27T11:16:25.309+05:30 DEBUG 24304 --- [Api-Gateway] [reshExecutor-%d] o.s.c.g.r.RouteDefinitionRouteLocator    : RouteDefinition ReactiveCompositeDiscoveryClient_KYC-SERVICE applying filter {regexp=/kyc-service/?(?<remaining>.*), replacement=/${remaining}} to RewritePath
2026-03-27T11:16:25.310+05:30 DEBUG 24304 --- [Api-Gateway] [reshExecutor-%d] o.s.c.g.r.RouteDefinitionRouteLocator    : RouteDefinition matched: ReactiveCompositeDiscoveryClient_KYC-SERVICE
2026-03-27T11:16:25.312+05:30 DEBUG 24304 --- [Api-Gateway] [reshExecutor-%d] o.s.c.g.r.RouteDefinitionRouteLocator    : RouteDefinition ReactiveCompositeDiscoveryClient_TRANSACTION-SERVICE applying {pattern=/transaction-service/**} to Path
2026-03-27T11:16:25.313+05:30 DEBUG 24304 --- [Api-Gateway] [reshExecutor-%d] o.s.c.g.r.RouteDefinitionRouteLocator    : RouteDefinition ReactiveCompositeDiscoveryClient_TRANSACTION-SERVICE applying filter {regexp=/transaction-service/?(?<remaining>.*), replacement=/${remaining}} to RewritePath
2026-03-27T11:16:25.315+05:30 DEBUG 24304 --- [Api-Gateway] [reshExecutor-%d] o.s.c.g.r.RouteDefinitionRouteLocator    : RouteDefinition matched: ReactiveCompositeDiscoveryClient_TRANSACTION-SERVICE
2026-03-27T11:16:25.316+05:30 DEBUG 24304 --- [Api-Gateway] [reshExecutor-%d] o.s.c.g.r.RouteDefinitionRouteLocator    : RouteDefinition ReactiveCompositeDiscoveryClient_ADMIN-SERVICE applying {pattern=/admin-service/**} to Path
2026-03-27T11:16:25.317+05:30 DEBUG 24304 --- [Api-Gateway] [reshExecutor-%d] o.s.c.g.r.RouteDefinitionRouteLocator    : RouteDefinition ReactiveCompositeDiscoveryClient_ADMIN-SERVICE applying filter {regexp=/admin-service/?(?<remaining>.*), replacement=/${remaining}} to RewritePath
2026-03-27T11:16:25.318+05:30 DEBUG 24304 --- [Api-Gateway] [reshExecutor-%d] o.s.c.g.r.RouteDefinitionRouteLocator    : RouteDefinition matched: ReactiveCompositeDiscoveryClient_ADMIN-SERVICE
2026-03-27T11:16:25.318+05:30 DEBUG 24304 --- [Api-Gateway] [reshExecutor-%d] o.s.c.g.r.RouteDefinitionRouteLocator    : RouteDefinition ReactiveCompositeDiscoveryClient_WALLET-SERVICE applying {pattern=/wallet-service/**} to Path
2026-03-27T11:16:25.319+05:30 DEBUG 24304 --- [Api-Gateway] [reshExecutor-%d] o.s.c.g.r.RouteDefinitionRouteLocator    : RouteDefinition ReactiveCompositeDiscoveryClient_WALLET-SERVICE applying filter {regexp=/wallet-service/?(?<remaining>.*), replacement=/${remaining}} to RewritePath
2026-03-27T11:16:25.320+05:30 DEBUG 24304 --- [Api-Gateway] [reshExecutor-%d] o.s.c.g.r.RouteDefinitionRouteLocator    : RouteDefinition matched: ReactiveCompositeDiscoveryClient_WALLET-SERVICE
2026-03-27T11:16:25.322+05:30 DEBUG 24304 --- [Api-Gateway] [reshExecutor-%d] o.s.c.g.r.RouteDefinitionRouteLocator    : RouteDefinition ReactiveCompositeDiscoveryClient_NOTIFICATION-SERVICE applying {pattern=/notification-service/**} to Path
2026-03-27T11:16:25.324+05:30 DEBUG 24304 --- [Api-Gateway] [reshExecutor-%d] o.s.c.g.r.RouteDefinitionRouteLocator    : RouteDefinition ReactiveCompositeDiscoveryClient_NOTIFICATION-SERVICE applying filter {regexp=/notification-service/?(?<remaining>.*), replacement=/${remaining}} to RewritePath
2026-03-27T11:16:25.325+05:30 DEBUG 24304 --- [Api-Gateway] [reshExecutor-%d] o.s.c.g.r.RouteDefinitionRouteLocator    : RouteDefinition matched: ReactiveCompositeDiscoveryClient_NOTIFICATION-SERVICE
2026-03-27T11:16:25.327+05:30 DEBUG 24304 --- [Api-Gateway] [reshExecutor-%d] o.s.c.g.r.RouteDefinitionRouteLocator    : RouteDefinition ReactiveCompositeDiscoveryClient_PAYMENT-SERVICES applying {pattern=/payment-services/**} to Path
2026-03-27T11:16:25.327+05:30 DEBUG 24304 --- [Api-Gateway] [reshExecutor-%d] o.s.c.g.r.RouteDefinitionRouteLocator    : RouteDefinition ReactiveCompositeDiscoveryClient_PAYMENT-SERVICES applying filter {regexp=/payment-services/?(?<remaining>.*), replacement=/${remaining}} to RewritePath
2026-03-27T11:16:25.328+05:30 DEBUG 24304 --- [Api-Gateway] [reshExecutor-%d] o.s.c.g.r.RouteDefinitionRouteLocator    : RouteDefinition matched: ReactiveCompositeDiscoveryClient_PAYMENT-SERVICES
2026-03-27T11:16:25.329+05:30 DEBUG 24304 --- [Api-Gateway] [reshExecutor-%d] o.s.c.g.r.RouteDefinitionRouteLocator    : RouteDefinition ReactiveCompositeDiscoveryClient_USER-SERVICE applying {pattern=/user-service/**} to Path
2026-03-27T11:16:25.329+05:30 DEBUG 24304 --- [Api-Gateway] [reshExecutor-%d] o.s.c.g.r.RouteDefinitionRouteLocator    : RouteDefinition ReactiveCompositeDiscoveryClient_USER-SERVICE applying filter {regexp=/user-service/?(?<remaining>.*), replacement=/${remaining}} to RewritePath
2026-03-27T11:16:25.330+05:30 DEBUG 24304 --- [Api-Gateway] [reshExecutor-%d] o.s.c.g.r.RouteDefinitionRouteLocator    : RouteDefinition matched: ReactiveCompositeDiscoveryClient_USER-SERVICE
2026-03-27T11:16:25.331+05:30 DEBUG 24304 --- [Api-Gateway] [reshExecutor-%d] o.s.c.g.r.RouteDefinitionRouteLocator    : RouteDefinition AUTH-SERVICE applying {_genkey_0=/auth/**} to Path
2026-03-27T11:16:25.331+05:30 DEBUG 24304 --- [Api-Gateway] [reshExecutor-%d] o.s.c.g.r.RouteDefinitionRouteLocator    : RouteDefinition matched: AUTH-SERVICE
2026-03-27T11:16:25.333+05:30 DEBUG 24304 --- [Api-Gateway] [reshExecutor-%d] o.s.c.g.r.RouteDefinitionRouteLocator    : RouteDefinition ADMIN-SERVICE applying {_genkey_0=/admin/**} to Path
2026-03-27T11:16:25.334+05:30 DEBUG 24304 --- [Api-Gateway] [reshExecutor-%d] o.s.c.g.r.RouteDefinitionRouteLocator    : RouteDefinition matched: ADMIN-SERVICE
2026-03-27T11:16:25.335+05:30 DEBUG 24304 --- [Api-Gateway] [reshExecutor-%d] o.s.c.g.r.RouteDefinitionRouteLocator    : RouteDefinition KYC-SERVICE applying {_genkey_0=/kyc/**} to Path
2026-03-27T11:16:25.336+05:30 DEBUG 24304 --- [Api-Gateway] [reshExecutor-%d] o.s.c.g.r.RouteDefinitionRouteLocator    : RouteDefinition matched: KYC-SERVICE
2026-03-27T11:16:25.337+05:30 DEBUG 24304 --- [Api-Gateway] [reshExecutor-%d] o.s.c.g.r.RouteDefinitionRouteLocator    : RouteDefinition PAYMENT-SERVICES applying {_genkey_0=/api/payments/**} to Path
2026-03-27T11:16:25.339+05:30 DEBUG 24304 --- [Api-Gateway] [reshExecutor-%d] o.s.c.g.r.RouteDefinitionRouteLocator    : RouteDefinition PAYMENT-SERVICES applying filter {_genkey_0=name:paymentCircuitBreaker, _genkey_1=fallbackUri:forward:/fallback/payment} to CircuitBreaker
2026-03-27T11:16:25.343+05:30 DEBUG 24304 --- [Api-Gateway] [reshExecutor-%d] o.s.c.g.r.RouteDefinitionRouteLocator    : RouteDefinition matched: PAYMENT-SERVICES
2026-03-27T11:16:25.343+05:30 DEBUG 24304 --- [Api-Gateway] [reshExecutor-%d] o.s.c.g.r.RouteDefinitionRouteLocator    : RouteDefinition WALLET-SERVICE applying {_genkey_0=/api/wallets/**} to Path
2026-03-27T11:16:25.345+05:30 DEBUG 24304 --- [Api-Gateway] [reshExecutor-%d] o.s.c.g.r.RouteDefinitionRouteLocator    : RouteDefinition WALLET-SERVICE applying filter {_genkey_0=name:walletCircuitBreaker, _genkey_1=fallbackUri:forward:/fallback/general} to CircuitBreaker
2026-03-27T11:16:25.346+05:30 DEBUG 24304 --- [Api-Gateway] [reshExecutor-%d] o.s.c.g.r.RouteDefinitionRouteLocator    : RouteDefinition matched: WALLET-SERVICE
2026-03-27T11:16:25.346+05:30 DEBUG 24304 --- [Api-Gateway] [reshExecutor-%d] o.s.c.g.r.RouteDefinitionRouteLocator    : RouteDefinition TRANSACTION-SERVICE applying {_genkey_0=/api/transaction/**} to Path
2026-03-27T11:16:25.347+05:30 DEBUG 24304 --- [Api-Gateway] [reshExecutor-%d] o.s.c.g.r.RouteDefinitionRouteLocator    : RouteDefinition TRANSACTION-SERVICE applying filter {_genkey_0=name:transactionCircuitBreaker, _genkey_1=fallbackUri:forward:/fallback/general} to CircuitBreaker
2026-03-27T11:16:25.349+05:30 DEBUG 24304 --- [Api-Gateway] [reshExecutor-%d] o.s.c.g.r.RouteDefinitionRouteLocator    : RouteDefinition matched: TRANSACTION-SERVICE
2026-03-27T11:16:25.350+05:30 DEBUG 24304 --- [Api-Gateway] [reshExecutor-%d] o.s.c.g.r.RouteDefinitionRouteLocator    : RouteDefinition REWARDS-SERVICE applying {_genkey_0=/api/rewards/**} to Path
2026-03-27T11:16:25.351+05:30 DEBUG 24304 --- [Api-Gateway] [reshExecutor-%d] o.s.c.g.r.RouteDefinitionRouteLocator    : RouteDefinition REWARDS-SERVICE applying filter {_genkey_0=name:rewardCircuitBreaker, _genkey_1=fallbackUri:forward:/fallback/reward} to CircuitBreaker
2026-03-27T11:16:25.352+05:30 DEBUG 24304 --- [Api-Gateway] [reshExecutor-%d] o.s.c.g.r.RouteDefinitionRouteLocator    : RouteDefinition matched: REWARDS-SERVICE
2026-03-27T11:16:25.353+05:30 DEBUG 24304 --- [Api-Gateway] [reshExecutor-%d] o.s.c.g.r.RouteDefinitionRouteLocator    : RouteDefinition NOTIFICATION-SERVICE applying {_genkey_0=/api/notifications/**} to Path
2026-03-27T11:16:25.355+05:30 DEBUG 24304 --- [Api-Gateway] [reshExecutor-%d] o.s.c.g.r.RouteDefinitionRouteLocator    : RouteDefinition NOTIFICATION-SERVICE applying filter {_genkey_0=name:notificationCircuitBreaker, _genkey_1=fallbackUri:forward:/fallback/general} to CircuitBreaker
2026-03-27T11:16:25.357+05:30 DEBUG 24304 --- [Api-Gateway] [reshExecutor-%d] o.s.c.g.r.RouteDefinitionRouteLocator    : RouteDefinition matched: NOTIFICATION-SERVICE
2026-03-27T11:16:25.358+05:30 DEBUG 24304 --- [Api-Gateway] [reshExecutor-%d] o.s.c.g.r.RouteDefinitionRouteLocator    : RouteDefinition USER-SERVICE applying {_genkey_0=/users/**} to Path
2026-03-27T11:16:25.360+05:30 DEBUG 24304 --- [Api-Gateway] [reshExecutor-%d] o.s.c.g.r.RouteDefinitionRouteLocator    : RouteDefinition matched: USER-SERVICE
2026-03-27T11:16:25.362+05:30 DEBUG 24304 --- [Api-Gateway] [reshExecutor-%d] o.s.c.g.filter.GatewayMetricsFilter      : New routes count: 19
2026-03-27T11:16:55.388+05:30 DEBUG 24304 --- [Api-Gateway] [reshExecutor-%d] o.s.c.g.r.RouteDefinitionRouteLocator    : RouteDefinition ReactiveCompositeDiscoveryClient_CONFIG-SERVIER applying {pattern=/config-servier/**} to Path
2026-03-27T11:16:55.389+05:30 DEBUG 24304 --- [Api-Gateway] [reshExecutor-%d] o.s.c.g.r.RouteDefinitionRouteLocator    : RouteDefinition ReactiveCompositeDiscoveryClient_CONFIG-SERVIER applying filter {regexp=/config-servier/?(?<remaining>.*), replacement=/${remaining}} to RewritePath
2026-03-27T11:16:55.390+05:30 DEBUG 24304 --- [Api-Gateway] [reshExecutor-%d] o.s.c.g.r.RouteDefinitionRouteLocator    : RouteDefinition matched: ReactiveCompositeDiscoveryClient_CONFIG-SERVIER
2026-03-27T11:16:55.392+05:30 DEBUG 24304 --- [Api-Gateway] [reshExecutor-%d] o.s.c.g.r.RouteDefinitionRouteLocator    : RouteDefinition ReactiveCompositeDiscoveryClient_API-GATEWAY applying {pattern=/api-gateway/**} to Path
2026-03-27T11:16:55.393+05:30 DEBUG 24304 --- [Api-Gateway] [reshExecutor-%d] o.s.c.g.r.RouteDefinitionRouteLocator    : RouteDefinition ReactiveCompositeDiscoveryClient_API-GATEWAY applying filter {regexp=/api-gateway/?(?<remaining>.*), replacement=/${remaining}} to RewritePath
2026-03-27T11:16:55.394+05:30 DEBUG 24304 --- [Api-Gateway] [reshExecutor-%d] o.s.c.g.r.RouteDefinitionRouteLocator    : RouteDefinition matched: ReactiveCompositeDiscoveryClient_API-GATEWAY
2026-03-27T11:16:55.395+05:30 DEBUG 24304 --- [Api-Gateway] [reshExecutor-%d] o.s.c.g.r.RouteDefinitionRouteLocator    : RouteDefinition ReactiveCompositeDiscoveryClient_REWARDS-SERVICE applying {pattern=/rewards-service/**} to Path
2026-03-27T11:16:55.395+05:30 DEBUG 24304 --- [Api-Gateway] [reshExecutor-%d] o.s.c.g.r.RouteDefinitionRouteLocator    : RouteDefinition ReactiveCompositeDiscoveryClient_REWARDS-SERVICE applying filter {regexp=/rewards-service/?(?<remaining>.*), replacement=/${remaining}} to RewritePath
2026-03-27T11:16:55.396+05:30 DEBUG 24304 --- [Api-Gateway] [reshExecutor-%d] o.s.c.g.r.RouteDefinitionRouteLocator    : RouteDefinition matched: ReactiveCompositeDiscoveryClient_REWARDS-SERVICE
2026-03-27T11:16:55.398+05:30 DEBUG 24304 --- [Api-Gateway] [reshExecutor-%d] o.s.c.g.r.RouteDefinitionRouteLocator    : RouteDefinition ReactiveCompositeDiscoveryClient_KYC-SERVICE applying {pattern=/kyc-service/**} to Path
2026-03-27T11:16:55.399+05:30 DEBUG 24304 --- [Api-Gateway] [reshExecutor-%d] o.s.c.g.r.RouteDefinitionRouteLocator    : RouteDefinition ReactiveCompositeDiscoveryClient_KYC-SERVICE applying filter {regexp=/kyc-service/?(?<remaining>.*), replacement=/${remaining}} to RewritePath
2026-03-27T11:16:55.399+05:30 DEBUG 24304 --- [Api-Gateway] [reshExecutor-%d] o.s.c.g.r.RouteDefinitionRouteLocator    : RouteDefinition matched: ReactiveCompositeDiscoveryClient_KYC-SERVICE
2026-03-27T11:16:55.400+05:30 DEBUG 24304 --- [Api-Gateway] [reshExecutor-%d] o.s.c.g.r.RouteDefinitionRouteLocator    : RouteDefinition ReactiveCompositeDiscoveryClient_TRANSACTION-SERVICE applying {pattern=/transaction-service/**} to Path
2026-03-27T11:16:55.402+05:30 DEBUG 24304 --- [Api-Gateway] [reshExecutor-%d] o.s.c.g.r.RouteDefinitionRouteLocator    : RouteDefinition ReactiveCompositeDiscoveryClient_TRANSACTION-SERVICE applying filter {regexp=/transaction-service/?(?<remaining>.*), replacement=/${remaining}} to RewritePath
2026-03-27T11:16:55.402+05:30 DEBUG 24304 --- [Api-Gateway] [reshExecutor-%d] o.s.c.g.r.RouteDefinitionRouteLocator    : RouteDefinition matched: ReactiveCompositeDiscoveryClient_TRANSACTION-SERVICE
2026-03-27T11:16:55.403+05:30 DEBUG 24304 --- [Api-Gateway] [reshExecutor-%d] o.s.c.g.r.RouteDefinitionRouteLocator    : RouteDefinition ReactiveCompositeDiscoveryClient_ADMIN-SERVICE applying {pattern=/admin-service/**} to Path
2026-03-27T11:16:55.405+05:30 DEBUG 24304 --- [Api-Gateway] [reshExecutor-%d] o.s.c.g.r.RouteDefinitionRouteLocator    : RouteDefinition ReactiveCompositeDiscoveryClient_ADMIN-SERVICE applying filter {regexp=/admin-service/?(?<remaining>.*), replacement=/${remaining}} to RewritePath
2026-03-27T11:16:55.405+05:30 DEBUG 24304 --- [Api-Gateway] [reshExecutor-%d] o.s.c.g.r.RouteDefinitionRouteLocator    : RouteDefinition matched: ReactiveCompositeDiscoveryClient_ADMIN-SERVICE
2026-03-27T11:16:55.405+05:30 DEBUG 24304 --- [Api-Gateway] [reshExecutor-%d] o.s.c.g.r.RouteDefinitionRouteLocator    : RouteDefinition ReactiveCompositeDiscoveryClient_WALLET-SERVICE applying {pattern=/wallet-service/**} to Path
2026-03-27T11:16:55.406+05:30 DEBUG 24304 --- [Api-Gateway] [reshExecutor-%d] o.s.c.g.r.RouteDefinitionRouteLocator    : RouteDefinition ReactiveCompositeDiscoveryClient_WALLET-SERVICE applying filter {regexp=/wallet-service/?(?<remaining>.*), replacement=/${remaining}} to RewritePath
2026-03-27T11:16:55.407+05:30 DEBUG 24304 --- [Api-Gateway] [reshExecutor-%d] o.s.c.g.r.RouteDefinitionRouteLocator    : RouteDefinition matched: ReactiveCompositeDiscoveryClient_WALLET-SERVICE
2026-03-27T11:16:55.407+05:30 DEBUG 24304 --- [Api-Gateway] [reshExecutor-%d] o.s.c.g.r.RouteDefinitionRouteLocator    : RouteDefinition ReactiveCompositeDiscoveryClient_NOTIFICATION-SERVICE applying {pattern=/notification-service/**} to Path
2026-03-27T11:16:55.409+05:30 DEBUG 24304 --- [Api-Gateway] [reshExecutor-%d] o.s.c.g.r.RouteDefinitionRouteLocator    : RouteDefinition ReactiveCompositeDiscoveryClient_NOTIFICATION-SERVICE applying filter {regexp=/notification-service/?(?<remaining>.*), replacement=/${remaining}} to RewritePath
2026-03-27T11:16:55.410+05:30 DEBUG 24304 --- [Api-Gateway] [reshExecutor-%d] o.s.c.g.r.RouteDefinitionRouteLocator    : RouteDefinition matched: ReactiveCompositeDiscoveryClient_NOTIFICATION-SERVICE
2026-03-27T11:16:55.411+05:30 DEBUG 24304 --- [Api-Gateway] [reshExecutor-%d] o.s.c.g.r.RouteDefinitionRouteLocator    : RouteDefinition ReactiveCompositeDiscoveryClient_PAYMENT-SERVICES applying {pattern=/payment-services/**} to Path
2026-03-27T11:16:55.412+05:30 DEBUG 24304 --- [Api-Gateway] [reshExecutor-%d] o.s.c.g.r.RouteDefinitionRouteLocator    : RouteDefinition ReactiveCompositeDiscoveryClient_PAYMENT-SERVICES applying filter {regexp=/payment-services/?(?<remaining>.*), replacement=/${remaining}} to RewritePath
2026-03-27T11:16:55.413+05:30 DEBUG 24304 --- [Api-Gateway] [reshExecutor-%d] o.s.c.g.r.RouteDefinitionRouteLocator    : RouteDefinition matched: ReactiveCompositeDiscoveryClient_PAYMENT-SERVICES
2026-03-27T11:16:55.413+05:30 DEBUG 24304 --- [Api-Gateway] [reshExecutor-%d] o.s.c.g.r.RouteDefinitionRouteLocator    : RouteDefinition ReactiveCompositeDiscoveryClient_USER-SERVICE applying {pattern=/user-service/**} to Path
2026-03-27T11:16:55.415+05:30 DEBUG 24304 --- [Api-Gateway] [reshExecutor-%d] o.s.c.g.r.RouteDefinitionRouteLocator    : RouteDefinition ReactiveCompositeDiscoveryClient_USER-SERVICE applying filter {regexp=/user-service/?(?<remaining>.*), replacement=/${remaining}} to RewritePath
2026-03-27T11:16:55.415+05:30 DEBUG 24304 --- [Api-Gateway] [reshExecutor-%d] o.s.c.g.r.RouteDefinitionRouteLocator    : RouteDefinition matched: ReactiveCompositeDiscoveryClient_USER-SERVICE
2026-03-27T11:16:55.416+05:30 DEBUG 24304 --- [Api-Gateway] [reshExecutor-%d] o.s.c.g.r.RouteDefinitionRouteLocator    : RouteDefinition AUTH-SERVICE applying {_genkey_0=/auth/**} to Path
2026-03-27T11:16:55.417+05:30 DEBUG 24304 --- [Api-Gateway] [reshExecutor-%d] o.s.c.g.r.RouteDefinitionRouteLocator    : RouteDefinition matched: AUTH-SERVICE
2026-03-27T11:16:55.417+05:30 DEBUG 24304 --- [Api-Gateway] [reshExecutor-%d] o.s.c.g.r.RouteDefinitionRouteLocator    : RouteDefinition ADMIN-SERVICE applying {_genkey_0=/admin/**} to Path
2026-03-27T11:16:55.417+05:30 DEBUG 24304 --- [Api-Gateway] [reshExecutor-%d] o.s.c.g.r.RouteDefinitionRouteLocator    : RouteDefinition matched: ADMIN-SERVICE
2026-03-27T11:16:55.418+05:30 DEBUG 24304 --- [Api-Gateway] [reshExecutor-%d] o.s.c.g.r.RouteDefinitionRouteLocator    : RouteDefinition KYC-SERVICE applying {_genkey_0=/kyc/**} to Path
2026-03-27T11:16:55.418+05:30 DEBUG 24304 --- [Api-Gateway] [reshExecutor-%d] o.s.c.g.r.RouteDefinitionRouteLocator    : RouteDefinition matched: KYC-SERVICE
2026-03-27T11:16:55.418+05:30 DEBUG 24304 --- [Api-Gateway] [reshExecutor-%d] o.s.c.g.r.RouteDefinitionRouteLocator    : RouteDefinition PAYMENT-SERVICES applying {_genkey_0=/api/payments/**} to Path
2026-03-27T11:16:55.419+05:30 DEBUG 24304 --- [Api-Gateway] [reshExecutor-%d] o.s.c.g.r.RouteDefinitionRouteLocator    : RouteDefinition PAYMENT-SERVICES applying filter {_genkey_0=name:paymentCircuitBreaker, _genkey_1=fallbackUri:forward:/fallback/payment} to CircuitBreaker
2026-03-27T11:16:55.420+05:30 DEBUG 24304 --- [Api-Gateway] [reshExecutor-%d] o.s.c.g.r.RouteDefinitionRouteLocator    : RouteDefinition matched: PAYMENT-SERVICES
2026-03-27T11:16:55.420+05:30 DEBUG 24304 --- [Api-Gateway] [reshExecutor-%d] o.s.c.g.r.RouteDefinitionRouteLocator    : RouteDefinition WALLET-SERVICE applying {_genkey_0=/api/wallets/**} to Path
2026-03-27T11:16:55.421+05:30 DEBUG 24304 --- [Api-Gateway] [reshExecutor-%d] o.s.c.g.r.RouteDefinitionRouteLocator    : RouteDefinition WALLET-SERVICE applying filter {_genkey_0=name:walletCircuitBreaker, _genkey_1=fallbackUri:forward:/fallback/general} to CircuitBreaker
2026-03-27T11:16:55.421+05:30 DEBUG 24304 --- [Api-Gateway] [reshExecutor-%d] o.s.c.g.r.RouteDefinitionRouteLocator    : RouteDefinition matched: WALLET-SERVICE
2026-03-27T11:16:55.421+05:30 DEBUG 24304 --- [Api-Gateway] [reshExecutor-%d] o.s.c.g.r.RouteDefinitionRouteLocator    : RouteDefinition TRANSACTION-SERVICE applying {_genkey_0=/api/transaction/**} to Path
2026-03-27T11:16:55.422+05:30 DEBUG 24304 --- [Api-Gateway] [reshExecutor-%d] o.s.c.g.r.RouteDefinitionRouteLocator    : RouteDefinition TRANSACTION-SERVICE applying filter {_genkey_0=name:transactionCircuitBreaker, _genkey_1=fallbackUri:forward:/fallback/general} to CircuitBreaker
2026-03-27T11:16:55.422+05:30 DEBUG 24304 --- [Api-Gateway] [reshExecutor-%d] o.s.c.g.r.RouteDefinitionRouteLocator    : RouteDefinition matched: TRANSACTION-SERVICE
2026-03-27T11:16:55.422+05:30 DEBUG 24304 --- [Api-Gateway] [reshExecutor-%d] o.s.c.g.r.RouteDefinitionRouteLocator    : RouteDefinition REWARDS-SERVICE applying {_genkey_0=/api/rewards/**} to Path
2026-03-27T11:16:55.424+05:30 DEBUG 24304 --- [Api-Gateway] [reshExecutor-%d] o.s.c.g.r.RouteDefinitionRouteLocator    : RouteDefinition REWARDS-SERVICE applying filter {_genkey_0=name:rewardCircuitBreaker, _genkey_1=fallbackUri:forward:/fallback/reward} to CircuitBreaker
2026-03-27T11:16:55.425+05:30 DEBUG 24304 --- [Api-Gateway] [reshExecutor-%d] o.s.c.g.r.RouteDefinitionRouteLocator    : RouteDefinition matched: REWARDS-SERVICE
2026-03-27T11:16:55.425+05:30 DEBUG 24304 --- [Api-Gateway] [reshExecutor-%d] o.s.c.g.r.RouteDefinitionRouteLocator    : RouteDefinition NOTIFICATION-SERVICE applying {_genkey_0=/api/notifications/**} to Path
2026-03-27T11:16:55.426+05:30 DEBUG 24304 --- [Api-Gateway] [reshExecutor-%d] o.s.c.g.r.RouteDefinitionRouteLocator    : RouteDefinition NOTIFICATION-SERVICE applying filter {_genkey_0=name:notificationCircuitBreaker, _genkey_1=fallbackUri:forward:/fallback/general} to CircuitBreaker
2026-03-27T11:16:55.426+05:30 DEBUG 24304 --- [Api-Gateway] [reshExecutor-%d] o.s.c.g.r.RouteDefinitionRouteLocator    : RouteDefinition matched: NOTIFICATION-SERVICE
2026-03-27T11:16:55.427+05:30 DEBUG 24304 --- [Api-Gateway] [reshExecutor-%d] o.s.c.g.r.RouteDefinitionRouteLocator    : RouteDefinition USER-SERVICE applying {_genkey_0=/users/**} to Path
2026-03-27T11:16:55.427+05:30 DEBUG 24304 --- [Api-Gateway] [reshExecutor-%d] o.s.c.g.r.RouteDefinitionRouteLocator    : RouteDefinition matched: USER-SERVICE
2026-03-27T11:16:55.428+05:30 DEBUG 24304 --- [Api-Gateway] [reshExecutor-%d] o.s.c.g.filter.GatewayMetricsFilter      : New routes count: 19
2026-03-27T11:17:25.453+05:30 DEBUG 24304 --- [Api-Gateway] [reshExecutor-%d] o.s.c.g.r.RouteDefinitionRouteLocator    : RouteDefinition ReactiveCompositeDiscoveryClient_CONFIG-SERVIER applying {pattern=/config-servier/**} to Path
2026-03-27T11:17:25.457+05:30 DEBUG 24304 --- [Api-Gateway] [reshExecutor-%d] o.s.c.g.r.RouteDefinitionRouteLocator    : RouteDefinition ReactiveCompositeDiscoveryClient_CONFIG-SERVIER applying filter {regexp=/config-servier/?(?<remaining>.*), replacement=/${remaining}} to RewritePath
2026-03-27T11:17:25.457+05:30 DEBUG 24304 --- [Api-Gateway] [reshExecutor-%d] o.s.c.g.r.RouteDefinitionRouteLocator    : RouteDefinition matched: ReactiveCompositeDiscoveryClient_CONFIG-SERVIER
2026-03-27T11:17:25.459+05:30 DEBUG 24304 --- [Api-Gateway] [reshExecutor-%d] o.s.c.g.r.RouteDefinitionRouteLocator    : RouteDefinition ReactiveCompositeDiscoveryClient_API-GATEWAY applying {pattern=/api-gateway/**} to Path
2026-03-27T11:17:25.462+05:30 DEBUG 24304 --- [Api-Gateway] [reshExecutor-%d] o.s.c.g.r.RouteDefinitionRouteLocator    : RouteDefinition ReactiveCompositeDiscoveryClient_API-GATEWAY applying filter {regexp=/api-gateway/?(?<remaining>.*), replacement=/${remaining}} to RewritePath
2026-03-27T11:17:25.463+05:30 DEBUG 24304 --- [Api-Gateway] [reshExecutor-%d] o.s.c.g.r.RouteDefinitionRouteLocator    : RouteDefinition matched: ReactiveCompositeDiscoveryClient_API-GATEWAY
2026-03-27T11:17:25.463+05:30 DEBUG 24304 --- [Api-Gateway] [reshExecutor-%d] o.s.c.g.r.RouteDefinitionRouteLocator    : RouteDefinition ReactiveCompositeDiscoveryClient_REWARDS-SERVICE applying {pattern=/rewards-service/**} to Path
2026-03-27T11:17:25.464+05:30 DEBUG 24304 --- [Api-Gateway] [reshExecutor-%d] o.s.c.g.r.RouteDefinitionRouteLocator    : RouteDefinition ReactiveCompositeDiscoveryClient_REWARDS-SERVICE applying filter {regexp=/rewards-service/?(?<remaining>.*), replacement=/${remaining}} to RewritePath
2026-03-27T11:17:25.465+05:30 DEBUG 24304 --- [Api-Gateway] [reshExecutor-%d] o.s.c.g.r.RouteDefinitionRouteLocator    : RouteDefinition matched: ReactiveCompositeDiscoveryClient_REWARDS-SERVICE
2026-03-27T11:17:25.465+05:30 DEBUG 24304 --- [Api-Gateway] [reshExecutor-%d] o.s.c.g.r.RouteDefinitionRouteLocator    : RouteDefinition ReactiveCompositeDiscoveryClient_KYC-SERVICE applying {pattern=/kyc-service/**} to Path
2026-03-27T11:17:25.466+05:30 DEBUG 24304 --- [Api-Gateway] [reshExecutor-%d] o.s.c.g.r.RouteDefinitionRouteLocator    : RouteDefinition ReactiveCompositeDiscoveryClient_KYC-SERVICE applying filter {regexp=/kyc-service/?(?<remaining>.*), replacement=/${remaining}} to RewritePath
2026-03-27T11:17:25.467+05:30 DEBUG 24304 --- [Api-Gateway] [reshExecutor-%d] o.s.c.g.r.RouteDefinitionRouteLocator    : RouteDefinition matched: ReactiveCompositeDiscoveryClient_KYC-SERVICE
2026-03-27T11:17:25.468+05:30 DEBUG 24304 --- [Api-Gateway] [reshExecutor-%d] o.s.c.g.r.RouteDefinitionRouteLocator    : RouteDefinition ReactiveCompositeDiscoveryClient_TRANSACTION-SERVICE applying {pattern=/transaction-service/**} to Path
2026-03-27T11:17:25.469+05:30 DEBUG 24304 --- [Api-Gateway] [reshExecutor-%d] o.s.c.g.r.RouteDefinitionRouteLocator    : RouteDefinition ReactiveCompositeDiscoveryClient_TRANSACTION-SERVICE applying filter {regexp=/transaction-service/?(?<remaining>.*), replacement=/${remaining}} to RewritePath
2026-03-27T11:17:25.470+05:30 DEBUG 24304 --- [Api-Gateway] [reshExecutor-%d] o.s.c.g.r.RouteDefinitionRouteLocator    : RouteDefinition matched: ReactiveCompositeDiscoveryClient_TRANSACTION-SERVICE
2026-03-27T11:17:25.471+05:30 DEBUG 24304 --- [Api-Gateway] [reshExecutor-%d] o.s.c.g.r.RouteDefinitionRouteLocator    : RouteDefinition ReactiveCompositeDiscoveryClient_ADMIN-SERVICE applying {pattern=/admin-service/**} to Path
2026-03-27T11:17:25.473+05:30 DEBUG 24304 --- [Api-Gateway] [reshExecutor-%d] o.s.c.g.r.RouteDefinitionRouteLocator    : RouteDefinition ReactiveCompositeDiscoveryClient_ADMIN-SERVICE applying filter {regexp=/admin-service/?(?<remaining>.*), replacement=/${remaining}} to RewritePath
2026-03-27T11:17:25.475+05:30 DEBUG 24304 --- [Api-Gateway] [reshExecutor-%d] o.s.c.g.r.RouteDefinitionRouteLocator    : RouteDefinition matched: ReactiveCompositeDiscoveryClient_ADMIN-SERVICE
2026-03-27T11:17:25.476+05:30 DEBUG 24304 --- [Api-Gateway] [reshExecutor-%d] o.s.c.g.r.RouteDefinitionRouteLocator    : RouteDefinition ReactiveCompositeDiscoveryClient_WALLET-SERVICE applying {pattern=/wallet-service/**} to Path
2026-03-27T11:17:25.478+05:30 DEBUG 24304 --- [Api-Gateway] [reshExecutor-%d] o.s.c.g.r.RouteDefinitionRouteLocator    : RouteDefinition ReactiveCompositeDiscoveryClient_WALLET-SERVICE applying filter {regexp=/wallet-service/?(?<remaining>.*), replacement=/${remaining}} to RewritePath
2026-03-27T11:17:25.479+05:30 DEBUG 24304 --- [Api-Gateway] [reshExecutor-%d] o.s.c.g.r.RouteDefinitionRouteLocator    : RouteDefinition matched: ReactiveCompositeDiscoveryClient_WALLET-SERVICE
2026-03-27T11:17:25.481+05:30 DEBUG 24304 --- [Api-Gateway] [reshExecutor-%d] o.s.c.g.r.RouteDefinitionRouteLocator    : RouteDefinition ReactiveCompositeDiscoveryClient_NOTIFICATION-SERVICE applying {pattern=/notification-service/**} to Path
2026-03-27T11:17:25.482+05:30 DEBUG 24304 --- [Api-Gateway] [reshExecutor-%d] o.s.c.g.r.RouteDefinitionRouteLocator    : RouteDefinition ReactiveCompositeDiscoveryClient_NOTIFICATION-SERVICE applying filter {regexp=/notification-service/?(?<remaining>.*), replacement=/${remaining}} to RewritePath
2026-03-27T11:17:25.483+05:30 DEBUG 24304 --- [Api-Gateway] [reshExecutor-%d] o.s.c.g.r.RouteDefinitionRouteLocator    : RouteDefinition matched: ReactiveCompositeDiscoveryClient_NOTIFICATION-SERVICE
2026-03-27T11:17:25.484+05:30 DEBUG 24304 --- [Api-Gateway] [reshExecutor-%d] o.s.c.g.r.RouteDefinitionRouteLocator    : RouteDefinition ReactiveCompositeDiscoveryClient_PAYMENT-SERVICES applying {pattern=/payment-services/**} to Path
2026-03-27T11:17:25.485+05:30 DEBUG 24304 --- [Api-Gateway] [reshExecutor-%d] o.s.c.g.r.RouteDefinitionRouteLocator    : RouteDefinition ReactiveCompositeDiscoveryClient_PAYMENT-SERVICES applying filter {regexp=/payment-services/?(?<remaining>.*), replacement=/${remaining}} to RewritePath
2026-03-27T11:17:25.487+05:30 DEBUG 24304 --- [Api-Gateway] [reshExecutor-%d] o.s.c.g.r.RouteDefinitionRouteLocator    : RouteDefinition matched: ReactiveCompositeDiscoveryClient_PAYMENT-SERVICES
2026-03-27T11:17:25.488+05:30 DEBUG 24304 --- [Api-Gateway] [reshExecutor-%d] o.s.c.g.r.RouteDefinitionRouteLocator    : RouteDefinition ReactiveCompositeDiscoveryClient_USER-SERVICE applying {pattern=/user-service/**} to Path
2026-03-27T11:17:25.489+05:30 DEBUG 24304 --- [Api-Gateway] [reshExecutor-%d] o.s.c.g.r.RouteDefinitionRouteLocator    : RouteDefinition ReactiveCompositeDiscoveryClient_USER-SERVICE applying filter {regexp=/user-service/?(?<remaining>.*), replacement=/${remaining}} to RewritePath
2026-03-27T11:17:25.490+05:30 DEBUG 24304 --- [Api-Gateway] [reshExecutor-%d] o.s.c.g.r.RouteDefinitionRouteLocator    : RouteDefinition matched: ReactiveCompositeDiscoveryClient_USER-SERVICE
2026-03-27T11:17:25.491+05:30 DEBUG 24304 --- [Api-Gateway] [reshExecutor-%d] o.s.c.g.r.RouteDefinitionRouteLocator    : RouteDefinition AUTH-SERVICE applying {_genkey_0=/auth/**} to Path
2026-03-27T11:17:25.493+05:30 DEBUG 24304 --- [Api-Gateway] [reshExecutor-%d] o.s.c.g.r.RouteDefinitionRouteLocator    : RouteDefinition matched: AUTH-SERVICE
2026-03-27T11:17:25.494+05:30 DEBUG 24304 --- [Api-Gateway] [reshExecutor-%d] o.s.c.g.r.RouteDefinitionRouteLocator    : RouteDefinition ADMIN-SERVICE applying {_genkey_0=/admin/**} to Path
2026-03-27T11:17:25.495+05:30 DEBUG 24304 --- [Api-Gateway] [reshExecutor-%d] o.s.c.g.r.RouteDefinitionRouteLocator    : RouteDefinition matched: ADMIN-SERVICE
2026-03-27T11:17:25.496+05:30 DEBUG 24304 --- [Api-Gateway] [reshExecutor-%d] o.s.c.g.r.RouteDefinitionRouteLocator    : RouteDefinition KYC-SERVICE applying {_genkey_0=/kyc/**} to Path
2026-03-27T11:17:25.497+05:30 DEBUG 24304 --- [Api-Gateway] [reshExecutor-%d] o.s.c.g.r.RouteDefinitionRouteLocator    : RouteDefinition matched: KYC-SERVICE
2026-03-27T11:17:25.498+05:30 DEBUG 24304 --- [Api-Gateway] [reshExecutor-%d] o.s.c.g.r.RouteDefinitionRouteLocator    : RouteDefinition PAYMENT-SERVICES applying {_genkey_0=/api/payments/**} to Path
2026-03-27T11:17:25.499+05:30 DEBUG 24304 --- [Api-Gateway] [reshExecutor-%d] o.s.c.g.r.RouteDefinitionRouteLocator    : RouteDefinition PAYMENT-SERVICES applying filter {_genkey_0=name:paymentCircuitBreaker, _genkey_1=fallbackUri:forward:/fallback/payment} to CircuitBreaker
2026-03-27T11:17:25.500+05:30 DEBUG 24304 --- [Api-Gateway] [reshExecutor-%d] o.s.c.g.r.RouteDefinitionRouteLocator    : RouteDefinition matched: PAYMENT-SERVICES
2026-03-27T11:17:25.500+05:30 DEBUG 24304 --- [Api-Gateway] [reshExecutor-%d] o.s.c.g.r.RouteDefinitionRouteLocator    : RouteDefinition WALLET-SERVICE applying {_genkey_0=/api/wallets/**} to Path
2026-03-27T11:17:25.501+05:30 DEBUG 24304 --- [Api-Gateway] [reshExecutor-%d] o.s.c.g.r.RouteDefinitionRouteLocator    : RouteDefinition WALLET-SERVICE applying filter {_genkey_0=name:walletCircuitBreaker, _genkey_1=fallbackUri:forward:/fallback/general} to CircuitBreaker
2026-03-27T11:17:25.503+05:30 DEBUG 24304 --- [Api-Gateway] [reshExecutor-%d] o.s.c.g.r.RouteDefinitionRouteLocator    : RouteDefinition matched: WALLET-SERVICE
2026-03-27T11:17:25.503+05:30 DEBUG 24304 --- [Api-Gateway] [reshExecutor-%d] o.s.c.g.r.RouteDefinitionRouteLocator    : RouteDefinition TRANSACTION-SERVICE applying {_genkey_0=/api/transaction/**} to Path
2026-03-27T11:17:25.504+05:30 DEBUG 24304 --- [Api-Gateway] [reshExecutor-%d] o.s.c.g.r.RouteDefinitionRouteLocator    : RouteDefinition TRANSACTION-SERVICE applying filter {_genkey_0=name:transactionCircuitBreaker, _genkey_1=fallbackUri:forward:/fallback/general} to CircuitBreaker
2026-03-27T11:17:25.505+05:30 DEBUG 24304 --- [Api-Gateway] [reshExecutor-%d] o.s.c.g.r.RouteDefinitionRouteLocator    : RouteDefinition matched: TRANSACTION-SERVICE
2026-03-27T11:17:25.505+05:30 DEBUG 24304 --- [Api-Gateway] [reshExecutor-%d] o.s.c.g.r.RouteDefinitionRouteLocator    : RouteDefinition REWARDS-SERVICE applying {_genkey_0=/api/rewards/**} to Path
2026-03-27T11:17:25.506+05:30 DEBUG 24304 --- [Api-Gateway] [reshExecutor-%d] o.s.c.g.r.RouteDefinitionRouteLocator    : RouteDefinition REWARDS-SERVICE applying filter {_genkey_0=name:rewardCircuitBreaker, _genkey_1=fallbackUri:forward:/fallback/reward} to CircuitBreaker
2026-03-27T11:17:25.507+05:30 DEBUG 24304 --- [Api-Gateway] [reshExecutor-%d] o.s.c.g.r.RouteDefinitionRouteLocator    : RouteDefinition matched: REWARDS-SERVICE
2026-03-27T11:17:25.507+05:30 DEBUG 24304 --- [Api-Gateway] [reshExecutor-%d] o.s.c.g.r.RouteDefinitionRouteLocator    : RouteDefinition NOTIFICATION-SERVICE applying {_genkey_0=/api/notifications/**} to Path
2026-03-27T11:17:25.510+05:30 DEBUG 24304 --- [Api-Gateway] [reshExecutor-%d] o.s.c.g.r.RouteDefinitionRouteLocator    : RouteDefinition NOTIFICATION-SERVICE applying filter {_genkey_0=name:notificationCircuitBreaker, _genkey_1=fallbackUri:forward:/fallback/general} to CircuitBreaker
2026-03-27T11:17:25.511+05:30 DEBUG 24304 --- [Api-Gateway] [reshExecutor-%d] o.s.c.g.r.RouteDefinitionRouteLocator    : RouteDefinition matched: NOTIFICATION-SERVICE
2026-03-27T11:17:25.511+05:30 DEBUG 24304 --- [Api-Gateway] [reshExecutor-%d] o.s.c.g.r.RouteDefinitionRouteLocator    : RouteDefinition USER-SERVICE applying {_genkey_0=/users/**} to Path
2026-03-27T11:17:25.512+05:30 DEBUG 24304 --- [Api-Gateway] [reshExecutor-%d] o.s.c.g.r.RouteDefinitionRouteLocator    : RouteDefinition matched: USER-SERVICE
2026-03-27T11:17:25.514+05:30 DEBUG 24304 --- [Api-Gateway] [reshExecutor-%d] o.s.c.g.filter.GatewayMetricsFilter      : New routes count: 19
2026-03-27T11:17:55.544+05:30 DEBUG 24304 --- [Api-Gateway] [reshExecutor-%d] o.s.c.g.r.RouteDefinitionRouteLocator    : RouteDefinition ReactiveCompositeDiscoveryClient_CONFIG-SERVIER applying {pattern=/config-servier/**} to Path
2026-03-27T11:17:55.545+05:30 DEBUG 24304 --- [Api-Gateway] [reshExecutor-%d] o.s.c.g.r.RouteDefinitionRouteLocator    : RouteDefinition ReactiveCompositeDiscoveryClient_CONFIG-SERVIER applying filter {regexp=/config-servier/?(?<remaining>.*), replacement=/${remaining}} to RewritePath
2026-03-27T11:17:55.545+05:30 DEBUG 24304 --- [Api-Gateway] [reshExecutor-%d] o.s.c.g.r.RouteDefinitionRouteLocator    : RouteDefinition matched: ReactiveCompositeDiscoveryClient_CONFIG-SERVIER
2026-03-27T11:17:55.546+05:30 DEBUG 24304 --- [Api-Gateway] [reshExecutor-%d] o.s.c.g.r.RouteDefinitionRouteLocator    : RouteDefinition ReactiveCompositeDiscoveryClient_API-GATEWAY applying {pattern=/api-gateway/**} to Path
2026-03-27T11:17:55.546+05:30 DEBUG 24304 --- [Api-Gateway] [reshExecutor-%d] o.s.c.g.r.RouteDefinitionRouteLocator    : RouteDefinition ReactiveCompositeDiscoveryClient_API-GATEWAY applying filter {regexp=/api-gateway/?(?<remaining>.*), replacement=/${remaining}} to RewritePath
2026-03-27T11:17:55.548+05:30 DEBUG 24304 --- [Api-Gateway] [reshExecutor-%d] o.s.c.g.r.RouteDefinitionRouteLocator    : RouteDefinition matched: ReactiveCompositeDiscoveryClient_API-GATEWAY
2026-03-27T11:17:55.549+05:30 DEBUG 24304 --- [Api-Gateway] [reshExecutor-%d] o.s.c.g.r.RouteDefinitionRouteLocator    : RouteDefinition ReactiveCompositeDiscoveryClient_REWARDS-SERVICE applying {pattern=/rewards-service/**} to Path
2026-03-27T11:17:55.549+05:30 DEBUG 24304 --- [Api-Gateway] [reshExecutor-%d] o.s.c.g.r.RouteDefinitionRouteLocator    : RouteDefinition ReactiveCompositeDiscoveryClient_REWARDS-SERVICE applying filter {regexp=/rewards-service/?(?<remaining>.*), replacement=/${remaining}} to RewritePath
2026-03-27T11:17:55.550+05:30 DEBUG 24304 --- [Api-Gateway] [reshExecutor-%d] o.s.c.g.r.RouteDefinitionRouteLocator    : RouteDefinition matched: ReactiveCompositeDiscoveryClient_REWARDS-SERVICE
2026-03-27T11:17:55.550+05:30 DEBUG 24304 --- [Api-Gateway] [reshExecutor-%d] o.s.c.g.r.RouteDefinitionRouteLocator    : RouteDefinition ReactiveCompositeDiscoveryClient_KYC-SERVICE applying {pattern=/kyc-service/**} to Path
2026-03-27T11:17:55.551+05:30 DEBUG 24304 --- [Api-Gateway] [reshExecutor-%d] o.s.c.g.r.RouteDefinitionRouteLocator    : RouteDefinition ReactiveCompositeDiscoveryClient_KYC-SERVICE applying filter {regexp=/kyc-service/?(?<remaining>.*), replacement=/${remaining}} to RewritePath
2026-03-27T11:17:55.551+05:30 DEBUG 24304 --- [Api-Gateway] [reshExecutor-%d] o.s.c.g.r.RouteDefinitionRouteLocator    : RouteDefinition matched: ReactiveCompositeDiscoveryClient_KYC-SERVICE
2026-03-27T11:17:55.551+05:30 DEBUG 24304 --- [Api-Gateway] [reshExecutor-%d] o.s.c.g.r.RouteDefinitionRouteLocator    : RouteDefinition ReactiveCompositeDiscoveryClient_ADMIN-SERVICE applying {pattern=/admin-service/**} to Path
2026-03-27T11:17:55.552+05:30 DEBUG 24304 --- [Api-Gateway] [reshExecutor-%d] o.s.c.g.r.RouteDefinitionRouteLocator    : RouteDefinition ReactiveCompositeDiscoveryClient_ADMIN-SERVICE applying filter {regexp=/admin-service/?(?<remaining>.*), replacement=/${remaining}} to RewritePath
2026-03-27T11:17:55.552+05:30 DEBUG 24304 --- [Api-Gateway] [reshExecutor-%d] o.s.c.g.r.RouteDefinitionRouteLocator    : RouteDefinition matched: ReactiveCompositeDiscoveryClient_ADMIN-SERVICE
2026-03-27T11:17:55.552+05:30 DEBUG 24304 --- [Api-Gateway] [reshExecutor-%d] o.s.c.g.r.RouteDefinitionRouteLocator    : RouteDefinition ReactiveCompositeDiscoveryClient_WALLET-SERVICE applying {pattern=/wallet-service/**} to Path
2026-03-27T11:17:55.553+05:30 DEBUG 24304 --- [Api-Gateway] [reshExecutor-%d] o.s.c.g.r.RouteDefinitionRouteLocator    : RouteDefinition ReactiveCompositeDiscoveryClient_WALLET-SERVICE applying filter {regexp=/wallet-service/?(?<remaining>.*), replacement=/${remaining}} to RewritePath
2026-03-27T11:17:55.553+05:30 DEBUG 24304 --- [Api-Gateway] [reshExecutor-%d] o.s.c.g.r.RouteDefinitionRouteLocator    : RouteDefinition matched: ReactiveCompositeDiscoveryClient_WALLET-SERVICE
2026-03-27T11:17:55.553+05:30 DEBUG 24304 --- [Api-Gateway] [reshExecutor-%d] o.s.c.g.r.RouteDefinitionRouteLocator    : RouteDefinition ReactiveCompositeDiscoveryClient_NOTIFICATION-SERVICE applying {pattern=/notification-service/**} to Path
2026-03-27T11:17:55.554+05:30 DEBUG 24304 --- [Api-Gateway] [reshExecutor-%d] o.s.c.g.r.RouteDefinitionRouteLocator    : RouteDefinition ReactiveCompositeDiscoveryClient_NOTIFICATION-SERVICE applying filter {regexp=/notification-service/?(?<remaining>.*), replacement=/${remaining}} to RewritePath
2026-03-27T11:17:55.554+05:30 DEBUG 24304 --- [Api-Gateway] [reshExecutor-%d] o.s.c.g.r.RouteDefinitionRouteLocator    : RouteDefinition matched: ReactiveCompositeDiscoveryClient_NOTIFICATION-SERVICE
2026-03-27T11:17:55.554+05:30 DEBUG 24304 --- [Api-Gateway] [reshExecutor-%d] o.s.c.g.r.RouteDefinitionRouteLocator    : RouteDefinition ReactiveCompositeDiscoveryClient_PAYMENT-SERVICES applying {pattern=/payment-services/**} to Path
2026-03-27T11:17:55.555+05:30 DEBUG 24304 --- [Api-Gateway] [reshExecutor-%d] o.s.c.g.r.RouteDefinitionRouteLocator    : RouteDefinition ReactiveCompositeDiscoveryClient_PAYMENT-SERVICES applying filter {regexp=/payment-services/?(?<remaining>.*), replacement=/${remaining}} to RewritePath
2026-03-27T11:17:55.555+05:30 DEBUG 24304 --- [Api-Gateway] [reshExecutor-%d] o.s.c.g.r.RouteDefinitionRouteLocator    : RouteDefinition matched: ReactiveCompositeDiscoveryClient_PAYMENT-SERVICES
2026-03-27T11:17:55.555+05:30 DEBUG 24304 --- [Api-Gateway] [reshExecutor-%d] o.s.c.g.r.RouteDefinitionRouteLocator    : RouteDefinition AUTH-SERVICE applying {_genkey_0=/auth/**} to Path
2026-03-27T11:17:55.556+05:30 DEBUG 24304 --- [Api-Gateway] [reshExecutor-%d] o.s.c.g.r.RouteDefinitionRouteLocator    : RouteDefinition matched: AUTH-SERVICE
2026-03-27T11:17:55.556+05:30 DEBUG 24304 --- [Api-Gateway] [reshExecutor-%d] o.s.c.g.r.RouteDefinitionRouteLocator    : RouteDefinition ADMIN-SERVICE applying {_genkey_0=/admin/**} to Path
2026-03-27T11:17:55.556+05:30 DEBUG 24304 --- [Api-Gateway] [reshExecutor-%d] o.s.c.g.r.RouteDefinitionRouteLocator    : RouteDefinition matched: ADMIN-SERVICE
2026-03-27T11:17:55.556+05:30 DEBUG 24304 --- [Api-Gateway] [reshExecutor-%d] o.s.c.g.r.RouteDefinitionRouteLocator    : RouteDefinition KYC-SERVICE applying {_genkey_0=/kyc/**} to Path
2026-03-27T11:17:55.557+05:30 DEBUG 24304 --- [Api-Gateway] [reshExecutor-%d] o.s.c.g.r.RouteDefinitionRouteLocator    : RouteDefinition matched: KYC-SERVICE
2026-03-27T11:17:55.557+05:30 DEBUG 24304 --- [Api-Gateway] [reshExecutor-%d] o.s.c.g.r.RouteDefinitionRouteLocator    : RouteDefinition PAYMENT-SERVICES applying {_genkey_0=/api/payments/**} to Path
2026-03-27T11:17:55.557+05:30 DEBUG 24304 --- [Api-Gateway] [reshExecutor-%d] o.s.c.g.r.RouteDefinitionRouteLocator    : RouteDefinition PAYMENT-SERVICES applying filter {_genkey_0=name:paymentCircuitBreaker, _genkey_1=fallbackUri:forward:/fallback/payment} to CircuitBreaker
2026-03-27T11:17:55.558+05:30 DEBUG 24304 --- [Api-Gateway] [reshExecutor-%d] o.s.c.g.r.RouteDefinitionRouteLocator    : RouteDefinition matched: PAYMENT-SERVICES
2026-03-27T11:17:55.559+05:30 DEBUG 24304 --- [Api-Gateway] [reshExecutor-%d] o.s.c.g.r.RouteDefinitionRouteLocator    : RouteDefinition WALLET-SERVICE applying {_genkey_0=/api/wallets/**} to Path
2026-03-27T11:17:55.559+05:30 DEBUG 24304 --- [Api-Gateway] [reshExecutor-%d] o.s.c.g.r.RouteDefinitionRouteLocator    : RouteDefinition WALLET-SERVICE applying filter {_genkey_0=name:walletCircuitBreaker, _genkey_1=fallbackUri:forward:/fallback/general} to CircuitBreaker
2026-03-27T11:17:55.560+05:30 DEBUG 24304 --- [Api-Gateway] [reshExecutor-%d] o.s.c.g.r.RouteDefinitionRouteLocator    : RouteDefinition matched: WALLET-SERVICE
2026-03-27T11:17:55.561+05:30 DEBUG 24304 --- [Api-Gateway] [reshExecutor-%d] o.s.c.g.r.RouteDefinitionRouteLocator    : RouteDefinition TRANSACTION-SERVICE applying {_genkey_0=/api/transaction/**} to Path
2026-03-27T11:17:55.561+05:30 DEBUG 24304 --- [Api-Gateway] [reshExecutor-%d] o.s.c.g.r.RouteDefinitionRouteLocator    : RouteDefinition TRANSACTION-SERVICE applying filter {_genkey_0=name:transactionCircuitBreaker, _genkey_1=fallbackUri:forward:/fallback/general} to CircuitBreaker
2026-03-27T11:17:55.561+05:30 DEBUG 24304 --- [Api-Gateway] [reshExecutor-%d] o.s.c.g.r.RouteDefinitionRouteLocator    : RouteDefinition matched: TRANSACTION-SERVICE
2026-03-27T11:17:55.561+05:30 DEBUG 24304 --- [Api-Gateway] [reshExecutor-%d] o.s.c.g.r.RouteDefinitionRouteLocator    : RouteDefinition REWARDS-SERVICE applying {_genkey_0=/api/rewards/**} to Path
2026-03-27T11:17:55.562+05:30 DEBUG 24304 --- [Api-Gateway] [reshExecutor-%d] o.s.c.g.r.RouteDefinitionRouteLocator    : RouteDefinition REWARDS-SERVICE applying filter {_genkey_0=name:rewardCircuitBreaker, _genkey_1=fallbackUri:forward:/fallback/reward} to CircuitBreaker
2026-03-27T11:17:55.562+05:30 DEBUG 24304 --- [Api-Gateway] [reshExecutor-%d] o.s.c.g.r.RouteDefinitionRouteLocator    : RouteDefinition matched: REWARDS-SERVICE
2026-03-27T11:17:55.563+05:30 DEBUG 24304 --- [Api-Gateway] [reshExecutor-%d] o.s.c.g.r.RouteDefinitionRouteLocator    : RouteDefinition NOTIFICATION-SERVICE applying {_genkey_0=/api/notifications/**} to Path
2026-03-27T11:17:55.563+05:30 DEBUG 24304 --- [Api-Gateway] [reshExecutor-%d] o.s.c.g.r.RouteDefinitionRouteLocator    : RouteDefinition NOTIFICATION-SERVICE applying filter {_genkey_0=name:notificationCircuitBreaker, _genkey_1=fallbackUri:forward:/fallback/general} to CircuitBreaker
2026-03-27T11:17:55.563+05:30 DEBUG 24304 --- [Api-Gateway] [reshExecutor-%d] o.s.c.g.r.RouteDefinitionRouteLocator    : RouteDefinition matched: NOTIFICATION-SERVICE
2026-03-27T11:17:55.563+05:30 DEBUG 24304 --- [Api-Gateway] [reshExecutor-%d] o.s.c.g.r.RouteDefinitionRouteLocator    : RouteDefinition USER-SERVICE applying {_genkey_0=/users/**} to Path
2026-03-27T11:17:55.564+05:30 DEBUG 24304 --- [Api-Gateway] [reshExecutor-%d] o.s.c.g.r.RouteDefinitionRouteLocator    : RouteDefinition matched: USER-SERVICE
2026-03-27T11:17:55.564+05:30 DEBUG 24304 --- [Api-Gateway] [reshExecutor-%d] o.s.c.g.filter.GatewayMetricsFilter      : New routes count: 17
