[INFO] Scanning for projects...
[INFO] 
[INFO] -------------------< com.payment-app:Eureka-Server >--------------------
[INFO] Building Eureka-Server 0.0.1-SNAPSHOT
[INFO]   from pom.xml
[INFO] --------------------------------[ jar ]---------------------------------
[INFO] 
[INFO] >>> spring-boot:3.3.5:run (default-cli) > test-compile @ Eureka-Server >>>
[INFO] 
[INFO] --- resources:3.3.1:resources (default-resources) @ Eureka-Server ---
[INFO] Copying 1 resource from src\main\resources to target\classes
[INFO] Copying 0 resource from src\main\resources to target\classes
[INFO] 
[INFO] --- compiler:3.13.0:compile (default-compile) @ Eureka-Server ---
[INFO] Nothing to compile - all classes are up to date.
[INFO] 
[INFO] --- resources:3.3.1:testResources (default-testResources) @ Eureka-Server ---
[INFO] skip non existing resourceDirectory C:\Users\Asus\Desktop\Payment-wallet\Eureka-Server\src\test\resources
[INFO] 
[INFO] --- compiler:3.13.0:testCompile (default-testCompile) @ Eureka-Server ---
[INFO] Nothing to compile - all classes are up to date.
[INFO] 
[INFO] <<< spring-boot:3.3.5:run (default-cli) < test-compile @ Eureka-Server <<<
[INFO] 
[INFO] 
[INFO] --- spring-boot:3.3.5:run (default-cli) @ Eureka-Server ---
[INFO] Attaching agents: []
Standard Commons Logging discovery in action with spring-jcl: please remove commons-logging.jar from classpath in order to avoid potential conflicts

  .   ____          _            __ _ _
 /\\ / ___'_ __ _ _(_)_ __  __ _ \ \ \ \
( ( )\___ | '_ | '_| | '_ \/ _` | \ \ \ \
 \\/  ___)| |_)| | | | | || (_| |  ) ) ) )
  '  |____| .__|_| |_|_| |_\__, | / / / /
 =========|_|==============|___/=/_/_/_/

 :: Spring Boot ::                (v3.3.5)

2026-03-27T10:51:49.381+05:30  INFO 24220 --- [Eureka-Server] [           main] com.admin.EurekaServerApplication        : Starting EurekaServerApplication using Java 21.0.6 with PID 24220 (C:\Users\Asus\Desktop\Payment-wallet\Eureka-Server\target\classes started by Asus in C:\Users\Asus\Desktop\Payment-wallet\Eureka-Server)
2026-03-27T10:51:49.384+05:30  INFO 24220 --- [Eureka-Server] [           main] com.admin.EurekaServerApplication        : No active profile set, falling back to 1 default profile: "default"
2026-03-27T10:51:50.375+05:30  INFO 24220 --- [Eureka-Server] [           main] o.s.cloud.context.scope.GenericScope     : BeanFactory id=af7a06c7-96c4-3a79-8e65-2b528cc99d42
2026-03-27T10:51:50.428+05:30  WARN 24220 --- [Eureka-Server] [           main] trationDelegate$BeanPostProcessorChecker : Bean 'org.springframework.cloud.client.loadbalancer.LoadBalancerAutoConfiguration$DeferringLoadBalancerInterceptorConfig' of type [org.springframework.cloud.client.loadbalancer.LoadBalancerAutoConfiguration$DeferringLoadBalancerInterceptorConfig] is not eligible for getting processed by all BeanPostProcessors (for example: not eligible for auto-proxying). The currently created BeanPostProcessor [lbRestClientPostProcessor] is declared through a non-static factory method on that class; consider declaring it as static instead.
2026-03-27T10:51:50.431+05:30  WARN 24220 --- [Eureka-Server] [           main] trationDelegate$BeanPostProcessorChecker : Bean 'deferringLoadBalancerInterceptor' of type [org.springframework.cloud.client.loadbalancer.DeferringLoadBalancerInterceptor] is not eligible for getting processed by all BeanPostProcessors (for example: not eligible for auto-proxying). Is this bean getting eagerly injected/applied to a currently created BeanPostProcessor [lbRestClientPostProcessor]? Check the corresponding BeanPostProcessor declaration and its dependencies/advisors. If this bean does not have to be post-processed, declare it with ROLE_INFRASTRUCTURE.
2026-03-27T10:51:50.694+05:30  INFO 24220 --- [Eureka-Server] [           main] o.s.b.w.embedded.tomcat.TomcatWebServer  : Tomcat initialized with port 8761 (http)
2026-03-27T10:51:50.711+05:30  INFO 24220 --- [Eureka-Server] [           main] o.apache.catalina.core.StandardService   : Starting service [Tomcat]
2026-03-27T10:51:50.712+05:30  INFO 24220 --- [Eureka-Server] [           main] o.apache.catalina.core.StandardEngine    : Starting Servlet engine: [Apache Tomcat/10.1.31]
2026-03-27T10:51:50.797+05:30  INFO 24220 --- [Eureka-Server] [           main] o.a.c.c.C.[Tomcat].[localhost].[/]       : Initializing Spring embedded WebApplicationContext
2026-03-27T10:51:50.798+05:30  INFO 24220 --- [Eureka-Server] [           main] w.s.c.ServletWebServerApplicationContext : Root WebApplicationContext: initialization completed in 1364 ms
Standard Commons Logging discovery in action with spring-jcl: please remove commons-logging.jar from classpath in order to avoid potential conflicts
2026-03-27T10:51:51.733+05:30  INFO 24220 --- [Eureka-Server] [           main] c.n.d.provider.DiscoveryJerseyProvider   : Using JSON encoding codec LegacyJacksonJson
2026-03-27T10:51:51.736+05:30  INFO 24220 --- [Eureka-Server] [           main] c.n.d.provider.DiscoveryJerseyProvider   : Using JSON decoding codec LegacyJacksonJson
2026-03-27T10:51:51.900+05:30  INFO 24220 --- [Eureka-Server] [           main] c.n.d.provider.DiscoveryJerseyProvider   : Using XML encoding codec XStreamXml
2026-03-27T10:51:51.901+05:30  INFO 24220 --- [Eureka-Server] [           main] c.n.d.provider.DiscoveryJerseyProvider   : Using XML decoding codec XStreamXml
2026-03-27T10:51:53.341+05:30  INFO 24220 --- [Eureka-Server] [           main] o.s.cloud.commons.util.InetUtils         : Cannot determine local hostname
2026-03-27T10:51:54.597+05:30  INFO 24220 --- [Eureka-Server] [           main] o.s.cloud.commons.util.InetUtils         : Cannot determine local hostname
2026-03-27T10:51:54.672+05:30  WARN 24220 --- [Eureka-Server] [           main] iguration$LoadBalancerCaffeineWarnLogger : Spring Cloud LoadBalancer is currently working with the default cache. While this cache implementation is useful for development and tests, it's recommended to use Caffeine cache in production.You can switch to using Caffeine cache, by adding it and org.springframework.cache.caffeine.CaffeineCacheManager to the classpath.
2026-03-27T10:51:54.686+05:30  INFO 24220 --- [Eureka-Server] [           main] o.s.c.n.eureka.InstanceInfoFactory       : Setting initial instance status as: STARTING
2026-03-27T10:51:54.702+05:30  INFO 24220 --- [Eureka-Server] [           main] com.netflix.discovery.DiscoveryClient    : Initializing Eureka in region us-east-1
2026-03-27T10:51:54.702+05:30  INFO 24220 --- [Eureka-Server] [           main] com.netflix.discovery.DiscoveryClient    : Client configured to neither register nor query for data.
2026-03-27T10:51:54.704+05:30  INFO 24220 --- [Eureka-Server] [           main] com.netflix.discovery.DiscoveryClient    : Discovery Client initialized at timestamp 1774588914703 with initial instances count: 0
2026-03-27T10:51:54.741+05:30  INFO 24220 --- [Eureka-Server] [           main] c.n.eureka.DefaultEurekaServerContext    : Initializing ...
2026-03-27T10:51:54.742+05:30  WARN 24220 --- [Eureka-Server] [           main] c.n.eureka.cluster.PeerEurekaNodes       : The replica size seems to be empty. Check the route 53 DNS Registry
2026-03-27T10:51:54.752+05:30  INFO 24220 --- [Eureka-Server] [           main] c.n.e.registry.AbstractInstanceRegistry  : Finished initializing remote region registries. All known remote regions: []
2026-03-27T10:51:54.752+05:30  INFO 24220 --- [Eureka-Server] [           main] c.n.eureka.DefaultEurekaServerContext    : Initialized
2026-03-27T10:51:54.760+05:30  INFO 24220 --- [Eureka-Server] [           main] o.s.b.a.e.web.EndpointLinksResolver      : Exposing 3 endpoints beneath base path '/actuator'
2026-03-27T10:51:54.805+05:30  INFO 24220 --- [Eureka-Server] [           main] o.s.c.n.e.s.EurekaServiceRegistry        : Registering application EUREKA-SERVER with eureka with status UP
2026-03-27T10:51:54.815+05:30  INFO 24220 --- [Eureka-Server] [       Thread-9] o.s.c.n.e.server.EurekaServerBootstrap   : isAws returned false
2026-03-27T10:51:54.815+05:30  INFO 24220 --- [Eureka-Server] [       Thread-9] o.s.c.n.e.server.EurekaServerBootstrap   : Initialized server context
2026-03-27T10:51:54.816+05:30  INFO 24220 --- [Eureka-Server] [       Thread-9] c.n.e.r.PeerAwareInstanceRegistryImpl    : Got 1 instances from neighboring DS node
2026-03-27T10:51:54.816+05:30  INFO 24220 --- [Eureka-Server] [       Thread-9] c.n.e.r.PeerAwareInstanceRegistryImpl    : Renew threshold is: 1
2026-03-27T10:51:54.816+05:30  INFO 24220 --- [Eureka-Server] [       Thread-9] c.n.e.r.PeerAwareInstanceRegistryImpl    : Changing status to UP
2026-03-27T10:51:54.818+05:30  INFO 24220 --- [Eureka-Server] [       Thread-9] e.s.EurekaServerInitializerConfiguration : Started Eureka Server
2026-03-27T10:51:54.835+05:30  INFO 24220 --- [Eureka-Server] [           main] o.s.b.w.embedded.tomcat.TomcatWebServer  : Tomcat started on port 8761 (http) with context path '/'
2026-03-27T10:51:54.836+05:30  INFO 24220 --- [Eureka-Server] [           main] .s.c.n.e.s.EurekaAutoServiceRegistration : Updating port to 8761
2026-03-27T10:51:55.817+05:30  INFO 24220 --- [Eureka-Server] [a-EvictionTimer] c.n.e.registry.AbstractInstanceRegistry  : Running the evict task with compensationTime 0ms
2026-03-27T10:51:55.840+05:30  INFO 24220 --- [Eureka-Server] [           main] o.s.cloud.commons.util.InetUtils         : Cannot determine local hostname
2026-03-27T10:51:55.858+05:30  INFO 24220 --- [Eureka-Server] [           main] com.admin.EurekaServerApplication        : Started EurekaServerApplication in 7.957 seconds (process running for 8.308)
2026-03-27T10:51:56.817+05:30  INFO 24220 --- [Eureka-Server] [a-EvictionTimer] c.n.e.registry.AbstractInstanceRegistry  : Running the evict task with compensationTime 0ms
2026-03-27T10:51:57.818+05:30  INFO 24220 --- [Eureka-Server] [a-EvictionTimer] c.n.e.registry.AbstractInstanceRegistry  : Running the evict task with compensationTime 0ms
2026-03-27T10:51:58.818+05:30  INFO 24220 --- [Eureka-Server] [a-EvictionTimer] c.n.e.registry.AbstractInstanceRegistry  : Running the evict task with compensationTime 0ms
2026-03-27T10:51:59.818+05:30  INFO 24220 --- [Eureka-Server] [a-EvictionTimer] c.n.e.registry.AbstractInstanceRegistry  : Running the evict task with compensationTime 0ms
2026-03-27T10:52:00.818+05:30  INFO 24220 --- [Eureka-Server] [a-EvictionTimer] c.n.e.registry.AbstractInstanceRegistry  : Running the evict task with compensationTime 0ms
2026-03-27T10:52:01.819+05:30  INFO 24220 --- [Eureka-Server] [a-EvictionTimer] c.n.e.registry.AbstractInstanceRegistry  : Running the evict task with compensationTime 0ms
2026-03-27T10:52:02.819+05:30  INFO 24220 --- [Eureka-Server] [a-EvictionTimer] c.n.e.registry.AbstractInstanceRegistry  : Running the evict task with compensationTime 0ms
2026-03-27T10:52:03.819+05:30  INFO 24220 --- [Eureka-Server] [a-EvictionTimer] c.n.e.registry.AbstractInstanceRegistry  : Running the evict task with compensationTime 0ms
2026-03-27T10:52:04.820+05:30  INFO 24220 --- [Eureka-Server] [a-EvictionTimer] c.n.e.registry.AbstractInstanceRegistry  : Running the evict task with compensationTime 1ms
2026-03-27T10:52:05.821+05:30  INFO 24220 --- [Eureka-Server] [a-EvictionTimer] c.n.e.registry.AbstractInstanceRegistry  : Running the evict task with compensationTime 1ms
2026-03-27T10:52:06.822+05:30  INFO 24220 --- [Eureka-Server] [a-EvictionTimer] c.n.e.registry.AbstractInstanceRegistry  : Running the evict task with compensationTime 0ms
2026-03-27T10:52:07.823+05:30  INFO 24220 --- [Eureka-Server] [a-EvictionTimer] c.n.e.registry.AbstractInstanceRegistry  : Running the evict task with compensationTime 1ms
2026-03-27T10:52:08.823+05:30  INFO 24220 --- [Eureka-Server] [a-EvictionTimer] c.n.e.registry.AbstractInstanceRegistry  : Running the evict task with compensationTime 0ms
2026-03-27T10:52:09.824+05:30  INFO 24220 --- [Eureka-Server] [a-EvictionTimer] c.n.e.registry.AbstractInstanceRegistry  : Running the evict task with compensationTime 0ms
2026-03-27T10:52:10.824+05:30  INFO 24220 --- [Eureka-Server] [a-EvictionTimer] c.n.e.registry.AbstractInstanceRegistry  : Running the evict task with compensationTime 0ms
2026-03-27T10:52:11.825+05:30  INFO 24220 --- [Eureka-Server] [a-EvictionTimer] c.n.e.registry.AbstractInstanceRegistry  : Running the evict task with compensationTime 0ms
2026-03-27T10:52:12.825+05:30  INFO 24220 --- [Eureka-Server] [a-EvictionTimer] c.n.e.registry.AbstractInstanceRegistry  : Running the evict task with compensationTime 0ms
2026-03-27T10:52:13.825+05:30  INFO 24220 --- [Eureka-Server] [a-EvictionTimer] c.n.e.registry.AbstractInstanceRegistry  : Running the evict task with compensationTime 0ms
2026-03-27T10:52:14.826+05:30  INFO 24220 --- [Eureka-Server] [a-EvictionTimer] c.n.e.registry.AbstractInstanceRegistry  : Running the evict task with compensationTime 0ms
2026-03-27T10:52:15.826+05:30  INFO 24220 --- [Eureka-Server] [a-EvictionTimer] c.n.e.registry.AbstractInstanceRegistry  : Running the evict task with compensationTime 0ms
2026-03-27T10:52:16.826+05:30  INFO 24220 --- [Eureka-Server] [a-EvictionTimer] c.n.e.registry.AbstractInstanceRegistry  : Running the evict task with compensationTime 0ms
2026-03-27T10:52:17.827+05:30  INFO 24220 --- [Eureka-Server] [a-EvictionTimer] c.n.e.registry.AbstractInstanceRegistry  : Running the evict task with compensationTime 0ms
2026-03-27T10:52:18.827+05:30  INFO 24220 --- [Eureka-Server] [a-EvictionTimer] c.n.e.registry.AbstractInstanceRegistry  : Running the evict task with compensationTime 0ms
2026-03-27T10:52:19.490+05:30  INFO 24220 --- [Eureka-Server] [nio-8761-exec-1] o.a.c.c.C.[Tomcat].[localhost].[/]       : Initializing Spring DispatcherServlet 'dispatcherServlet'
2026-03-27T10:52:19.493+05:30  INFO 24220 --- [Eureka-Server] [nio-8761-exec-1] o.s.web.servlet.DispatcherServlet        : Initializing Servlet 'dispatcherServlet'
2026-03-27T10:52:19.496+05:30  INFO 24220 --- [Eureka-Server] [nio-8761-exec-1] o.s.web.servlet.DispatcherServlet        : Completed initialization in 1 ms
2026-03-27T10:52:19.783+05:30  INFO 24220 --- [Eureka-Server] [nio-8761-exec-2] c.n.e.registry.AbstractInstanceRegistry  : Registered instance CONFIG-SERVIER/localhost:Config-Servier:7512 with status UP (replication=false)
2026-03-27T10:52:19.827+05:30  INFO 24220 --- [Eureka-Server] [a-EvictionTimer] c.n.e.registry.AbstractInstanceRegistry  : Running the evict task with compensationTime 0ms
2026-03-27T10:52:20.828+05:30  INFO 24220 --- [Eureka-Server] [a-EvictionTimer] c.n.e.registry.AbstractInstanceRegistry  : Running the evict task with compensationTime 0ms
2026-03-27T10:52:21.829+05:30  INFO 24220 --- [Eureka-Server] [a-EvictionTimer] c.n.e.registry.AbstractInstanceRegistry  : Running the evict task with compensationTime 0ms
2026-03-27T10:52:22.829+05:30  INFO 24220 --- [Eureka-Server] [a-EvictionTimer] c.n.e.registry.AbstractInstanceRegistry  : Running the evict task with compensationTime 0ms
2026-03-27T10:52:23.830+05:30  INFO 24220 --- [Eureka-Server] [a-EvictionTimer] c.n.e.registry.AbstractInstanceRegistry  : Running the evict task with compensationTime 0ms
2026-03-27T10:52:24.831+05:30  INFO 24220 --- [Eureka-Server] [a-EvictionTimer] c.n.e.registry.AbstractInstanceRegistry  : Running the evict task with compensationTime 0ms
2026-03-27T10:52:25.832+05:30  INFO 24220 --- [Eureka-Server] [a-EvictionTimer] c.n.e.registry.AbstractInstanceRegistry  : Running the evict task with compensationTime 0ms
2026-03-27T10:52:26.832+05:30  INFO 24220 --- [Eureka-Server] [a-EvictionTimer] c.n.e.registry.AbstractInstanceRegistry  : Running the evict task with compensationTime 0ms
2026-03-27T10:52:27.833+05:30  INFO 24220 --- [Eureka-Server] [a-EvictionTimer] c.n.e.registry.AbstractInstanceRegistry  : Running the evict task with compensationTime 0ms
2026-03-27T10:52:28.833+05:30  INFO 24220 --- [Eureka-Server] [a-EvictionTimer] c.n.e.registry.AbstractInstanceRegistry  : Running the evict task with compensationTime 0ms
2026-03-27T10:52:29.834+05:30  INFO 24220 --- [Eureka-Server] [a-EvictionTimer] c.n.e.registry.AbstractInstanceRegistry  : Running the evict task with compensationTime 0ms
2026-03-27T10:52:30.835+05:30  INFO 24220 --- [Eureka-Server] [a-EvictionTimer] c.n.e.registry.AbstractInstanceRegistry  : Running the evict task with compensationTime 1ms
2026-03-27T10:52:31.835+05:30  INFO 24220 --- [Eureka-Server] [a-EvictionTimer] c.n.e.registry.AbstractInstanceRegistry  : Running the evict task with compensationTime 0ms
2026-03-27T10:52:32.635+05:30  INFO 24220 --- [Eureka-Server] [nio-8761-exec-4] c.n.e.registry.AbstractInstanceRegistry  : Registered instance USER-SERVICE/localhost:user-service:7500 with status UP (replication=false)
2026-03-27T10:52:32.835+05:30  INFO 24220 --- [Eureka-Server] [a-EvictionTimer] c.n.e.registry.AbstractInstanceRegistry  : Running the evict task with compensationTime 0ms
2026-03-27T10:52:33.835+05:30  INFO 24220 --- [Eureka-Server] [a-EvictionTimer] c.n.e.registry.AbstractInstanceRegistry  : Running the evict task with compensationTime 0ms
2026-03-27T10:52:34.836+05:30  INFO 24220 --- [Eureka-Server] [a-EvictionTimer] c.n.e.registry.AbstractInstanceRegistry  : Running the evict task with compensationTime 1ms
2026-03-27T10:52:35.836+05:30  INFO 24220 --- [Eureka-Server] [a-EvictionTimer] c.n.e.registry.AbstractInstanceRegistry  : Running the evict task with compensationTime 0ms
2026-03-27T10:52:36.836+05:30  INFO 24220 --- [Eureka-Server] [a-EvictionTimer] c.n.e.registry.AbstractInstanceRegistry  : Running the evict task with compensationTime 0ms
2026-03-27T10:52:37.836+05:30  INFO 24220 --- [Eureka-Server] [a-EvictionTimer] c.n.e.registry.AbstractInstanceRegistry  : Running the evict task with compensationTime 0ms
2026-03-27T10:52:38.836+05:30  INFO 24220 --- [Eureka-Server] [a-EvictionTimer] c.n.e.registry.AbstractInstanceRegistry  : Running the evict task with compensationTime 0ms
2026-03-27T10:52:39.836+05:30  INFO 24220 --- [Eureka-Server] [a-EvictionTimer] c.n.e.registry.AbstractInstanceRegistry  : Running the evict task with compensationTime 0ms
2026-03-27T10:52:40.837+05:30  INFO 24220 --- [Eureka-Server] [a-EvictionTimer] c.n.e.registry.AbstractInstanceRegistry  : Running the evict task with compensationTime 0ms
2026-03-27T10:52:41.837+05:30  INFO 24220 --- [Eureka-Server] [a-EvictionTimer] c.n.e.registry.AbstractInstanceRegistry  : Running the evict task with compensationTime 0ms
2026-03-27T10:52:42.168+05:30  INFO 24220 --- [Eureka-Server] [nio-8761-exec-6] c.n.e.registry.AbstractInstanceRegistry  : Registered instance ADMIN-SERVICE/localhost:Admin-Service:7501 with status UP (replication=false)
2026-03-27T10:52:42.837+05:30  INFO 24220 --- [Eureka-Server] [a-EvictionTimer] c.n.e.registry.AbstractInstanceRegistry  : Running the evict task with compensationTime 0ms
2026-03-27T10:52:43.838+05:30  INFO 24220 --- [Eureka-Server] [a-EvictionTimer] c.n.e.registry.AbstractInstanceRegistry  : Running the evict task with compensationTime 0ms
2026-03-27T10:52:44.839+05:30  INFO 24220 --- [Eureka-Server] [a-EvictionTimer] c.n.e.registry.AbstractInstanceRegistry  : Running the evict task with compensationTime 0ms
2026-03-27T10:52:45.360+05:30  INFO 24220 --- [Eureka-Server] [nio-8761-exec-8] c.n.e.registry.AbstractInstanceRegistry  : Registered instance KYC-SERVICE/localhost:KYC-SERVICE:7502 with status UP (replication=false)
2026-03-27T10:52:45.839+05:30  INFO 24220 --- [Eureka-Server] [a-EvictionTimer] c.n.e.registry.AbstractInstanceRegistry  : Running the evict task with compensationTime 0ms
2026-03-27T10:52:46.840+05:30  INFO 24220 --- [Eureka-Server] [a-EvictionTimer] c.n.e.registry.AbstractInstanceRegistry  : Running the evict task with compensationTime 0ms
2026-03-27T10:52:47.840+05:30  INFO 24220 --- [Eureka-Server] [a-EvictionTimer] c.n.e.registry.AbstractInstanceRegistry  : Running the evict task with compensationTime 0ms
2026-03-27T10:52:48.840+05:30  INFO 24220 --- [Eureka-Server] [a-EvictionTimer] c.n.e.registry.AbstractInstanceRegistry  : Running the evict task with compensationTime 0ms
2026-03-27T10:52:49.842+05:30  INFO 24220 --- [Eureka-Server] [a-EvictionTimer] c.n.e.registry.AbstractInstanceRegistry  : Running the evict task with compensationTime 1ms
2026-03-27T10:52:50.843+05:30  INFO 24220 --- [Eureka-Server] [a-EvictionTimer] c.n.e.registry.AbstractInstanceRegistry  : Running the evict task with compensationTime 0ms
2026-03-27T10:52:51.844+05:30  INFO 24220 --- [Eureka-Server] [a-EvictionTimer] c.n.e.registry.AbstractInstanceRegistry  : Running the evict task with compensationTime 0ms
2026-03-27T10:52:52.844+05:30  INFO 24220 --- [Eureka-Server] [a-EvictionTimer] c.n.e.registry.AbstractInstanceRegistry  : Running the evict task with compensationTime 0ms
2026-03-27T10:52:53.845+05:30  INFO 24220 --- [Eureka-Server] [a-EvictionTimer] c.n.e.registry.AbstractInstanceRegistry  : Running the evict task with compensationTime 0ms
2026-03-27T10:52:54.845+05:30  INFO 24220 --- [Eureka-Server] [a-EvictionTimer] c.n.e.registry.AbstractInstanceRegistry  : Running the evict task with compensationTime 0ms
2026-03-27T10:52:55.845+05:30  INFO 24220 --- [Eureka-Server] [a-EvictionTimer] c.n.e.registry.AbstractInstanceRegistry  : Running the evict task with compensationTime 0ms
2026-03-27T10:52:56.845+05:30  INFO 24220 --- [Eureka-Server] [a-EvictionTimer] c.n.e.registry.AbstractInstanceRegistry  : Running the evict task with compensationTime 0ms
2026-03-27T10:52:57.846+05:30  INFO 24220 --- [Eureka-Server] [a-EvictionTimer] c.n.e.registry.AbstractInstanceRegistry  : Running the evict task with compensationTime 1ms
2026-03-27T10:52:58.847+05:30  INFO 24220 --- [Eureka-Server] [a-EvictionTimer] c.n.e.registry.AbstractInstanceRegistry  : Running the evict task with compensationTime 0ms
2026-03-27T10:52:59.848+05:30  INFO 24220 --- [Eureka-Server] [a-EvictionTimer] c.n.e.registry.AbstractInstanceRegistry  : Running the evict task with compensationTime 1ms
2026-03-27T10:53:00.848+05:30  INFO 24220 --- [Eureka-Server] [a-EvictionTimer] c.n.e.registry.AbstractInstanceRegistry  : Running the evict task with compensationTime 0ms
2026-03-27T10:53:01.848+05:30  INFO 24220 --- [Eureka-Server] [a-EvictionTimer] c.n.e.registry.AbstractInstanceRegistry  : Running the evict task with compensationTime 0ms
2026-03-27T10:53:02.849+05:30  INFO 24220 --- [Eureka-Server] [a-EvictionTimer] c.n.e.registry.AbstractInstanceRegistry  : Running the evict task with compensationTime 0ms
2026-03-27T10:53:03.850+05:30  INFO 24220 --- [Eureka-Server] [a-EvictionTimer] c.n.e.registry.AbstractInstanceRegistry  : Running the evict task with compensationTime 0ms
2026-03-27T10:53:04.851+05:30  INFO 24220 --- [Eureka-Server] [a-EvictionTimer] c.n.e.registry.AbstractInstanceRegistry  : Running the evict task with compensationTime 0ms
2026-03-27T10:53:05.851+05:30  INFO 24220 --- [Eureka-Server] [a-EvictionTimer] c.n.e.registry.AbstractInstanceRegistry  : Running the evict task with compensationTime 0ms
2026-03-27T10:53:06.852+05:30  INFO 24220 --- [Eureka-Server] [a-EvictionTimer] c.n.e.registry.AbstractInstanceRegistry  : Running the evict task with compensationTime 0ms
2026-03-27T10:53:07.852+05:30  INFO 24220 --- [Eureka-Server] [a-EvictionTimer] c.n.e.registry.AbstractInstanceRegistry  : Running the evict task with compensationTime 0ms
2026-03-27T10:53:08.853+05:30  INFO 24220 --- [Eureka-Server] [a-EvictionTimer] c.n.e.registry.AbstractInstanceRegistry  : Running the evict task with compensationTime 0ms
2026-03-27T10:53:09.854+05:30  INFO 24220 --- [Eureka-Server] [a-EvictionTimer] c.n.e.registry.AbstractInstanceRegistry  : Running the evict task with compensationTime 1ms
2026-03-27T10:53:10.854+05:30  INFO 24220 --- [Eureka-Server] [a-EvictionTimer] c.n.e.registry.AbstractInstanceRegistry  : Running the evict task with compensationTime 0ms
2026-03-27T10:53:11.855+05:30  INFO 24220 --- [Eureka-Server] [a-EvictionTimer] c.n.e.registry.AbstractInstanceRegistry  : Running the evict task with compensationTime 0ms
2026-03-27T10:53:12.855+05:30  INFO 24220 --- [Eureka-Server] [a-EvictionTimer] c.n.e.registry.AbstractInstanceRegistry  : Running the evict task with compensationTime 0ms
2026-03-27T10:53:13.856+05:30  INFO 24220 --- [Eureka-Server] [a-EvictionTimer] c.n.e.registry.AbstractInstanceRegistry  : Running the evict task with compensationTime 1ms
2026-03-27T10:53:14.856+05:30  INFO 24220 --- [Eureka-Server] [a-EvictionTimer] c.n.e.registry.AbstractInstanceRegistry  : Running the evict task with compensationTime 0ms
2026-03-27T10:53:15.856+05:30  INFO 24220 --- [Eureka-Server] [a-EvictionTimer] c.n.e.registry.AbstractInstanceRegistry  : Running the evict task with compensationTime 0ms
2026-03-27T10:53:16.857+05:30  INFO 24220 --- [Eureka-Server] [a-EvictionTimer] c.n.e.registry.AbstractInstanceRegistry  : Running the evict task with compensationTime 0ms
2026-03-27T10:53:17.857+05:30  INFO 24220 --- [Eureka-Server] [a-EvictionTimer] c.n.e.registry.AbstractInstanceRegistry  : Running the evict task with compensationTime 0ms
2026-03-27T10:53:18.857+05:30  INFO 24220 --- [Eureka-Server] [a-EvictionTimer] c.n.e.registry.AbstractInstanceRegistry  : Running the evict task with compensationTime 0ms
2026-03-27T10:53:19.858+05:30  INFO 24220 --- [Eureka-Server] [a-EvictionTimer] c.n.e.registry.AbstractInstanceRegistry  : Running the evict task with compensationTime 1ms
2026-03-27T10:53:20.201+05:30  INFO 24220 --- [Eureka-Server] [io-8761-exec-10] c.n.e.registry.AbstractInstanceRegistry  : Registered instance WALLET-SERVICE/localhost:Wallet-Service:7503 with status UP (replication=false)
2026-03-27T10:53:20.859+05:30  INFO 24220 --- [Eureka-Server] [a-EvictionTimer] c.n.e.registry.AbstractInstanceRegistry  : Running the evict task with compensationTime 0ms
2026-03-27T10:53:21.859+05:30  INFO 24220 --- [Eureka-Server] [a-EvictionTimer] c.n.e.registry.AbstractInstanceRegistry  : Running the evict task with compensationTime 0ms
2026-03-27T10:53:22.859+05:30  INFO 24220 --- [Eureka-Server] [a-EvictionTimer] c.n.e.registry.AbstractInstanceRegistry  : Running the evict task with compensationTime 0ms
2026-03-27T10:53:23.859+05:30  INFO 24220 --- [Eureka-Server] [a-EvictionTimer] c.n.e.registry.AbstractInstanceRegistry  : Running the evict task with compensationTime 0ms
2026-03-27T10:53:24.859+05:30  INFO 24220 --- [Eureka-Server] [a-EvictionTimer] c.n.e.registry.AbstractInstanceRegistry  : Running the evict task with compensationTime 0ms
2026-03-27T10:53:25.860+05:30  INFO 24220 --- [Eureka-Server] [a-EvictionTimer] c.n.e.registry.AbstractInstanceRegistry  : Running the evict task with compensationTime 0ms
2026-03-27T10:53:26.861+05:30  INFO 24220 --- [Eureka-Server] [a-EvictionTimer] c.n.e.registry.AbstractInstanceRegistry  : Running the evict task with compensationTime 1ms
2026-03-27T10:53:27.862+05:30  INFO 24220 --- [Eureka-Server] [a-EvictionTimer] c.n.e.registry.AbstractInstanceRegistry  : Running the evict task with compensationTime 0ms
2026-03-27T10:53:28.863+05:30  INFO 24220 --- [Eureka-Server] [a-EvictionTimer] c.n.e.registry.AbstractInstanceRegistry  : Running the evict task with compensationTime 0ms
2026-03-27T10:53:29.863+05:30  INFO 24220 --- [Eureka-Server] [a-EvictionTimer] c.n.e.registry.AbstractInstanceRegistry  : Running the evict task with compensationTime 0ms
2026-03-27T10:53:30.762+05:30  INFO 24220 --- [Eureka-Server] [nio-8761-exec-2] c.n.e.registry.AbstractInstanceRegistry  : Registered instance PAYMENT-SERVICES/localhost:PAYMENT-SERVICES:7504 with status UP (replication=false)
2026-03-27T10:53:30.864+05:30  INFO 24220 --- [Eureka-Server] [a-EvictionTimer] c.n.e.registry.AbstractInstanceRegistry  : Running the evict task with compensationTime 0ms
2026-03-27T10:53:31.864+05:30  INFO 24220 --- [Eureka-Server] [a-EvictionTimer] c.n.e.registry.AbstractInstanceRegistry  : Running the evict task with compensationTime 0ms
2026-03-27T10:53:32.864+05:30  INFO 24220 --- [Eureka-Server] [a-EvictionTimer] c.n.e.registry.AbstractInstanceRegistry  : Running the evict task with compensationTime 0ms
2026-03-27T10:53:33.865+05:30  INFO 24220 --- [Eureka-Server] [a-EvictionTimer] c.n.e.registry.AbstractInstanceRegistry  : Running the evict task with compensationTime 0ms
2026-03-27T10:53:34.866+05:30  INFO 24220 --- [Eureka-Server] [a-EvictionTimer] c.n.e.registry.AbstractInstanceRegistry  : Running the evict task with compensationTime 0ms
2026-03-27T10:53:35.867+05:30  INFO 24220 --- [Eureka-Server] [a-EvictionTimer] c.n.e.registry.AbstractInstanceRegistry  : Running the evict task with compensationTime 0ms
2026-03-27T10:53:36.867+05:30  INFO 24220 --- [Eureka-Server] [a-EvictionTimer] c.n.e.registry.AbstractInstanceRegistry  : Running the evict task with compensationTime 0ms
2026-03-27T10:53:37.868+05:30  INFO 24220 --- [Eureka-Server] [a-EvictionTimer] c.n.e.registry.AbstractInstanceRegistry  : Running the evict task with compensationTime 0ms
2026-03-27T10:53:38.868+05:30  INFO 24220 --- [Eureka-Server] [a-EvictionTimer] c.n.e.registry.AbstractInstanceRegistry  : Running the evict task with compensationTime 0ms
2026-03-27T10:53:39.869+05:30  INFO 24220 --- [Eureka-Server] [a-EvictionTimer] c.n.e.registry.AbstractInstanceRegistry  : Running the evict task with compensationTime 1ms
2026-03-27T10:53:40.869+05:30  INFO 24220 --- [Eureka-Server] [a-EvictionTimer] c.n.e.registry.AbstractInstanceRegistry  : Running the evict task with compensationTime 0ms
2026-03-27T10:53:41.870+05:30  INFO 24220 --- [Eureka-Server] [a-EvictionTimer] c.n.e.registry.AbstractInstanceRegistry  : Running the evict task with compensationTime 0ms
2026-03-27T10:53:42.401+05:30  INFO 24220 --- [Eureka-Server] [nio-8761-exec-8] c.n.e.registry.AbstractInstanceRegistry  : Registered instance API-GATEWAY/localhost:Api-Gateway:7505 with status UP (replication=false)
2026-03-27T10:53:42.870+05:30  INFO 24220 --- [Eureka-Server] [a-EvictionTimer] c.n.e.registry.AbstractInstanceRegistry  : Running the evict task with compensationTime 0ms
2026-03-27T10:53:43.871+05:30  INFO 24220 --- [Eureka-Server] [a-EvictionTimer] c.n.e.registry.AbstractInstanceRegistry  : Running the evict task with compensationTime 0ms
2026-03-27T10:53:44.872+05:30  INFO 24220 --- [Eureka-Server] [a-EvictionTimer] c.n.e.registry.AbstractInstanceRegistry  : Running the evict task with compensationTime 1ms
2026-03-27T10:53:45.872+05:30  INFO 24220 --- [Eureka-Server] [a-EvictionTimer] c.n.e.registry.AbstractInstanceRegistry  : Running the evict task with compensationTime 0ms
2026-03-27T10:53:46.874+05:30  INFO 24220 --- [Eureka-Server] [a-EvictionTimer] c.n.e.registry.AbstractInstanceRegistry  : Running the evict task with compensationTime 1ms
2026-03-27T10:53:47.874+05:30  INFO 24220 --- [Eureka-Server] [a-EvictionTimer] c.n.e.registry.AbstractInstanceRegistry  : Running the evict task with compensationTime 0ms
2026-03-27T10:53:48.874+05:30  INFO 24220 --- [Eureka-Server] [a-EvictionTimer] c.n.e.registry.AbstractInstanceRegistry  : Running the evict task with compensationTime 0ms
2026-03-27T10:53:49.875+05:30  INFO 24220 --- [Eureka-Server] [a-EvictionTimer] c.n.e.registry.AbstractInstanceRegistry  : Running the evict task with compensationTime 0ms
2026-03-27T10:53:50.875+05:30  INFO 24220 --- [Eureka-Server] [a-EvictionTimer] c.n.e.registry.AbstractInstanceRegistry  : Running the evict task with compensationTime 0ms
2026-03-27T10:53:51.876+05:30  INFO 24220 --- [Eureka-Server] [a-EvictionTimer] c.n.e.registry.AbstractInstanceRegistry  : Running the evict task with compensationTime 0ms
2026-03-27T10:53:52.877+05:30  INFO 24220 --- [Eureka-Server] [a-EvictionTimer] c.n.e.registry.AbstractInstanceRegistry  : Running the evict task with compensationTime 1ms
2026-03-27T10:53:53.877+05:30  INFO 24220 --- [Eureka-Server] [a-EvictionTimer] c.n.e.registry.AbstractInstanceRegistry  : Running the evict task with compensationTime 0ms
2026-03-27T10:53:54.697+05:30  INFO 24220 --- [Eureka-Server] [nio-8761-exec-5] c.n.e.registry.AbstractInstanceRegistry  : Registered instance TRANSACTION-SERVICE/localhost:Transaction-Service:7506 with status UP (replication=false)
2026-03-27T10:53:54.877+05:30  INFO 24220 --- [Eureka-Server] [a-EvictionTimer] c.n.e.registry.AbstractInstanceRegistry  : Running the evict task with compensationTime 0ms
2026-03-27T10:53:55.877+05:30  INFO 24220 --- [Eureka-Server] [a-EvictionTimer] c.n.e.registry.AbstractInstanceRegistry  : Running the evict task with compensationTime 0ms
2026-03-27T10:53:56.878+05:30  INFO 24220 --- [Eureka-Server] [a-EvictionTimer] c.n.e.registry.AbstractInstanceRegistry  : Running the evict task with compensationTime 0ms
2026-03-27T10:53:57.878+05:30  INFO 24220 --- [Eureka-Server] [a-EvictionTimer] c.n.e.registry.AbstractInstanceRegistry  : Running the evict task with compensationTime 0ms
2026-03-27T10:53:58.879+05:30  INFO 24220 --- [Eureka-Server] [a-EvictionTimer] c.n.e.registry.AbstractInstanceRegistry  : Running the evict task with compensationTime 0ms
2026-03-27T10:53:59.880+05:30  INFO 24220 --- [Eureka-Server] [a-EvictionTimer] c.n.e.registry.AbstractInstanceRegistry  : Running the evict task with compensationTime 1ms
2026-03-27T10:54:00.880+05:30  INFO 24220 --- [Eureka-Server] [a-EvictionTimer] c.n.e.registry.AbstractInstanceRegistry  : Running the evict task with compensationTime 0ms
2026-03-27T10:54:01.880+05:30  INFO 24220 --- [Eureka-Server] [a-EvictionTimer] c.n.e.registry.AbstractInstanceRegistry  : Running the evict task with compensationTime 0ms
2026-03-27T10:54:02.881+05:30  INFO 24220 --- [Eureka-Server] [a-EvictionTimer] c.n.e.registry.AbstractInstanceRegistry  : Running the evict task with compensationTime 0ms
2026-03-27T10:54:03.881+05:30  INFO 24220 --- [Eureka-Server] [a-EvictionTimer] c.n.e.registry.AbstractInstanceRegistry  : Running the evict task with compensationTime 0ms
2026-03-27T10:54:04.882+05:30  INFO 24220 --- [Eureka-Server] [a-EvictionTimer] c.n.e.registry.AbstractInstanceRegistry  : Running the evict task with compensationTime 0ms
2026-03-27T10:54:05.882+05:30  INFO 24220 --- [Eureka-Server] [a-EvictionTimer] c.n.e.registry.AbstractInstanceRegistry  : Running the evict task with compensationTime 0ms
2026-03-27T10:54:06.883+05:30  INFO 24220 --- [Eureka-Server] [a-EvictionTimer] c.n.e.registry.AbstractInstanceRegistry  : Running the evict task with compensationTime 0ms
2026-03-27T10:54:07.883+05:30  INFO 24220 --- [Eureka-Server] [a-EvictionTimer] c.n.e.registry.AbstractInstanceRegistry  : Running the evict task with compensationTime 0ms
2026-03-27T10:54:08.885+05:30  INFO 24220 --- [Eureka-Server] [a-EvictionTimer] c.n.e.registry.AbstractInstanceRegistry  : Running the evict task with compensationTime 2ms
2026-03-27T10:54:09.886+05:30  INFO 24220 --- [Eureka-Server] [a-EvictionTimer] c.n.e.registry.AbstractInstanceRegistry  : Running the evict task with compensationTime 0ms
2026-03-27T10:54:10.887+05:30  INFO 24220 --- [Eureka-Server] [a-EvictionTimer] c.n.e.registry.AbstractInstanceRegistry  : Running the evict task with compensationTime 1ms
2026-03-27T10:54:11.887+05:30  INFO 24220 --- [Eureka-Server] [a-EvictionTimer] c.n.e.registry.AbstractInstanceRegistry  : Running the evict task with compensationTime 0ms
2026-03-27T10:54:12.888+05:30  INFO 24220 --- [Eureka-Server] [a-EvictionTimer] c.n.e.registry.AbstractInstanceRegistry  : Running the evict task with compensationTime 0ms
2026-03-27T10:54:13.889+05:30  INFO 24220 --- [Eureka-Server] [a-EvictionTimer] c.n.e.registry.AbstractInstanceRegistry  : Running the evict task with compensationTime 0ms
2026-03-27T10:54:14.890+05:30  INFO 24220 --- [Eureka-Server] [a-EvictionTimer] c.n.e.registry.AbstractInstanceRegistry  : Running the evict task with compensationTime 1ms
2026-03-27T10:54:15.890+05:30  INFO 24220 --- [Eureka-Server] [a-EvictionTimer] c.n.e.registry.AbstractInstanceRegistry  : Running the evict task with compensationTime 0ms
2026-03-27T10:54:16.890+05:30  INFO 24220 --- [Eureka-Server] [a-EvictionTimer] c.n.e.registry.AbstractInstanceRegistry  : Running the evict task with compensationTime 0ms
2026-03-27T10:54:17.891+05:30  INFO 24220 --- [Eureka-Server] [a-EvictionTimer] c.n.e.registry.AbstractInstanceRegistry  : Running the evict task with compensationTime 0ms
2026-03-27T10:54:18.294+05:30  INFO 24220 --- [Eureka-Server] [io-8761-exec-10] c.n.e.registry.AbstractInstanceRegistry  : Registered instance NOTIFICATION-SERVICE/localhost:NOTIFICATION-SERVICE:7507 with status UP (replication=false)
2026-03-27T10:54:18.898+05:30  INFO 24220 --- [Eureka-Server] [a-EvictionTimer] c.n.e.registry.AbstractInstanceRegistry  : Running the evict task with compensationTime 7ms
2026-03-27T10:54:19.898+05:30  INFO 24220 --- [Eureka-Server] [a-EvictionTimer] c.n.e.registry.AbstractInstanceRegistry  : Running the evict task with compensationTime 0ms
2026-03-27T10:54:20.906+05:30  INFO 24220 --- [Eureka-Server] [a-EvictionTimer] c.n.e.registry.AbstractInstanceRegistry  : Running the evict task with compensationTime 8ms
2026-03-27T10:54:21.920+05:30  INFO 24220 --- [Eureka-Server] [a-EvictionTimer] c.n.e.registry.AbstractInstanceRegistry  : Running the evict task with compensationTime 13ms
2026-03-27T10:54:22.924+05:30  INFO 24220 --- [Eureka-Server] [a-EvictionTimer] c.n.e.registry.AbstractInstanceRegistry  : Running the evict task with compensationTime 4ms
2026-03-27T10:54:23.933+05:30  INFO 24220 --- [Eureka-Server] [a-EvictionTimer] c.n.e.registry.AbstractInstanceRegistry  : Running the evict task with compensationTime 8ms
2026-03-27T10:54:24.946+05:30  INFO 24220 --- [Eureka-Server] [a-EvictionTimer] c.n.e.registry.AbstractInstanceRegistry  : Running the evict task with compensationTime 13ms
2026-03-27T10:54:25.954+05:30  INFO 24220 --- [Eureka-Server] [a-EvictionTimer] c.n.e.registry.AbstractInstanceRegistry  : Running the evict task with compensationTime 7ms
2026-03-27T10:54:26.965+05:30  INFO 24220 --- [Eureka-Server] [a-EvictionTimer] c.n.e.registry.AbstractInstanceRegistry  : Running the evict task with compensationTime 10ms
2026-03-27T10:54:27.411+05:30  INFO 24220 --- [Eureka-Server] [nio-8761-exec-7] c.n.e.registry.AbstractInstanceRegistry  : Registered instance REWARDS-SERVICE/localhost:Rewards-Service:7511 with status UP (replication=false)
2026-03-27T10:54:27.974+05:30  INFO 24220 --- [Eureka-Server] [a-EvictionTimer] c.n.e.registry.AbstractInstanceRegistry  : Running the evict task with compensationTime 8ms
2026-03-27T10:54:28.978+05:30  INFO 24220 --- [Eureka-Server] [a-EvictionTimer] c.n.e.registry.AbstractInstanceRegistry  : Running the evict task with compensationTime 5ms
2026-03-27T10:54:29.982+05:30  INFO 24220 --- [Eureka-Server] [a-EvictionTimer] c.n.e.registry.AbstractInstanceRegistry  : Running the evict task with compensationTime 2ms
2026-03-27T10:54:30.988+05:30  INFO 24220 --- [Eureka-Server] [a-EvictionTimer] c.n.e.registry.AbstractInstanceRegistry  : Running the evict task with compensationTime 6ms
2026-03-27T10:54:31.994+05:30  INFO 24220 --- [Eureka-Server] [a-EvictionTimer] c.n.e.registry.AbstractInstanceRegistry  : Running the evict task with compensationTime 6ms
2026-03-27T10:54:33.004+05:30  INFO 24220 --- [Eureka-Server] [a-EvictionTimer] c.n.e.registry.AbstractInstanceRegistry  : Running the evict task with compensationTime 9ms
2026-03-27T10:54:34.013+05:30  INFO 24220 --- [Eureka-Server] [a-EvictionTimer] c.n.e.registry.AbstractInstanceRegistry  : Running the evict task with compensationTime 8ms
2026-03-27T10:54:35.013+05:30  INFO 24220 --- [Eureka-Server] [a-EvictionTimer] c.n.e.registry.AbstractInstanceRegistry  : Running the evict task with compensationTime 0ms
2026-03-27T10:54:36.013+05:30  INFO 24220 --- [Eureka-Server] [a-EvictionTimer] c.n.e.registry.AbstractInstanceRegistry  : Running the evict task with compensationTime 0ms
2026-03-27T10:54:37.014+05:30  INFO 24220 --- [Eureka-Server] [a-EvictionTimer] c.n.e.registry.AbstractInstanceRegistry  : Running the evict task with compensationTime 0ms
2026-03-27T10:54:38.021+05:30  INFO 24220 --- [Eureka-Server] [a-EvictionTimer] c.n.e.registry.AbstractInstanceRegistry  : Running the evict task with compensationTime 6ms
2026-03-27T10:54:39.035+05:30  INFO 24220 --- [Eureka-Server] [a-EvictionTimer] c.n.e.registry.AbstractInstanceRegistry  : Running the evict task with compensationTime 14ms
2026-03-27T10:54:40.042+05:30  INFO 24220 --- [Eureka-Server] [a-EvictionTimer] c.n.e.registry.AbstractInstanceRegistry  : Running the evict task with compensationTime 7ms
2026-03-27T10:54:41.055+05:30  INFO 24220 --- [Eureka-Server] [a-EvictionTimer] c.n.e.registry.AbstractInstanceRegistry  : Running the evict task with compensationTime 12ms
2026-03-27T10:54:42.066+05:30  INFO 24220 --- [Eureka-Server] [a-EvictionTimer] c.n.e.registry.AbstractInstanceRegistry  : Running the evict task with compensationTime 11ms
2026-03-27T10:54:43.071+05:30  INFO 24220 --- [Eureka-Server] [a-EvictionTimer] c.n.e.registry.AbstractInstanceRegistry  : Running the evict task with compensationTime 3ms
2026-03-27T10:54:44.081+05:30  INFO 24220 --- [Eureka-Server] [a-EvictionTimer] c.n.e.registry.AbstractInstanceRegistry  : Running the evict task with compensationTime 10ms
2026-03-27T10:54:45.083+05:30  INFO 24220 --- [Eureka-Server] [a-EvictionTimer] c.n.e.registry.AbstractInstanceRegistry  : Running the evict task with compensationTime 2ms
2026-03-27T10:54:46.091+05:30  INFO 24220 --- [Eureka-Server] [a-EvictionTimer] c.n.e.registry.AbstractInstanceRegistry  : Running the evict task with compensationTime 7ms
2026-03-27T10:54:47.100+05:30  INFO 24220 --- [Eureka-Server] [a-EvictionTimer] c.n.e.registry.AbstractInstanceRegistry  : Running the evict task with compensationTime 9ms
2026-03-27T10:54:48.106+05:30  INFO 24220 --- [Eureka-Server] [a-EvictionTimer] c.n.e.registry.AbstractInstanceRegistry  : Running the evict task with compensationTime 6ms
2026-03-27T10:54:49.109+05:30  INFO 24220 --- [Eureka-Server] [a-EvictionTimer] c.n.e.registry.AbstractInstanceRegistry  : Running the evict task with compensationTime 2ms
2026-03-27T10:54:50.119+05:30  INFO 24220 --- [Eureka-Server] [a-EvictionTimer] c.n.e.registry.AbstractInstanceRegistry  : Running the evict task with compensationTime 10ms
2026-03-27T10:54:51.128+05:30  INFO 24220 --- [Eureka-Server] [a-EvictionTimer] c.n.e.registry.AbstractInstanceRegistry  : Running the evict task with compensationTime 8ms
2026-03-27T10:54:52.141+05:30  INFO 24220 --- [Eureka-Server] [a-EvictionTimer] c.n.e.registry.AbstractInstanceRegistry  : Running the evict task with compensationTime 13ms
2026-03-27T10:54:53.152+05:30  INFO 24220 --- [Eureka-Server] [a-EvictionTimer] c.n.e.registry.AbstractInstanceRegistry  : Running the evict task with compensationTime 10ms
2026-03-27T10:54:54.160+05:30  INFO 24220 --- [Eureka-Server] [a-EvictionTimer] c.n.e.registry.AbstractInstanceRegistry  : Running the evict task with compensationTime 9ms
2026-03-27T10:54:55.173+05:30  INFO 24220 --- [Eureka-Server] [a-EvictionTimer] c.n.e.registry.AbstractInstanceRegistry  : Running the evict task with compensationTime 11ms
2026-03-27T10:54:56.180+05:30  INFO 24220 --- [Eureka-Server] [a-EvictionTimer] c.n.e.registry.AbstractInstanceRegistry  : Running the evict task with compensationTime 7ms
2026-03-27T10:54:57.191+05:30  INFO 24220 --- [Eureka-Server] [a-EvictionTimer] c.n.e.registry.AbstractInstanceRegistry  : Running the evict task with compensationTime 10ms
2026-03-27T10:54:58.195+05:30  INFO 24220 --- [Eureka-Server] [a-EvictionTimer] c.n.e.registry.AbstractInstanceRegistry  : Running the evict task with compensationTime 4ms
2026-03-27T10:54:59.206+05:30  INFO 24220 --- [Eureka-Server] [a-EvictionTimer] c.n.e.registry.AbstractInstanceRegistry  : Running the evict task with compensationTime 11ms
2026-03-27T10:55:00.215+05:30  INFO 24220 --- [Eureka-Server] [a-EvictionTimer] c.n.e.registry.AbstractInstanceRegistry  : Running the evict task with compensationTime 8ms
2026-03-27T10:55:01.230+05:30  INFO 24220 --- [Eureka-Server] [a-EvictionTimer] c.n.e.registry.AbstractInstanceRegistry  : Running the evict task with compensationTime 14ms
2026-03-27T10:55:02.234+05:30  INFO 24220 --- [Eureka-Server] [a-EvictionTimer] c.n.e.registry.AbstractInstanceRegistry  : Running the evict task with compensationTime 5ms
2026-03-27T10:55:03.243+05:30  INFO 24220 --- [Eureka-Server] [a-EvictionTimer] c.n.e.registry.AbstractInstanceRegistry  : Running the evict task with compensationTime 8ms
2026-03-27T10:55:04.251+05:30  INFO 24220 --- [Eureka-Server] [a-EvictionTimer] c.n.e.registry.AbstractInstanceRegistry  : Running the evict task with compensationTime 8ms
2026-03-27T10:55:05.261+05:30  INFO 24220 --- [Eureka-Server] [a-EvictionTimer] c.n.e.registry.AbstractInstanceRegistry  : Running the evict task with compensationTime 10ms
2026-03-27T10:55:06.269+05:30  INFO 24220 --- [Eureka-Server] [a-EvictionTimer] c.n.e.registry.AbstractInstanceRegistry  : Running the evict task with compensationTime 7ms
2026-03-27T10:55:07.278+05:30  INFO 24220 --- [Eureka-Server] [a-EvictionTimer] c.n.e.registry.AbstractInstanceRegistry  : Running the evict task with compensationTime 8ms
2026-03-27T10:55:08.284+05:30  INFO 24220 --- [Eureka-Server] [a-EvictionTimer] c.n.e.registry.AbstractInstanceRegistry  : Running the evict task with compensationTime 6ms
2026-03-27T10:55:09.289+05:30  INFO 24220 --- [Eureka-Server] [a-EvictionTimer] c.n.e.registry.AbstractInstanceRegistry  : Running the evict task with compensationTime 5ms
2026-03-27T10:55:10.297+05:30  INFO 24220 --- [Eureka-Server] [a-EvictionTimer] c.n.e.registry.AbstractInstanceRegistry  : Running the evict task with compensationTime 7ms
2026-03-27T10:55:11.298+05:30  INFO 24220 --- [Eureka-Server] [a-EvictionTimer] c.n.e.registry.AbstractInstanceRegistry  : Running the evict task with compensationTime 1ms
2026-03-27T10:55:12.304+05:30  INFO 24220 --- [Eureka-Server] [a-EvictionTimer] c.n.e.registry.AbstractInstanceRegistry  : Running the evict task with compensationTime 5ms
2026-03-27T10:55:13.316+05:30  INFO 24220 --- [Eureka-Server] [a-EvictionTimer] c.n.e.registry.AbstractInstanceRegistry  : Running the evict task with compensationTime 12ms
2026-03-27T10:55:14.324+05:30  INFO 24220 --- [Eureka-Server] [a-EvictionTimer] c.n.e.registry.AbstractInstanceRegistry  : Running the evict task with compensationTime 7ms
2026-03-27T10:55:15.333+05:30  INFO 24220 --- [Eureka-Server] [a-EvictionTimer] c.n.e.registry.AbstractInstanceRegistry  : Running the evict task with compensationTime 9ms
2026-03-27T10:55:16.347+05:30  INFO 24220 --- [Eureka-Server] [a-EvictionTimer] c.n.e.registry.AbstractInstanceRegistry  : Running the evict task with compensationTime 11ms
2026-03-27T10:55:17.356+05:30  INFO 24220 --- [Eureka-Server] [a-EvictionTimer] c.n.e.registry.AbstractInstanceRegistry  : Running the evict task with compensationTime 10ms
2026-03-27T10:55:18.365+05:30  INFO 24220 --- [Eureka-Server] [a-EvictionTimer] c.n.e.registry.AbstractInstanceRegistry  : Running the evict task with compensationTime 9ms
2026-03-27T10:55:19.371+05:30  INFO 24220 --- [Eureka-Server] [a-EvictionTimer] c.n.e.registry.AbstractInstanceRegistry  : Running the evict task with compensationTime 5ms
2026-03-27T10:55:20.383+05:30  INFO 24220 --- [Eureka-Server] [a-EvictionTimer] c.n.e.registry.AbstractInstanceRegistry  : Running the evict task with compensationTime 11ms
2026-03-27T10:55:21.393+05:30  INFO 24220 --- [Eureka-Server] [a-EvictionTimer] c.n.e.registry.AbstractInstanceRegistry  : Running the evict task with compensationTime 11ms
2026-03-27T10:55:22.405+05:30  INFO 24220 --- [Eureka-Server] [a-EvictionTimer] c.n.e.registry.AbstractInstanceRegistry  : Running the evict task with compensationTime 10ms
2026-03-27T10:55:23.412+05:30  INFO 24220 --- [Eureka-Server] [a-EvictionTimer] c.n.e.registry.AbstractInstanceRegistry  : Running the evict task with compensationTime 7ms
2026-03-27T10:55:24.424+05:30  INFO 24220 --- [Eureka-Server] [a-EvictionTimer] c.n.e.registry.AbstractInstanceRegistry  : Running the evict task with compensationTime 12ms
2026-03-27T10:55:25.438+05:30  INFO 24220 --- [Eureka-Server] [a-EvictionTimer] c.n.e.registry.AbstractInstanceRegistry  : Running the evict task with compensationTime 14ms
2026-03-27T10:55:26.447+05:30  INFO 24220 --- [Eureka-Server] [a-EvictionTimer] c.n.e.registry.AbstractInstanceRegistry  : Running the evict task with compensationTime 7ms
2026-03-27T10:55:27.460+05:30  INFO 24220 --- [Eureka-Server] [a-EvictionTimer] c.n.e.registry.AbstractInstanceRegistry  : Running the evict task with compensationTime 13ms
2026-03-27T10:55:28.466+05:30  INFO 24220 --- [Eureka-Server] [a-EvictionTimer] c.n.e.registry.AbstractInstanceRegistry  : Running the evict task with compensationTime 6ms
2026-03-27T10:55:29.477+05:30  INFO 24220 --- [Eureka-Server] [a-EvictionTimer] c.n.e.registry.AbstractInstanceRegistry  : Running the evict task with compensationTime 11ms
2026-03-27T10:55:30.488+05:30  INFO 24220 --- [Eureka-Server] [a-EvictionTimer] c.n.e.registry.AbstractInstanceRegistry  : Running the evict task with compensationTime 10ms
2026-03-27T10:55:31.503+05:30  INFO 24220 --- [Eureka-Server] [a-EvictionTimer] c.n.e.registry.AbstractInstanceRegistry  : Running the evict task with compensationTime 14ms
2026-03-27T10:55:32.510+05:30  INFO 24220 --- [Eureka-Server] [a-EvictionTimer] c.n.e.registry.AbstractInstanceRegistry  : Running the evict task with compensationTime 7ms
2026-03-27T10:55:33.518+05:30  INFO 24220 --- [Eureka-Server] [a-EvictionTimer] c.n.e.registry.AbstractInstanceRegistry  : Running the evict task with compensationTime 7ms
2026-03-27T10:55:34.529+05:30  INFO 24220 --- [Eureka-Server] [a-EvictionTimer] c.n.e.registry.AbstractInstanceRegistry  : Running the evict task with compensationTime 11ms
2026-03-27T10:55:35.537+05:30  INFO 24220 --- [Eureka-Server] [a-EvictionTimer] c.n.e.registry.AbstractInstanceRegistry  : Running the evict task with compensationTime 8ms
2026-03-27T10:55:36.546+05:30  INFO 24220 --- [Eureka-Server] [a-EvictionTimer] c.n.e.registry.AbstractInstanceRegistry  : Running the evict task with compensationTime 9ms
2026-03-27T10:55:37.560+05:30  INFO 24220 --- [Eureka-Server] [a-EvictionTimer] c.n.e.registry.AbstractInstanceRegistry  : Running the evict task with compensationTime 13ms
2026-03-27T10:55:38.571+05:30  INFO 24220 --- [Eureka-Server] [a-EvictionTimer] c.n.e.registry.AbstractInstanceRegistry  : Running the evict task with compensationTime 11ms
2026-03-27T10:55:39.582+05:30  INFO 24220 --- [Eureka-Server] [a-EvictionTimer] c.n.e.registry.AbstractInstanceRegistry  : Running the evict task with compensationTime 11ms
2026-03-27T10:55:40.587+05:30  INFO 24220 --- [Eureka-Server] [a-EvictionTimer] c.n.e.registry.AbstractInstanceRegistry  : Running the evict task with compensationTime 4ms
2026-03-27T10:55:41.594+05:30  INFO 24220 --- [Eureka-Server] [a-EvictionTimer] c.n.e.registry.AbstractInstanceRegistry  : Running the evict task with compensationTime 7ms
2026-03-27T10:55:42.594+05:30  INFO 24220 --- [Eureka-Server] [a-EvictionTimer] c.n.e.registry.AbstractInstanceRegistry  : Running the evict task with compensationTime 0ms
2026-03-27T10:55:43.594+05:30  INFO 24220 --- [Eureka-Server] [a-EvictionTimer] c.n.e.registry.AbstractInstanceRegistry  : Running the evict task with compensationTime 0ms
2026-03-27T10:55:44.595+05:30  INFO 24220 --- [Eureka-Server] [a-EvictionTimer] c.n.e.registry.AbstractInstanceRegistry  : Running the evict task with compensationTime 0ms
2026-03-27T10:55:45.601+05:30  INFO 24220 --- [Eureka-Server] [a-EvictionTimer] c.n.e.registry.AbstractInstanceRegistry  : Running the evict task with compensationTime 6ms
2026-03-27T10:55:46.603+05:30  INFO 24220 --- [Eureka-Server] [a-EvictionTimer] c.n.e.registry.AbstractInstanceRegistry  : Running the evict task with compensationTime 1ms
2026-03-27T10:55:47.603+05:30  INFO 24220 --- [Eureka-Server] [a-EvictionTimer] c.n.e.registry.AbstractInstanceRegistry  : Running the evict task with compensationTime 0ms
2026-03-27T10:55:48.603+05:30  INFO 24220 --- [Eureka-Server] [a-EvictionTimer] c.n.e.registry.AbstractInstanceRegistry  : Running the evict task with compensationTime 0ms
2026-03-27T10:55:49.608+05:30  INFO 24220 --- [Eureka-Server] [a-EvictionTimer] c.n.e.registry.AbstractInstanceRegistry  : Running the evict task with compensationTime 4ms
2026-03-27T10:55:50.612+05:30  INFO 24220 --- [Eureka-Server] [a-EvictionTimer] c.n.e.registry.AbstractInstanceRegistry  : Running the evict task with compensationTime 4ms
2026-03-27T10:55:51.613+05:30  INFO 24220 --- [Eureka-Server] [a-EvictionTimer] c.n.e.registry.AbstractInstanceRegistry  : Running the evict task with compensationTime 0ms
2026-03-27T10:55:52.614+05:30  INFO 24220 --- [Eureka-Server] [a-EvictionTimer] c.n.e.registry.AbstractInstanceRegistry  : Running the evict task with compensationTime 0ms
2026-03-27T10:55:53.614+05:30  INFO 24220 --- [Eureka-Server] [a-EvictionTimer] c.n.e.registry.AbstractInstanceRegistry  : Running the evict task with compensationTime 0ms
2026-03-27T10:55:54.615+05:30  INFO 24220 --- [Eureka-Server] [a-EvictionTimer] c.n.e.registry.AbstractInstanceRegistry  : Running the evict task with compensationTime 1ms
2026-03-27T10:55:55.615+05:30  INFO 24220 --- [Eureka-Server] [a-EvictionTimer] c.n.e.registry.AbstractInstanceRegistry  : Running the evict task with compensationTime 0ms
2026-03-27T10:55:56.615+05:30  INFO 24220 --- [Eureka-Server] [a-EvictionTimer] c.n.e.registry.AbstractInstanceRegistry  : Running the evict task with compensationTime 0ms
2026-03-27T10:55:57.615+05:30  INFO 24220 --- [Eureka-Server] [a-EvictionTimer] c.n.e.registry.AbstractInstanceRegistry  : Running the evict task with compensationTime 0ms
2026-03-27T10:55:58.625+05:30  INFO 24220 --- [Eureka-Server] [a-EvictionTimer] c.n.e.registry.AbstractInstanceRegistry  : Running the evict task with compensationTime 10ms
2026-03-27T10:55:59.625+05:30  INFO 24220 --- [Eureka-Server] [a-EvictionTimer] c.n.e.registry.AbstractInstanceRegistry  : Running the evict task with compensationTime 0ms
2026-03-27T10:56:00.626+05:30  INFO 24220 --- [Eureka-Server] [a-EvictionTimer] c.n.e.registry.AbstractInstanceRegistry  : Running the evict task with compensationTime 1ms
2026-03-27T10:56:01.626+05:30  INFO 24220 --- [Eureka-Server] [a-EvictionTimer] c.n.e.registry.AbstractInstanceRegistry  : Running the evict task with compensationTime 0ms
2026-03-27T10:56:02.627+05:30  INFO 24220 --- [Eureka-Server] [a-EvictionTimer] c.n.e.registry.AbstractInstanceRegistry  : Running the evict task with compensationTime 1ms
2026-03-27T10:56:03.627+05:30  INFO 24220 --- [Eureka-Server] [a-EvictionTimer] c.n.e.registry.AbstractInstanceRegistry  : Running the evict task with compensationTime 0ms
2026-03-27T10:56:04.628+05:30  INFO 24220 --- [Eureka-Server] [a-EvictionTimer] c.n.e.registry.AbstractInstanceRegistry  : Running the evict task with compensationTime 0ms
2026-03-27T10:56:05.630+05:30  INFO 24220 --- [Eureka-Server] [a-EvictionTimer] c.n.e.registry.AbstractInstanceRegistry  : Running the evict task with compensationTime 1ms
2026-03-27T10:56:06.630+05:30  INFO 24220 --- [Eureka-Server] [a-EvictionTimer] c.n.e.registry.AbstractInstanceRegistry  : Running the evict task with compensationTime 0ms
2026-03-27T10:56:07.631+05:30  INFO 24220 --- [Eureka-Server] [a-EvictionTimer] c.n.e.registry.AbstractInstanceRegistry  : Running the evict task with compensationTime 0ms
2026-03-27T10:56:08.632+05:30  INFO 24220 --- [Eureka-Server] [a-EvictionTimer] c.n.e.registry.AbstractInstanceRegistry  : Running the evict task with compensationTime 0ms
2026-03-27T10:56:09.632+05:30  INFO 24220 --- [Eureka-Server] [a-EvictionTimer] c.n.e.registry.AbstractInstanceRegistry  : Running the evict task with compensationTime 0ms
2026-03-27T10:56:10.632+05:30  INFO 24220 --- [Eureka-Server] [a-EvictionTimer] c.n.e.registry.AbstractInstanceRegistry  : Running the evict task with compensationTime 0ms
2026-03-27T10:56:11.633+05:30  INFO 24220 --- [Eureka-Server] [a-EvictionTimer] c.n.e.registry.AbstractInstanceRegistry  : Running the evict task with compensationTime 0ms
2026-03-27T10:56:12.633+05:30  INFO 24220 --- [Eureka-Server] [a-EvictionTimer] c.n.e.registry.AbstractInstanceRegistry  : Running the evict task with compensationTime 0ms
2026-03-27T10:56:13.634+05:30  INFO 24220 --- [Eureka-Server] [a-EvictionTimer] c.n.e.registry.AbstractInstanceRegistry  : Running the evict task with compensationTime 0ms
2026-03-27T10:56:14.634+05:30  INFO 24220 --- [Eureka-Server] [a-EvictionTimer] c.n.e.registry.AbstractInstanceRegistry  : Running the evict task with compensationTime 0ms
2026-03-27T10:56:15.634+05:30  INFO 24220 --- [Eureka-Server] [a-EvictionTimer] c.n.e.registry.AbstractInstanceRegistry  : Running the evict task with compensationTime 0ms
2026-03-27T10:56:16.634+05:30  INFO 24220 --- [Eureka-Server] [a-EvictionTimer] c.n.e.registry.AbstractInstanceRegistry  : Running the evict task with compensationTime 0ms
2026-03-27T10:56:17.635+05:30  INFO 24220 --- [Eureka-Server] [a-EvictionTimer] c.n.e.registry.AbstractInstanceRegistry  : Running the evict task with compensationTime 1ms
2026-03-27T10:56:18.640+05:30  INFO 24220 --- [Eureka-Server] [a-EvictionTimer] c.n.e.registry.AbstractInstanceRegistry  : Running the evict task with compensationTime 5ms
2026-03-27T10:56:19.640+05:30  INFO 24220 --- [Eureka-Server] [a-EvictionTimer] c.n.e.registry.AbstractInstanceRegistry  : Running the evict task with compensationTime 0ms
2026-03-27T10:56:20.640+05:30  INFO 24220 --- [Eureka-Server] [a-EvictionTimer] c.n.e.registry.AbstractInstanceRegistry  : Running the evict task with compensationTime 0ms
2026-03-27T10:56:21.641+05:30  INFO 24220 --- [Eureka-Server] [a-EvictionTimer] c.n.e.registry.AbstractInstanceRegistry  : Running the evict task with compensationTime 0ms
2026-03-27T10:56:22.642+05:30  INFO 24220 --- [Eureka-Server] [a-EvictionTimer] c.n.e.registry.AbstractInstanceRegistry  : Running the evict task with compensationTime 0ms
2026-03-27T10:56:23.642+05:30  INFO 24220 --- [Eureka-Server] [a-EvictionTimer] c.n.e.registry.AbstractInstanceRegistry  : Running the evict task with compensationTime 0ms
2026-03-27T10:56:24.643+05:30  INFO 24220 --- [Eureka-Server] [a-EvictionTimer] c.n.e.registry.AbstractInstanceRegistry  : Running the evict task with compensationTime 0ms
2026-03-27T10:56:25.644+05:30  INFO 24220 --- [Eureka-Server] [a-EvictionTimer] c.n.e.registry.AbstractInstanceRegistry  : Running the evict task with compensationTime 0ms
2026-03-27T10:56:26.644+05:30  INFO 24220 --- [Eureka-Server] [a-EvictionTimer] c.n.e.registry.AbstractInstanceRegistry  : Running the evict task with compensationTime 0ms
2026-03-27T10:56:27.645+05:30  INFO 24220 --- [Eureka-Server] [a-EvictionTimer] c.n.e.registry.AbstractInstanceRegistry  : Running the evict task with compensationTime 0ms
2026-03-27T10:56:28.646+05:30  INFO 24220 --- [Eureka-Server] [a-EvictionTimer] c.n.e.registry.AbstractInstanceRegistry  : Running the evict task with compensationTime 1ms
2026-03-27T10:56:29.647+05:30  INFO 24220 --- [Eureka-Server] [a-EvictionTimer] c.n.e.registry.AbstractInstanceRegistry  : Running the evict task with compensationTime 0ms
2026-03-27T10:56:30.648+05:30  INFO 24220 --- [Eureka-Server] [a-EvictionTimer] c.n.e.registry.AbstractInstanceRegistry  : Running the evict task with compensationTime 0ms
2026-03-27T10:56:31.649+05:30  INFO 24220 --- [Eureka-Server] [a-EvictionTimer] c.n.e.registry.AbstractInstanceRegistry  : Running the evict task with compensationTime 1ms
2026-03-27T10:56:32.649+05:30  INFO 24220 --- [Eureka-Server] [a-EvictionTimer] c.n.e.registry.AbstractInstanceRegistry  : Running the evict task with compensationTime 0ms
2026-03-27T10:56:33.649+05:30  INFO 24220 --- [Eureka-Server] [a-EvictionTimer] c.n.e.registry.AbstractInstanceRegistry  : Running the evict task with compensationTime 0ms
2026-03-27T10:56:34.650+05:30  INFO 24220 --- [Eureka-Server] [a-EvictionTimer] c.n.e.registry.AbstractInstanceRegistry  : Running the evict task with compensationTime 1ms
2026-03-27T10:56:35.659+05:30  INFO 24220 --- [Eureka-Server] [a-EvictionTimer] c.n.e.registry.AbstractInstanceRegistry  : Running the evict task with compensationTime 9ms
2026-03-27T10:56:36.659+05:30  INFO 24220 --- [Eureka-Server] [a-EvictionTimer] c.n.e.registry.AbstractInstanceRegistry  : Running the evict task with compensationTime 0ms
2026-03-27T10:56:37.660+05:30  INFO 24220 --- [Eureka-Server] [a-EvictionTimer] c.n.e.registry.AbstractInstanceRegistry  : Running the evict task with compensationTime 0ms
2026-03-27T10:56:38.660+05:30  INFO 24220 --- [Eureka-Server] [a-EvictionTimer] c.n.e.registry.AbstractInstanceRegistry  : Running the evict task with compensationTime 0ms
2026-03-27T10:56:39.660+05:30  INFO 24220 --- [Eureka-Server] [a-EvictionTimer] c.n.e.registry.AbstractInstanceRegistry  : Running the evict task with compensationTime 0ms
2026-03-27T10:56:40.661+05:30  INFO 24220 --- [Eureka-Server] [a-EvictionTimer] c.n.e.registry.AbstractInstanceRegistry  : Running the evict task with compensationTime 0ms
2026-03-27T10:56:41.662+05:30  INFO 24220 --- [Eureka-Server] [a-EvictionTimer] c.n.e.registry.AbstractInstanceRegistry  : Running the evict task with compensationTime 0ms
2026-03-27T10:56:42.663+05:30  INFO 24220 --- [Eureka-Server] [a-EvictionTimer] c.n.e.registry.AbstractInstanceRegistry  : Running the evict task with compensationTime 0ms
2026-03-27T10:56:43.664+05:30  INFO 24220 --- [Eureka-Server] [a-EvictionTimer] c.n.e.registry.AbstractInstanceRegistry  : Running the evict task with compensationTime 1ms
2026-03-27T10:56:44.664+05:30  INFO 24220 --- [Eureka-Server] [a-EvictionTimer] c.n.e.registry.AbstractInstanceRegistry  : Running the evict task with compensationTime 0ms
2026-03-27T10:56:45.664+05:30  INFO 24220 --- [Eureka-Server] [a-EvictionTimer] c.n.e.registry.AbstractInstanceRegistry  : Running the evict task with compensationTime 0ms
2026-03-27T10:56:46.664+05:30  INFO 24220 --- [Eureka-Server] [a-EvictionTimer] c.n.e.registry.AbstractInstanceRegistry  : Running the evict task with compensationTime 0ms
2026-03-27T10:56:47.675+05:30  INFO 24220 --- [Eureka-Server] [a-EvictionTimer] c.n.e.registry.AbstractInstanceRegistry  : Running the evict task with compensationTime 10ms
2026-03-27T10:56:48.680+05:30  INFO 24220 --- [Eureka-Server] [a-EvictionTimer] c.n.e.registry.AbstractInstanceRegistry  : Running the evict task with compensationTime 5ms
2026-03-27T10:56:49.689+05:30  INFO 24220 --- [Eureka-Server] [a-EvictionTimer] c.n.e.registry.AbstractInstanceRegistry  : Running the evict task with compensationTime 9ms
2026-03-27T10:56:50.698+05:30  INFO 24220 --- [Eureka-Server] [a-EvictionTimer] c.n.e.registry.AbstractInstanceRegistry  : Running the evict task with compensationTime 7ms
2026-03-27T10:56:51.706+05:30  INFO 24220 --- [Eureka-Server] [a-EvictionTimer] c.n.e.registry.AbstractInstanceRegistry  : Running the evict task with compensationTime 8ms
2026-03-27T10:56:52.715+05:30  INFO 24220 --- [Eureka-Server] [a-EvictionTimer] c.n.e.registry.AbstractInstanceRegistry  : Running the evict task with compensationTime 8ms
2026-03-27T10:56:53.721+05:30  INFO 24220 --- [Eureka-Server] [a-EvictionTimer] c.n.e.registry.AbstractInstanceRegistry  : Running the evict task with compensationTime 6ms
2026-03-27T10:56:54.722+05:30  INFO 24220 --- [Eureka-Server] [a-EvictionTimer] c.n.e.registry.AbstractInstanceRegistry  : Running the evict task with compensationTime 0ms
2026-03-27T10:56:55.724+05:30  INFO 24220 --- [Eureka-Server] [a-EvictionTimer] c.n.e.registry.AbstractInstanceRegistry  : Running the evict task with compensationTime 1ms
2026-03-27T10:56:56.725+05:30  INFO 24220 --- [Eureka-Server] [a-EvictionTimer] c.n.e.registry.AbstractInstanceRegistry  : Running the evict task with compensationTime 1ms
2026-03-27T10:56:57.725+05:30  INFO 24220 --- [Eureka-Server] [a-EvictionTimer] c.n.e.registry.AbstractInstanceRegistry  : Running the evict task with compensationTime 0ms
2026-03-27T10:56:58.725+05:30  INFO 24220 --- [Eureka-Server] [a-EvictionTimer] c.n.e.registry.AbstractInstanceRegistry  : Running the evict task with compensationTime 0ms
2026-03-27T10:56:59.726+05:30  INFO 24220 --- [Eureka-Server] [a-EvictionTimer] c.n.e.registry.AbstractInstanceRegistry  : Running the evict task with compensationTime 1ms
2026-03-27T10:57:00.727+05:30  INFO 24220 --- [Eureka-Server] [a-EvictionTimer] c.n.e.registry.AbstractInstanceRegistry  : Running the evict task with compensationTime 0ms
2026-03-27T10:57:01.728+05:30  INFO 24220 --- [Eureka-Server] [a-EvictionTimer] c.n.e.registry.AbstractInstanceRegistry  : Running the evict task with compensationTime 1ms
2026-03-27T10:57:02.729+05:30  INFO 24220 --- [Eureka-Server] [a-EvictionTimer] c.n.e.registry.AbstractInstanceRegistry  : Running the evict task with compensationTime 0ms
2026-03-27T10:57:03.729+05:30  INFO 24220 --- [Eureka-Server] [a-EvictionTimer] c.n.e.registry.AbstractInstanceRegistry  : Running the evict task with compensationTime 0ms
2026-03-27T10:57:04.731+05:30  INFO 24220 --- [Eureka-Server] [a-EvictionTimer] c.n.e.registry.AbstractInstanceRegistry  : Running the evict task with compensationTime 1ms
2026-03-27T10:57:05.731+05:30  INFO 24220 --- [Eureka-Server] [a-EvictionTimer] c.n.e.registry.AbstractInstanceRegistry  : Running the evict task with compensationTime 0ms
2026-03-27T10:57:06.732+05:30  INFO 24220 --- [Eureka-Server] [a-EvictionTimer] c.n.e.registry.AbstractInstanceRegistry  : Running the evict task with compensationTime 0ms
2026-03-27T10:57:07.732+05:30  INFO 24220 --- [Eureka-Server] [a-EvictionTimer] c.n.e.registry.AbstractInstanceRegistry  : Running the evict task with compensationTime 0ms
2026-03-27T10:57:08.733+05:30  INFO 24220 --- [Eureka-Server] [a-EvictionTimer] c.n.e.registry.AbstractInstanceRegistry  : Running the evict task with compensationTime 1ms
2026-03-27T10:57:09.734+05:30  INFO 24220 --- [Eureka-Server] [a-EvictionTimer] c.n.e.registry.AbstractInstanceRegistry  : Running the evict task with compensationTime 0ms
2026-03-27T10:57:10.735+05:30  INFO 24220 --- [Eureka-Server] [a-EvictionTimer] c.n.e.registry.AbstractInstanceRegistry  : Running the evict task with compensationTime 0ms
2026-03-27T10:57:11.736+05:30  INFO 24220 --- [Eureka-Server] [a-EvictionTimer] c.n.e.registry.AbstractInstanceRegistry  : Running the evict task with compensationTime 0ms
2026-03-27T10:57:12.736+05:30  INFO 24220 --- [Eureka-Server] [a-EvictionTimer] c.n.e.registry.AbstractInstanceRegistry  : Running the evict task with compensationTime 0ms
2026-03-27T10:57:13.737+05:30  INFO 24220 --- [Eureka-Server] [a-EvictionTimer] c.n.e.registry.AbstractInstanceRegistry  : Running the evict task with compensationTime 0ms
2026-03-27T10:57:14.737+05:30  INFO 24220 --- [Eureka-Server] [a-EvictionTimer] c.n.e.registry.AbstractInstanceRegistry  : Running the evict task with compensationTime 0ms
2026-03-27T10:57:15.737+05:30  INFO 24220 --- [Eureka-Server] [a-EvictionTimer] c.n.e.registry.AbstractInstanceRegistry  : Running the evict task with compensationTime 0ms
2026-03-27T10:57:16.737+05:30  INFO 24220 --- [Eureka-Server] [a-EvictionTimer] c.n.e.registry.AbstractInstanceRegistry  : Running the evict task with compensationTime 0ms
2026-03-27T10:57:17.738+05:30  INFO 24220 --- [Eureka-Server] [a-EvictionTimer] c.n.e.registry.AbstractInstanceRegistry  : Running the evict task with compensationTime 0ms
2026-03-27T10:57:18.738+05:30  INFO 24220 --- [Eureka-Server] [a-EvictionTimer] c.n.e.registry.AbstractInstanceRegistry  : Running the evict task with compensationTime 0ms
2026-03-27T10:57:19.738+05:30  INFO 24220 --- [Eureka-Server] [a-EvictionTimer] c.n.e.registry.AbstractInstanceRegistry  : Running the evict task with compensationTime 0ms
2026-03-27T10:57:20.739+05:30  INFO 24220 --- [Eureka-Server] [a-EvictionTimer] c.n.e.registry.AbstractInstanceRegistry  : Running the evict task with compensationTime 0ms
2026-03-27T10:57:21.740+05:30  INFO 24220 --- [Eureka-Server] [a-EvictionTimer] c.n.e.registry.AbstractInstanceRegistry  : Running the evict task with compensationTime 0ms
2026-03-27T10:57:22.742+05:30  INFO 24220 --- [Eureka-Server] [a-EvictionTimer] c.n.e.registry.AbstractInstanceRegistry  : Running the evict task with compensationTime 2ms
2026-03-27T10:57:23.743+05:30  INFO 24220 --- [Eureka-Server] [a-EvictionTimer] c.n.e.registry.AbstractInstanceRegistry  : Running the evict task with compensationTime 0ms
2026-03-27T10:57:24.744+05:30  INFO 24220 --- [Eureka-Server] [a-EvictionTimer] c.n.e.registry.AbstractInstanceRegistry  : Running the evict task with compensationTime 0ms
2026-03-27T10:57:25.745+05:30  INFO 24220 --- [Eureka-Server] [a-EvictionTimer] c.n.e.registry.AbstractInstanceRegistry  : Running the evict task with compensationTime 1ms
2026-03-27T10:57:26.759+05:30  INFO 24220 --- [Eureka-Server] [a-EvictionTimer] c.n.e.registry.AbstractInstanceRegistry  : Running the evict task with compensationTime 13ms
2026-03-27T10:57:27.759+05:30  INFO 24220 --- [Eureka-Server] [a-EvictionTimer] c.n.e.registry.AbstractInstanceRegistry  : Running the evict task with compensationTime 1ms
2026-03-27T10:57:28.760+05:30  INFO 24220 --- [Eureka-Server] [a-EvictionTimer] c.n.e.registry.AbstractInstanceRegistry  : Running the evict task with compensationTime 0ms
2026-03-27T10:57:29.761+05:30  INFO 24220 --- [Eureka-Server] [a-EvictionTimer] c.n.e.registry.AbstractInstanceRegistry  : Running the evict task with compensationTime 1ms
2026-03-27T10:57:30.762+05:30  INFO 24220 --- [Eureka-Server] [a-EvictionTimer] c.n.e.registry.AbstractInstanceRegistry  : Running the evict task with compensationTime 0ms
2026-03-27T10:57:31.762+05:30  INFO 24220 --- [Eureka-Server] [a-EvictionTimer] c.n.e.registry.AbstractInstanceRegistry  : Running the evict task with compensationTime 0ms
2026-03-27T10:57:32.762+05:30  INFO 24220 --- [Eureka-Server] [a-EvictionTimer] c.n.e.registry.AbstractInstanceRegistry  : Running the evict task with compensationTime 0ms
2026-03-27T10:57:33.762+05:30  INFO 24220 --- [Eureka-Server] [a-EvictionTimer] c.n.e.registry.AbstractInstanceRegistry  : Running the evict task with compensationTime 0ms
2026-03-27T10:57:34.762+05:30  INFO 24220 --- [Eureka-Server] [a-EvictionTimer] c.n.e.registry.AbstractInstanceRegistry  : Running the evict task with compensationTime 0ms
2026-03-27T10:57:35.763+05:30  INFO 24220 --- [Eureka-Server] [a-EvictionTimer] c.n.e.registry.AbstractInstanceRegistry  : Running the evict task with compensationTime 0ms
2026-03-27T10:57:36.763+05:30  INFO 24220 --- [Eureka-Server] [a-EvictionTimer] c.n.e.registry.AbstractInstanceRegistry  : Running the evict task with compensationTime 0ms
2026-03-27T10:57:37.763+05:30  INFO 24220 --- [Eureka-Server] [a-EvictionTimer] c.n.e.registry.AbstractInstanceRegistry  : Running the evict task with compensationTime 0ms
2026-03-27T10:57:38.764+05:30  INFO 24220 --- [Eureka-Server] [a-EvictionTimer] c.n.e.registry.AbstractInstanceRegistry  : Running the evict task with compensationTime 1ms
2026-03-27T10:57:39.764+05:30  INFO 24220 --- [Eureka-Server] [a-EvictionTimer] c.n.e.registry.AbstractInstanceRegistry  : Running the evict task with compensationTime 0ms
2026-03-27T10:57:40.764+05:30  INFO 24220 --- [Eureka-Server] [a-EvictionTimer] c.n.e.registry.AbstractInstanceRegistry  : Running the evict task with compensationTime 0ms
2026-03-27T10:57:41.764+05:30  INFO 24220 --- [Eureka-Server] [a-EvictionTimer] c.n.e.registry.AbstractInstanceRegistry  : Running the evict task with compensationTime 0ms
2026-03-27T10:57:42.765+05:30  INFO 24220 --- [Eureka-Server] [a-EvictionTimer] c.n.e.registry.AbstractInstanceRegistry  : Running the evict task with compensationTime 1ms
2026-03-27T10:57:43.765+05:30  INFO 24220 --- [Eureka-Server] [a-EvictionTimer] c.n.e.registry.AbstractInstanceRegistry  : Running the evict task with compensationTime 0ms
2026-03-27T10:57:44.766+05:30  INFO 24220 --- [Eureka-Server] [a-EvictionTimer] c.n.e.registry.AbstractInstanceRegistry  : Running the evict task with compensationTime 1ms
2026-03-27T10:57:45.766+05:30  INFO 24220 --- [Eureka-Server] [a-EvictionTimer] c.n.e.registry.AbstractInstanceRegistry  : Running the evict task with compensationTime 0ms
2026-03-27T10:57:46.766+05:30  INFO 24220 --- [Eureka-Server] [a-EvictionTimer] c.n.e.registry.AbstractInstanceRegistry  : Running the evict task with compensationTime 0ms
2026-03-27T10:57:47.767+05:30  INFO 24220 --- [Eureka-Server] [a-EvictionTimer] c.n.e.registry.AbstractInstanceRegistry  : Running the evict task with compensationTime 0ms
2026-03-27T10:57:48.768+05:30  INFO 24220 --- [Eureka-Server] [a-EvictionTimer] c.n.e.registry.AbstractInstanceRegistry  : Running the evict task with compensationTime 0ms
2026-03-27T10:57:49.769+05:30  INFO 24220 --- [Eureka-Server] [a-EvictionTimer] c.n.e.registry.AbstractInstanceRegistry  : Running the evict task with compensationTime 0ms
2026-03-27T10:57:50.769+05:30  INFO 24220 --- [Eureka-Server] [a-EvictionTimer] c.n.e.registry.AbstractInstanceRegistry  : Running the evict task with compensationTime 0ms
2026-03-27T10:57:51.769+05:30  INFO 24220 --- [Eureka-Server] [a-EvictionTimer] c.n.e.registry.AbstractInstanceRegistry  : Running the evict task with compensationTime 0ms
2026-03-27T10:57:52.770+05:30  INFO 24220 --- [Eureka-Server] [a-EvictionTimer] c.n.e.registry.AbstractInstanceRegistry  : Running the evict task with compensationTime 0ms
2026-03-27T10:57:53.770+05:30  INFO 24220 --- [Eureka-Server] [a-EvictionTimer] c.n.e.registry.AbstractInstanceRegistry  : Running the evict task with compensationTime 0ms
2026-03-27T10:57:54.772+05:30  INFO 24220 --- [Eureka-Server] [a-EvictionTimer] c.n.e.registry.AbstractInstanceRegistry  : Running the evict task with compensationTime 2ms
2026-03-27T10:57:55.772+05:30  INFO 24220 --- [Eureka-Server] [a-EvictionTimer] c.n.e.registry.AbstractInstanceRegistry  : Running the evict task with compensationTime 0ms
2026-03-27T10:57:56.772+05:30  INFO 24220 --- [Eureka-Server] [a-EvictionTimer] c.n.e.registry.AbstractInstanceRegistry  : Running the evict task with compensationTime 0ms
2026-03-27T10:57:57.773+05:30  INFO 24220 --- [Eureka-Server] [a-EvictionTimer] c.n.e.registry.AbstractInstanceRegistry  : Running the evict task with compensationTime 1ms
2026-03-27T10:57:58.774+05:30  INFO 24220 --- [Eureka-Server] [a-EvictionTimer] c.n.e.registry.AbstractInstanceRegistry  : Running the evict task with compensationTime 0ms
2026-03-27T10:57:59.775+05:30  INFO 24220 --- [Eureka-Server] [a-EvictionTimer] c.n.e.registry.AbstractInstanceRegistry  : Running the evict task with compensationTime 1ms
2026-03-27T10:58:00.776+05:30  INFO 24220 --- [Eureka-Server] [a-EvictionTimer] c.n.e.registry.AbstractInstanceRegistry  : Running the evict task with compensationTime 0ms
2026-03-27T10:58:01.776+05:30  INFO 24220 --- [Eureka-Server] [a-EvictionTimer] c.n.e.registry.AbstractInstanceRegistry  : Running the evict task with compensationTime 0ms
2026-03-27T10:58:02.776+05:30  INFO 24220 --- [Eureka-Server] [a-EvictionTimer] c.n.e.registry.AbstractInstanceRegistry  : Running the evict task with compensationTime 0ms
2026-03-27T10:58:03.777+05:30  INFO 24220 --- [Eureka-Server] [a-EvictionTimer] c.n.e.registry.AbstractInstanceRegistry  : Running the evict task with compensationTime 0ms
2026-03-27T10:58:04.777+05:30  INFO 24220 --- [Eureka-Server] [a-EvictionTimer] c.n.e.registry.AbstractInstanceRegistry  : Running the evict task with compensationTime 0ms
2026-03-27T10:58:05.777+05:30  INFO 24220 --- [Eureka-Server] [a-EvictionTimer] c.n.e.registry.AbstractInstanceRegistry  : Running the evict task with compensationTime 0ms
2026-03-27T10:58:06.777+05:30  INFO 24220 --- [Eureka-Server] [a-EvictionTimer] c.n.e.registry.AbstractInstanceRegistry  : Running the evict task with compensationTime 0ms
2026-03-27T10:58:07.777+05:30  INFO 24220 --- [Eureka-Server] [a-EvictionTimer] c.n.e.registry.AbstractInstanceRegistry  : Running the evict task with compensationTime 0ms
2026-03-27T10:58:08.777+05:30  INFO 24220 --- [Eureka-Server] [a-EvictionTimer] c.n.e.registry.AbstractInstanceRegistry  : Running the evict task with compensationTime 0ms
2026-03-27T10:58:09.778+05:30  INFO 24220 --- [Eureka-Server] [a-EvictionTimer] c.n.e.registry.AbstractInstanceRegistry  : Running the evict task with compensationTime 0ms
2026-03-27T10:58:10.779+05:30  INFO 24220 --- [Eureka-Server] [a-EvictionTimer] c.n.e.registry.AbstractInstanceRegistry  : Running the evict task with compensationTime 0ms
2026-03-27T10:58:11.780+05:30  INFO 24220 --- [Eureka-Server] [a-EvictionTimer] c.n.e.registry.AbstractInstanceRegistry  : Running the evict task with compensationTime 1ms
2026-03-27T10:58:12.780+05:30  INFO 24220 --- [Eureka-Server] [a-EvictionTimer] c.n.e.registry.AbstractInstanceRegistry  : Running the evict task with compensationTime 0ms
2026-03-27T10:58:13.781+05:30  INFO 24220 --- [Eureka-Server] [a-EvictionTimer] c.n.e.registry.AbstractInstanceRegistry  : Running the evict task with compensationTime 0ms
2026-03-27T10:58:14.781+05:30  INFO 24220 --- [Eureka-Server] [a-EvictionTimer] c.n.e.registry.AbstractInstanceRegistry  : Running the evict task with compensationTime 0ms
2026-03-27T10:58:15.781+05:30  INFO 24220 --- [Eureka-Server] [a-EvictionTimer] c.n.e.registry.AbstractInstanceRegistry  : Running the evict task with compensationTime 0ms
2026-03-27T10:58:16.782+05:30  INFO 24220 --- [Eureka-Server] [a-EvictionTimer] c.n.e.registry.AbstractInstanceRegistry  : Running the evict task with compensationTime 0ms
2026-03-27T10:58:17.783+05:30  INFO 24220 --- [Eureka-Server] [a-EvictionTimer] c.n.e.registry.AbstractInstanceRegistry  : Running the evict task with compensationTime 1ms
2026-03-27T10:58:18.783+05:30  INFO 24220 --- [Eureka-Server] [a-EvictionTimer] c.n.e.registry.AbstractInstanceRegistry  : Running the evict task with compensationTime 0ms
2026-03-27T10:58:19.783+05:30  INFO 24220 --- [Eureka-Server] [a-EvictionTimer] c.n.e.registry.AbstractInstanceRegistry  : Running the evict task with compensationTime 0ms
2026-03-27T10:58:20.784+05:30  INFO 24220 --- [Eureka-Server] [a-EvictionTimer] c.n.e.registry.AbstractInstanceRegistry  : Running the evict task with compensationTime 1ms
2026-03-27T10:58:21.785+05:30  INFO 24220 --- [Eureka-Server] [a-EvictionTimer] c.n.e.registry.AbstractInstanceRegistry  : Running the evict task with compensationTime 0ms
2026-03-27T10:58:22.786+05:30  INFO 24220 --- [Eureka-Server] [a-EvictionTimer] c.n.e.registry.AbstractInstanceRegistry  : Running the evict task with compensationTime 0ms
2026-03-27T10:58:23.786+05:30  INFO 24220 --- [Eureka-Server] [a-EvictionTimer] c.n.e.registry.AbstractInstanceRegistry  : Running the evict task with compensationTime 0ms
2026-03-27T10:58:24.787+05:30  INFO 24220 --- [Eureka-Server] [a-EvictionTimer] c.n.e.registry.AbstractInstanceRegistry  : Running the evict task with compensationTime 0ms
2026-03-27T10:58:24.905+05:30  INFO 24220 --- [Eureka-Server] [nio-8761-exec-7] c.n.e.registry.AbstractInstanceRegistry  : Registered instance USER-SERVICE/localhost:user-service:7500 with status DOWN (replication=false)
2026-03-27T10:58:25.787+05:30  INFO 24220 --- [Eureka-Server] [a-EvictionTimer] c.n.e.registry.AbstractInstanceRegistry  : Running the evict task with compensationTime 0ms
2026-03-27T10:58:26.787+05:30  INFO 24220 --- [Eureka-Server] [a-EvictionTimer] c.n.e.registry.AbstractInstanceRegistry  : Running the evict task with compensationTime 0ms
2026-03-27T10:58:27.787+05:30  INFO 24220 --- [Eureka-Server] [a-EvictionTimer] c.n.e.registry.AbstractInstanceRegistry  : Running the evict task with compensationTime 0ms
2026-03-27T10:58:28.735+05:30  INFO 24220 --- [Eureka-Server] [nio-8761-exec-5] c.n.e.registry.AbstractInstanceRegistry  : Cancelled instance USER-SERVICE/localhost:user-service:7500 (replication=false)
2026-03-27T10:58:28.788+05:30  INFO 24220 --- [Eureka-Server] [a-EvictionTimer] c.n.e.registry.AbstractInstanceRegistry  : Running the evict task with compensationTime 0ms
2026-03-27T10:58:29.788+05:30  INFO 24220 --- [Eureka-Server] [a-EvictionTimer] c.n.e.registry.AbstractInstanceRegistry  : Running the evict task with compensationTime 0ms
2026-03-27T10:58:30.789+05:30  INFO 24220 --- [Eureka-Server] [a-EvictionTimer] c.n.e.registry.AbstractInstanceRegistry  : Running the evict task with compensationTime 1ms
2026-03-27T10:58:31.789+05:30  INFO 24220 --- [Eureka-Server] [a-EvictionTimer] c.n.e.registry.AbstractInstanceRegistry  : Running the evict task with compensationTime 0ms
2026-03-27T10:58:32.789+05:30  INFO 24220 --- [Eureka-Server] [a-EvictionTimer] c.n.e.registry.AbstractInstanceRegistry  : Running the evict task with compensationTime 0ms
2026-03-27T10:58:33.789+05:30  INFO 24220 --- [Eureka-Server] [a-EvictionTimer] c.n.e.registry.AbstractInstanceRegistry  : Running the evict task with compensationTime 0ms
2026-03-27T10:58:34.789+05:30  INFO 24220 --- [Eureka-Server] [a-EvictionTimer] c.n.e.registry.AbstractInstanceRegistry  : Running the evict task with compensationTime 0ms
2026-03-27T10:58:35.789+05:30  INFO 24220 --- [Eureka-Server] [a-EvictionTimer] c.n.e.registry.AbstractInstanceRegistry  : Running the evict task with compensationTime 0ms
2026-03-27T10:58:36.789+05:30  INFO 24220 --- [Eureka-Server] [a-EvictionTimer] c.n.e.registry.AbstractInstanceRegistry  : Running the evict task with compensationTime 0ms
2026-03-27T10:58:37.749+05:30  INFO 24220 --- [Eureka-Server] [nio-8761-exec-9] c.n.e.registry.AbstractInstanceRegistry  : Registered instance USER-SERVICE/localhost:user-service:7500 with status UP (replication=false)
2026-03-27T10:58:37.789+05:30  INFO 24220 --- [Eureka-Server] [a-EvictionTimer] c.n.e.registry.AbstractInstanceRegistry  : Running the evict task with compensationTime 0ms
2026-03-27T10:58:38.786+05:30  INFO 24220 --- [Eureka-Server] [nio-8761-exec-1] c.n.e.registry.AbstractInstanceRegistry  : Registered instance USER-SERVICE/localhost:user-service:7500 with status DOWN (replication=false)
2026-03-27T10:58:38.790+05:30  INFO 24220 --- [Eureka-Server] [a-EvictionTimer] c.n.e.registry.AbstractInstanceRegistry  : Running the evict task with compensationTime 1ms
2026-03-27T10:58:39.790+05:30  INFO 24220 --- [Eureka-Server] [a-EvictionTimer] c.n.e.registry.AbstractInstanceRegistry  : Running the evict task with compensationTime 0ms
2026-03-27T10:58:40.791+05:30  INFO 24220 --- [Eureka-Server] [a-EvictionTimer] c.n.e.registry.AbstractInstanceRegistry  : Running the evict task with compensationTime 0ms
2026-03-27T10:58:41.791+05:30  INFO 24220 --- [Eureka-Server] [a-EvictionTimer] c.n.e.registry.AbstractInstanceRegistry  : Running the evict task with compensationTime 0ms
2026-03-27T10:58:41.880+05:30  INFO 24220 --- [Eureka-Server] [nio-8761-exec-4] c.n.e.registry.AbstractInstanceRegistry  : Cancelled instance USER-SERVICE/localhost:user-service:7500 (replication=false)
2026-03-27T10:58:42.792+05:30  INFO 24220 --- [Eureka-Server] [a-EvictionTimer] c.n.e.registry.AbstractInstanceRegistry  : Running the evict task with compensationTime 0ms
2026-03-27T10:58:43.793+05:30  INFO 24220 --- [Eureka-Server] [a-EvictionTimer] c.n.e.registry.AbstractInstanceRegistry  : Running the evict task with compensationTime 1ms
2026-03-27T10:58:44.793+05:30  INFO 24220 --- [Eureka-Server] [a-EvictionTimer] c.n.e.registry.AbstractInstanceRegistry  : Running the evict task with compensationTime 0ms
2026-03-27T10:58:45.794+05:30  INFO 24220 --- [Eureka-Server] [a-EvictionTimer] c.n.e.registry.AbstractInstanceRegistry  : Running the evict task with compensationTime 0ms
2026-03-27T10:58:46.768+05:30  INFO 24220 --- [Eureka-Server] [nio-8761-exec-1] c.n.e.registry.AbstractInstanceRegistry  : Registered instance USER-SERVICE/localhost:user-service:7500 with status UP (replication=false)
2026-03-27T10:58:46.795+05:30  INFO 24220 --- [Eureka-Server] [a-EvictionTimer] c.n.e.registry.AbstractInstanceRegistry  : Running the evict task with compensationTime 1ms
2026-03-27T10:58:47.795+05:30  INFO 24220 --- [Eureka-Server] [a-EvictionTimer] c.n.e.registry.AbstractInstanceRegistry  : Running the evict task with compensationTime 0ms
2026-03-27T10:58:48.796+05:30  INFO 24220 --- [Eureka-Server] [a-EvictionTimer] c.n.e.registry.AbstractInstanceRegistry  : Running the evict task with compensationTime 0ms
2026-03-27T10:58:49.796+05:30  INFO 24220 --- [Eureka-Server] [a-EvictionTimer] c.n.e.registry.AbstractInstanceRegistry  : Running the evict task with compensationTime 0ms
2026-03-27T10:58:50.797+05:30  INFO 24220 --- [Eureka-Server] [a-EvictionTimer] c.n.e.registry.AbstractInstanceRegistry  : Running the evict task with compensationTime 0ms
2026-03-27T10:58:51.797+05:30  INFO 24220 --- [Eureka-Server] [a-EvictionTimer] c.n.e.registry.AbstractInstanceRegistry  : Running the evict task with compensationTime 0ms
2026-03-27T10:58:52.798+05:30  INFO 24220 --- [Eureka-Server] [a-EvictionTimer] c.n.e.registry.AbstractInstanceRegistry  : Running the evict task with compensationTime 0ms
2026-03-27T10:58:53.276+05:30  INFO 24220 --- [Eureka-Server] [nio-8761-exec-7] c.n.e.registry.AbstractInstanceRegistry  : Registered instance USER-SERVICE/localhost:user-service:7500 with status DOWN (replication=false)
2026-03-27T10:58:53.798+05:30  INFO 24220 --- [Eureka-Server] [a-EvictionTimer] c.n.e.registry.AbstractInstanceRegistry  : Running the evict task with compensationTime 0ms
2026-03-27T10:58:54.799+05:30  INFO 24220 --- [Eureka-Server] [a-EvictionTimer] c.n.e.registry.AbstractInstanceRegistry  : Running the evict task with compensationTime 0ms
2026-03-27T10:58:55.800+05:30  INFO 24220 --- [Eureka-Server] [a-EvictionTimer] c.n.e.registry.AbstractInstanceRegistry  : Running the evict task with compensationTime 1ms
2026-03-27T10:58:56.315+05:30  INFO 24220 --- [Eureka-Server] [nio-8761-exec-4] c.n.e.registry.AbstractInstanceRegistry  : Cancelled instance USER-SERVICE/localhost:user-service:7500 (replication=false)
2026-03-27T10:58:56.801+05:30  INFO 24220 --- [Eureka-Server] [a-EvictionTimer] c.n.e.registry.AbstractInstanceRegistry  : Running the evict task with compensationTime 0ms
2026-03-27T10:58:57.801+05:30  INFO 24220 --- [Eureka-Server] [a-EvictionTimer] c.n.e.registry.AbstractInstanceRegistry  : Running the evict task with compensationTime 0ms
2026-03-27T10:58:58.801+05:30  INFO 24220 --- [Eureka-Server] [a-EvictionTimer] c.n.e.registry.AbstractInstanceRegistry  : Running the evict task with compensationTime 0ms
2026-03-27T10:58:59.801+05:30  INFO 24220 --- [Eureka-Server] [a-EvictionTimer] c.n.e.registry.AbstractInstanceRegistry  : Running the evict task with compensationTime 0ms
2026-03-27T10:59:00.801+05:30  INFO 24220 --- [Eureka-Server] [a-EvictionTimer] c.n.e.registry.AbstractInstanceRegistry  : Running the evict task with compensationTime 0ms
2026-03-27T10:59:01.052+05:30  INFO 24220 --- [Eureka-Server] [io-8761-exec-10] c.n.e.registry.AbstractInstanceRegistry  : Registered instance USER-SERVICE/localhost:user-service:7500 with status UP (replication=false)
2026-03-27T10:59:01.802+05:30  INFO 24220 --- [Eureka-Server] [a-EvictionTimer] c.n.e.registry.AbstractInstanceRegistry  : Running the evict task with compensationTime 0ms
2026-03-27T10:59:02.418+05:30  INFO 24220 --- [Eureka-Server] [nio-8761-exec-1] c.n.e.registry.AbstractInstanceRegistry  : Registered instance USER-SERVICE/localhost:user-service:7500 with status DOWN (replication=false)
2026-03-27T10:59:02.803+05:30  INFO 24220 --- [Eureka-Server] [a-EvictionTimer] c.n.e.registry.AbstractInstanceRegistry  : Running the evict task with compensationTime 1ms
2026-03-27T10:59:03.803+05:30  INFO 24220 --- [Eureka-Server] [a-EvictionTimer] c.n.e.registry.AbstractInstanceRegistry  : Running the evict task with compensationTime 0ms
2026-03-27T10:59:04.803+05:30  INFO 24220 --- [Eureka-Server] [a-EvictionTimer] c.n.e.registry.AbstractInstanceRegistry  : Running the evict task with compensationTime 0ms
2026-03-27T10:59:05.467+05:30  INFO 24220 --- [Eureka-Server] [nio-8761-exec-4] c.n.e.registry.AbstractInstanceRegistry  : Cancelled instance USER-SERVICE/localhost:user-service:7500 (replication=false)
2026-03-27T10:59:05.804+05:30  INFO 24220 --- [Eureka-Server] [a-EvictionTimer] c.n.e.registry.AbstractInstanceRegistry  : Running the evict task with compensationTime 0ms
2026-03-27T10:59:06.804+05:30  INFO 24220 --- [Eureka-Server] [a-EvictionTimer] c.n.e.registry.AbstractInstanceRegistry  : Running the evict task with compensationTime 0ms
2026-03-27T10:59:07.804+05:30  INFO 24220 --- [Eureka-Server] [a-EvictionTimer] c.n.e.registry.AbstractInstanceRegistry  : Running the evict task with compensationTime 0ms
2026-03-27T10:59:08.804+05:30  INFO 24220 --- [Eureka-Server] [a-EvictionTimer] c.n.e.registry.AbstractInstanceRegistry  : Running the evict task with compensationTime 0ms
2026-03-27T10:59:09.804+05:30  INFO 24220 --- [Eureka-Server] [a-EvictionTimer] c.n.e.registry.AbstractInstanceRegistry  : Running the evict task with compensationTime 0ms
2026-03-27T10:59:10.187+05:30  INFO 24220 --- [Eureka-Server] [nio-8761-exec-6] c.n.e.registry.AbstractInstanceRegistry  : Registered instance USER-SERVICE/localhost:user-service:7500 with status UP (replication=false)
2026-03-27T10:59:10.805+05:30  INFO 24220 --- [Eureka-Server] [a-EvictionTimer] c.n.e.registry.AbstractInstanceRegistry  : Running the evict task with compensationTime 0ms
2026-03-27T10:59:11.805+05:30  INFO 24220 --- [Eureka-Server] [a-EvictionTimer] c.n.e.registry.AbstractInstanceRegistry  : Running the evict task with compensationTime 0ms
2026-03-27T10:59:12.805+05:30  INFO 24220 --- [Eureka-Server] [a-EvictionTimer] c.n.e.registry.AbstractInstanceRegistry  : Running the evict task with compensationTime 0ms
2026-03-27T10:59:13.805+05:30  INFO 24220 --- [Eureka-Server] [a-EvictionTimer] c.n.e.registry.AbstractInstanceRegistry  : Running the evict task with compensationTime 0ms
2026-03-27T10:59:14.805+05:30  INFO 24220 --- [Eureka-Server] [a-EvictionTimer] c.n.e.registry.AbstractInstanceRegistry  : Running the evict task with compensationTime 0ms
2026-03-27T10:59:15.806+05:30  INFO 24220 --- [Eureka-Server] [a-EvictionTimer] c.n.e.registry.AbstractInstanceRegistry  : Running the evict task with compensationTime 0ms
2026-03-27T10:59:16.807+05:30  INFO 24220 --- [Eureka-Server] [a-EvictionTimer] c.n.e.registry.AbstractInstanceRegistry  : Running the evict task with compensationTime 0ms
2026-03-27T10:59:17.807+05:30  INFO 24220 --- [Eureka-Server] [a-EvictionTimer] c.n.e.registry.AbstractInstanceRegistry  : Running the evict task with compensationTime 0ms
2026-03-27T10:59:18.713+05:30  INFO 24220 --- [Eureka-Server] [nio-8761-exec-5] c.n.e.registry.AbstractInstanceRegistry  : Registered instance USER-SERVICE/localhost:user-service:7500 with status DOWN (replication=false)
2026-03-27T10:59:18.719+05:30  INFO 24220 --- [Eureka-Server] [nio-8761-exec-3] c.n.e.registry.AbstractInstanceRegistry  : Cancelled instance USER-SERVICE/localhost:user-service:7500 (replication=false)
2026-03-27T10:59:18.808+05:30  INFO 24220 --- [Eureka-Server] [a-EvictionTimer] c.n.e.registry.AbstractInstanceRegistry  : Running the evict task with compensationTime 0ms
2026-03-27T10:59:19.811+05:30  INFO 24220 --- [Eureka-Server] [a-EvictionTimer] c.n.e.registry.AbstractInstanceRegistry  : Running the evict task with compensationTime 2ms
2026-03-27T10:59:20.811+05:30  INFO 24220 --- [Eureka-Server] [a-EvictionTimer] c.n.e.registry.AbstractInstanceRegistry  : Running the evict task with compensationTime 0ms
2026-03-27T10:59:21.812+05:30  INFO 24220 --- [Eureka-Server] [a-EvictionTimer] c.n.e.registry.AbstractInstanceRegistry  : Running the evict task with compensationTime 1ms
2026-03-27T10:59:22.812+05:30  INFO 24220 --- [Eureka-Server] [a-EvictionTimer] c.n.e.registry.AbstractInstanceRegistry  : Running the evict task with compensationTime 0ms
2026-03-27T10:59:23.539+05:30  INFO 24220 --- [Eureka-Server] [nio-8761-exec-5] c.n.e.registry.AbstractInstanceRegistry  : Registered instance USER-SERVICE/localhost:user-service:7500 with status UP (replication=false)
2026-03-27T10:59:23.813+05:30  INFO 24220 --- [Eureka-Server] [a-EvictionTimer] c.n.e.registry.AbstractInstanceRegistry  : Running the evict task with compensationTime 0ms
2026-03-27T10:59:24.814+05:30  INFO 24220 --- [Eureka-Server] [a-EvictionTimer] c.n.e.registry.AbstractInstanceRegistry  : Running the evict task with compensationTime 1ms
2026-03-27T10:59:25.814+05:30  INFO 24220 --- [Eureka-Server] [a-EvictionTimer] c.n.e.registry.AbstractInstanceRegistry  : Running the evict task with compensationTime 0ms
2026-03-27T10:59:26.814+05:30  INFO 24220 --- [Eureka-Server] [a-EvictionTimer] c.n.e.registry.AbstractInstanceRegistry  : Running the evict task with compensationTime 0ms
2026-03-27T10:59:27.814+05:30  INFO 24220 --- [Eureka-Server] [a-EvictionTimer] c.n.e.registry.AbstractInstanceRegistry  : Running the evict task with compensationTime 0ms
2026-03-27T10:59:27.852+05:30  INFO 24220 --- [Eureka-Server] [io-8761-exec-10] c.n.e.registry.AbstractInstanceRegistry  : Registered instance USER-SERVICE/localhost:user-service:7500 with status DOWN (replication=false)
2026-03-27T10:59:28.815+05:30  INFO 24220 --- [Eureka-Server] [a-EvictionTimer] c.n.e.registry.AbstractInstanceRegistry  : Running the evict task with compensationTime 0ms
2026-03-27T10:59:29.816+05:30  INFO 24220 --- [Eureka-Server] [a-EvictionTimer] c.n.e.registry.AbstractInstanceRegistry  : Running the evict task with compensationTime 1ms
2026-03-27T10:59:30.816+05:30  INFO 24220 --- [Eureka-Server] [a-EvictionTimer] c.n.e.registry.AbstractInstanceRegistry  : Running the evict task with compensationTime 0ms
2026-03-27T10:59:30.905+05:30  INFO 24220 --- [Eureka-Server] [nio-8761-exec-9] c.n.e.registry.AbstractInstanceRegistry  : Cancelled instance USER-SERVICE/localhost:user-service:7500 (replication=false)
2026-03-27T10:59:31.817+05:30  INFO 24220 --- [Eureka-Server] [a-EvictionTimer] c.n.e.registry.AbstractInstanceRegistry  : Running the evict task with compensationTime 0ms
2026-03-27T10:59:32.818+05:30  INFO 24220 --- [Eureka-Server] [a-EvictionTimer] c.n.e.registry.AbstractInstanceRegistry  : Running the evict task with compensationTime 0ms
2026-03-27T10:59:33.819+05:30  INFO 24220 --- [Eureka-Server] [a-EvictionTimer] c.n.e.registry.AbstractInstanceRegistry  : Running the evict task with compensationTime 1ms
2026-03-27T10:59:34.819+05:30  INFO 24220 --- [Eureka-Server] [a-EvictionTimer] c.n.e.registry.AbstractInstanceRegistry  : Running the evict task with compensationTime 0ms
2026-03-27T10:59:35.820+05:30  INFO 24220 --- [Eureka-Server] [a-EvictionTimer] c.n.e.registry.AbstractInstanceRegistry  : Running the evict task with compensationTime 0ms
2026-03-27T10:59:36.820+05:30  INFO 24220 --- [Eureka-Server] [a-EvictionTimer] c.n.e.registry.AbstractInstanceRegistry  : Running the evict task with compensationTime 0ms
2026-03-27T10:59:37.821+05:30  INFO 24220 --- [Eureka-Server] [a-EvictionTimer] c.n.e.registry.AbstractInstanceRegistry  : Running the evict task with compensationTime 0ms
2026-03-27T10:59:38.821+05:30  INFO 24220 --- [Eureka-Server] [a-EvictionTimer] c.n.e.registry.AbstractInstanceRegistry  : Running the evict task with compensationTime 0ms
2026-03-27T10:59:39.822+05:30  INFO 24220 --- [Eureka-Server] [a-EvictionTimer] c.n.e.registry.AbstractInstanceRegistry  : Running the evict task with compensationTime 1ms
2026-03-27T10:59:40.822+05:30  INFO 24220 --- [Eureka-Server] [a-EvictionTimer] c.n.e.registry.AbstractInstanceRegistry  : Running the evict task with compensationTime 0ms
2026-03-27T10:59:41.823+05:30  INFO 24220 --- [Eureka-Server] [a-EvictionTimer] c.n.e.registry.AbstractInstanceRegistry  : Running the evict task with compensationTime 0ms
2026-03-27T10:59:42.823+05:30  INFO 24220 --- [Eureka-Server] [a-EvictionTimer] c.n.e.registry.AbstractInstanceRegistry  : Running the evict task with compensationTime 0ms
2026-03-27T10:59:43.824+05:30  INFO 24220 --- [Eureka-Server] [a-EvictionTimer] c.n.e.registry.AbstractInstanceRegistry  : Running the evict task with compensationTime 0ms
2026-03-27T10:59:44.825+05:30  INFO 24220 --- [Eureka-Server] [a-EvictionTimer] c.n.e.registry.AbstractInstanceRegistry  : Running the evict task with compensationTime 0ms
2026-03-27T10:59:45.826+05:30  INFO 24220 --- [Eureka-Server] [a-EvictionTimer] c.n.e.registry.AbstractInstanceRegistry  : Running the evict task with compensationTime 1ms
2026-03-27T10:59:46.827+05:30  INFO 24220 --- [Eureka-Server] [a-EvictionTimer] c.n.e.registry.AbstractInstanceRegistry  : Running the evict task with compensationTime 0ms
2026-03-27T10:59:47.827+05:30  INFO 24220 --- [Eureka-Server] [a-EvictionTimer] c.n.e.registry.AbstractInstanceRegistry  : Running the evict task with compensationTime 0ms
2026-03-27T10:59:48.828+05:30  INFO 24220 --- [Eureka-Server] [a-EvictionTimer] c.n.e.registry.AbstractInstanceRegistry  : Running the evict task with compensationTime 1ms
2026-03-27T10:59:49.829+05:30  INFO 24220 --- [Eureka-Server] [a-EvictionTimer] c.n.e.registry.AbstractInstanceRegistry  : Running the evict task with compensationTime 0ms
2026-03-27T10:59:50.829+05:30  INFO 24220 --- [Eureka-Server] [a-EvictionTimer] c.n.e.registry.AbstractInstanceRegistry  : Running the evict task with compensationTime 0ms
2026-03-27T10:59:51.830+05:30  INFO 24220 --- [Eureka-Server] [a-EvictionTimer] c.n.e.registry.AbstractInstanceRegistry  : Running the evict task with compensationTime 0ms
2026-03-27T10:59:52.831+05:30  INFO 24220 --- [Eureka-Server] [a-EvictionTimer] c.n.e.registry.AbstractInstanceRegistry  : Running the evict task with compensationTime 0ms
2026-03-27T10:59:53.832+05:30  INFO 24220 --- [Eureka-Server] [a-EvictionTimer] c.n.e.registry.AbstractInstanceRegistry  : Running the evict task with compensationTime 1ms
2026-03-27T10:59:54.832+05:30  INFO 24220 --- [Eureka-Server] [a-EvictionTimer] c.n.e.registry.AbstractInstanceRegistry  : Running the evict task with compensationTime 0ms
2026-03-27T10:59:55.833+05:30  INFO 24220 --- [Eureka-Server] [a-EvictionTimer] c.n.e.registry.AbstractInstanceRegistry  : Running the evict task with compensationTime 0ms
2026-03-27T10:59:56.833+05:30  INFO 24220 --- [Eureka-Server] [a-EvictionTimer] c.n.e.registry.AbstractInstanceRegistry  : Running the evict task with compensationTime 0ms
2026-03-27T10:59:57.833+05:30  INFO 24220 --- [Eureka-Server] [a-EvictionTimer] c.n.e.registry.AbstractInstanceRegistry  : Running the evict task with compensationTime 0ms
2026-03-27T10:59:58.833+05:30  INFO 24220 --- [Eureka-Server] [a-EvictionTimer] c.n.e.registry.AbstractInstanceRegistry  : Running the evict task with compensationTime 0ms
2026-03-27T10:59:59.834+05:30  INFO 24220 --- [Eureka-Server] [a-EvictionTimer] c.n.e.registry.AbstractInstanceRegistry  : Running the evict task with compensationTime 0ms
2026-03-27T11:00:00.834+05:30  INFO 24220 --- [Eureka-Server] [a-EvictionTimer] c.n.e.registry.AbstractInstanceRegistry  : Running the evict task with compensationTime 0ms
2026-03-27T11:00:01.835+05:30  INFO 24220 --- [Eureka-Server] [a-EvictionTimer] c.n.e.registry.AbstractInstanceRegistry  : Running the evict task with compensationTime 0ms
2026-03-27T11:00:02.838+05:30  INFO 24220 --- [Eureka-Server] [a-EvictionTimer] c.n.e.registry.AbstractInstanceRegistry  : Running the evict task with compensationTime 3ms
2026-03-27T11:00:03.838+05:30  INFO 24220 --- [Eureka-Server] [a-EvictionTimer] c.n.e.registry.AbstractInstanceRegistry  : Running the evict task with compensationTime 0ms
2026-03-27T11:00:04.839+05:30  INFO 24220 --- [Eureka-Server] [a-EvictionTimer] c.n.e.registry.AbstractInstanceRegistry  : Running the evict task with compensationTime 1ms
2026-03-27T11:00:05.840+05:30  INFO 24220 --- [Eureka-Server] [a-EvictionTimer] c.n.e.registry.AbstractInstanceRegistry  : Running the evict task with compensationTime 1ms
2026-03-27T11:00:06.840+05:30  INFO 24220 --- [Eureka-Server] [a-EvictionTimer] c.n.e.registry.AbstractInstanceRegistry  : Running the evict task with compensationTime 0ms
2026-03-27T11:00:07.840+05:30  INFO 24220 --- [Eureka-Server] [a-EvictionTimer] c.n.e.registry.AbstractInstanceRegistry  : Running the evict task with compensationTime 0ms
2026-03-27T11:00:08.841+05:30  INFO 24220 --- [Eureka-Server] [a-EvictionTimer] c.n.e.registry.AbstractInstanceRegistry  : Running the evict task with compensationTime 1ms
2026-03-27T11:00:09.841+05:30  INFO 24220 --- [Eureka-Server] [a-EvictionTimer] c.n.e.registry.AbstractInstanceRegistry  : Running the evict task with compensationTime 0ms
2026-03-27T11:00:10.104+05:30  INFO 24220 --- [Eureka-Server] [nio-8761-exec-5] c.n.e.registry.AbstractInstanceRegistry  : Registered instance USER-SERVICE/localhost:user-service:7500 with status UP (replication=false)
2026-03-27T11:00:10.842+05:30  INFO 24220 --- [Eureka-Server] [a-EvictionTimer] c.n.e.registry.AbstractInstanceRegistry  : Running the evict task with compensationTime 0ms
2026-03-27T11:00:11.842+05:30  INFO 24220 --- [Eureka-Server] [a-EvictionTimer] c.n.e.registry.AbstractInstanceRegistry  : Running the evict task with compensationTime 0ms
2026-03-27T11:00:12.842+05:30  INFO 24220 --- [Eureka-Server] [a-EvictionTimer] c.n.e.registry.AbstractInstanceRegistry  : Running the evict task with compensationTime 0ms
2026-03-27T11:00:13.843+05:30  INFO 24220 --- [Eureka-Server] [a-EvictionTimer] c.n.e.registry.AbstractInstanceRegistry  : Running the evict task with compensationTime 0ms
2026-03-27T11:00:14.843+05:30  INFO 24220 --- [Eureka-Server] [a-EvictionTimer] c.n.e.registry.AbstractInstanceRegistry  : Running the evict task with compensationTime 0ms
2026-03-27T11:00:15.844+05:30  INFO 24220 --- [Eureka-Server] [a-EvictionTimer] c.n.e.registry.AbstractInstanceRegistry  : Running the evict task with compensationTime 0ms
2026-03-27T11:00:16.845+05:30  INFO 24220 --- [Eureka-Server] [a-EvictionTimer] c.n.e.registry.AbstractInstanceRegistry  : Running the evict task with compensationTime 1ms
2026-03-27T11:00:17.847+05:30  INFO 24220 --- [Eureka-Server] [a-EvictionTimer] c.n.e.registry.AbstractInstanceRegistry  : Running the evict task with compensationTime 1ms
2026-03-27T11:00:18.847+05:30  INFO 24220 --- [Eureka-Server] [a-EvictionTimer] c.n.e.registry.AbstractInstanceRegistry  : Running the evict task with compensationTime 0ms
2026-03-27T11:00:19.847+05:30  INFO 24220 --- [Eureka-Server] [a-EvictionTimer] c.n.e.registry.AbstractInstanceRegistry  : Running the evict task with compensationTime 0ms
2026-03-27T11:00:20.847+05:30  INFO 24220 --- [Eureka-Server] [a-EvictionTimer] c.n.e.registry.AbstractInstanceRegistry  : Running the evict task with compensationTime 0ms
2026-03-27T11:00:21.210+05:30  INFO 24220 --- [Eureka-Server] [nio-8761-exec-7] c.n.e.registry.AbstractInstanceRegistry  : Registered instance KYC-SERVICE/localhost:KYC-SERVICE:7502 with status DOWN (replication=false)
2026-03-27T11:00:21.848+05:30  INFO 24220 --- [Eureka-Server] [a-EvictionTimer] c.n.e.registry.AbstractInstanceRegistry  : Running the evict task with compensationTime 0ms
2026-03-27T11:00:22.215+05:30  INFO 24220 --- [Eureka-Server] [io-8761-exec-10] c.n.e.registry.AbstractInstanceRegistry  : Registered instance ADMIN-SERVICE/localhost:Admin-Service:7501 with status DOWN (replication=false)
2026-03-27T11:00:22.849+05:30  INFO 24220 --- [Eureka-Server] [a-EvictionTimer] c.n.e.registry.AbstractInstanceRegistry  : Running the evict task with compensationTime 1ms
2026-03-27T11:00:23.849+05:30  INFO 24220 --- [Eureka-Server] [a-EvictionTimer] c.n.e.registry.AbstractInstanceRegistry  : Running the evict task with compensationTime 0ms
2026-03-27T11:00:24.320+05:30  INFO 24220 --- [Eureka-Server] [nio-8761-exec-6] c.n.e.registry.AbstractInstanceRegistry  : Cancelled instance KYC-SERVICE/localhost:KYC-SERVICE:7502 (replication=false)
2026-03-27T11:00:24.850+05:30  INFO 24220 --- [Eureka-Server] [a-EvictionTimer] c.n.e.registry.AbstractInstanceRegistry  : Running the evict task with compensationTime 0ms
2026-03-27T11:00:25.300+05:30  INFO 24220 --- [Eureka-Server] [nio-8761-exec-5] c.n.e.registry.AbstractInstanceRegistry  : Cancelled instance ADMIN-SERVICE/localhost:Admin-Service:7501 (replication=false)
2026-03-27T11:00:25.851+05:30  INFO 24220 --- [Eureka-Server] [a-EvictionTimer] c.n.e.registry.AbstractInstanceRegistry  : Running the evict task with compensationTime 2ms
2026-03-27T11:00:26.851+05:30  INFO 24220 --- [Eureka-Server] [a-EvictionTimer] c.n.e.registry.AbstractInstanceRegistry  : Running the evict task with compensationTime 0ms
2026-03-27T11:00:27.852+05:30  INFO 24220 --- [Eureka-Server] [a-EvictionTimer] c.n.e.registry.AbstractInstanceRegistry  : Running the evict task with compensationTime 0ms
2026-03-27T11:00:28.853+05:30  INFO 24220 --- [Eureka-Server] [a-EvictionTimer] c.n.e.registry.AbstractInstanceRegistry  : Running the evict task with compensationTime 1ms
2026-03-27T11:00:29.388+05:30  INFO 24220 --- [Eureka-Server] [nio-8761-exec-9] c.n.e.registry.AbstractInstanceRegistry  : Registered instance KYC-SERVICE/localhost:KYC-SERVICE:7502 with status UP (replication=false)
2026-03-27T11:00:29.854+05:30  INFO 24220 --- [Eureka-Server] [a-EvictionTimer] c.n.e.registry.AbstractInstanceRegistry  : Running the evict task with compensationTime 0ms
2026-03-27T11:00:30.812+05:30  INFO 24220 --- [Eureka-Server] [nio-8761-exec-1] c.n.e.registry.AbstractInstanceRegistry  : Registered instance ADMIN-SERVICE/localhost:Admin-Service:7501 with status UP (replication=false)
2026-03-27T11:00:30.854+05:30  INFO 24220 --- [Eureka-Server] [a-EvictionTimer] c.n.e.registry.AbstractInstanceRegistry  : Running the evict task with compensationTime 0ms
2026-03-27T11:00:31.692+05:30  INFO 24220 --- [Eureka-Server] [nio-8761-exec-8] c.n.e.registry.AbstractInstanceRegistry  : Registered instance KYC-SERVICE/localhost:KYC-SERVICE:7502 with status DOWN (replication=false)
2026-03-27T11:00:31.855+05:30  INFO 24220 --- [Eureka-Server] [a-EvictionTimer] c.n.e.registry.AbstractInstanceRegistry  : Running the evict task with compensationTime 0ms
2026-03-27T11:00:32.856+05:30  INFO 24220 --- [Eureka-Server] [a-EvictionTimer] c.n.e.registry.AbstractInstanceRegistry  : Running the evict task with compensationTime 1ms
2026-03-27T11:00:33.117+05:30  INFO 24220 --- [Eureka-Server] [nio-8761-exec-3] c.n.e.registry.AbstractInstanceRegistry  : Registered instance ADMIN-SERVICE/localhost:Admin-Service:7501 with status DOWN (replication=false)
2026-03-27T11:00:33.856+05:30  INFO 24220 --- [Eureka-Server] [a-EvictionTimer] c.n.e.registry.AbstractInstanceRegistry  : Running the evict task with compensationTime 0ms
2026-03-27T11:00:34.724+05:30  INFO 24220 --- [Eureka-Server] [io-8761-exec-10] c.n.e.registry.AbstractInstanceRegistry  : Cancelled instance KYC-SERVICE/localhost:KYC-SERVICE:7502 (replication=false)
2026-03-27T11:00:34.856+05:30  INFO 24220 --- [Eureka-Server] [a-EvictionTimer] c.n.e.registry.AbstractInstanceRegistry  : Running the evict task with compensationTime 0ms
2026-03-27T11:00:35.856+05:30  INFO 24220 --- [Eureka-Server] [a-EvictionTimer] c.n.e.registry.AbstractInstanceRegistry  : Running the evict task with compensationTime 0ms
2026-03-27T11:00:36.143+05:30  INFO 24220 --- [Eureka-Server] [nio-8761-exec-9] c.n.e.registry.AbstractInstanceRegistry  : Cancelled instance ADMIN-SERVICE/localhost:Admin-Service:7501 (replication=false)
2026-03-27T11:00:36.856+05:30  INFO 24220 --- [Eureka-Server] [a-EvictionTimer] c.n.e.registry.AbstractInstanceRegistry  : Running the evict task with compensationTime 0ms
2026-03-27T11:00:37.857+05:30  INFO 24220 --- [Eureka-Server] [a-EvictionTimer] c.n.e.registry.AbstractInstanceRegistry  : Running the evict task with compensationTime 0ms
2026-03-27T11:00:38.858+05:30  INFO 24220 --- [Eureka-Server] [a-EvictionTimer] c.n.e.registry.AbstractInstanceRegistry  : Running the evict task with compensationTime 1ms
2026-03-27T11:00:39.261+05:30  INFO 24220 --- [Eureka-Server] [nio-8761-exec-5] c.n.e.registry.AbstractInstanceRegistry  : Registered instance KYC-SERVICE/localhost:KYC-SERVICE:7502 with status UP (replication=false)
2026-03-27T11:00:39.859+05:30  INFO 24220 --- [Eureka-Server] [a-EvictionTimer] c.n.e.registry.AbstractInstanceRegistry  : Running the evict task with compensationTime 0ms
2026-03-27T11:00:40.860+05:30  INFO 24220 --- [Eureka-Server] [a-EvictionTimer] c.n.e.registry.AbstractInstanceRegistry  : Running the evict task with compensationTime 1ms
2026-03-27T11:00:41.054+05:30  INFO 24220 --- [Eureka-Server] [nio-8761-exec-7] c.n.e.registry.AbstractInstanceRegistry  : Registered instance ADMIN-SERVICE/localhost:Admin-Service:7501 with status UP (replication=false)
2026-03-27T11:00:41.860+05:30  INFO 24220 --- [Eureka-Server] [a-EvictionTimer] c.n.e.registry.AbstractInstanceRegistry  : Running the evict task with compensationTime 0ms
2026-03-27T11:00:42.861+05:30  INFO 24220 --- [Eureka-Server] [a-EvictionTimer] c.n.e.registry.AbstractInstanceRegistry  : Running the evict task with compensationTime 0ms
2026-03-27T11:00:43.861+05:30  INFO 24220 --- [Eureka-Server] [a-EvictionTimer] c.n.e.registry.AbstractInstanceRegistry  : Running the evict task with compensationTime 0ms
2026-03-27T11:00:44.861+05:30  INFO 24220 --- [Eureka-Server] [a-EvictionTimer] c.n.e.registry.AbstractInstanceRegistry  : Running the evict task with compensationTime 0ms
2026-03-27T11:00:45.862+05:30  INFO 24220 --- [Eureka-Server] [a-EvictionTimer] c.n.e.registry.AbstractInstanceRegistry  : Running the evict task with compensationTime 0ms
2026-03-27T11:00:46.862+05:30  INFO 24220 --- [Eureka-Server] [a-EvictionTimer] c.n.e.registry.AbstractInstanceRegistry  : Running the evict task with compensationTime 0ms
2026-03-27T11:00:47.864+05:30  INFO 24220 --- [Eureka-Server] [a-EvictionTimer] c.n.e.registry.AbstractInstanceRegistry  : Running the evict task with compensationTime 1ms
2026-03-27T11:00:48.864+05:30  INFO 24220 --- [Eureka-Server] [a-EvictionTimer] c.n.e.registry.AbstractInstanceRegistry  : Running the evict task with compensationTime 0ms
2026-03-27T11:00:49.865+05:30  INFO 24220 --- [Eureka-Server] [a-EvictionTimer] c.n.e.registry.AbstractInstanceRegistry  : Running the evict task with compensationTime 0ms
2026-03-27T11:00:50.866+05:30  INFO 24220 --- [Eureka-Server] [a-EvictionTimer] c.n.e.registry.AbstractInstanceRegistry  : Running the evict task with compensationTime 1ms
2026-03-27T11:00:51.867+05:30  INFO 24220 --- [Eureka-Server] [a-EvictionTimer] c.n.e.registry.AbstractInstanceRegistry  : Running the evict task with compensationTime 0ms
2026-03-27T11:00:52.869+05:30  INFO 24220 --- [Eureka-Server] [a-EvictionTimer] c.n.e.registry.AbstractInstanceRegistry  : Running the evict task with compensationTime 2ms
2026-03-27T11:00:53.869+05:30  INFO 24220 --- [Eureka-Server] [a-EvictionTimer] c.n.e.registry.AbstractInstanceRegistry  : Running the evict task with compensationTime 0ms
2026-03-27T11:00:54.869+05:30  INFO 24220 --- [Eureka-Server] [a-EvictionTimer] c.n.e.registry.AbstractInstanceRegistry  : Running the evict task with compensationTime 0ms
2026-03-27T11:00:55.870+05:30  INFO 24220 --- [Eureka-Server] [a-EvictionTimer] c.n.e.registry.AbstractInstanceRegistry  : Running the evict task with compensationTime 0ms
2026-03-27T11:00:56.870+05:30  INFO 24220 --- [Eureka-Server] [a-EvictionTimer] c.n.e.registry.AbstractInstanceRegistry  : Running the evict task with compensationTime 0ms
2026-03-27T11:00:57.870+05:30  INFO 24220 --- [Eureka-Server] [a-EvictionTimer] c.n.e.registry.AbstractInstanceRegistry  : Running the evict task with compensationTime 0ms
2026-03-27T11:00:58.871+05:30  INFO 24220 --- [Eureka-Server] [a-EvictionTimer] c.n.e.registry.AbstractInstanceRegistry  : Running the evict task with compensationTime 0ms
2026-03-27T11:00:59.871+05:30  INFO 24220 --- [Eureka-Server] [a-EvictionTimer] c.n.e.registry.AbstractInstanceRegistry  : Running the evict task with compensationTime 0ms
2026-03-27T11:01:00.871+05:30  INFO 24220 --- [Eureka-Server] [a-EvictionTimer] c.n.e.registry.AbstractInstanceRegistry  : Running the evict task with compensationTime 0ms
2026-03-27T11:01:01.871+05:30  INFO 24220 --- [Eureka-Server] [a-EvictionTimer] c.n.e.registry.AbstractInstanceRegistry  : Running the evict task with compensationTime 0ms
2026-03-27T11:01:02.872+05:30  INFO 24220 --- [Eureka-Server] [a-EvictionTimer] c.n.e.registry.AbstractInstanceRegistry  : Running the evict task with compensationTime 1ms
2026-03-27T11:01:03.872+05:30  INFO 24220 --- [Eureka-Server] [a-EvictionTimer] c.n.e.registry.AbstractInstanceRegistry  : Running the evict task with compensationTime 0ms
2026-03-27T11:01:03.888+05:30  INFO 24220 --- [Eureka-Server] [nio-8761-exec-2] c.n.e.registry.AbstractInstanceRegistry  : Registered instance ADMIN-SERVICE/localhost:Admin-Service:7501 with status DOWN (replication=false)
2026-03-27T11:01:04.872+05:30  INFO 24220 --- [Eureka-Server] [a-EvictionTimer] c.n.e.registry.AbstractInstanceRegistry  : Running the evict task with compensationTime 0ms
2026-03-27T11:01:05.874+05:30  INFO 24220 --- [Eureka-Server] [a-EvictionTimer] c.n.e.registry.AbstractInstanceRegistry  : Running the evict task with compensationTime 1ms
2026-03-27T11:01:06.874+05:30  INFO 24220 --- [Eureka-Server] [a-EvictionTimer] c.n.e.registry.AbstractInstanceRegistry  : Running the evict task with compensationTime 0ms
2026-03-27T11:01:06.920+05:30  INFO 24220 --- [Eureka-Server] [nio-8761-exec-5] c.n.e.registry.AbstractInstanceRegistry  : Cancelled instance ADMIN-SERVICE/localhost:Admin-Service:7501 (replication=false)
2026-03-27T11:01:07.875+05:30  INFO 24220 --- [Eureka-Server] [a-EvictionTimer] c.n.e.registry.AbstractInstanceRegistry  : Running the evict task with compensationTime 0ms
2026-03-27T11:01:08.875+05:30  INFO 24220 --- [Eureka-Server] [a-EvictionTimer] c.n.e.registry.AbstractInstanceRegistry  : Running the evict task with compensationTime 0ms
2026-03-27T11:01:09.875+05:30  INFO 24220 --- [Eureka-Server] [a-EvictionTimer] c.n.e.registry.AbstractInstanceRegistry  : Running the evict task with compensationTime 0ms
2026-03-27T11:01:10.876+05:30  INFO 24220 --- [Eureka-Server] [a-EvictionTimer] c.n.e.registry.AbstractInstanceRegistry  : Running the evict task with compensationTime 0ms
2026-03-27T11:01:11.877+05:30  INFO 24220 --- [Eureka-Server] [a-EvictionTimer] c.n.e.registry.AbstractInstanceRegistry  : Running the evict task with compensationTime 1ms
2026-03-27T11:01:11.880+05:30  INFO 24220 --- [Eureka-Server] [nio-8761-exec-4] c.n.e.registry.AbstractInstanceRegistry  : Registered instance ADMIN-SERVICE/localhost:Admin-Service:7501 with status UP (replication=false)
2026-03-27T11:01:12.878+05:30  INFO 24220 --- [Eureka-Server] [a-EvictionTimer] c.n.e.registry.AbstractInstanceRegistry  : Running the evict task with compensationTime 0ms
2026-03-27T11:01:12.913+05:30  INFO 24220 --- [Eureka-Server] [nio-8761-exec-5] c.n.e.registry.AbstractInstanceRegistry  : Registered instance ADMIN-SERVICE/localhost:Admin-Service:7501 with status DOWN (replication=false)
2026-03-27T11:01:13.878+05:30  INFO 24220 --- [Eureka-Server] [a-EvictionTimer] c.n.e.registry.AbstractInstanceRegistry  : Running the evict task with compensationTime 0ms
2026-03-27T11:01:14.880+05:30  INFO 24220 --- [Eureka-Server] [a-EvictionTimer] c.n.e.registry.AbstractInstanceRegistry  : Running the evict task with compensationTime 1ms
2026-03-27T11:01:15.881+05:30  INFO 24220 --- [Eureka-Server] [a-EvictionTimer] c.n.e.registry.AbstractInstanceRegistry  : Running the evict task with compensationTime 0ms
2026-03-27T11:01:15.956+05:30  INFO 24220 --- [Eureka-Server] [nio-8761-exec-3] c.n.e.registry.AbstractInstanceRegistry  : Cancelled instance ADMIN-SERVICE/localhost:Admin-Service:7501 (replication=false)
2026-03-27T11:01:16.882+05:30  INFO 24220 --- [Eureka-Server] [a-EvictionTimer] c.n.e.registry.AbstractInstanceRegistry  : Running the evict task with compensationTime 1ms
2026-03-27T11:01:17.882+05:30  INFO 24220 --- [Eureka-Server] [a-EvictionTimer] c.n.e.registry.AbstractInstanceRegistry  : Running the evict task with compensationTime 0ms
2026-03-27T11:01:18.883+05:30  INFO 24220 --- [Eureka-Server] [a-EvictionTimer] c.n.e.registry.AbstractInstanceRegistry  : Running the evict task with compensationTime 0ms
2026-03-27T11:01:19.883+05:30  INFO 24220 --- [Eureka-Server] [a-EvictionTimer] c.n.e.registry.AbstractInstanceRegistry  : Running the evict task with compensationTime 0ms
2026-03-27T11:01:20.884+05:30  INFO 24220 --- [Eureka-Server] [a-EvictionTimer] c.n.e.registry.AbstractInstanceRegistry  : Running the evict task with compensationTime 1ms
2026-03-27T11:01:20.985+05:30  INFO 24220 --- [Eureka-Server] [io-8761-exec-10] c.n.e.registry.AbstractInstanceRegistry  : Registered instance ADMIN-SERVICE/localhost:Admin-Service:7501 with status UP (replication=false)
2026-03-27T11:01:21.885+05:30  INFO 24220 --- [Eureka-Server] [a-EvictionTimer] c.n.e.registry.AbstractInstanceRegistry  : Running the evict task with compensationTime 0ms
2026-03-27T11:01:22.886+05:30  INFO 24220 --- [Eureka-Server] [a-EvictionTimer] c.n.e.registry.AbstractInstanceRegistry  : Running the evict task with compensationTime 1ms
2026-03-27T11:01:23.886+05:30  INFO 24220 --- [Eureka-Server] [a-EvictionTimer] c.n.e.registry.AbstractInstanceRegistry  : Running the evict task with compensationTime 0ms
2026-03-27T11:01:24.887+05:30  INFO 24220 --- [Eureka-Server] [a-EvictionTimer] c.n.e.registry.AbstractInstanceRegistry  : Running the evict task with compensationTime 0ms
2026-03-27T11:01:25.359+05:30  INFO 24220 --- [Eureka-Server] [nio-8761-exec-6] c.n.e.registry.AbstractInstanceRegistry  : Registered instance ADMIN-SERVICE/localhost:Admin-Service:7501 with status DOWN (replication=false)
2026-03-27T11:01:25.887+05:30  INFO 24220 --- [Eureka-Server] [a-EvictionTimer] c.n.e.registry.AbstractInstanceRegistry  : Running the evict task with compensationTime 0ms
2026-03-27T11:01:26.887+05:30  INFO 24220 --- [Eureka-Server] [a-EvictionTimer] c.n.e.registry.AbstractInstanceRegistry  : Running the evict task with compensationTime 0ms
2026-03-27T11:01:27.887+05:30  INFO 24220 --- [Eureka-Server] [a-EvictionTimer] c.n.e.registry.AbstractInstanceRegistry  : Running the evict task with compensationTime 0ms
2026-03-27T11:01:28.391+05:30  INFO 24220 --- [Eureka-Server] [nio-8761-exec-2] c.n.e.registry.AbstractInstanceRegistry  : Cancelled instance ADMIN-SERVICE/localhost:Admin-Service:7501 (replication=false)
2026-03-27T11:01:28.887+05:30  INFO 24220 --- [Eureka-Server] [a-EvictionTimer] c.n.e.registry.AbstractInstanceRegistry  : Running the evict task with compensationTime 0ms
2026-03-27T11:01:29.888+05:30  INFO 24220 --- [Eureka-Server] [a-EvictionTimer] c.n.e.registry.AbstractInstanceRegistry  : Running the evict task with compensationTime 1ms
2026-03-27T11:01:30.888+05:30  INFO 24220 --- [Eureka-Server] [a-EvictionTimer] c.n.e.registry.AbstractInstanceRegistry  : Running the evict task with compensationTime 0ms
2026-03-27T11:01:31.889+05:30  INFO 24220 --- [Eureka-Server] [a-EvictionTimer] c.n.e.registry.AbstractInstanceRegistry  : Running the evict task with compensationTime 0ms
2026-03-27T11:01:32.890+05:30  INFO 24220 --- [Eureka-Server] [a-EvictionTimer] c.n.e.registry.AbstractInstanceRegistry  : Running the evict task with compensationTime 1ms
2026-03-27T11:01:33.890+05:30  INFO 24220 --- [Eureka-Server] [a-EvictionTimer] c.n.e.registry.AbstractInstanceRegistry  : Running the evict task with compensationTime 0ms
2026-03-27T11:01:34.891+05:30  INFO 24220 --- [Eureka-Server] [a-EvictionTimer] c.n.e.registry.AbstractInstanceRegistry  : Running the evict task with compensationTime 0ms
2026-03-27T11:01:35.892+05:30  INFO 24220 --- [Eureka-Server] [a-EvictionTimer] c.n.e.registry.AbstractInstanceRegistry  : Running the evict task with compensationTime 1ms
2026-03-27T11:01:36.893+05:30  INFO 24220 --- [Eureka-Server] [a-EvictionTimer] c.n.e.registry.AbstractInstanceRegistry  : Running the evict task with compensationTime 0ms
2026-03-27T11:01:37.893+05:30  INFO 24220 --- [Eureka-Server] [a-EvictionTimer] c.n.e.registry.AbstractInstanceRegistry  : Running the evict task with compensationTime 0ms
2026-03-27T11:01:38.893+05:30  INFO 24220 --- [Eureka-Server] [a-EvictionTimer] c.n.e.registry.AbstractInstanceRegistry  : Running the evict task with compensationTime 0ms
2026-03-27T11:01:39.894+05:30  INFO 24220 --- [Eureka-Server] [a-EvictionTimer] c.n.e.registry.AbstractInstanceRegistry  : Running the evict task with compensationTime 0ms
2026-03-27T11:01:40.894+05:30  INFO 24220 --- [Eureka-Server] [a-EvictionTimer] c.n.e.registry.AbstractInstanceRegistry  : Running the evict task with compensationTime 0ms
2026-03-27T11:01:41.895+05:30  INFO 24220 --- [Eureka-Server] [a-EvictionTimer] c.n.e.registry.AbstractInstanceRegistry  : Running the evict task with compensationTime 0ms
2026-03-27T11:01:42.896+05:30  INFO 24220 --- [Eureka-Server] [a-EvictionTimer] c.n.e.registry.AbstractInstanceRegistry  : Running the evict task with compensationTime 0ms
2026-03-27T11:01:43.896+05:30  INFO 24220 --- [Eureka-Server] [a-EvictionTimer] c.n.e.registry.AbstractInstanceRegistry  : Running the evict task with compensationTime 0ms
2026-03-27T11:01:44.897+05:30  INFO 24220 --- [Eureka-Server] [a-EvictionTimer] c.n.e.registry.AbstractInstanceRegistry  : Running the evict task with compensationTime 0ms
2026-03-27T11:01:45.897+05:30  INFO 24220 --- [Eureka-Server] [a-EvictionTimer] c.n.e.registry.AbstractInstanceRegistry  : Running the evict task with compensationTime 0ms
2026-03-27T11:01:46.900+05:30  INFO 24220 --- [Eureka-Server] [a-EvictionTimer] c.n.e.registry.AbstractInstanceRegistry  : Running the evict task with compensationTime 2ms
2026-03-27T11:01:47.900+05:30  INFO 24220 --- [Eureka-Server] [a-EvictionTimer] c.n.e.registry.AbstractInstanceRegistry  : Running the evict task with compensationTime 0ms
2026-03-27T11:01:48.900+05:30  INFO 24220 --- [Eureka-Server] [a-EvictionTimer] c.n.e.registry.AbstractInstanceRegistry  : Running the evict task with compensationTime 0ms
2026-03-27T11:01:49.900+05:30  INFO 24220 --- [Eureka-Server] [a-EvictionTimer] c.n.e.registry.AbstractInstanceRegistry  : Running the evict task with compensationTime 0ms
2026-03-27T11:01:50.900+05:30  INFO 24220 --- [Eureka-Server] [a-EvictionTimer] c.n.e.registry.AbstractInstanceRegistry  : Running the evict task with compensationTime 0ms
2026-03-27T11:01:51.901+05:30  INFO 24220 --- [Eureka-Server] [a-EvictionTimer] c.n.e.registry.AbstractInstanceRegistry  : Running the evict task with compensationTime 0ms
2026-03-27T11:01:52.902+05:30  INFO 24220 --- [Eureka-Server] [a-EvictionTimer] c.n.e.registry.AbstractInstanceRegistry  : Running the evict task with compensationTime 0ms
2026-03-27T11:01:53.903+05:30  INFO 24220 --- [Eureka-Server] [a-EvictionTimer] c.n.e.registry.AbstractInstanceRegistry  : Running the evict task with compensationTime 1ms
2026-03-27T11:01:54.750+05:30  WARN 24220 --- [Eureka-Server] [eerNodesUpdater] c.n.eureka.cluster.PeerEurekaNodes       : The replica size seems to be empty. Check the route 53 DNS Registry
2026-03-27T11:01:54.903+05:30  INFO 24220 --- [Eureka-Server] [a-EvictionTimer] c.n.e.registry.AbstractInstanceRegistry  : Running the evict task with compensationTime 0ms
2026-03-27T11:01:55.753+05:30  INFO 24220 --- [Eureka-Server] [nio-8761-exec-2] c.n.e.registry.AbstractInstanceRegistry  : Registered instance ADMIN-SERVICE/localhost:Admin-Service:7501 with status UP (replication=false)
2026-03-27T11:01:55.903+05:30  INFO 24220 --- [Eureka-Server] [a-EvictionTimer] c.n.e.registry.AbstractInstanceRegistry  : Running the evict task with compensationTime 0ms
2026-03-27T11:01:56.903+05:30  INFO 24220 --- [Eureka-Server] [a-EvictionTimer] c.n.e.registry.AbstractInstanceRegistry  : Running the evict task with compensationTime 0ms
2026-03-27T11:01:57.903+05:30  INFO 24220 --- [Eureka-Server] [a-EvictionTimer] c.n.e.registry.AbstractInstanceRegistry  : Running the evict task with compensationTime 0ms
2026-03-27T11:01:58.904+05:30  INFO 24220 --- [Eureka-Server] [a-EvictionTimer] c.n.e.registry.AbstractInstanceRegistry  : Running the evict task with compensationTime 0ms
2026-03-27T11:01:59.904+05:30  INFO 24220 --- [Eureka-Server] [a-EvictionTimer] c.n.e.registry.AbstractInstanceRegistry  : Running the evict task with compensationTime 0ms
2026-03-27T11:02:00.905+05:30  INFO 24220 --- [Eureka-Server] [a-EvictionTimer] c.n.e.registry.AbstractInstanceRegistry  : Running the evict task with compensationTime 0ms
2026-03-27T11:02:01.905+05:30  INFO 24220 --- [Eureka-Server] [a-EvictionTimer] c.n.e.registry.AbstractInstanceRegistry  : Running the evict task with compensationTime 0ms
2026-03-27T11:02:02.905+05:30  INFO 24220 --- [Eureka-Server] [a-EvictionTimer] c.n.e.registry.AbstractInstanceRegistry  : Running the evict task with compensationTime 0ms
2026-03-27T11:02:03.905+05:30  INFO 24220 --- [Eureka-Server] [a-EvictionTimer] c.n.e.registry.AbstractInstanceRegistry  : Running the evict task with compensationTime 0ms
2026-03-27T11:02:04.906+05:30  INFO 24220 --- [Eureka-Server] [a-EvictionTimer] c.n.e.registry.AbstractInstanceRegistry  : Running the evict task with compensationTime 0ms
2026-03-27T11:02:05.906+05:30  INFO 24220 --- [Eureka-Server] [a-EvictionTimer] c.n.e.registry.AbstractInstanceRegistry  : Running the evict task with compensationTime 0ms
2026-03-27T11:02:06.907+05:30  INFO 24220 --- [Eureka-Server] [a-EvictionTimer] c.n.e.registry.AbstractInstanceRegistry  : Running the evict task with compensationTime 1ms
2026-03-27T11:02:07.907+05:30  INFO 24220 --- [Eureka-Server] [a-EvictionTimer] c.n.e.registry.AbstractInstanceRegistry  : Running the evict task with compensationTime 0ms
2026-03-27T11:02:08.907+05:30  INFO 24220 --- [Eureka-Server] [a-EvictionTimer] c.n.e.registry.AbstractInstanceRegistry  : Running the evict task with compensationTime 0ms
2026-03-27T11:02:09.908+05:30  INFO 24220 --- [Eureka-Server] [a-EvictionTimer] c.n.e.registry.AbstractInstanceRegistry  : Running the evict task with compensationTime 0ms
2026-03-27T11:02:10.908+05:30  INFO 24220 --- [Eureka-Server] [a-EvictionTimer] c.n.e.registry.AbstractInstanceRegistry  : Running the evict task with compensationTime 0ms
2026-03-27T11:02:11.908+05:30  INFO 24220 --- [Eureka-Server] [a-EvictionTimer] c.n.e.registry.AbstractInstanceRegistry  : Running the evict task with compensationTime 0ms
2026-03-27T11:02:12.909+05:30  INFO 24220 --- [Eureka-Server] [a-EvictionTimer] c.n.e.registry.AbstractInstanceRegistry  : Running the evict task with compensationTime 0ms
2026-03-27T11:02:13.910+05:30  INFO 24220 --- [Eureka-Server] [a-EvictionTimer] c.n.e.registry.AbstractInstanceRegistry  : Running the evict task with compensationTime 1ms
2026-03-27T11:02:14.910+05:30  INFO 24220 --- [Eureka-Server] [a-EvictionTimer] c.n.e.registry.AbstractInstanceRegistry  : Running the evict task with compensationTime 0ms
2026-03-27T11:02:15.911+05:30  INFO 24220 --- [Eureka-Server] [a-EvictionTimer] c.n.e.registry.AbstractInstanceRegistry  : Running the evict task with compensationTime 0ms
2026-03-27T11:02:16.912+05:30  INFO 24220 --- [Eureka-Server] [a-EvictionTimer] c.n.e.registry.AbstractInstanceRegistry  : Running the evict task with compensationTime 0ms
2026-03-27T11:02:17.912+05:30  INFO 24220 --- [Eureka-Server] [a-EvictionTimer] c.n.e.registry.AbstractInstanceRegistry  : Running the evict task with compensationTime 0ms
2026-03-27T11:02:18.913+05:30  INFO 24220 --- [Eureka-Server] [a-EvictionTimer] c.n.e.registry.AbstractInstanceRegistry  : Running the evict task with compensationTime 1ms
2026-03-27T11:02:19.914+05:30  INFO 24220 --- [Eureka-Server] [a-EvictionTimer] c.n.e.registry.AbstractInstanceRegistry  : Running the evict task with compensationTime 1ms
2026-03-27T11:02:20.915+05:30  INFO 24220 --- [Eureka-Server] [a-EvictionTimer] c.n.e.registry.AbstractInstanceRegistry  : Running the evict task with compensationTime 0ms
2026-03-27T11:02:21.656+05:30  INFO 24220 --- [Eureka-Server] [nio-8761-exec-4] c.n.e.registry.AbstractInstanceRegistry  : Registered instance ADMIN-SERVICE/localhost:Admin-Service:7501 with status DOWN (replication=false)
2026-03-27T11:02:21.915+05:30  INFO 24220 --- [Eureka-Server] [a-EvictionTimer] c.n.e.registry.AbstractInstanceRegistry  : Running the evict task with compensationTime 0ms
2026-03-27T11:02:22.916+05:30  INFO 24220 --- [Eureka-Server] [a-EvictionTimer] c.n.e.registry.AbstractInstanceRegistry  : Running the evict task with compensationTime 1ms
2026-03-27T11:02:23.917+05:30  INFO 24220 --- [Eureka-Server] [a-EvictionTimer] c.n.e.registry.AbstractInstanceRegistry  : Running the evict task with compensationTime 0ms
2026-03-27T11:02:24.918+05:30  INFO 24220 --- [Eureka-Server] [a-EvictionTimer] c.n.e.registry.AbstractInstanceRegistry  : Running the evict task with compensationTime 1ms
2026-03-27T11:02:24.918+05:30  INFO 24220 --- [Eureka-Server] [nio-8761-exec-8] c.n.e.registry.AbstractInstanceRegistry  : Cancelled instance ADMIN-SERVICE/localhost:Admin-Service:7501 (replication=false)
2026-03-27T11:02:25.919+05:30  INFO 24220 --- [Eureka-Server] [a-EvictionTimer] c.n.e.registry.AbstractInstanceRegistry  : Running the evict task with compensationTime 1ms
2026-03-27T11:02:26.920+05:30  INFO 24220 --- [Eureka-Server] [a-EvictionTimer] c.n.e.registry.AbstractInstanceRegistry  : Running the evict task with compensationTime 1ms
2026-03-27T11:02:27.920+05:30  INFO 24220 --- [Eureka-Server] [a-EvictionTimer] c.n.e.registry.AbstractInstanceRegistry  : Running the evict task with compensationTime 0ms
2026-03-27T11:02:28.900+05:30  INFO 24220 --- [Eureka-Server] [nio-8761-exec-1] c.n.e.registry.AbstractInstanceRegistry  : Registered instance USER-SERVICE/localhost:user-service:7500 with status DOWN (replication=false)
2026-03-27T11:02:28.906+05:30  INFO 24220 --- [Eureka-Server] [nio-8761-exec-4] c.n.e.registry.AbstractInstanceRegistry  : Registered instance USER-SERVICE/localhost:user-service:7500 with status DOWN (replication=false)
2026-03-27T11:02:28.912+05:30  INFO 24220 --- [Eureka-Server] [nio-8761-exec-8] c.n.e.registry.AbstractInstanceRegistry  : Cancelled instance USER-SERVICE/localhost:user-service:7500 (replication=false)
2026-03-27T11:02:28.920+05:30  INFO 24220 --- [Eureka-Server] [a-EvictionTimer] c.n.e.registry.AbstractInstanceRegistry  : Running the evict task with compensationTime 0ms
2026-03-27T11:02:29.922+05:30  INFO 24220 --- [Eureka-Server] [a-EvictionTimer] c.n.e.registry.AbstractInstanceRegistry  : Running the evict task with compensationTime 1ms
2026-03-27T11:02:30.923+05:30  INFO 24220 --- [Eureka-Server] [a-EvictionTimer] c.n.e.registry.AbstractInstanceRegistry  : Running the evict task with compensationTime 1ms
2026-03-27T11:02:30.969+05:30  INFO 24220 --- [Eureka-Server] [io-8761-exec-10] c.n.e.registry.AbstractInstanceRegistry  : Registered instance ADMIN-SERVICE/localhost:Admin-Service:7501 with status UP (replication=false)
2026-03-27T11:02:31.923+05:30  INFO 24220 --- [Eureka-Server] [a-EvictionTimer] c.n.e.registry.AbstractInstanceRegistry  : Running the evict task with compensationTime 0ms
2026-03-27T11:02:32.924+05:30  INFO 24220 --- [Eureka-Server] [a-EvictionTimer] c.n.e.registry.AbstractInstanceRegistry  : Running the evict task with compensationTime 0ms
2026-03-27T11:02:33.925+05:30  INFO 24220 --- [Eureka-Server] [a-EvictionTimer] c.n.e.registry.AbstractInstanceRegistry  : Running the evict task with compensationTime 0ms
2026-03-27T11:02:34.926+05:30  INFO 24220 --- [Eureka-Server] [a-EvictionTimer] c.n.e.registry.AbstractInstanceRegistry  : Running the evict task with compensationTime 1ms
2026-03-27T11:02:35.926+05:30  INFO 24220 --- [Eureka-Server] [a-EvictionTimer] c.n.e.registry.AbstractInstanceRegistry  : Running the evict task with compensationTime 0ms
2026-03-27T11:02:36.927+05:30  INFO 24220 --- [Eureka-Server] [a-EvictionTimer] c.n.e.registry.AbstractInstanceRegistry  : Running the evict task with compensationTime 0ms
2026-03-27T11:02:37.927+05:30  INFO 24220 --- [Eureka-Server] [a-EvictionTimer] c.n.e.registry.AbstractInstanceRegistry  : Running the evict task with compensationTime 0ms
2026-03-27T11:02:38.166+05:30  INFO 24220 --- [Eureka-Server] [nio-8761-exec-1] c.n.e.registry.AbstractInstanceRegistry  : Registered instance ADMIN-SERVICE/localhost:Admin-Service:7501 with status DOWN (replication=false)
2026-03-27T11:02:38.170+05:30  INFO 24220 --- [Eureka-Server] [nio-8761-exec-4] c.n.e.registry.AbstractInstanceRegistry  : Registered instance ADMIN-SERVICE/localhost:Admin-Service:7501 with status DOWN (replication=false)
2026-03-27T11:02:38.175+05:30  INFO 24220 --- [Eureka-Server] [nio-8761-exec-8] c.n.e.registry.AbstractInstanceRegistry  : Cancelled instance ADMIN-SERVICE/localhost:Admin-Service:7501 (replication=false)
2026-03-27T11:02:38.927+05:30  INFO 24220 --- [Eureka-Server] [a-EvictionTimer] c.n.e.registry.AbstractInstanceRegistry  : Running the evict task with compensationTime 0ms
2026-03-27T11:02:39.927+05:30  INFO 24220 --- [Eureka-Server] [a-EvictionTimer] c.n.e.registry.AbstractInstanceRegistry  : Running the evict task with compensationTime 0ms
2026-03-27T11:02:40.215+05:30  WARN 24220 --- [Eureka-Server] [nio-8761-exec-9] c.n.e.registry.AbstractInstanceRegistry  : DS: Registry: lease doesn't exist, registering resource: USER-SERVICE - localhost:user-service:7500
2026-03-27T11:02:40.217+05:30  WARN 24220 --- [Eureka-Server] [nio-8761-exec-9] c.n.eureka.resources.InstanceResource    : Not Found (Renew): USER-SERVICE - localhost:user-service:7500
2026-03-27T11:02:40.278+05:30  INFO 24220 --- [Eureka-Server] [nio-8761-exec-6] c.n.e.registry.AbstractInstanceRegistry  : Registered instance USER-SERVICE/localhost:user-service:7500 with status UP (replication=false)
2026-03-27T11:02:40.927+05:30  INFO 24220 --- [Eureka-Server] [a-EvictionTimer] c.n.e.registry.AbstractInstanceRegistry  : Running the evict task with compensationTime 0ms
2026-03-27T11:02:41.927+05:30  INFO 24220 --- [Eureka-Server] [a-EvictionTimer] c.n.e.registry.AbstractInstanceRegistry  : Running the evict task with compensationTime 0ms
2026-03-27T11:02:42.927+05:30  INFO 24220 --- [Eureka-Server] [a-EvictionTimer] c.n.e.registry.AbstractInstanceRegistry  : Running the evict task with compensationTime 0ms
2026-03-27T11:02:43.930+05:30  INFO 24220 --- [Eureka-Server] [a-EvictionTimer] c.n.e.registry.AbstractInstanceRegistry  : Running the evict task with compensationTime 0ms
2026-03-27T11:02:44.927+05:30  INFO 24220 --- [Eureka-Server] [a-EvictionTimer] c.n.e.registry.AbstractInstanceRegistry  : Running the evict task with compensationTime 0ms
2026-03-27T11:02:45.929+05:30  INFO 24220 --- [Eureka-Server] [a-EvictionTimer] c.n.e.registry.AbstractInstanceRegistry  : Running the evict task with compensationTime 1ms
2026-03-27T11:02:46.930+05:30  INFO 24220 --- [Eureka-Server] [a-EvictionTimer] c.n.e.registry.AbstractInstanceRegistry  : Running the evict task with compensationTime 0ms
2026-03-27T11:02:47.931+05:30  INFO 24220 --- [Eureka-Server] [a-EvictionTimer] c.n.e.registry.AbstractInstanceRegistry  : Running the evict task with compensationTime 0ms
2026-03-27T11:02:48.932+05:30  INFO 24220 --- [Eureka-Server] [a-EvictionTimer] c.n.e.registry.AbstractInstanceRegistry  : Running the evict task with compensationTime 0ms
2026-03-27T11:02:49.932+05:30  INFO 24220 --- [Eureka-Server] [a-EvictionTimer] c.n.e.registry.AbstractInstanceRegistry  : Running the evict task with compensationTime 0ms
2026-03-27T11:02:50.932+05:30  INFO 24220 --- [Eureka-Server] [a-EvictionTimer] c.n.e.registry.AbstractInstanceRegistry  : Running the evict task with compensationTime 0ms
2026-03-27T11:02:51.932+05:30  INFO 24220 --- [Eureka-Server] [a-EvictionTimer] c.n.e.registry.AbstractInstanceRegistry  : Running the evict task with compensationTime 0ms
2026-03-27T11:02:52.932+05:30  INFO 24220 --- [Eureka-Server] [a-EvictionTimer] c.n.e.registry.AbstractInstanceRegistry  : Running the evict task with compensationTime 0ms
2026-03-27T11:02:53.932+05:30  INFO 24220 --- [Eureka-Server] [a-EvictionTimer] c.n.e.registry.AbstractInstanceRegistry  : Running the evict task with compensationTime 0ms
2026-03-27T11:02:54.932+05:30  INFO 24220 --- [Eureka-Server] [a-EvictionTimer] c.n.e.registry.AbstractInstanceRegistry  : Running the evict task with compensationTime 0ms
2026-03-27T11:02:55.934+05:30  INFO 24220 --- [Eureka-Server] [a-EvictionTimer] c.n.e.registry.AbstractInstanceRegistry  : Running the evict task with compensationTime 1ms
2026-03-27T11:02:56.934+05:30  INFO 24220 --- [Eureka-Server] [a-EvictionTimer] c.n.e.registry.AbstractInstanceRegistry  : Running the evict task with compensationTime 0ms
2026-03-27T11:02:57.934+05:30  INFO 24220 --- [Eureka-Server] [a-EvictionTimer] c.n.e.registry.AbstractInstanceRegistry  : Running the evict task with compensationTime 0ms
2026-03-27T11:02:58.935+05:30  INFO 24220 --- [Eureka-Server] [a-EvictionTimer] c.n.e.registry.AbstractInstanceRegistry  : Running the evict task with compensationTime 0ms
2026-03-27T11:02:59.935+05:30  INFO 24220 --- [Eureka-Server] [a-EvictionTimer] c.n.e.registry.AbstractInstanceRegistry  : Running the evict task with compensationTime 0ms
2026-03-27T11:03:00.937+05:30  INFO 24220 --- [Eureka-Server] [a-EvictionTimer] c.n.e.registry.AbstractInstanceRegistry  : Running the evict task with compensationTime 1ms
2026-03-27T11:03:00.973+05:30  WARN 24220 --- [Eureka-Server] [nio-8761-exec-2] c.n.e.registry.AbstractInstanceRegistry  : DS: Registry: lease doesn't exist, registering resource: ADMIN-SERVICE - localhost:Admin-Service:7501
2026-03-27T11:03:00.973+05:30  WARN 24220 --- [Eureka-Server] [nio-8761-exec-2] c.n.eureka.resources.InstanceResource    : Not Found (Renew): ADMIN-SERVICE - localhost:Admin-Service:7501
2026-03-27T11:03:00.985+05:30  INFO 24220 --- [Eureka-Server] [nio-8761-exec-5] c.n.e.registry.AbstractInstanceRegistry  : Registered instance ADMIN-SERVICE/localhost:Admin-Service:7501 with status UP (replication=false)
2026-03-27T11:03:01.937+05:30  INFO 24220 --- [Eureka-Server] [a-EvictionTimer] c.n.e.registry.AbstractInstanceRegistry  : Running the evict task with compensationTime 0ms
2026-03-27T11:03:02.938+05:30  INFO 24220 --- [Eureka-Server] [a-EvictionTimer] c.n.e.registry.AbstractInstanceRegistry  : Running the evict task with compensationTime 1ms
2026-03-27T11:03:03.939+05:30  INFO 24220 --- [Eureka-Server] [a-EvictionTimer] c.n.e.registry.AbstractInstanceRegistry  : Running the evict task with compensationTime 1ms
2026-03-27T11:03:04.940+05:30  INFO 24220 --- [Eureka-Server] [a-EvictionTimer] c.n.e.registry.AbstractInstanceRegistry  : Running the evict task with compensationTime 0ms
2026-03-27T11:03:05.940+05:30  INFO 24220 --- [Eureka-Server] [a-EvictionTimer] c.n.e.registry.AbstractInstanceRegistry  : Running the evict task with compensationTime 0ms
2026-03-27T11:03:06.940+05:30  INFO 24220 --- [Eureka-Server] [a-EvictionTimer] c.n.e.registry.AbstractInstanceRegistry  : Running the evict task with compensationTime 0ms
2026-03-27T11:03:07.942+05:30  INFO 24220 --- [Eureka-Server] [a-EvictionTimer] c.n.e.registry.AbstractInstanceRegistry  : Running the evict task with compensationTime 1ms
2026-03-27T11:03:08.943+05:30  INFO 24220 --- [Eureka-Server] [a-EvictionTimer] c.n.e.registry.AbstractInstanceRegistry  : Running the evict task with compensationTime 0ms
2026-03-27T11:03:09.944+05:30  INFO 24220 --- [Eureka-Server] [a-EvictionTimer] c.n.e.registry.AbstractInstanceRegistry  : Running the evict task with compensationTime 1ms
2026-03-27T11:03:10.945+05:30  INFO 24220 --- [Eureka-Server] [a-EvictionTimer] c.n.e.registry.AbstractInstanceRegistry  : Running the evict task with compensationTime 0ms
2026-03-27T11:03:11.554+05:30  INFO 24220 --- [Eureka-Server] [nio-8761-exec-8] c.n.e.registry.AbstractInstanceRegistry  : Registered instance KYC-SERVICE/localhost:KYC-SERVICE:7502 with status DOWN (replication=false)
2026-03-27T11:03:11.561+05:30  INFO 24220 --- [Eureka-Server] [nio-8761-exec-2] c.n.e.registry.AbstractInstanceRegistry  : Registered instance KYC-SERVICE/localhost:KYC-SERVICE:7502 with status DOWN (replication=false)
2026-03-27T11:03:11.566+05:30  INFO 24220 --- [Eureka-Server] [nio-8761-exec-5] c.n.e.registry.AbstractInstanceRegistry  : Cancelled instance KYC-SERVICE/localhost:KYC-SERVICE:7502 (replication=false)
2026-03-27T11:03:11.945+05:30  INFO 24220 --- [Eureka-Server] [a-EvictionTimer] c.n.e.registry.AbstractInstanceRegistry  : Running the evict task with compensationTime 0ms
2026-03-27T11:03:12.945+05:30  INFO 24220 --- [Eureka-Server] [a-EvictionTimer] c.n.e.registry.AbstractInstanceRegistry  : Running the evict task with compensationTime 0ms
2026-03-27T11:03:13.945+05:30  INFO 24220 --- [Eureka-Server] [a-EvictionTimer] c.n.e.registry.AbstractInstanceRegistry  : Running the evict task with compensationTime 0ms
2026-03-27T11:03:14.946+05:30  INFO 24220 --- [Eureka-Server] [a-EvictionTimer] c.n.e.registry.AbstractInstanceRegistry  : Running the evict task with compensationTime 0ms
2026-03-27T11:03:15.946+05:30  INFO 24220 --- [Eureka-Server] [a-EvictionTimer] c.n.e.registry.AbstractInstanceRegistry  : Running the evict task with compensationTime 0ms
2026-03-27T11:03:16.947+05:30  INFO 24220 --- [Eureka-Server] [a-EvictionTimer] c.n.e.registry.AbstractInstanceRegistry  : Running the evict task with compensationTime 0ms
2026-03-27T11:03:17.952+05:30  INFO 24220 --- [Eureka-Server] [a-EvictionTimer] c.n.e.registry.AbstractInstanceRegistry  : Running the evict task with compensationTime 5ms
2026-03-27T11:03:18.963+05:30  INFO 24220 --- [Eureka-Server] [a-EvictionTimer] c.n.e.registry.AbstractInstanceRegistry  : Running the evict task with compensationTime 10ms
2026-03-27T11:03:19.972+05:30  INFO 24220 --- [Eureka-Server] [a-EvictionTimer] c.n.e.registry.AbstractInstanceRegistry  : Running the evict task with compensationTime 9ms
2026-03-27T11:03:20.980+05:30  INFO 24220 --- [Eureka-Server] [a-EvictionTimer] c.n.e.registry.AbstractInstanceRegistry  : Running the evict task with compensationTime 8ms
2026-03-27T11:03:21.988+05:30  INFO 24220 --- [Eureka-Server] [a-EvictionTimer] c.n.e.registry.AbstractInstanceRegistry  : Running the evict task with compensationTime 7ms
2026-03-27T11:03:23.000+05:30  INFO 24220 --- [Eureka-Server] [a-EvictionTimer] c.n.e.registry.AbstractInstanceRegistry  : Running the evict task with compensationTime 12ms
2026-03-27T11:03:24.010+05:30  INFO 24220 --- [Eureka-Server] [a-EvictionTimer] c.n.e.registry.AbstractInstanceRegistry  : Running the evict task with compensationTime 9ms
2026-03-27T11:03:25.019+05:30  INFO 24220 --- [Eureka-Server] [a-EvictionTimer] c.n.e.registry.AbstractInstanceRegistry  : Running the evict task with compensationTime 9ms
2026-03-27T11:03:26.029+05:30  INFO 24220 --- [Eureka-Server] [a-EvictionTimer] c.n.e.registry.AbstractInstanceRegistry  : Running the evict task with compensationTime 9ms
2026-03-27T11:03:27.037+05:30  INFO 24220 --- [Eureka-Server] [a-EvictionTimer] c.n.e.registry.AbstractInstanceRegistry  : Running the evict task with compensationTime 7ms
2026-03-27T11:03:28.043+05:30  INFO 24220 --- [Eureka-Server] [a-EvictionTimer] c.n.e.registry.AbstractInstanceRegistry  : Running the evict task with compensationTime 6ms
2026-03-27T11:03:29.053+05:30  INFO 24220 --- [Eureka-Server] [a-EvictionTimer] c.n.e.registry.AbstractInstanceRegistry  : Running the evict task with compensationTime 9ms
2026-03-27T11:03:30.060+05:30  INFO 24220 --- [Eureka-Server] [a-EvictionTimer] c.n.e.registry.AbstractInstanceRegistry  : Running the evict task with compensationTime 7ms
2026-03-27T11:03:31.073+05:30  INFO 24220 --- [Eureka-Server] [a-EvictionTimer] c.n.e.registry.AbstractInstanceRegistry  : Running the evict task with compensationTime 12ms
2026-03-27T11:03:32.081+05:30  INFO 24220 --- [Eureka-Server] [a-EvictionTimer] c.n.e.registry.AbstractInstanceRegistry  : Running the evict task with compensationTime 8ms
2026-03-27T11:03:33.093+05:30  INFO 24220 --- [Eureka-Server] [a-EvictionTimer] c.n.e.registry.AbstractInstanceRegistry  : Running the evict task with compensationTime 12ms
2026-03-27T11:03:34.100+05:30  INFO 24220 --- [Eureka-Server] [a-EvictionTimer] c.n.e.registry.AbstractInstanceRegistry  : Running the evict task with compensationTime 6ms
2026-03-27T11:03:35.107+05:30  INFO 24220 --- [Eureka-Server] [a-EvictionTimer] c.n.e.registry.AbstractInstanceRegistry  : Running the evict task with compensationTime 6ms
2026-03-27T11:03:36.117+05:30  INFO 24220 --- [Eureka-Server] [a-EvictionTimer] c.n.e.registry.AbstractInstanceRegistry  : Running the evict task with compensationTime 10ms
2026-03-27T11:03:37.130+05:30  INFO 24220 --- [Eureka-Server] [a-EvictionTimer] c.n.e.registry.AbstractInstanceRegistry  : Running the evict task with compensationTime 12ms
2026-03-27T11:03:38.135+05:30  INFO 24220 --- [Eureka-Server] [a-EvictionTimer] c.n.e.registry.AbstractInstanceRegistry  : Running the evict task with compensationTime 5ms
2026-03-27T11:03:39.143+05:30  INFO 24220 --- [Eureka-Server] [a-EvictionTimer] c.n.e.registry.AbstractInstanceRegistry  : Running the evict task with compensationTime 7ms
2026-03-27T11:03:39.394+05:30  WARN 24220 --- [Eureka-Server] [nio-8761-exec-5] c.n.e.registry.AbstractInstanceRegistry  : DS: Registry: lease doesn't exist, registering resource: KYC-SERVICE - localhost:KYC-SERVICE:7502
2026-03-27T11:03:39.398+05:30  WARN 24220 --- [Eureka-Server] [nio-8761-exec-5] c.n.eureka.resources.InstanceResource    : Not Found (Renew): KYC-SERVICE - localhost:KYC-SERVICE:7502
2026-03-27T11:03:39.430+05:30  INFO 24220 --- [Eureka-Server] [nio-8761-exec-3] c.n.e.registry.AbstractInstanceRegistry  : Registered instance KYC-SERVICE/localhost:KYC-SERVICE:7502 with status UP (replication=false)
2026-03-27T11:03:40.159+05:30  INFO 24220 --- [Eureka-Server] [a-EvictionTimer] c.n.e.registry.AbstractInstanceRegistry  : Running the evict task with compensationTime 16ms
2026-03-27T11:03:41.167+05:30  INFO 24220 --- [Eureka-Server] [a-EvictionTimer] c.n.e.registry.AbstractInstanceRegistry  : Running the evict task with compensationTime 8ms
2026-03-27T11:03:42.175+05:30  INFO 24220 --- [Eureka-Server] [a-EvictionTimer] c.n.e.registry.AbstractInstanceRegistry  : Running the evict task with compensationTime 8ms
2026-03-27T11:03:43.185+05:30  INFO 24220 --- [Eureka-Server] [a-EvictionTimer] c.n.e.registry.AbstractInstanceRegistry  : Running the evict task with compensationTime 8ms
2026-03-27T11:03:44.191+05:30  INFO 24220 --- [Eureka-Server] [a-EvictionTimer] c.n.e.registry.AbstractInstanceRegistry  : Running the evict task with compensationTime 5ms
2026-03-27T11:03:45.199+05:30  INFO 24220 --- [Eureka-Server] [a-EvictionTimer] c.n.e.registry.AbstractInstanceRegistry  : Running the evict task with compensationTime 8ms
2026-03-27T11:03:46.204+05:30  INFO 24220 --- [Eureka-Server] [a-EvictionTimer] c.n.e.registry.AbstractInstanceRegistry  : Running the evict task with compensationTime 4ms
2026-03-27T11:03:47.213+05:30  INFO 24220 --- [Eureka-Server] [a-EvictionTimer] c.n.e.registry.AbstractInstanceRegistry  : Running the evict task with compensationTime 8ms
2026-03-27T11:03:48.226+05:30  INFO 24220 --- [Eureka-Server] [a-EvictionTimer] c.n.e.registry.AbstractInstanceRegistry  : Running the evict task with compensationTime 13ms
2026-03-27T11:03:49.236+05:30  INFO 24220 --- [Eureka-Server] [a-EvictionTimer] c.n.e.registry.AbstractInstanceRegistry  : Running the evict task with compensationTime 10ms
2026-03-27T11:03:50.245+05:30  INFO 24220 --- [Eureka-Server] [a-EvictionTimer] c.n.e.registry.AbstractInstanceRegistry  : Running the evict task with compensationTime 9ms
2026-03-27T11:03:51.254+05:30  INFO 24220 --- [Eureka-Server] [a-EvictionTimer] c.n.e.registry.AbstractInstanceRegistry  : Running the evict task with compensationTime 8ms
2026-03-27T11:03:52.261+05:30  INFO 24220 --- [Eureka-Server] [a-EvictionTimer] c.n.e.registry.AbstractInstanceRegistry  : Running the evict task with compensationTime 6ms
2026-03-27T11:03:53.275+05:30  INFO 24220 --- [Eureka-Server] [a-EvictionTimer] c.n.e.registry.AbstractInstanceRegistry  : Running the evict task with compensationTime 14ms
2026-03-27T11:03:54.287+05:30  INFO 24220 --- [Eureka-Server] [a-EvictionTimer] c.n.e.registry.AbstractInstanceRegistry  : Running the evict task with compensationTime 12ms
2026-03-27T11:03:55.297+05:30  INFO 24220 --- [Eureka-Server] [a-EvictionTimer] c.n.e.registry.AbstractInstanceRegistry  : Running the evict task with compensationTime 9ms
2026-03-27T11:03:56.303+05:30  INFO 24220 --- [Eureka-Server] [a-EvictionTimer] c.n.e.registry.AbstractInstanceRegistry  : Running the evict task with compensationTime 6ms
2026-03-27T11:03:57.319+05:30  INFO 24220 --- [Eureka-Server] [a-EvictionTimer] c.n.e.registry.AbstractInstanceRegistry  : Running the evict task with compensationTime 15ms
2026-03-27T11:03:58.325+05:30  INFO 24220 --- [Eureka-Server] [a-EvictionTimer] c.n.e.registry.AbstractInstanceRegistry  : Running the evict task with compensationTime 5ms
2026-03-27T11:03:59.333+05:30  INFO 24220 --- [Eureka-Server] [a-EvictionTimer] c.n.e.registry.AbstractInstanceRegistry  : Running the evict task with compensationTime 8ms
2026-03-27T11:04:00.345+05:30  INFO 24220 --- [Eureka-Server] [a-EvictionTimer] c.n.e.registry.AbstractInstanceRegistry  : Running the evict task with compensationTime 12ms
2026-03-27T11:04:01.354+05:30  INFO 24220 --- [Eureka-Server] [a-EvictionTimer] c.n.e.registry.AbstractInstanceRegistry  : Running the evict task with compensationTime 8ms
2026-03-27T11:04:02.359+05:30  INFO 24220 --- [Eureka-Server] [a-EvictionTimer] c.n.e.registry.AbstractInstanceRegistry  : Running the evict task with compensationTime 5ms
2026-03-27T11:04:03.362+05:30  INFO 24220 --- [Eureka-Server] [a-EvictionTimer] c.n.e.registry.AbstractInstanceRegistry  : Running the evict task with compensationTime 3ms
2026-03-27T11:04:04.369+05:30  INFO 24220 --- [Eureka-Server] [a-EvictionTimer] c.n.e.registry.AbstractInstanceRegistry  : Running the evict task with compensationTime 6ms
2026-03-27T11:04:05.375+05:30  INFO 24220 --- [Eureka-Server] [a-EvictionTimer] c.n.e.registry.AbstractInstanceRegistry  : Running the evict task with compensationTime 5ms
2026-03-27T11:04:06.385+05:30  INFO 24220 --- [Eureka-Server] [a-EvictionTimer] c.n.e.registry.AbstractInstanceRegistry  : Running the evict task with compensationTime 10ms
2026-03-27T11:04:07.385+05:30  INFO 24220 --- [Eureka-Server] [a-EvictionTimer] c.n.e.registry.AbstractInstanceRegistry  : Running the evict task with compensationTime 0ms
2026-03-27T11:04:08.397+05:30  INFO 24220 --- [Eureka-Server] [a-EvictionTimer] c.n.e.registry.AbstractInstanceRegistry  : Running the evict task with compensationTime 12ms
2026-03-27T11:04:09.403+05:30  INFO 24220 --- [Eureka-Server] [a-EvictionTimer] c.n.e.registry.AbstractInstanceRegistry  : Running the evict task with compensationTime 5ms
2026-03-27T11:04:10.407+05:30  INFO 24220 --- [Eureka-Server] [a-EvictionTimer] c.n.e.registry.AbstractInstanceRegistry  : Running the evict task with compensationTime 4ms
2026-03-27T11:04:11.413+05:30  INFO 24220 --- [Eureka-Server] [a-EvictionTimer] c.n.e.registry.AbstractInstanceRegistry  : Running the evict task with compensationTime 6ms
2026-03-27T11:04:12.420+05:30  INFO 24220 --- [Eureka-Server] [a-EvictionTimer] c.n.e.registry.AbstractInstanceRegistry  : Running the evict task with compensationTime 6ms
2026-03-27T11:04:13.433+05:30  INFO 24220 --- [Eureka-Server] [a-EvictionTimer] c.n.e.registry.AbstractInstanceRegistry  : Running the evict task with compensationTime 13ms
2026-03-27T11:04:14.446+05:30  INFO 24220 --- [Eureka-Server] [a-EvictionTimer] c.n.e.registry.AbstractInstanceRegistry  : Running the evict task with compensationTime 12ms
2026-03-27T11:04:15.456+05:30  INFO 24220 --- [Eureka-Server] [a-EvictionTimer] c.n.e.registry.AbstractInstanceRegistry  : Running the evict task with compensationTime 9ms
2026-03-27T11:04:16.463+05:30  INFO 24220 --- [Eureka-Server] [a-EvictionTimer] c.n.e.registry.AbstractInstanceRegistry  : Running the evict task with compensationTime 7ms
2026-03-27T11:04:17.467+05:30  INFO 24220 --- [Eureka-Server] [a-EvictionTimer] c.n.e.registry.AbstractInstanceRegistry  : Running the evict task with compensationTime 4ms
2026-03-27T11:04:18.471+05:30  INFO 24220 --- [Eureka-Server] [a-EvictionTimer] c.n.e.registry.AbstractInstanceRegistry  : Running the evict task with compensationTime 3ms
2026-03-27T11:04:19.481+05:30  INFO 24220 --- [Eureka-Server] [a-EvictionTimer] c.n.e.registry.AbstractInstanceRegistry  : Running the evict task with compensationTime 9ms
2026-03-27T11:04:20.490+05:30  INFO 24220 --- [Eureka-Server] [a-EvictionTimer] c.n.e.registry.AbstractInstanceRegistry  : Running the evict task with compensationTime 9ms
2026-03-27T11:04:21.498+05:30  INFO 24220 --- [Eureka-Server] [a-EvictionTimer] c.n.e.registry.AbstractInstanceRegistry  : Running the evict task with compensationTime 8ms
2026-03-27T11:04:22.501+05:30  INFO 24220 --- [Eureka-Server] [a-EvictionTimer] c.n.e.registry.AbstractInstanceRegistry  : Running the evict task with compensationTime 3ms
2026-03-27T11:04:23.516+05:30  INFO 24220 --- [Eureka-Server] [a-EvictionTimer] c.n.e.registry.AbstractInstanceRegistry  : Running the evict task with compensationTime 14ms
2026-03-27T11:04:24.526+05:30  INFO 24220 --- [Eureka-Server] [a-EvictionTimer] c.n.e.registry.AbstractInstanceRegistry  : Running the evict task with compensationTime 9ms
2026-03-27T11:04:25.533+05:30  INFO 24220 --- [Eureka-Server] [a-EvictionTimer] c.n.e.registry.AbstractInstanceRegistry  : Running the evict task with compensationTime 6ms
2026-03-27T11:04:26.538+05:30  INFO 24220 --- [Eureka-Server] [a-EvictionTimer] c.n.e.registry.AbstractInstanceRegistry  : Running the evict task with compensationTime 5ms
2026-03-27T11:04:27.544+05:30  INFO 24220 --- [Eureka-Server] [a-EvictionTimer] c.n.e.registry.AbstractInstanceRegistry  : Running the evict task with compensationTime 6ms
2026-03-27T11:04:28.552+05:30  INFO 24220 --- [Eureka-Server] [a-EvictionTimer] c.n.e.registry.AbstractInstanceRegistry  : Running the evict task with compensationTime 7ms
2026-03-27T11:04:29.562+05:30  INFO 24220 --- [Eureka-Server] [a-EvictionTimer] c.n.e.registry.AbstractInstanceRegistry  : Running the evict task with compensationTime 10ms
2026-03-27T11:04:30.568+05:30  INFO 24220 --- [Eureka-Server] [a-EvictionTimer] c.n.e.registry.AbstractInstanceRegistry  : Running the evict task with compensationTime 6ms
2026-03-27T11:04:31.576+05:30  INFO 24220 --- [Eureka-Server] [a-EvictionTimer] c.n.e.registry.AbstractInstanceRegistry  : Running the evict task with compensationTime 7ms
2026-03-27T11:04:32.582+05:30  INFO 24220 --- [Eureka-Server] [a-EvictionTimer] c.n.e.registry.AbstractInstanceRegistry  : Running the evict task with compensationTime 6ms
2026-03-27T11:04:33.588+05:30  INFO 24220 --- [Eureka-Server] [a-EvictionTimer] c.n.e.registry.AbstractInstanceRegistry  : Running the evict task with compensationTime 5ms
2026-03-27T11:04:34.597+05:30  INFO 24220 --- [Eureka-Server] [a-EvictionTimer] c.n.e.registry.AbstractInstanceRegistry  : Running the evict task with compensationTime 9ms
2026-03-27T11:04:35.607+05:30  INFO 24220 --- [Eureka-Server] [a-EvictionTimer] c.n.e.registry.AbstractInstanceRegistry  : Running the evict task with compensationTime 10ms
2026-03-27T11:04:36.614+05:30  INFO 24220 --- [Eureka-Server] [a-EvictionTimer] c.n.e.registry.AbstractInstanceRegistry  : Running the evict task with compensationTime 6ms
2026-03-27T11:04:37.614+05:30  INFO 24220 --- [Eureka-Server] [a-EvictionTimer] c.n.e.registry.AbstractInstanceRegistry  : Running the evict task with compensationTime 0ms
2026-03-27T11:04:38.614+05:30  INFO 24220 --- [Eureka-Server] [a-EvictionTimer] c.n.e.registry.AbstractInstanceRegistry  : Running the evict task with compensationTime 0ms
2026-03-27T11:04:39.615+05:30  INFO 24220 --- [Eureka-Server] [a-EvictionTimer] c.n.e.registry.AbstractInstanceRegistry  : Running the evict task with compensationTime 0ms
2026-03-27T11:04:40.615+05:30  INFO 24220 --- [Eureka-Server] [a-EvictionTimer] c.n.e.registry.AbstractInstanceRegistry  : Running the evict task with compensationTime 0ms
2026-03-27T11:04:41.630+05:30  INFO 24220 --- [Eureka-Server] [a-EvictionTimer] c.n.e.registry.AbstractInstanceRegistry  : Running the evict task with compensationTime 14ms
2026-03-27T11:04:42.630+05:30  INFO 24220 --- [Eureka-Server] [a-EvictionTimer] c.n.e.registry.AbstractInstanceRegistry  : Running the evict task with compensationTime 0ms
2026-03-27T11:04:43.631+05:30  INFO 24220 --- [Eureka-Server] [a-EvictionTimer] c.n.e.registry.AbstractInstanceRegistry  : Running the evict task with compensationTime 0ms
2026-03-27T11:04:44.632+05:30  INFO 24220 --- [Eureka-Server] [a-EvictionTimer] c.n.e.registry.AbstractInstanceRegistry  : Running the evict task with compensationTime 1ms
2026-03-27T11:04:45.633+05:30  INFO 24220 --- [Eureka-Server] [a-EvictionTimer] c.n.e.registry.AbstractInstanceRegistry  : Running the evict task with compensationTime 0ms
2026-03-27T11:04:46.633+05:30  INFO 24220 --- [Eureka-Server] [a-EvictionTimer] c.n.e.registry.AbstractInstanceRegistry  : Running the evict task with compensationTime 0ms
2026-03-27T11:04:47.634+05:30  INFO 24220 --- [Eureka-Server] [a-EvictionTimer] c.n.e.registry.AbstractInstanceRegistry  : Running the evict task with compensationTime 0ms
2026-03-27T11:04:48.634+05:30  INFO 24220 --- [Eureka-Server] [a-EvictionTimer] c.n.e.registry.AbstractInstanceRegistry  : Running the evict task with compensationTime 0ms
2026-03-27T11:04:49.634+05:30  INFO 24220 --- [Eureka-Server] [a-EvictionTimer] c.n.e.registry.AbstractInstanceRegistry  : Running the evict task with compensationTime 0ms
2026-03-27T11:04:50.635+05:30  INFO 24220 --- [Eureka-Server] [a-EvictionTimer] c.n.e.registry.AbstractInstanceRegistry  : Running the evict task with compensationTime 0ms
2026-03-27T11:04:51.635+05:30  INFO 24220 --- [Eureka-Server] [a-EvictionTimer] c.n.e.registry.AbstractInstanceRegistry  : Running the evict task with compensationTime 0ms
2026-03-27T11:04:52.636+05:30  INFO 24220 --- [Eureka-Server] [a-EvictionTimer] c.n.e.registry.AbstractInstanceRegistry  : Running the evict task with compensationTime 1ms
2026-03-27T11:04:53.637+05:30  INFO 24220 --- [Eureka-Server] [a-EvictionTimer] c.n.e.registry.AbstractInstanceRegistry  : Running the evict task with compensationTime 0ms
2026-03-27T11:04:54.645+05:30  INFO 24220 --- [Eureka-Server] [a-EvictionTimer] c.n.e.registry.AbstractInstanceRegistry  : Running the evict task with compensationTime 8ms
2026-03-27T11:04:55.651+05:30  INFO 24220 --- [Eureka-Server] [a-EvictionTimer] c.n.e.registry.AbstractInstanceRegistry  : Running the evict task with compensationTime 5ms
2026-03-27T11:04:56.652+05:30  INFO 24220 --- [Eureka-Server] [a-EvictionTimer] c.n.e.registry.AbstractInstanceRegistry  : Running the evict task with compensationTime 0ms
2026-03-27T11:04:57.652+05:30  INFO 24220 --- [Eureka-Server] [a-EvictionTimer] c.n.e.registry.AbstractInstanceRegistry  : Running the evict task with compensationTime 0ms
2026-03-27T11:04:58.652+05:30  INFO 24220 --- [Eureka-Server] [a-EvictionTimer] c.n.e.registry.AbstractInstanceRegistry  : Running the evict task with compensationTime 0ms
2026-03-27T11:04:59.653+05:30  INFO 24220 --- [Eureka-Server] [a-EvictionTimer] c.n.e.registry.AbstractInstanceRegistry  : Running the evict task with compensationTime 0ms
2026-03-27T11:05:00.653+05:30  INFO 24220 --- [Eureka-Server] [a-EvictionTimer] c.n.e.registry.AbstractInstanceRegistry  : Running the evict task with compensationTime 0ms
2026-03-27T11:05:01.654+05:30  INFO 24220 --- [Eureka-Server] [a-EvictionTimer] c.n.e.registry.AbstractInstanceRegistry  : Running the evict task with compensationTime 0ms
2026-03-27T11:05:02.654+05:30  INFO 24220 --- [Eureka-Server] [a-EvictionTimer] c.n.e.registry.AbstractInstanceRegistry  : Running the evict task with compensationTime 0ms
2026-03-27T11:05:03.655+05:30  INFO 24220 --- [Eureka-Server] [a-EvictionTimer] c.n.e.registry.AbstractInstanceRegistry  : Running the evict task with compensationTime 0ms
2026-03-27T11:05:04.655+05:30  INFO 24220 --- [Eureka-Server] [a-EvictionTimer] c.n.e.registry.AbstractInstanceRegistry  : Running the evict task with compensationTime 0ms
2026-03-27T11:05:05.655+05:30  INFO 24220 --- [Eureka-Server] [a-EvictionTimer] c.n.e.registry.AbstractInstanceRegistry  : Running the evict task with compensationTime 0ms
2026-03-27T11:05:06.655+05:30  INFO 24220 --- [Eureka-Server] [a-EvictionTimer] c.n.e.registry.AbstractInstanceRegistry  : Running the evict task with compensationTime 0ms
2026-03-27T11:05:07.656+05:30  INFO 24220 --- [Eureka-Server] [a-EvictionTimer] c.n.e.registry.AbstractInstanceRegistry  : Running the evict task with compensationTime 0ms
2026-03-27T11:05:08.656+05:30  INFO 24220 --- [Eureka-Server] [a-EvictionTimer] c.n.e.registry.AbstractInstanceRegistry  : Running the evict task with compensationTime 0ms
2026-03-27T11:05:09.656+05:30  INFO 24220 --- [Eureka-Server] [a-EvictionTimer] c.n.e.registry.AbstractInstanceRegistry  : Running the evict task with compensationTime 0ms
2026-03-27T11:05:10.656+05:30  INFO 24220 --- [Eureka-Server] [a-EvictionTimer] c.n.e.registry.AbstractInstanceRegistry  : Running the evict task with compensationTime 0ms
2026-03-27T11:05:11.657+05:30  INFO 24220 --- [Eureka-Server] [a-EvictionTimer] c.n.e.registry.AbstractInstanceRegistry  : Running the evict task with compensationTime 0ms
2026-03-27T11:05:12.659+05:30  INFO 24220 --- [Eureka-Server] [a-EvictionTimer] c.n.e.registry.AbstractInstanceRegistry  : Running the evict task with compensationTime 1ms
2026-03-27T11:05:13.659+05:30  INFO 24220 --- [Eureka-Server] [a-EvictionTimer] c.n.e.registry.AbstractInstanceRegistry  : Running the evict task with compensationTime 0ms
2026-03-27T11:05:14.659+05:30  INFO 24220 --- [Eureka-Server] [a-EvictionTimer] c.n.e.registry.AbstractInstanceRegistry  : Running the evict task with compensationTime 0ms
2026-03-27T11:05:15.660+05:30  INFO 24220 --- [Eureka-Server] [a-EvictionTimer] c.n.e.registry.AbstractInstanceRegistry  : Running the evict task with compensationTime 0ms
2026-03-27T11:05:16.660+05:30  INFO 24220 --- [Eureka-Server] [a-EvictionTimer] c.n.e.registry.AbstractInstanceRegistry  : Running the evict task with compensationTime 0ms
2026-03-27T11:05:17.661+05:30  INFO 24220 --- [Eureka-Server] [a-EvictionTimer] c.n.e.registry.AbstractInstanceRegistry  : Running the evict task with compensationTime 0ms
2026-03-27T11:05:18.662+05:30  INFO 24220 --- [Eureka-Server] [a-EvictionTimer] c.n.e.registry.AbstractInstanceRegistry  : Running the evict task with compensationTime 1ms
2026-03-27T11:05:19.663+05:30  INFO 24220 --- [Eureka-Server] [a-EvictionTimer] c.n.e.registry.AbstractInstanceRegistry  : Running the evict task with compensationTime 1ms
2026-03-27T11:05:20.664+05:30  INFO 24220 --- [Eureka-Server] [a-EvictionTimer] c.n.e.registry.AbstractInstanceRegistry  : Running the evict task with compensationTime 0ms
2026-03-27T11:05:21.665+05:30  INFO 24220 --- [Eureka-Server] [a-EvictionTimer] c.n.e.registry.AbstractInstanceRegistry  : Running the evict task with compensationTime 1ms
2026-03-27T11:05:22.665+05:30  INFO 24220 --- [Eureka-Server] [a-EvictionTimer] c.n.e.registry.AbstractInstanceRegistry  : Running the evict task with compensationTime 0ms
2026-03-27T11:05:23.666+05:30  INFO 24220 --- [Eureka-Server] [a-EvictionTimer] c.n.e.registry.AbstractInstanceRegistry  : Running the evict task with compensationTime 0ms
2026-03-27T11:05:24.482+05:30  INFO 24220 --- [Eureka-Server] [io-8761-exec-10] c.n.e.registry.AbstractInstanceRegistry  : Registered instance USER-SERVICE/localhost:user-service:7500 with status DOWN (replication=false)
2026-03-27T11:05:24.667+05:30  INFO 24220 --- [Eureka-Server] [a-EvictionTimer] c.n.e.registry.AbstractInstanceRegistry  : Running the evict task with compensationTime 0ms
2026-03-27T11:05:25.667+05:30  INFO 24220 --- [Eureka-Server] [a-EvictionTimer] c.n.e.registry.AbstractInstanceRegistry  : Running the evict task with compensationTime 0ms
2026-03-27T11:05:26.668+05:30  INFO 24220 --- [Eureka-Server] [a-EvictionTimer] c.n.e.registry.AbstractInstanceRegistry  : Running the evict task with compensationTime 1ms
2026-03-27T11:05:27.506+05:30  INFO 24220 --- [Eureka-Server] [nio-8761-exec-1] c.n.e.registry.AbstractInstanceRegistry  : Cancelled instance USER-SERVICE/localhost:user-service:7500 (replication=false)
2026-03-27T11:05:27.668+05:30  INFO 24220 --- [Eureka-Server] [a-EvictionTimer] c.n.e.registry.AbstractInstanceRegistry  : Running the evict task with compensationTime 0ms
2026-03-27T11:05:28.668+05:30  INFO 24220 --- [Eureka-Server] [a-EvictionTimer] c.n.e.registry.AbstractInstanceRegistry  : Running the evict task with compensationTime 0ms
2026-03-27T11:05:29.668+05:30  INFO 24220 --- [Eureka-Server] [a-EvictionTimer] c.n.e.registry.AbstractInstanceRegistry  : Running the evict task with compensationTime 0ms
2026-03-27T11:05:30.668+05:30  INFO 24220 --- [Eureka-Server] [a-EvictionTimer] c.n.e.registry.AbstractInstanceRegistry  : Running the evict task with compensationTime 0ms
2026-03-27T11:05:31.668+05:30  INFO 24220 --- [Eureka-Server] [a-EvictionTimer] c.n.e.registry.AbstractInstanceRegistry  : Running the evict task with compensationTime 0ms
2026-03-27T11:05:32.278+05:30  INFO 24220 --- [Eureka-Server] [nio-8761-exec-1] c.n.e.registry.AbstractInstanceRegistry  : Registered instance USER-SERVICE/localhost:user-service:7500 with status UP (replication=false)
2026-03-27T11:05:32.669+05:30  INFO 24220 --- [Eureka-Server] [a-EvictionTimer] c.n.e.registry.AbstractInstanceRegistry  : Running the evict task with compensationTime 1ms
2026-03-27T11:05:33.669+05:30  INFO 24220 --- [Eureka-Server] [a-EvictionTimer] c.n.e.registry.AbstractInstanceRegistry  : Running the evict task with compensationTime 0ms
2026-03-27T11:05:34.670+05:30  INFO 24220 --- [Eureka-Server] [a-EvictionTimer] c.n.e.registry.AbstractInstanceRegistry  : Running the evict task with compensationTime 0ms
2026-03-27T11:05:35.670+05:30  INFO 24220 --- [Eureka-Server] [a-EvictionTimer] c.n.e.registry.AbstractInstanceRegistry  : Running the evict task with compensationTime 0ms
2026-03-27T11:05:36.657+05:30  INFO 24220 --- [Eureka-Server] [nio-8761-exec-5] c.n.e.registry.AbstractInstanceRegistry  : Registered instance USER-SERVICE/localhost:user-service:7500 with status DOWN (replication=false)
2026-03-27T11:05:36.670+05:30  INFO 24220 --- [Eureka-Server] [a-EvictionTimer] c.n.e.registry.AbstractInstanceRegistry  : Running the evict task with compensationTime 0ms
2026-03-27T11:05:37.670+05:30  INFO 24220 --- [Eureka-Server] [a-EvictionTimer] c.n.e.registry.AbstractInstanceRegistry  : Running the evict task with compensationTime 0ms
2026-03-27T11:05:38.670+05:30  INFO 24220 --- [Eureka-Server] [a-EvictionTimer] c.n.e.registry.AbstractInstanceRegistry  : Running the evict task with compensationTime 0ms
2026-03-27T11:05:39.670+05:30  INFO 24220 --- [Eureka-Server] [a-EvictionTimer] c.n.e.registry.AbstractInstanceRegistry  : Running the evict task with compensationTime 0ms
2026-03-27T11:05:39.712+05:30  INFO 24220 --- [Eureka-Server] [nio-8761-exec-8] c.n.e.registry.AbstractInstanceRegistry  : Cancelled instance USER-SERVICE/localhost:user-service:7500 (replication=false)
2026-03-27T11:05:40.670+05:30  INFO 24220 --- [Eureka-Server] [a-EvictionTimer] c.n.e.registry.AbstractInstanceRegistry  : Running the evict task with compensationTime 0ms
2026-03-27T11:05:41.671+05:30  INFO 24220 --- [Eureka-Server] [a-EvictionTimer] c.n.e.registry.AbstractInstanceRegistry  : Running the evict task with compensationTime 0ms
2026-03-27T11:05:42.672+05:30  INFO 24220 --- [Eureka-Server] [a-EvictionTimer] c.n.e.registry.AbstractInstanceRegistry  : Running the evict task with compensationTime 0ms
2026-03-27T11:05:43.673+05:30  INFO 24220 --- [Eureka-Server] [a-EvictionTimer] c.n.e.registry.AbstractInstanceRegistry  : Running the evict task with compensationTime 1ms
2026-03-27T11:05:44.419+05:30  INFO 24220 --- [Eureka-Server] [nio-8761-exec-4] c.n.e.registry.AbstractInstanceRegistry  : Registered instance USER-SERVICE/localhost:user-service:7500 with status UP (replication=false)
2026-03-27T11:05:44.674+05:30  INFO 24220 --- [Eureka-Server] [a-EvictionTimer] c.n.e.registry.AbstractInstanceRegistry  : Running the evict task with compensationTime 0ms
2026-03-27T11:05:45.675+05:30  INFO 24220 --- [Eureka-Server] [a-EvictionTimer] c.n.e.registry.AbstractInstanceRegistry  : Running the evict task with compensationTime 1ms
2026-03-27T11:05:46.676+05:30  INFO 24220 --- [Eureka-Server] [a-EvictionTimer] c.n.e.registry.AbstractInstanceRegistry  : Running the evict task with compensationTime 0ms
2026-03-27T11:05:47.677+05:30  INFO 24220 --- [Eureka-Server] [a-EvictionTimer] c.n.e.registry.AbstractInstanceRegistry  : Running the evict task with compensationTime 1ms
2026-03-27T11:05:48.678+05:30  INFO 24220 --- [Eureka-Server] [a-EvictionTimer] c.n.e.registry.AbstractInstanceRegistry  : Running the evict task with compensationTime 0ms
2026-03-27T11:05:49.679+05:30  INFO 24220 --- [Eureka-Server] [a-EvictionTimer] c.n.e.registry.AbstractInstanceRegistry  : Running the evict task with compensationTime 1ms
2026-03-27T11:05:50.679+05:30  INFO 24220 --- [Eureka-Server] [a-EvictionTimer] c.n.e.registry.AbstractInstanceRegistry  : Running the evict task with compensationTime 0ms
2026-03-27T11:05:51.680+05:30  INFO 24220 --- [Eureka-Server] [a-EvictionTimer] c.n.e.registry.AbstractInstanceRegistry  : Running the evict task with compensationTime 1ms
2026-03-27T11:05:52.680+05:30  INFO 24220 --- [Eureka-Server] [a-EvictionTimer] c.n.e.registry.AbstractInstanceRegistry  : Running the evict task with compensationTime 0ms
2026-03-27T11:05:53.681+05:30  INFO 24220 --- [Eureka-Server] [a-EvictionTimer] c.n.e.registry.AbstractInstanceRegistry  : Running the evict task with compensationTime 1ms
2026-03-27T11:05:54.333+05:30  INFO 24220 --- [Eureka-Server] [io-8761-exec-10] c.n.e.registry.AbstractInstanceRegistry  : Registered instance USER-SERVICE/localhost:user-service:7500 with status DOWN (replication=false)
2026-03-27T11:05:54.682+05:30  INFO 24220 --- [Eureka-Server] [a-EvictionTimer] c.n.e.registry.AbstractInstanceRegistry  : Running the evict task with compensationTime 0ms
2026-03-27T11:05:55.682+05:30  INFO 24220 --- [Eureka-Server] [a-EvictionTimer] c.n.e.registry.AbstractInstanceRegistry  : Running the evict task with compensationTime 0ms
2026-03-27T11:05:56.682+05:30  INFO 24220 --- [Eureka-Server] [a-EvictionTimer] c.n.e.registry.AbstractInstanceRegistry  : Running the evict task with compensationTime 0ms
2026-03-27T11:05:57.370+05:30  INFO 24220 --- [Eureka-Server] [nio-8761-exec-1] c.n.e.registry.AbstractInstanceRegistry  : Cancelled instance USER-SERVICE/localhost:user-service:7500 (replication=false)
2026-03-27T11:05:57.683+05:30  INFO 24220 --- [Eureka-Server] [a-EvictionTimer] c.n.e.registry.AbstractInstanceRegistry  : Running the evict task with compensationTime 0ms
2026-03-27T11:05:58.684+05:30  INFO 24220 --- [Eureka-Server] [a-EvictionTimer] c.n.e.registry.AbstractInstanceRegistry  : Running the evict task with compensationTime 0ms
2026-03-27T11:05:59.687+05:30  INFO 24220 --- [Eureka-Server] [a-EvictionTimer] c.n.e.registry.AbstractInstanceRegistry  : Running the evict task with compensationTime 0ms
2026-03-27T11:06:00.684+05:30  INFO 24220 --- [Eureka-Server] [a-EvictionTimer] c.n.e.registry.AbstractInstanceRegistry  : Running the evict task with compensationTime 0ms
2026-03-27T11:06:01.685+05:30  INFO 24220 --- [Eureka-Server] [a-EvictionTimer] c.n.e.registry.AbstractInstanceRegistry  : Running the evict task with compensationTime 0ms
2026-03-27T11:06:02.039+05:30  INFO 24220 --- [Eureka-Server] [nio-8761-exec-1] c.n.e.registry.AbstractInstanceRegistry  : Registered instance USER-SERVICE/localhost:user-service:7500 with status UP (replication=false)
2026-03-27T11:06:02.685+05:30  INFO 24220 --- [Eureka-Server] [a-EvictionTimer] c.n.e.registry.AbstractInstanceRegistry  : Running the evict task with compensationTime 0ms
2026-03-27T11:06:03.692+05:30  INFO 24220 --- [Eureka-Server] [a-EvictionTimer] c.n.e.registry.AbstractInstanceRegistry  : Running the evict task with compensationTime 7ms
2026-03-27T11:06:04.693+05:30  INFO 24220 --- [Eureka-Server] [a-EvictionTimer] c.n.e.registry.AbstractInstanceRegistry  : Running the evict task with compensationTime 0ms
2026-03-27T11:06:05.154+05:30  INFO 24220 --- [Eureka-Server] [nio-8761-exec-2] c.n.e.registry.AbstractInstanceRegistry  : Registered instance KYC-SERVICE/localhost:KYC-SERVICE:7502 with status DOWN (replication=false)
2026-03-27T11:06:05.695+05:30  INFO 24220 --- [Eureka-Server] [a-EvictionTimer] c.n.e.registry.AbstractInstanceRegistry  : Running the evict task with compensationTime 2ms
2026-03-27T11:06:06.696+05:30  INFO 24220 --- [Eureka-Server] [a-EvictionTimer] c.n.e.registry.AbstractInstanceRegistry  : Running the evict task with compensationTime 0ms
2026-03-27T11:06:07.493+05:30  INFO 24220 --- [Eureka-Server] [nio-8761-exec-5] c.n.e.registry.AbstractInstanceRegistry  : Registered instance ADMIN-SERVICE/localhost:Admin-Service:7501 with status DOWN (replication=false)
2026-03-27T11:06:07.696+05:30  INFO 24220 --- [Eureka-Server] [a-EvictionTimer] c.n.e.registry.AbstractInstanceRegistry  : Running the evict task with compensationTime 0ms
2026-03-27T11:06:08.194+05:30  INFO 24220 --- [Eureka-Server] [nio-8761-exec-3] c.n.e.registry.AbstractInstanceRegistry  : Cancelled instance KYC-SERVICE/localhost:KYC-SERVICE:7502 (replication=false)
2026-03-27T11:06:08.697+05:30  INFO 24220 --- [Eureka-Server] [a-EvictionTimer] c.n.e.registry.AbstractInstanceRegistry  : Running the evict task with compensationTime 1ms
2026-03-27T11:06:09.697+05:30  INFO 24220 --- [Eureka-Server] [a-EvictionTimer] c.n.e.registry.AbstractInstanceRegistry  : Running the evict task with compensationTime 0ms
2026-03-27T11:06:10.520+05:30  INFO 24220 --- [Eureka-Server] [nio-8761-exec-7] c.n.e.registry.AbstractInstanceRegistry  : Cancelled instance ADMIN-SERVICE/localhost:Admin-Service:7501 (replication=false)
2026-03-27T11:06:10.697+05:30  INFO 24220 --- [Eureka-Server] [a-EvictionTimer] c.n.e.registry.AbstractInstanceRegistry  : Running the evict task with compensationTime 0ms
2026-03-27T11:06:11.698+05:30  INFO 24220 --- [Eureka-Server] [a-EvictionTimer] c.n.e.registry.AbstractInstanceRegistry  : Running the evict task with compensationTime 1ms
2026-03-27T11:06:12.656+05:30  INFO 24220 --- [Eureka-Server] [nio-8761-exec-1] c.n.e.registry.AbstractInstanceRegistry  : Registered instance KYC-SERVICE/localhost:KYC-SERVICE:7502 with status UP (replication=false)
2026-03-27T11:06:12.699+05:30  INFO 24220 --- [Eureka-Server] [a-EvictionTimer] c.n.e.registry.AbstractInstanceRegistry  : Running the evict task with compensationTime 0ms
2026-03-27T11:06:13.699+05:30  INFO 24220 --- [Eureka-Server] [a-EvictionTimer] c.n.e.registry.AbstractInstanceRegistry  : Running the evict task with compensationTime 0ms
2026-03-27T11:06:14.699+05:30  INFO 24220 --- [Eureka-Server] [a-EvictionTimer] c.n.e.registry.AbstractInstanceRegistry  : Running the evict task with compensationTime 0ms
2026-03-27T11:06:15.568+05:30  INFO 24220 --- [Eureka-Server] [nio-8761-exec-3] c.n.e.registry.AbstractInstanceRegistry  : Registered instance ADMIN-SERVICE/localhost:Admin-Service:7501 with status UP (replication=false)
2026-03-27T11:06:15.700+05:30  INFO 24220 --- [Eureka-Server] [a-EvictionTimer] c.n.e.registry.AbstractInstanceRegistry  : Running the evict task with compensationTime 1ms
2026-03-27T11:06:16.700+05:30  INFO 24220 --- [Eureka-Server] [a-EvictionTimer] c.n.e.registry.AbstractInstanceRegistry  : Running the evict task with compensationTime 0ms
2026-03-27T11:06:17.701+05:30  INFO 24220 --- [Eureka-Server] [a-EvictionTimer] c.n.e.registry.AbstractInstanceRegistry  : Running the evict task with compensationTime 0ms
2026-03-27T11:06:18.701+05:30  INFO 24220 --- [Eureka-Server] [a-EvictionTimer] c.n.e.registry.AbstractInstanceRegistry  : Running the evict task with compensationTime 0ms
2026-03-27T11:06:19.702+05:30  INFO 24220 --- [Eureka-Server] [a-EvictionTimer] c.n.e.registry.AbstractInstanceRegistry  : Running the evict task with compensationTime 0ms
2026-03-27T11:06:20.702+05:30  INFO 24220 --- [Eureka-Server] [a-EvictionTimer] c.n.e.registry.AbstractInstanceRegistry  : Running the evict task with compensationTime 0ms
2026-03-27T11:06:21.702+05:30  INFO 24220 --- [Eureka-Server] [a-EvictionTimer] c.n.e.registry.AbstractInstanceRegistry  : Running the evict task with compensationTime 0ms
2026-03-27T11:06:22.703+05:30  INFO 24220 --- [Eureka-Server] [a-EvictionTimer] c.n.e.registry.AbstractInstanceRegistry  : Running the evict task with compensationTime 0ms
2026-03-27T11:06:23.704+05:30  INFO 24220 --- [Eureka-Server] [a-EvictionTimer] c.n.e.registry.AbstractInstanceRegistry  : Running the evict task with compensationTime 0ms
2026-03-27T11:06:24.704+05:30  INFO 24220 --- [Eureka-Server] [a-EvictionTimer] c.n.e.registry.AbstractInstanceRegistry  : Running the evict task with compensationTime 0ms
2026-03-27T11:06:25.704+05:30  INFO 24220 --- [Eureka-Server] [a-EvictionTimer] c.n.e.registry.AbstractInstanceRegistry  : Running the evict task with compensationTime 0ms
2026-03-27T11:06:26.704+05:30  INFO 24220 --- [Eureka-Server] [a-EvictionTimer] c.n.e.registry.AbstractInstanceRegistry  : Running the evict task with compensationTime 0ms
2026-03-27T11:06:27.705+05:30  INFO 24220 --- [Eureka-Server] [a-EvictionTimer] c.n.e.registry.AbstractInstanceRegistry  : Running the evict task with compensationTime 0ms
2026-03-27T11:06:28.705+05:30  INFO 24220 --- [Eureka-Server] [a-EvictionTimer] c.n.e.registry.AbstractInstanceRegistry  : Running the evict task with compensationTime 0ms
2026-03-27T11:06:29.705+05:30  INFO 24220 --- [Eureka-Server] [a-EvictionTimer] c.n.e.registry.AbstractInstanceRegistry  : Running the evict task with compensationTime 0ms
2026-03-27T11:06:30.706+05:30  INFO 24220 --- [Eureka-Server] [a-EvictionTimer] c.n.e.registry.AbstractInstanceRegistry  : Running the evict task with compensationTime 0ms
2026-03-27T11:06:31.706+05:30  INFO 24220 --- [Eureka-Server] [a-EvictionTimer] c.n.e.registry.AbstractInstanceRegistry  : Running the evict task with compensationTime 0ms
2026-03-27T11:06:32.706+05:30  INFO 24220 --- [Eureka-Server] [a-EvictionTimer] c.n.e.registry.AbstractInstanceRegistry  : Running the evict task with compensationTime 0ms
2026-03-27T11:06:33.706+05:30  INFO 24220 --- [Eureka-Server] [a-EvictionTimer] c.n.e.registry.AbstractInstanceRegistry  : Running the evict task with compensationTime 0ms
2026-03-27T11:06:34.707+05:30  INFO 24220 --- [Eureka-Server] [a-EvictionTimer] c.n.e.registry.AbstractInstanceRegistry  : Running the evict task with compensationTime 0ms
2026-03-27T11:06:35.707+05:30  INFO 24220 --- [Eureka-Server] [a-EvictionTimer] c.n.e.registry.AbstractInstanceRegistry  : Running the evict task with compensationTime 0ms
2026-03-27T11:06:36.707+05:30  INFO 24220 --- [Eureka-Server] [a-EvictionTimer] c.n.e.registry.AbstractInstanceRegistry  : Running the evict task with compensationTime 0ms
2026-03-27T11:06:37.707+05:30  INFO 24220 --- [Eureka-Server] [a-EvictionTimer] c.n.e.registry.AbstractInstanceRegistry  : Running the evict task with compensationTime 0ms
2026-03-27T11:06:38.707+05:30  INFO 24220 --- [Eureka-Server] [a-EvictionTimer] c.n.e.registry.AbstractInstanceRegistry  : Running the evict task with compensationTime 0ms
2026-03-27T11:06:39.708+05:30  INFO 24220 --- [Eureka-Server] [a-EvictionTimer] c.n.e.registry.AbstractInstanceRegistry  : Running the evict task with compensationTime 0ms
2026-03-27T11:06:40.709+05:30  INFO 24220 --- [Eureka-Server] [a-EvictionTimer] c.n.e.registry.AbstractInstanceRegistry  : Running the evict task with compensationTime 1ms
2026-03-27T11:06:41.710+05:30  INFO 24220 --- [Eureka-Server] [a-EvictionTimer] c.n.e.registry.AbstractInstanceRegistry  : Running the evict task with compensationTime 0ms
2026-03-27T11:06:42.710+05:30  INFO 24220 --- [Eureka-Server] [a-EvictionTimer] c.n.e.registry.AbstractInstanceRegistry  : Running the evict task with compensationTime 0ms
2026-03-27T11:06:42.970+05:30  INFO 24220 --- [Eureka-Server] [nio-8761-exec-5] c.n.e.registry.AbstractInstanceRegistry  : Registered instance USER-SERVICE/localhost:user-service:7500 with status DOWN (replication=false)
2026-03-27T11:06:42.976+05:30  INFO 24220 --- [Eureka-Server] [nio-8761-exec-3] c.n.e.registry.AbstractInstanceRegistry  : Registered instance USER-SERVICE/localhost:user-service:7500 with status DOWN (replication=false)
2026-03-27T11:06:42.981+05:30  INFO 24220 --- [Eureka-Server] [nio-8761-exec-6] c.n.e.registry.AbstractInstanceRegistry  : Cancelled instance USER-SERVICE/localhost:user-service:7500 (replication=false)
2026-03-27T11:06:43.710+05:30  INFO 24220 --- [Eureka-Server] [a-EvictionTimer] c.n.e.registry.AbstractInstanceRegistry  : Running the evict task with compensationTime 0ms
2026-03-27T11:06:44.711+05:30  INFO 24220 --- [Eureka-Server] [a-EvictionTimer] c.n.e.registry.AbstractInstanceRegistry  : Running the evict task with compensationTime 0ms
2026-03-27T11:06:45.711+05:30  INFO 24220 --- [Eureka-Server] [a-EvictionTimer] c.n.e.registry.AbstractInstanceRegistry  : Running the evict task with compensationTime 0ms
2026-03-27T11:06:46.711+05:30  INFO 24220 --- [Eureka-Server] [a-EvictionTimer] c.n.e.registry.AbstractInstanceRegistry  : Running the evict task with compensationTime 0ms
2026-03-27T11:06:47.711+05:30  INFO 24220 --- [Eureka-Server] [a-EvictionTimer] c.n.e.registry.AbstractInstanceRegistry  : Running the evict task with compensationTime 0ms
2026-03-27T11:06:48.712+05:30  INFO 24220 --- [Eureka-Server] [a-EvictionTimer] c.n.e.registry.AbstractInstanceRegistry  : Running the evict task with compensationTime 0ms
2026-03-27T11:06:49.712+05:30  INFO 24220 --- [Eureka-Server] [a-EvictionTimer] c.n.e.registry.AbstractInstanceRegistry  : Running the evict task with compensationTime 0ms
2026-03-27T11:06:50.713+05:30  INFO 24220 --- [Eureka-Server] [a-EvictionTimer] c.n.e.registry.AbstractInstanceRegistry  : Running the evict task with compensationTime 1ms
2026-03-27T11:06:51.714+05:30  INFO 24220 --- [Eureka-Server] [a-EvictionTimer] c.n.e.registry.AbstractInstanceRegistry  : Running the evict task with compensationTime 0ms
2026-03-27T11:06:52.714+05:30  INFO 24220 --- [Eureka-Server] [a-EvictionTimer] c.n.e.registry.AbstractInstanceRegistry  : Running the evict task with compensationTime 0ms
2026-03-27T11:06:53.715+05:30  INFO 24220 --- [Eureka-Server] [a-EvictionTimer] c.n.e.registry.AbstractInstanceRegistry  : Running the evict task with compensationTime 0ms
2026-03-27T11:06:54.716+05:30  INFO 24220 --- [Eureka-Server] [a-EvictionTimer] c.n.e.registry.AbstractInstanceRegistry  : Running the evict task with compensationTime 1ms
2026-03-27T11:06:54.755+05:30  INFO 24220 --- [Eureka-Server] [hresholdUpdater] c.n.e.r.PeerAwareInstanceRegistryImpl    : Current renewal threshold is : 17
2026-03-27T11:06:55.716+05:30  INFO 24220 --- [Eureka-Server] [a-EvictionTimer] c.n.e.registry.AbstractInstanceRegistry  : Running the evict task with compensationTime 0ms
2026-03-27T11:06:56.716+05:30  INFO 24220 --- [Eureka-Server] [a-EvictionTimer] c.n.e.registry.AbstractInstanceRegistry  : Running the evict task with compensationTime 0ms
2026-03-27T11:06:57.716+05:30  INFO 24220 --- [Eureka-Server] [a-EvictionTimer] c.n.e.registry.AbstractInstanceRegistry  : Running the evict task with compensationTime 0ms
2026-03-27T11:06:58.717+05:30  INFO 24220 --- [Eureka-Server] [a-EvictionTimer] c.n.e.registry.AbstractInstanceRegistry  : Running the evict task with compensationTime 0ms
2026-03-27T11:06:59.717+05:30  INFO 24220 --- [Eureka-Server] [a-EvictionTimer] c.n.e.registry.AbstractInstanceRegistry  : Running the evict task with compensationTime 0ms
2026-03-27T11:07:00.718+05:30  INFO 24220 --- [Eureka-Server] [a-EvictionTimer] c.n.e.registry.AbstractInstanceRegistry  : Running the evict task with compensationTime 0ms
2026-03-27T11:07:01.719+05:30  INFO 24220 --- [Eureka-Server] [a-EvictionTimer] c.n.e.registry.AbstractInstanceRegistry  : Running the evict task with compensationTime 0ms
2026-03-27T11:07:02.079+05:30  WARN 24220 --- [Eureka-Server] [nio-8761-exec-8] c.n.e.registry.AbstractInstanceRegistry  : DS: Registry: lease doesn't exist, registering resource: USER-SERVICE - localhost:user-service:7500
2026-03-27T11:07:02.080+05:30  WARN 24220 --- [Eureka-Server] [nio-8761-exec-8] c.n.eureka.resources.InstanceResource    : Not Found (Renew): USER-SERVICE - localhost:user-service:7500
2026-03-27T11:07:02.092+05:30  INFO 24220 --- [Eureka-Server] [nio-8761-exec-7] c.n.e.registry.AbstractInstanceRegistry  : Registered instance USER-SERVICE/localhost:user-service:7500 with status UP (replication=false)
2026-03-27T11:07:02.720+05:30  INFO 24220 --- [Eureka-Server] [a-EvictionTimer] c.n.e.registry.AbstractInstanceRegistry  : Running the evict task with compensationTime 1ms
2026-03-27T11:07:03.720+05:30  INFO 24220 --- [Eureka-Server] [a-EvictionTimer] c.n.e.registry.AbstractInstanceRegistry  : Running the evict task with compensationTime 0ms
2026-03-27T11:07:04.721+05:30  INFO 24220 --- [Eureka-Server] [a-EvictionTimer] c.n.e.registry.AbstractInstanceRegistry  : Running the evict task with compensationTime 0ms
2026-03-27T11:07:05.721+05:30  INFO 24220 --- [Eureka-Server] [a-EvictionTimer] c.n.e.registry.AbstractInstanceRegistry  : Running the evict task with compensationTime 0ms
2026-03-27T11:07:06.722+05:30  INFO 24220 --- [Eureka-Server] [a-EvictionTimer] c.n.e.registry.AbstractInstanceRegistry  : Running the evict task with compensationTime 1ms
2026-03-27T11:07:07.722+05:30  INFO 24220 --- [Eureka-Server] [a-EvictionTimer] c.n.e.registry.AbstractInstanceRegistry  : Running the evict task with compensationTime 0ms
2026-03-27T11:07:08.722+05:30  INFO 24220 --- [Eureka-Server] [a-EvictionTimer] c.n.e.registry.AbstractInstanceRegistry  : Running the evict task with compensationTime 0ms
2026-03-27T11:07:09.722+05:30  INFO 24220 --- [Eureka-Server] [a-EvictionTimer] c.n.e.registry.AbstractInstanceRegistry  : Running the evict task with compensationTime 0ms
2026-03-27T11:07:10.724+05:30  INFO 24220 --- [Eureka-Server] [a-EvictionTimer] c.n.e.registry.AbstractInstanceRegistry  : Running the evict task with compensationTime 1ms
2026-03-27T11:07:11.724+05:30  INFO 24220 --- [Eureka-Server] [a-EvictionTimer] c.n.e.registry.AbstractInstanceRegistry  : Running the evict task with compensationTime 0ms
2026-03-27T11:07:12.725+05:30  INFO 24220 --- [Eureka-Server] [a-EvictionTimer] c.n.e.registry.AbstractInstanceRegistry  : Running the evict task with compensationTime 0ms
2026-03-27T11:07:13.726+05:30  INFO 24220 --- [Eureka-Server] [a-EvictionTimer] c.n.e.registry.AbstractInstanceRegistry  : Running the evict task with compensationTime 0ms
2026-03-27T11:07:14.727+05:30  INFO 24220 --- [Eureka-Server] [a-EvictionTimer] c.n.e.registry.AbstractInstanceRegistry  : Running the evict task with compensationTime 0ms
2026-03-27T11:07:15.727+05:30  INFO 24220 --- [Eureka-Server] [a-EvictionTimer] c.n.e.registry.AbstractInstanceRegistry  : Running the evict task with compensationTime 0ms
2026-03-27T11:07:16.728+05:30  INFO 24220 --- [Eureka-Server] [a-EvictionTimer] c.n.e.registry.AbstractInstanceRegistry  : Running the evict task with compensationTime 0ms
2026-03-27T11:07:17.728+05:30  INFO 24220 --- [Eureka-Server] [a-EvictionTimer] c.n.e.registry.AbstractInstanceRegistry  : Running the evict task with compensationTime 0ms
2026-03-27T11:07:18.729+05:30  INFO 24220 --- [Eureka-Server] [a-EvictionTimer] c.n.e.registry.AbstractInstanceRegistry  : Running the evict task with compensationTime 0ms
2026-03-27T11:07:19.730+05:30  INFO 24220 --- [Eureka-Server] [a-EvictionTimer] c.n.e.registry.AbstractInstanceRegistry  : Running the evict task with compensationTime 1ms
2026-03-27T11:07:20.730+05:30  INFO 24220 --- [Eureka-Server] [a-EvictionTimer] c.n.e.registry.AbstractInstanceRegistry  : Running the evict task with compensationTime 0ms
2026-03-27T11:07:21.731+05:30  INFO 24220 --- [Eureka-Server] [a-EvictionTimer] c.n.e.registry.AbstractInstanceRegistry  : Running the evict task with compensationTime 1ms
2026-03-27T11:07:22.732+05:30  INFO 24220 --- [Eureka-Server] [a-EvictionTimer] c.n.e.registry.AbstractInstanceRegistry  : Running the evict task with compensationTime 0ms
2026-03-27T11:07:23.275+05:30  INFO 24220 --- [Eureka-Server] [nio-8761-exec-4] c.n.e.registry.AbstractInstanceRegistry  : Registered instance ADMIN-SERVICE/localhost:Admin-Service:7501 with status DOWN (replication=false)
2026-03-27T11:07:23.280+05:30  INFO 24220 --- [Eureka-Server] [nio-8761-exec-2] c.n.e.registry.AbstractInstanceRegistry  : Registered instance ADMIN-SERVICE/localhost:Admin-Service:7501 with status DOWN (replication=false)
2026-03-27T11:07:23.284+05:30  INFO 24220 --- [Eureka-Server] [nio-8761-exec-6] c.n.e.registry.AbstractInstanceRegistry  : Cancelled instance ADMIN-SERVICE/localhost:Admin-Service:7501 (replication=false)
2026-03-27T11:07:23.732+05:30  INFO 24220 --- [Eureka-Server] [a-EvictionTimer] c.n.e.registry.AbstractInstanceRegistry  : Running the evict task with compensationTime 0ms
2026-03-27T11:07:24.733+05:30  INFO 24220 --- [Eureka-Server] [a-EvictionTimer] c.n.e.registry.AbstractInstanceRegistry  : Running the evict task with compensationTime 0ms
2026-03-27T11:07:25.733+05:30  INFO 24220 --- [Eureka-Server] [a-EvictionTimer] c.n.e.registry.AbstractInstanceRegistry  : Running the evict task with compensationTime 0ms
2026-03-27T11:07:26.733+05:30  INFO 24220 --- [Eureka-Server] [a-EvictionTimer] c.n.e.registry.AbstractInstanceRegistry  : Running the evict task with compensationTime 0ms
2026-03-27T11:07:27.734+05:30  INFO 24220 --- [Eureka-Server] [a-EvictionTimer] c.n.e.registry.AbstractInstanceRegistry  : Running the evict task with compensationTime 0ms
2026-03-27T11:07:28.735+05:30  INFO 24220 --- [Eureka-Server] [a-EvictionTimer] c.n.e.registry.AbstractInstanceRegistry  : Running the evict task with compensationTime 0ms
2026-03-27T11:07:29.735+05:30  INFO 24220 --- [Eureka-Server] [a-EvictionTimer] c.n.e.registry.AbstractInstanceRegistry  : Running the evict task with compensationTime 0ms
2026-03-27T11:07:30.736+05:30  INFO 24220 --- [Eureka-Server] [a-EvictionTimer] c.n.e.registry.AbstractInstanceRegistry  : Running the evict task with compensationTime 0ms
2026-03-27T11:07:31.737+05:30  INFO 24220 --- [Eureka-Server] [a-EvictionTimer] c.n.e.registry.AbstractInstanceRegistry  : Running the evict task with compensationTime 0ms
2026-03-27T11:07:32.737+05:30  INFO 24220 --- [Eureka-Server] [a-EvictionTimer] c.n.e.registry.AbstractInstanceRegistry  : Running the evict task with compensationTime 0ms
2026-03-27T11:07:33.738+05:30  INFO 24220 --- [Eureka-Server] [a-EvictionTimer] c.n.e.registry.AbstractInstanceRegistry  : Running the evict task with compensationTime 1ms
2026-03-27T11:07:34.573+05:30  INFO 24220 --- [Eureka-Server] [nio-8761-exec-3] c.n.e.registry.AbstractInstanceRegistry  : Registered instance KYC-SERVICE/localhost:KYC-SERVICE:7502 with status DOWN (replication=false)
2026-03-27T11:07:34.578+05:30  INFO 24220 --- [Eureka-Server] [nio-8761-exec-8] c.n.e.registry.AbstractInstanceRegistry  : Registered instance KYC-SERVICE/localhost:KYC-SERVICE:7502 with status DOWN (replication=false)
2026-03-27T11:07:34.583+05:30  INFO 24220 --- [Eureka-Server] [nio-8761-exec-7] c.n.e.registry.AbstractInstanceRegistry  : Cancelled instance KYC-SERVICE/localhost:KYC-SERVICE:7502 (replication=false)
2026-03-27T11:07:34.738+05:30  INFO 24220 --- [Eureka-Server] [a-EvictionTimer] c.n.e.registry.AbstractInstanceRegistry  : Running the evict task with compensationTime 0ms
2026-03-27T11:07:35.738+05:30  INFO 24220 --- [Eureka-Server] [a-EvictionTimer] c.n.e.registry.AbstractInstanceRegistry  : Running the evict task with compensationTime 0ms
2026-03-27T11:07:36.738+05:30  INFO 24220 --- [Eureka-Server] [a-EvictionTimer] c.n.e.registry.AbstractInstanceRegistry  : Running the evict task with compensationTime 0ms
2026-03-27T11:07:37.738+05:30  INFO 24220 --- [Eureka-Server] [a-EvictionTimer] c.n.e.registry.AbstractInstanceRegistry  : Running the evict task with compensationTime 0ms
2026-03-27T11:07:38.739+05:30  INFO 24220 --- [Eureka-Server] [a-EvictionTimer] c.n.e.registry.AbstractInstanceRegistry  : Running the evict task with compensationTime 0ms
2026-03-27T11:07:39.739+05:30  INFO 24220 --- [Eureka-Server] [a-EvictionTimer] c.n.e.registry.AbstractInstanceRegistry  : Running the evict task with compensationTime 0ms
2026-03-27T11:07:40.740+05:30  INFO 24220 --- [Eureka-Server] [a-EvictionTimer] c.n.e.registry.AbstractInstanceRegistry  : Running the evict task with compensationTime 1ms
2026-03-27T11:07:41.742+05:30  INFO 24220 --- [Eureka-Server] [a-EvictionTimer] c.n.e.registry.AbstractInstanceRegistry  : Running the evict task with compensationTime 1ms
2026-03-27T11:07:42.702+05:30  WARN 24220 --- [Eureka-Server] [nio-8761-exec-1] c.n.e.registry.AbstractInstanceRegistry  : DS: Registry: lease doesn't exist, registering resource: KYC-SERVICE - localhost:KYC-SERVICE:7502
2026-03-27T11:07:42.703+05:30  WARN 24220 --- [Eureka-Server] [nio-8761-exec-1] c.n.eureka.resources.InstanceResource    : Not Found (Renew): KYC-SERVICE - localhost:KYC-SERVICE:7502
2026-03-27T11:07:42.710+05:30  INFO 24220 --- [Eureka-Server] [nio-8761-exec-4] c.n.e.registry.AbstractInstanceRegistry  : Registered instance KYC-SERVICE/localhost:KYC-SERVICE:7502 with status UP (replication=false)
2026-03-27T11:07:42.743+05:30  INFO 24220 --- [Eureka-Server] [a-EvictionTimer] c.n.e.registry.AbstractInstanceRegistry  : Running the evict task with compensationTime 1ms
2026-03-27T11:07:43.743+05:30  INFO 24220 --- [Eureka-Server] [a-EvictionTimer] c.n.e.registry.AbstractInstanceRegistry  : Running the evict task with compensationTime 0ms
2026-03-27T11:07:44.743+05:30  INFO 24220 --- [Eureka-Server] [a-EvictionTimer] c.n.e.registry.AbstractInstanceRegistry  : Running the evict task with compensationTime 0ms
2026-03-27T11:07:45.641+05:30  WARN 24220 --- [Eureka-Server] [nio-8761-exec-8] c.n.e.registry.AbstractInstanceRegistry  : DS: Registry: lease doesn't exist, registering resource: ADMIN-SERVICE - localhost:Admin-Service:7501
2026-03-27T11:07:45.643+05:30  WARN 24220 --- [Eureka-Server] [nio-8761-exec-8] c.n.eureka.resources.InstanceResource    : Not Found (Renew): ADMIN-SERVICE - localhost:Admin-Service:7501
2026-03-27T11:07:45.653+05:30  INFO 24220 --- [Eureka-Server] [nio-8761-exec-7] c.n.e.registry.AbstractInstanceRegistry  : Registered instance ADMIN-SERVICE/localhost:Admin-Service:7501 with status UP (replication=false)
2026-03-27T11:07:45.743+05:30  INFO 24220 --- [Eureka-Server] [a-EvictionTimer] c.n.e.registry.AbstractInstanceRegistry  : Running the evict task with compensationTime 0ms
2026-03-27T11:07:46.743+05:30  INFO 24220 --- [Eureka-Server] [a-EvictionTimer] c.n.e.registry.AbstractInstanceRegistry  : Running the evict task with compensationTime 0ms
2026-03-27T11:07:47.744+05:30  INFO 24220 --- [Eureka-Server] [a-EvictionTimer] c.n.e.registry.AbstractInstanceRegistry  : Running the evict task with compensationTime 0ms
2026-03-27T11:07:48.744+05:30  INFO 24220 --- [Eureka-Server] [a-EvictionTimer] c.n.e.registry.AbstractInstanceRegistry  : Running the evict task with compensationTime 0ms
2026-03-27T11:07:49.744+05:30  INFO 24220 --- [Eureka-Server] [a-EvictionTimer] c.n.e.registry.AbstractInstanceRegistry  : Running the evict task with compensationTime 0ms
2026-03-27T11:07:50.745+05:30  INFO 24220 --- [Eureka-Server] [a-EvictionTimer] c.n.e.registry.AbstractInstanceRegistry  : Running the evict task with compensationTime 0ms
2026-03-27T11:07:51.745+05:30  INFO 24220 --- [Eureka-Server] [a-EvictionTimer] c.n.e.registry.AbstractInstanceRegistry  : Running the evict task with compensationTime 0ms
2026-03-27T11:07:52.746+05:30  INFO 24220 --- [Eureka-Server] [a-EvictionTimer] c.n.e.registry.AbstractInstanceRegistry  : Running the evict task with compensationTime 0ms
2026-03-27T11:07:53.746+05:30  INFO 24220 --- [Eureka-Server] [a-EvictionTimer] c.n.e.registry.AbstractInstanceRegistry  : Running the evict task with compensationTime 0ms
2026-03-27T11:07:54.747+05:30  INFO 24220 --- [Eureka-Server] [a-EvictionTimer] c.n.e.registry.AbstractInstanceRegistry  : Running the evict task with compensationTime 0ms
2026-03-27T11:07:55.747+05:30  INFO 24220 --- [Eureka-Server] [a-EvictionTimer] c.n.e.registry.AbstractInstanceRegistry  : Running the evict task with compensationTime 0ms
2026-03-27T11:07:56.748+05:30  INFO 24220 --- [Eureka-Server] [a-EvictionTimer] c.n.e.registry.AbstractInstanceRegistry  : Running the evict task with compensationTime 0ms
2026-03-27T11:07:57.748+05:30  INFO 24220 --- [Eureka-Server] [a-EvictionTimer] c.n.e.registry.AbstractInstanceRegistry  : Running the evict task with compensationTime 0ms
2026-03-27T11:07:58.748+05:30  INFO 24220 --- [Eureka-Server] [a-EvictionTimer] c.n.e.registry.AbstractInstanceRegistry  : Running the evict task with compensationTime 0ms
2026-03-27T11:07:59.748+05:30  INFO 24220 --- [Eureka-Server] [a-EvictionTimer] c.n.e.registry.AbstractInstanceRegistry  : Running the evict task with compensationTime 0ms
2026-03-27T11:08:00.748+05:30  INFO 24220 --- [Eureka-Server] [a-EvictionTimer] c.n.e.registry.AbstractInstanceRegistry  : Running the evict task with compensationTime 0ms
2026-03-27T11:08:01.748+05:30  INFO 24220 --- [Eureka-Server] [a-EvictionTimer] c.n.e.registry.AbstractInstanceRegistry  : Running the evict task with compensationTime 0ms
2026-03-27T11:08:02.749+05:30  INFO 24220 --- [Eureka-Server] [a-EvictionTimer] c.n.e.registry.AbstractInstanceRegistry  : Running the evict task with compensationTime 1ms
2026-03-27T11:08:03.750+05:30  INFO 24220 --- [Eureka-Server] [a-EvictionTimer] c.n.e.registry.AbstractInstanceRegistry  : Running the evict task with compensationTime 1ms
2026-03-27T11:08:04.750+05:30  INFO 24220 --- [Eureka-Server] [a-EvictionTimer] c.n.e.registry.AbstractInstanceRegistry  : Running the evict task with compensationTime 0ms
2026-03-27T11:08:05.750+05:30  INFO 24220 --- [Eureka-Server] [a-EvictionTimer] c.n.e.registry.AbstractInstanceRegistry  : Running the evict task with compensationTime 0ms
2026-03-27T11:08:06.751+05:30  INFO 24220 --- [Eureka-Server] [a-EvictionTimer] c.n.e.registry.AbstractInstanceRegistry  : Running the evict task with compensationTime 0ms
2026-03-27T11:08:07.751+05:30  INFO 24220 --- [Eureka-Server] [a-EvictionTimer] c.n.e.registry.AbstractInstanceRegistry  : Running the evict task with compensationTime 0ms
2026-03-27T11:08:08.751+05:30  INFO 24220 --- [Eureka-Server] [a-EvictionTimer] c.n.e.registry.AbstractInstanceRegistry  : Running the evict task with compensationTime 0ms
2026-03-27T11:08:09.752+05:30  INFO 24220 --- [Eureka-Server] [a-EvictionTimer] c.n.e.registry.AbstractInstanceRegistry  : Running the evict task with compensationTime 0ms
2026-03-27T11:08:10.753+05:30  INFO 24220 --- [Eureka-Server] [a-EvictionTimer] c.n.e.registry.AbstractInstanceRegistry  : Running the evict task with compensationTime 1ms
2026-03-27T11:08:11.754+05:30  INFO 24220 --- [Eureka-Server] [a-EvictionTimer] c.n.e.registry.AbstractInstanceRegistry  : Running the evict task with compensationTime 0ms
2026-03-27T11:08:12.754+05:30  INFO 24220 --- [Eureka-Server] [a-EvictionTimer] c.n.e.registry.AbstractInstanceRegistry  : Running the evict task with compensationTime 0ms
2026-03-27T11:08:13.766+05:30  INFO 24220 --- [Eureka-Server] [a-EvictionTimer] c.n.e.registry.AbstractInstanceRegistry  : Running the evict task with compensationTime 11ms
2026-03-27T11:08:14.778+05:30  INFO 24220 --- [Eureka-Server] [a-EvictionTimer] c.n.e.registry.AbstractInstanceRegistry  : Running the evict task with compensationTime 12ms
2026-03-27T11:08:15.787+05:30  INFO 24220 --- [Eureka-Server] [a-EvictionTimer] c.n.e.registry.AbstractInstanceRegistry  : Running the evict task with compensationTime 8ms
2026-03-27T11:08:16.797+05:30  INFO 24220 --- [Eureka-Server] [a-EvictionTimer] c.n.e.registry.AbstractInstanceRegistry  : Running the evict task with compensationTime 10ms
2026-03-27T11:08:17.803+05:30  INFO 24220 --- [Eureka-Server] [a-EvictionTimer] c.n.e.registry.AbstractInstanceRegistry  : Running the evict task with compensationTime 5ms
2026-03-27T11:08:18.810+05:30  INFO 24220 --- [Eureka-Server] [a-EvictionTimer] c.n.e.registry.AbstractInstanceRegistry  : Running the evict task with compensationTime 7ms
2026-03-27T11:08:19.822+05:30  INFO 24220 --- [Eureka-Server] [a-EvictionTimer] c.n.e.registry.AbstractInstanceRegistry  : Running the evict task with compensationTime 12ms
2026-03-27T11:08:20.832+05:30  INFO 24220 --- [Eureka-Server] [a-EvictionTimer] c.n.e.registry.AbstractInstanceRegistry  : Running the evict task with compensationTime 10ms
2026-03-27T11:08:21.837+05:30  INFO 24220 --- [Eureka-Server] [a-EvictionTimer] c.n.e.registry.AbstractInstanceRegistry  : Running the evict task with compensationTime 4ms
2026-03-27T11:08:22.844+05:30  INFO 24220 --- [Eureka-Server] [a-EvictionTimer] c.n.e.registry.AbstractInstanceRegistry  : Running the evict task with compensationTime 7ms
2026-03-27T11:08:23.853+05:30  INFO 24220 --- [Eureka-Server] [a-EvictionTimer] c.n.e.registry.AbstractInstanceRegistry  : Running the evict task with compensationTime 8ms
2026-03-27T11:08:24.860+05:30  INFO 24220 --- [Eureka-Server] [a-EvictionTimer] c.n.e.registry.AbstractInstanceRegistry  : Running the evict task with compensationTime 6ms
2026-03-27T11:08:25.864+05:30  INFO 24220 --- [Eureka-Server] [a-EvictionTimer] c.n.e.registry.AbstractInstanceRegistry  : Running the evict task with compensationTime 5ms
2026-03-27T11:08:26.880+05:30  INFO 24220 --- [Eureka-Server] [a-EvictionTimer] c.n.e.registry.AbstractInstanceRegistry  : Running the evict task with compensationTime 15ms
2026-03-27T11:08:27.891+05:30  INFO 24220 --- [Eureka-Server] [a-EvictionTimer] c.n.e.registry.AbstractInstanceRegistry  : Running the evict task with compensationTime 10ms
2026-03-27T11:08:28.902+05:30  INFO 24220 --- [Eureka-Server] [a-EvictionTimer] c.n.e.registry.AbstractInstanceRegistry  : Running the evict task with compensationTime 12ms
2026-03-27T11:08:29.915+05:30  INFO 24220 --- [Eureka-Server] [a-EvictionTimer] c.n.e.registry.AbstractInstanceRegistry  : Running the evict task with compensationTime 11ms
2026-03-27T11:08:30.926+05:30  INFO 24220 --- [Eureka-Server] [a-EvictionTimer] c.n.e.registry.AbstractInstanceRegistry  : Running the evict task with compensationTime 12ms
2026-03-27T11:08:31.936+05:30  INFO 24220 --- [Eureka-Server] [a-EvictionTimer] c.n.e.registry.AbstractInstanceRegistry  : Running the evict task with compensationTime 9ms
2026-03-27T11:08:32.941+05:30  INFO 24220 --- [Eureka-Server] [a-EvictionTimer] c.n.e.registry.AbstractInstanceRegistry  : Running the evict task with compensationTime 4ms
2026-03-27T11:08:33.944+05:30  INFO 24220 --- [Eureka-Server] [a-EvictionTimer] c.n.e.registry.AbstractInstanceRegistry  : Running the evict task with compensationTime 3ms
2026-03-27T11:08:34.954+05:30  INFO 24220 --- [Eureka-Server] [a-EvictionTimer] c.n.e.registry.AbstractInstanceRegistry  : Running the evict task with compensationTime 9ms
2026-03-27T11:08:35.962+05:30  INFO 24220 --- [Eureka-Server] [a-EvictionTimer] c.n.e.registry.AbstractInstanceRegistry  : Running the evict task with compensationTime 7ms
2026-03-27T11:08:36.965+05:30  INFO 24220 --- [Eureka-Server] [a-EvictionTimer] c.n.e.registry.AbstractInstanceRegistry  : Running the evict task with compensationTime 3ms
2026-03-27T11:08:37.966+05:30  INFO 24220 --- [Eureka-Server] [a-EvictionTimer] c.n.e.registry.AbstractInstanceRegistry  : Running the evict task with compensationTime 0ms
2026-03-27T11:08:38.976+05:30  INFO 24220 --- [Eureka-Server] [a-EvictionTimer] c.n.e.registry.AbstractInstanceRegistry  : Running the evict task with compensationTime 10ms
2026-03-27T11:08:39.981+05:30  INFO 24220 --- [Eureka-Server] [a-EvictionTimer] c.n.e.registry.AbstractInstanceRegistry  : Running the evict task with compensationTime 5ms
2026-03-27T11:08:40.991+05:30  INFO 24220 --- [Eureka-Server] [a-EvictionTimer] c.n.e.registry.AbstractInstanceRegistry  : Running the evict task with compensationTime 9ms
2026-03-27T11:08:41.996+05:30  INFO 24220 --- [Eureka-Server] [a-EvictionTimer] c.n.e.registry.AbstractInstanceRegistry  : Running the evict task with compensationTime 5ms
2026-03-27T11:08:43.001+05:30  INFO 24220 --- [Eureka-Server] [a-EvictionTimer] c.n.e.registry.AbstractInstanceRegistry  : Running the evict task with compensationTime 4ms
2026-03-27T11:08:44.008+05:30  INFO 24220 --- [Eureka-Server] [a-EvictionTimer] c.n.e.registry.AbstractInstanceRegistry  : Running the evict task with compensationTime 6ms
2026-03-27T11:08:45.014+05:30  INFO 24220 --- [Eureka-Server] [a-EvictionTimer] c.n.e.registry.AbstractInstanceRegistry  : Running the evict task with compensationTime 6ms
2026-03-27T11:08:46.028+05:30  INFO 24220 --- [Eureka-Server] [a-EvictionTimer] c.n.e.registry.AbstractInstanceRegistry  : Running the evict task with compensationTime 13ms
2026-03-27T11:08:47.036+05:30  INFO 24220 --- [Eureka-Server] [a-EvictionTimer] c.n.e.registry.AbstractInstanceRegistry  : Running the evict task with compensationTime 8ms
2026-03-27T11:08:48.047+05:30  INFO 24220 --- [Eureka-Server] [a-EvictionTimer] c.n.e.registry.AbstractInstanceRegistry  : Running the evict task with compensationTime 10ms
2026-03-27T11:08:49.049+05:30  INFO 24220 --- [Eureka-Server] [a-EvictionTimer] c.n.e.registry.AbstractInstanceRegistry  : Running the evict task with compensationTime 2ms
2026-03-27T11:08:50.061+05:30  INFO 24220 --- [Eureka-Server] [a-EvictionTimer] c.n.e.registry.AbstractInstanceRegistry  : Running the evict task with compensationTime 11ms
2026-03-27T11:08:51.066+05:30  INFO 24220 --- [Eureka-Server] [a-EvictionTimer] c.n.e.registry.AbstractInstanceRegistry  : Running the evict task with compensationTime 5ms
2026-03-27T11:08:52.075+05:30  INFO 24220 --- [Eureka-Server] [a-EvictionTimer] c.n.e.registry.AbstractInstanceRegistry  : Running the evict task with compensationTime 8ms
2026-03-27T11:08:53.082+05:30  INFO 24220 --- [Eureka-Server] [a-EvictionTimer] c.n.e.registry.AbstractInstanceRegistry  : Running the evict task with compensationTime 6ms
2026-03-27T11:08:54.091+05:30  INFO 24220 --- [Eureka-Server] [a-EvictionTimer] c.n.e.registry.AbstractInstanceRegistry  : Running the evict task with compensationTime 9ms
2026-03-27T11:08:55.103+05:30  INFO 24220 --- [Eureka-Server] [a-EvictionTimer] c.n.e.registry.AbstractInstanceRegistry  : Running the evict task with compensationTime 12ms
2026-03-27T11:08:56.112+05:30  INFO 24220 --- [Eureka-Server] [a-EvictionTimer] c.n.e.registry.AbstractInstanceRegistry  : Running the evict task with compensationTime 8ms
2026-03-27T11:08:57.122+05:30  INFO 24220 --- [Eureka-Server] [a-EvictionTimer] c.n.e.registry.AbstractInstanceRegistry  : Running the evict task with compensationTime 9ms
2026-03-27T11:08:58.130+05:30  INFO 24220 --- [Eureka-Server] [a-EvictionTimer] c.n.e.registry.AbstractInstanceRegistry  : Running the evict task with compensationTime 8ms
2026-03-27T11:08:59.134+05:30  INFO 24220 --- [Eureka-Server] [a-EvictionTimer] c.n.e.registry.AbstractInstanceRegistry  : Running the evict task with compensationTime 3ms
2026-03-27T11:09:00.146+05:30  INFO 24220 --- [Eureka-Server] [a-EvictionTimer] c.n.e.registry.AbstractInstanceRegistry  : Running the evict task with compensationTime 12ms
2026-03-27T11:09:01.156+05:30  INFO 24220 --- [Eureka-Server] [a-EvictionTimer] c.n.e.registry.AbstractInstanceRegistry  : Running the evict task with compensationTime 9ms
2026-03-27T11:09:02.167+05:30  INFO 24220 --- [Eureka-Server] [a-EvictionTimer] c.n.e.registry.AbstractInstanceRegistry  : Running the evict task with compensationTime 10ms
2026-03-27T11:09:03.176+05:30  INFO 24220 --- [Eureka-Server] [a-EvictionTimer] c.n.e.registry.AbstractInstanceRegistry  : Running the evict task with compensationTime 9ms
2026-03-27T11:09:04.184+05:30  INFO 24220 --- [Eureka-Server] [a-EvictionTimer] c.n.e.registry.AbstractInstanceRegistry  : Running the evict task with compensationTime 8ms
2026-03-27T11:09:05.193+05:30  INFO 24220 --- [Eureka-Server] [a-EvictionTimer] c.n.e.registry.AbstractInstanceRegistry  : Running the evict task with compensationTime 8ms
2026-03-27T11:09:06.200+05:30  INFO 24220 --- [Eureka-Server] [a-EvictionTimer] c.n.e.registry.AbstractInstanceRegistry  : Running the evict task with compensationTime 7ms
2026-03-27T11:09:07.207+05:30  INFO 24220 --- [Eureka-Server] [a-EvictionTimer] c.n.e.registry.AbstractInstanceRegistry  : Running the evict task with compensationTime 7ms
2026-03-27T11:09:08.214+05:30  INFO 24220 --- [Eureka-Server] [a-EvictionTimer] c.n.e.registry.AbstractInstanceRegistry  : Running the evict task with compensationTime 7ms
2026-03-27T11:09:09.225+05:30  INFO 24220 --- [Eureka-Server] [a-EvictionTimer] c.n.e.registry.AbstractInstanceRegistry  : Running the evict task with compensationTime 11ms
2026-03-27T11:09:10.235+05:30  INFO 24220 --- [Eureka-Server] [a-EvictionTimer] c.n.e.registry.AbstractInstanceRegistry  : Running the evict task with compensationTime 9ms
2026-03-27T11:09:11.245+05:30  INFO 24220 --- [Eureka-Server] [a-EvictionTimer] c.n.e.registry.AbstractInstanceRegistry  : Running the evict task with compensationTime 10ms
2026-03-27T11:09:12.255+05:30  INFO 24220 --- [Eureka-Server] [a-EvictionTimer] c.n.e.registry.AbstractInstanceRegistry  : Running the evict task with compensationTime 10ms
2026-03-27T11:09:13.261+05:30  INFO 24220 --- [Eureka-Server] [a-EvictionTimer] c.n.e.registry.AbstractInstanceRegistry  : Running the evict task with compensationTime 5ms
2026-03-27T11:09:14.274+05:30  INFO 24220 --- [Eureka-Server] [a-EvictionTimer] c.n.e.registry.AbstractInstanceRegistry  : Running the evict task with compensationTime 12ms
2026-03-27T11:09:15.284+05:30  INFO 24220 --- [Eureka-Server] [a-EvictionTimer] c.n.e.registry.AbstractInstanceRegistry  : Running the evict task with compensationTime 10ms
2026-03-27T11:09:16.297+05:30  INFO 24220 --- [Eureka-Server] [a-EvictionTimer] c.n.e.registry.AbstractInstanceRegistry  : Running the evict task with compensationTime 12ms
2026-03-27T11:09:17.304+05:30  INFO 24220 --- [Eureka-Server] [a-EvictionTimer] c.n.e.registry.AbstractInstanceRegistry  : Running the evict task with compensationTime 7ms
2026-03-27T11:09:18.312+05:30  INFO 24220 --- [Eureka-Server] [a-EvictionTimer] c.n.e.registry.AbstractInstanceRegistry  : Running the evict task with compensationTime 8ms
2026-03-27T11:09:19.321+05:30  INFO 24220 --- [Eureka-Server] [a-EvictionTimer] c.n.e.registry.AbstractInstanceRegistry  : Running the evict task with compensationTime 9ms
2026-03-27T11:09:20.327+05:30  INFO 24220 --- [Eureka-Server] [a-EvictionTimer] c.n.e.registry.AbstractInstanceRegistry  : Running the evict task with compensationTime 6ms
2026-03-27T11:09:21.340+05:30  INFO 24220 --- [Eureka-Server] [a-EvictionTimer] c.n.e.registry.AbstractInstanceRegistry  : Running the evict task with compensationTime 12ms
2026-03-27T11:09:22.349+05:30  INFO 24220 --- [Eureka-Server] [a-EvictionTimer] c.n.e.registry.AbstractInstanceRegistry  : Running the evict task with compensationTime 9ms
2026-03-27T11:09:23.358+05:30  INFO 24220 --- [Eureka-Server] [a-EvictionTimer] c.n.e.registry.AbstractInstanceRegistry  : Running the evict task with compensationTime 8ms
2026-03-27T11:09:24.369+05:30  INFO 24220 --- [Eureka-Server] [a-EvictionTimer] c.n.e.registry.AbstractInstanceRegistry  : Running the evict task with compensationTime 11ms
2026-03-27T11:09:25.382+05:30  INFO 24220 --- [Eureka-Server] [a-EvictionTimer] c.n.e.registry.AbstractInstanceRegistry  : Running the evict task with compensationTime 12ms
2026-03-27T11:09:26.394+05:30  INFO 24220 --- [Eureka-Server] [a-EvictionTimer] c.n.e.registry.AbstractInstanceRegistry  : Running the evict task with compensationTime 12ms
2026-03-27T11:09:27.404+05:30  INFO 24220 --- [Eureka-Server] [a-EvictionTimer] c.n.e.registry.AbstractInstanceRegistry  : Running the evict task with compensationTime 10ms
2026-03-27T11:09:28.411+05:30  INFO 24220 --- [Eureka-Server] [a-EvictionTimer] c.n.e.registry.AbstractInstanceRegistry  : Running the evict task with compensationTime 6ms
2026-03-27T11:09:29.421+05:30  INFO 24220 --- [Eureka-Server] [a-EvictionTimer] c.n.e.registry.AbstractInstanceRegistry  : Running the evict task with compensationTime 9ms
2026-03-27T11:09:30.423+05:30  INFO 24220 --- [Eureka-Server] [a-EvictionTimer] c.n.e.registry.AbstractInstanceRegistry  : Running the evict task with compensationTime 2ms
2026-03-27T11:09:31.425+05:30  INFO 24220 --- [Eureka-Server] [a-EvictionTimer] c.n.e.registry.AbstractInstanceRegistry  : Running the evict task with compensationTime 2ms
2026-03-27T11:09:32.431+05:30  INFO 24220 --- [Eureka-Server] [a-EvictionTimer] c.n.e.registry.AbstractInstanceRegistry  : Running the evict task with compensationTime 5ms
2026-03-27T11:09:33.440+05:30  INFO 24220 --- [Eureka-Server] [a-EvictionTimer] c.n.e.registry.AbstractInstanceRegistry  : Running the evict task with compensationTime 8ms
2026-03-27T11:09:34.447+05:30  INFO 24220 --- [Eureka-Server] [a-EvictionTimer] c.n.e.registry.AbstractInstanceRegistry  : Running the evict task with compensationTime 7ms
2026-03-27T11:09:35.455+05:30  INFO 24220 --- [Eureka-Server] [a-EvictionTimer] c.n.e.registry.AbstractInstanceRegistry  : Running the evict task with compensationTime 7ms
2026-03-27T11:09:36.461+05:30  INFO 24220 --- [Eureka-Server] [a-EvictionTimer] c.n.e.registry.AbstractInstanceRegistry  : Running the evict task with compensationTime 6ms
2026-03-27T11:09:37.470+05:30  INFO 24220 --- [Eureka-Server] [a-EvictionTimer] c.n.e.registry.AbstractInstanceRegistry  : Running the evict task with compensationTime 8ms
2026-03-27T11:09:38.477+05:30  INFO 24220 --- [Eureka-Server] [a-EvictionTimer] c.n.e.registry.AbstractInstanceRegistry  : Running the evict task with compensationTime 6ms
2026-03-27T11:09:39.486+05:30  INFO 24220 --- [Eureka-Server] [a-EvictionTimer] c.n.e.registry.AbstractInstanceRegistry  : Running the evict task with compensationTime 9ms
2026-03-27T11:09:40.496+05:30  INFO 24220 --- [Eureka-Server] [a-EvictionTimer] c.n.e.registry.AbstractInstanceRegistry  : Running the evict task with compensationTime 9ms
2026-03-27T11:09:41.509+05:30  INFO 24220 --- [Eureka-Server] [a-EvictionTimer] c.n.e.registry.AbstractInstanceRegistry  : Running the evict task with compensationTime 13ms
2026-03-27T11:09:42.517+05:30  INFO 24220 --- [Eureka-Server] [a-EvictionTimer] c.n.e.registry.AbstractInstanceRegistry  : Running the evict task with compensationTime 7ms
2026-03-27T11:09:43.528+05:30  INFO 24220 --- [Eureka-Server] [a-EvictionTimer] c.n.e.registry.AbstractInstanceRegistry  : Running the evict task with compensationTime 11ms
2026-03-27T11:09:44.539+05:30  INFO 24220 --- [Eureka-Server] [a-EvictionTimer] c.n.e.registry.AbstractInstanceRegistry  : Running the evict task with compensationTime 9ms
2026-03-27T11:09:45.547+05:30  INFO 24220 --- [Eureka-Server] [a-EvictionTimer] c.n.e.registry.AbstractInstanceRegistry  : Running the evict task with compensationTime 8ms
2026-03-27T11:09:46.555+05:30  INFO 24220 --- [Eureka-Server] [a-EvictionTimer] c.n.e.registry.AbstractInstanceRegistry  : Running the evict task with compensationTime 8ms
2026-03-27T11:09:47.566+05:30  INFO 24220 --- [Eureka-Server] [a-EvictionTimer] c.n.e.registry.AbstractInstanceRegistry  : Running the evict task with compensationTime 10ms
2026-03-27T11:09:48.576+05:30  INFO 24220 --- [Eureka-Server] [a-EvictionTimer] c.n.e.registry.AbstractInstanceRegistry  : Running the evict task with compensationTime 10ms
2026-03-27T11:09:49.583+05:30  INFO 24220 --- [Eureka-Server] [a-EvictionTimer] c.n.e.registry.AbstractInstanceRegistry  : Running the evict task with compensationTime 6ms
2026-03-27T11:09:50.590+05:30  INFO 24220 --- [Eureka-Server] [a-EvictionTimer] c.n.e.registry.AbstractInstanceRegistry  : Running the evict task with compensationTime 7ms
2026-03-27T11:09:51.603+05:30  INFO 24220 --- [Eureka-Server] [a-EvictionTimer] c.n.e.registry.AbstractInstanceRegistry  : Running the evict task with compensationTime 12ms
2026-03-27T11:09:52.613+05:30  INFO 24220 --- [Eureka-Server] [a-EvictionTimer] c.n.e.registry.AbstractInstanceRegistry  : Running the evict task with compensationTime 10ms
2026-03-27T11:09:53.620+05:30  INFO 24220 --- [Eureka-Server] [a-EvictionTimer] c.n.e.registry.AbstractInstanceRegistry  : Running the evict task with compensationTime 7ms
2026-03-27T11:09:54.621+05:30  INFO 24220 --- [Eureka-Server] [a-EvictionTimer] c.n.e.registry.AbstractInstanceRegistry  : Running the evict task with compensationTime 0ms
2026-03-27T11:09:55.621+05:30  INFO 24220 --- [Eureka-Server] [a-EvictionTimer] c.n.e.registry.AbstractInstanceRegistry  : Running the evict task with compensationTime 0ms
2026-03-27T11:09:56.622+05:30  INFO 24220 --- [Eureka-Server] [a-EvictionTimer] c.n.e.registry.AbstractInstanceRegistry  : Running the evict task with compensationTime 1ms
2026-03-27T11:09:57.623+05:30  INFO 24220 --- [Eureka-Server] [a-EvictionTimer] c.n.e.registry.AbstractInstanceRegistry  : Running the evict task with compensationTime 0ms
2026-03-27T11:09:58.624+05:30  INFO 24220 --- [Eureka-Server] [a-EvictionTimer] c.n.e.registry.AbstractInstanceRegistry  : Running the evict task with compensationTime 0ms
2026-03-27T11:09:59.624+05:30  INFO 24220 --- [Eureka-Server] [a-EvictionTimer] c.n.e.registry.AbstractInstanceRegistry  : Running the evict task with compensationTime 0ms
2026-03-27T11:10:00.625+05:30  INFO 24220 --- [Eureka-Server] [a-EvictionTimer] c.n.e.registry.AbstractInstanceRegistry  : Running the evict task with compensationTime 0ms
2026-03-27T11:10:01.626+05:30  INFO 24220 --- [Eureka-Server] [a-EvictionTimer] c.n.e.registry.AbstractInstanceRegistry  : Running the evict task with compensationTime 1ms
2026-03-27T11:10:02.627+05:30  INFO 24220 --- [Eureka-Server] [a-EvictionTimer] c.n.e.registry.AbstractInstanceRegistry  : Running the evict task with compensationTime 1ms
2026-03-27T11:10:03.628+05:30  INFO 24220 --- [Eureka-Server] [a-EvictionTimer] c.n.e.registry.AbstractInstanceRegistry  : Running the evict task with compensationTime 0ms
2026-03-27T11:10:04.630+05:30  INFO 24220 --- [Eureka-Server] [a-EvictionTimer] c.n.e.registry.AbstractInstanceRegistry  : Running the evict task with compensationTime 1ms
2026-03-27T11:10:05.631+05:30  INFO 24220 --- [Eureka-Server] [a-EvictionTimer] c.n.e.registry.AbstractInstanceRegistry  : Running the evict task with compensationTime 1ms
2026-03-27T11:10:06.631+05:30  INFO 24220 --- [Eureka-Server] [a-EvictionTimer] c.n.e.registry.AbstractInstanceRegistry  : Running the evict task with compensationTime 0ms
2026-03-27T11:10:07.632+05:30  INFO 24220 --- [Eureka-Server] [a-EvictionTimer] c.n.e.registry.AbstractInstanceRegistry  : Running the evict task with compensationTime 1ms
2026-03-27T11:10:08.633+05:30  INFO 24220 --- [Eureka-Server] [a-EvictionTimer] c.n.e.registry.AbstractInstanceRegistry  : Running the evict task with compensationTime 0ms
2026-03-27T11:10:09.633+05:30  INFO 24220 --- [Eureka-Server] [a-EvictionTimer] c.n.e.registry.AbstractInstanceRegistry  : Running the evict task with compensationTime 0ms
2026-03-27T11:10:10.634+05:30  INFO 24220 --- [Eureka-Server] [a-EvictionTimer] c.n.e.registry.AbstractInstanceRegistry  : Running the evict task with compensationTime 0ms
2026-03-27T11:10:11.634+05:30  INFO 24220 --- [Eureka-Server] [a-EvictionTimer] c.n.e.registry.AbstractInstanceRegistry  : Running the evict task with compensationTime 0ms
2026-03-27T11:10:12.635+05:30  INFO 24220 --- [Eureka-Server] [a-EvictionTimer] c.n.e.registry.AbstractInstanceRegistry  : Running the evict task with compensationTime 0ms
2026-03-27T11:10:13.635+05:30  INFO 24220 --- [Eureka-Server] [a-EvictionTimer] c.n.e.registry.AbstractInstanceRegistry  : Running the evict task with compensationTime 0ms
2026-03-27T11:10:14.636+05:30  INFO 24220 --- [Eureka-Server] [a-EvictionTimer] c.n.e.registry.AbstractInstanceRegistry  : Running the evict task with compensationTime 1ms
2026-03-27T11:10:15.636+05:30  INFO 24220 --- [Eureka-Server] [a-EvictionTimer] c.n.e.registry.AbstractInstanceRegistry  : Running the evict task with compensationTime 0ms
2026-03-27T11:10:16.636+05:30  INFO 24220 --- [Eureka-Server] [a-EvictionTimer] c.n.e.registry.AbstractInstanceRegistry  : Running the evict task with compensationTime 0ms
2026-03-27T11:10:17.636+05:30  INFO 24220 --- [Eureka-Server] [a-EvictionTimer] c.n.e.registry.AbstractInstanceRegistry  : Running the evict task with compensationTime 0ms
2026-03-27T11:10:18.637+05:30  INFO 24220 --- [Eureka-Server] [a-EvictionTimer] c.n.e.registry.AbstractInstanceRegistry  : Running the evict task with compensationTime 1ms
2026-03-27T11:10:19.637+05:30  INFO 24220 --- [Eureka-Server] [a-EvictionTimer] c.n.e.registry.AbstractInstanceRegistry  : Running the evict task with compensationTime 0ms
2026-03-27T11:10:20.640+05:30  INFO 24220 --- [Eureka-Server] [a-EvictionTimer] c.n.e.registry.AbstractInstanceRegistry  : Running the evict task with compensationTime 1ms
2026-03-27T11:10:21.640+05:30  INFO 24220 --- [Eureka-Server] [a-EvictionTimer] c.n.e.registry.AbstractInstanceRegistry  : Running the evict task with compensationTime 1ms
2026-03-27T11:10:22.640+05:30  INFO 24220 --- [Eureka-Server] [a-EvictionTimer] c.n.e.registry.AbstractInstanceRegistry  : Running the evict task with compensationTime 0ms
2026-03-27T11:10:23.640+05:30  INFO 24220 --- [Eureka-Server] [a-EvictionTimer] c.n.e.registry.AbstractInstanceRegistry  : Running the evict task with compensationTime 0ms
2026-03-27T11:10:24.640+05:30  INFO 24220 --- [Eureka-Server] [a-EvictionTimer] c.n.e.registry.AbstractInstanceRegistry  : Running the evict task with compensationTime 0ms
2026-03-27T11:10:25.640+05:30  INFO 24220 --- [Eureka-Server] [a-EvictionTimer] c.n.e.registry.AbstractInstanceRegistry  : Running the evict task with compensationTime 0ms
2026-03-27T11:10:26.641+05:30  INFO 24220 --- [Eureka-Server] [a-EvictionTimer] c.n.e.registry.AbstractInstanceRegistry  : Running the evict task with compensationTime 0ms
2026-03-27T11:10:27.642+05:30  INFO 24220 --- [Eureka-Server] [a-EvictionTimer] c.n.e.registry.AbstractInstanceRegistry  : Running the evict task with compensationTime 1ms
2026-03-27T11:10:28.643+05:30  INFO 24220 --- [Eureka-Server] [a-EvictionTimer] c.n.e.registry.AbstractInstanceRegistry  : Running the evict task with compensationTime 0ms
2026-03-27T11:10:29.643+05:30  INFO 24220 --- [Eureka-Server] [a-EvictionTimer] c.n.e.registry.AbstractInstanceRegistry  : Running the evict task with compensationTime 0ms
2026-03-27T11:10:30.643+05:30  INFO 24220 --- [Eureka-Server] [a-EvictionTimer] c.n.e.registry.AbstractInstanceRegistry  : Running the evict task with compensationTime 0ms
2026-03-27T11:10:31.644+05:30  INFO 24220 --- [Eureka-Server] [a-EvictionTimer] c.n.e.registry.AbstractInstanceRegistry  : Running the evict task with compensationTime 0ms
2026-03-27T11:10:32.645+05:30  INFO 24220 --- [Eureka-Server] [a-EvictionTimer] c.n.e.registry.AbstractInstanceRegistry  : Running the evict task with compensationTime 1ms
2026-03-27T11:10:33.646+05:30  INFO 24220 --- [Eureka-Server] [a-EvictionTimer] c.n.e.registry.AbstractInstanceRegistry  : Running the evict task with compensationTime 1ms
2026-03-27T11:10:34.646+05:30  INFO 24220 --- [Eureka-Server] [a-EvictionTimer] c.n.e.registry.AbstractInstanceRegistry  : Running the evict task with compensationTime 0ms
2026-03-27T11:10:35.647+05:30  INFO 24220 --- [Eureka-Server] [a-EvictionTimer] c.n.e.registry.AbstractInstanceRegistry  : Running the evict task with compensationTime 0ms
2026-03-27T11:10:36.647+05:30  INFO 24220 --- [Eureka-Server] [a-EvictionTimer] c.n.e.registry.AbstractInstanceRegistry  : Running the evict task with compensationTime 0ms
2026-03-27T11:10:37.648+05:30  INFO 24220 --- [Eureka-Server] [a-EvictionTimer] c.n.e.registry.AbstractInstanceRegistry  : Running the evict task with compensationTime 0ms
2026-03-27T11:10:38.648+05:30  INFO 24220 --- [Eureka-Server] [a-EvictionTimer] c.n.e.registry.AbstractInstanceRegistry  : Running the evict task with compensationTime 0ms
2026-03-27T11:10:39.649+05:30  INFO 24220 --- [Eureka-Server] [a-EvictionTimer] c.n.e.registry.AbstractInstanceRegistry  : Running the evict task with compensationTime 0ms
2026-03-27T11:10:40.649+05:30  INFO 24220 --- [Eureka-Server] [a-EvictionTimer] c.n.e.registry.AbstractInstanceRegistry  : Running the evict task with compensationTime 0ms
2026-03-27T11:10:41.650+05:30  INFO 24220 --- [Eureka-Server] [a-EvictionTimer] c.n.e.registry.AbstractInstanceRegistry  : Running the evict task with compensationTime 0ms
2026-03-27T11:10:42.651+05:30  INFO 24220 --- [Eureka-Server] [a-EvictionTimer] c.n.e.registry.AbstractInstanceRegistry  : Running the evict task with compensationTime 0ms
2026-03-27T11:10:43.652+05:30  INFO 24220 --- [Eureka-Server] [a-EvictionTimer] c.n.e.registry.AbstractInstanceRegistry  : Running the evict task with compensationTime 0ms
2026-03-27T11:10:44.652+05:30  INFO 24220 --- [Eureka-Server] [a-EvictionTimer] c.n.e.registry.AbstractInstanceRegistry  : Running the evict task with compensationTime 0ms
2026-03-27T11:10:45.652+05:30  INFO 24220 --- [Eureka-Server] [a-EvictionTimer] c.n.e.registry.AbstractInstanceRegistry  : Running the evict task with compensationTime 0ms
2026-03-27T11:10:46.653+05:30  INFO 24220 --- [Eureka-Server] [a-EvictionTimer] c.n.e.registry.AbstractInstanceRegistry  : Running the evict task with compensationTime 0ms
2026-03-27T11:10:47.654+05:30  INFO 24220 --- [Eureka-Server] [a-EvictionTimer] c.n.e.registry.AbstractInstanceRegistry  : Running the evict task with compensationTime 1ms
2026-03-27T11:10:48.654+05:30  INFO 24220 --- [Eureka-Server] [a-EvictionTimer] c.n.e.registry.AbstractInstanceRegistry  : Running the evict task with compensationTime 0ms
2026-03-27T11:10:49.655+05:30  INFO 24220 --- [Eureka-Server] [a-EvictionTimer] c.n.e.registry.AbstractInstanceRegistry  : Running the evict task with compensationTime 1ms
2026-03-27T11:10:50.655+05:30  INFO 24220 --- [Eureka-Server] [a-EvictionTimer] c.n.e.registry.AbstractInstanceRegistry  : Running the evict task with compensationTime 0ms
2026-03-27T11:10:51.655+05:30  INFO 24220 --- [Eureka-Server] [a-EvictionTimer] c.n.e.registry.AbstractInstanceRegistry  : Running the evict task with compensationTime 0ms
2026-03-27T11:10:52.656+05:30  INFO 24220 --- [Eureka-Server] [a-EvictionTimer] c.n.e.registry.AbstractInstanceRegistry  : Running the evict task with compensationTime 0ms
2026-03-27T11:10:53.656+05:30  INFO 24220 --- [Eureka-Server] [a-EvictionTimer] c.n.e.registry.AbstractInstanceRegistry  : Running the evict task with compensationTime 0ms
2026-03-27T11:10:54.656+05:30  INFO 24220 --- [Eureka-Server] [a-EvictionTimer] c.n.e.registry.AbstractInstanceRegistry  : Running the evict task with compensationTime 0ms
2026-03-27T11:10:55.657+05:30  INFO 24220 --- [Eureka-Server] [a-EvictionTimer] c.n.e.registry.AbstractInstanceRegistry  : Running the evict task with compensationTime 0ms
2026-03-27T11:10:56.657+05:30  INFO 24220 --- [Eureka-Server] [a-EvictionTimer] c.n.e.registry.AbstractInstanceRegistry  : Running the evict task with compensationTime 0ms
2026-03-27T11:10:57.659+05:30  INFO 24220 --- [Eureka-Server] [a-EvictionTimer] c.n.e.registry.AbstractInstanceRegistry  : Running the evict task with compensationTime 1ms
2026-03-27T11:10:58.659+05:30  INFO 24220 --- [Eureka-Server] [a-EvictionTimer] c.n.e.registry.AbstractInstanceRegistry  : Running the evict task with compensationTime 0ms
2026-03-27T11:10:59.660+05:30  INFO 24220 --- [Eureka-Server] [a-EvictionTimer] c.n.e.registry.AbstractInstanceRegistry  : Running the evict task with compensationTime 0ms
2026-03-27T11:11:00.660+05:30  INFO 24220 --- [Eureka-Server] [a-EvictionTimer] c.n.e.registry.AbstractInstanceRegistry  : Running the evict task with compensationTime 0ms
2026-03-27T11:11:01.660+05:30  INFO 24220 --- [Eureka-Server] [a-EvictionTimer] c.n.e.registry.AbstractInstanceRegistry  : Running the evict task with compensationTime 0ms
2026-03-27T11:11:02.660+05:30  INFO 24220 --- [Eureka-Server] [a-EvictionTimer] c.n.e.registry.AbstractInstanceRegistry  : Running the evict task with compensationTime 0ms
2026-03-27T11:11:03.661+05:30  INFO 24220 --- [Eureka-Server] [a-EvictionTimer] c.n.e.registry.AbstractInstanceRegistry  : Running the evict task with compensationTime 0ms
2026-03-27T11:11:04.661+05:30  INFO 24220 --- [Eureka-Server] [a-EvictionTimer] c.n.e.registry.AbstractInstanceRegistry  : Running the evict task with compensationTime 0ms
2026-03-27T11:11:05.661+05:30  INFO 24220 --- [Eureka-Server] [a-EvictionTimer] c.n.e.registry.AbstractInstanceRegistry  : Running the evict task with compensationTime 0ms
2026-03-27T11:11:06.662+05:30  INFO 24220 --- [Eureka-Server] [a-EvictionTimer] c.n.e.registry.AbstractInstanceRegistry  : Running the evict task with compensationTime 0ms
2026-03-27T11:11:07.662+05:30  INFO 24220 --- [Eureka-Server] [a-EvictionTimer] c.n.e.registry.AbstractInstanceRegistry  : Running the evict task with compensationTime 0ms
2026-03-27T11:11:08.663+05:30  INFO 24220 --- [Eureka-Server] [a-EvictionTimer] c.n.e.registry.AbstractInstanceRegistry  : Running the evict task with compensationTime 1ms
2026-03-27T11:11:09.664+05:30  INFO 24220 --- [Eureka-Server] [a-EvictionTimer] c.n.e.registry.AbstractInstanceRegistry  : Running the evict task with compensationTime 0ms
2026-03-27T11:11:10.664+05:30  INFO 24220 --- [Eureka-Server] [a-EvictionTimer] c.n.e.registry.AbstractInstanceRegistry  : Running the evict task with compensationTime 0ms
2026-03-27T11:11:11.664+05:30  INFO 24220 --- [Eureka-Server] [a-EvictionTimer] c.n.e.registry.AbstractInstanceRegistry  : Running the evict task with compensationTime 0ms
2026-03-27T11:11:12.665+05:30  INFO 24220 --- [Eureka-Server] [a-EvictionTimer] c.n.e.registry.AbstractInstanceRegistry  : Running the evict task with compensationTime 0ms
2026-03-27T11:11:13.666+05:30  INFO 24220 --- [Eureka-Server] [a-EvictionTimer] c.n.e.registry.AbstractInstanceRegistry  : Running the evict task with compensationTime 1ms
2026-03-27T11:11:14.667+05:30  INFO 24220 --- [Eureka-Server] [a-EvictionTimer] c.n.e.registry.AbstractInstanceRegistry  : Running the evict task with compensationTime 1ms
2026-03-27T11:11:15.667+05:30  INFO 24220 --- [Eureka-Server] [a-EvictionTimer] c.n.e.registry.AbstractInstanceRegistry  : Running the evict task with compensationTime 0ms
2026-03-27T11:11:16.667+05:30  INFO 24220 --- [Eureka-Server] [a-EvictionTimer] c.n.e.registry.AbstractInstanceRegistry  : Running the evict task with compensationTime 0ms
2026-03-27T11:11:17.668+05:30  INFO 24220 --- [Eureka-Server] [a-EvictionTimer] c.n.e.registry.AbstractInstanceRegistry  : Running the evict task with compensationTime 0ms
2026-03-27T11:11:18.669+05:30  INFO 24220 --- [Eureka-Server] [a-EvictionTimer] c.n.e.registry.AbstractInstanceRegistry  : Running the evict task with compensationTime 0ms
2026-03-27T11:11:19.669+05:30  INFO 24220 --- [Eureka-Server] [a-EvictionTimer] c.n.e.registry.AbstractInstanceRegistry  : Running the evict task with compensationTime 0ms
2026-03-27T11:11:20.669+05:30  INFO 24220 --- [Eureka-Server] [a-EvictionTimer] c.n.e.registry.AbstractInstanceRegistry  : Running the evict task with compensationTime 0ms
2026-03-27T11:11:21.669+05:30  INFO 24220 --- [Eureka-Server] [a-EvictionTimer] c.n.e.registry.AbstractInstanceRegistry  : Running the evict task with compensationTime 0ms
2026-03-27T11:11:22.669+05:30  INFO 24220 --- [Eureka-Server] [a-EvictionTimer] c.n.e.registry.AbstractInstanceRegistry  : Running the evict task with compensationTime 0ms
2026-03-27T11:11:23.670+05:30  INFO 24220 --- [Eureka-Server] [a-EvictionTimer] c.n.e.registry.AbstractInstanceRegistry  : Running the evict task with compensationTime 0ms
2026-03-27T11:11:24.670+05:30  INFO 24220 --- [Eureka-Server] [a-EvictionTimer] c.n.e.registry.AbstractInstanceRegistry  : Running the evict task with compensationTime 0ms
2026-03-27T11:11:25.670+05:30  INFO 24220 --- [Eureka-Server] [a-EvictionTimer] c.n.e.registry.AbstractInstanceRegistry  : Running the evict task with compensationTime 0ms
2026-03-27T11:11:26.670+05:30  INFO 24220 --- [Eureka-Server] [a-EvictionTimer] c.n.e.registry.AbstractInstanceRegistry  : Running the evict task with compensationTime 0ms
2026-03-27T11:11:27.670+05:30  INFO 24220 --- [Eureka-Server] [a-EvictionTimer] c.n.e.registry.AbstractInstanceRegistry  : Running the evict task with compensationTime 0ms
2026-03-27T11:11:28.670+05:30  INFO 24220 --- [Eureka-Server] [a-EvictionTimer] c.n.e.registry.AbstractInstanceRegistry  : Running the evict task with compensationTime 0ms
2026-03-27T11:11:29.672+05:30  INFO 24220 --- [Eureka-Server] [a-EvictionTimer] c.n.e.registry.AbstractInstanceRegistry  : Running the evict task with compensationTime 1ms
2026-03-27T11:11:30.674+05:30  INFO 24220 --- [Eureka-Server] [a-EvictionTimer] c.n.e.registry.AbstractInstanceRegistry  : Running the evict task with compensationTime 2ms
2026-03-27T11:11:31.674+05:30  INFO 24220 --- [Eureka-Server] [a-EvictionTimer] c.n.e.registry.AbstractInstanceRegistry  : Running the evict task with compensationTime 0ms
2026-03-27T11:11:32.674+05:30  INFO 24220 --- [Eureka-Server] [a-EvictionTimer] c.n.e.registry.AbstractInstanceRegistry  : Running the evict task with compensationTime 0ms
2026-03-27T11:11:33.675+05:30  INFO 24220 --- [Eureka-Server] [a-EvictionTimer] c.n.e.registry.AbstractInstanceRegistry  : Running the evict task with compensationTime 1ms
2026-03-27T11:11:34.675+05:30  INFO 24220 --- [Eureka-Server] [a-EvictionTimer] c.n.e.registry.AbstractInstanceRegistry  : Running the evict task with compensationTime 0ms
2026-03-27T11:11:35.675+05:30  INFO 24220 --- [Eureka-Server] [a-EvictionTimer] c.n.e.registry.AbstractInstanceRegistry  : Running the evict task with compensationTime 0ms
2026-03-27T11:11:36.675+05:30  INFO 24220 --- [Eureka-Server] [a-EvictionTimer] c.n.e.registry.AbstractInstanceRegistry  : Running the evict task with compensationTime 0ms
2026-03-27T11:11:37.675+05:30  INFO 24220 --- [Eureka-Server] [a-EvictionTimer] c.n.e.registry.AbstractInstanceRegistry  : Running the evict task with compensationTime 0ms
2026-03-27T11:11:38.676+05:30  INFO 24220 --- [Eureka-Server] [a-EvictionTimer] c.n.e.registry.AbstractInstanceRegistry  : Running the evict task with compensationTime 0ms
2026-03-27T11:11:39.677+05:30  INFO 24220 --- [Eureka-Server] [a-EvictionTimer] c.n.e.registry.AbstractInstanceRegistry  : Running the evict task with compensationTime 0ms
2026-03-27T11:11:40.677+05:30  INFO 24220 --- [Eureka-Server] [a-EvictionTimer] c.n.e.registry.AbstractInstanceRegistry  : Running the evict task with compensationTime 0ms
2026-03-27T11:11:41.677+05:30  INFO 24220 --- [Eureka-Server] [a-EvictionTimer] c.n.e.registry.AbstractInstanceRegistry  : Running the evict task with compensationTime 0ms
2026-03-27T11:11:42.677+05:30  INFO 24220 --- [Eureka-Server] [a-EvictionTimer] c.n.e.registry.AbstractInstanceRegistry  : Running the evict task with compensationTime 0ms
2026-03-27T11:11:43.678+05:30  INFO 24220 --- [Eureka-Server] [a-EvictionTimer] c.n.e.registry.AbstractInstanceRegistry  : Running the evict task with compensationTime 0ms
2026-03-27T11:11:44.678+05:30  INFO 24220 --- [Eureka-Server] [a-EvictionTimer] c.n.e.registry.AbstractInstanceRegistry  : Running the evict task with compensationTime 0ms
2026-03-27T11:11:45.678+05:30  INFO 24220 --- [Eureka-Server] [a-EvictionTimer] c.n.e.registry.AbstractInstanceRegistry  : Running the evict task with compensationTime 0ms
2026-03-27T11:11:46.678+05:30  INFO 24220 --- [Eureka-Server] [a-EvictionTimer] c.n.e.registry.AbstractInstanceRegistry  : Running the evict task with compensationTime 0ms
2026-03-27T11:11:47.679+05:30  INFO 24220 --- [Eureka-Server] [a-EvictionTimer] c.n.e.registry.AbstractInstanceRegistry  : Running the evict task with compensationTime 0ms
2026-03-27T11:11:48.681+05:30  INFO 24220 --- [Eureka-Server] [a-EvictionTimer] c.n.e.registry.AbstractInstanceRegistry  : Running the evict task with compensationTime 1ms
2026-03-27T11:11:49.681+05:30  INFO 24220 --- [Eureka-Server] [a-EvictionTimer] c.n.e.registry.AbstractInstanceRegistry  : Running the evict task with compensationTime 0ms
2026-03-27T11:11:50.682+05:30  INFO 24220 --- [Eureka-Server] [a-EvictionTimer] c.n.e.registry.AbstractInstanceRegistry  : Running the evict task with compensationTime 0ms
2026-03-27T11:11:51.683+05:30  INFO 24220 --- [Eureka-Server] [a-EvictionTimer] c.n.e.registry.AbstractInstanceRegistry  : Running the evict task with compensationTime 0ms
2026-03-27T11:11:52.683+05:30  INFO 24220 --- [Eureka-Server] [a-EvictionTimer] c.n.e.registry.AbstractInstanceRegistry  : Running the evict task with compensationTime 0ms
2026-03-27T11:11:53.683+05:30  INFO 24220 --- [Eureka-Server] [a-EvictionTimer] c.n.e.registry.AbstractInstanceRegistry  : Running the evict task with compensationTime 0ms
2026-03-27T11:11:54.684+05:30  INFO 24220 --- [Eureka-Server] [a-EvictionTimer] c.n.e.registry.AbstractInstanceRegistry  : Running the evict task with compensationTime 0ms
2026-03-27T11:11:54.755+05:30  WARN 24220 --- [Eureka-Server] [eerNodesUpdater] c.n.eureka.cluster.PeerEurekaNodes       : The replica size seems to be empty. Check the route 53 DNS Registry
2026-03-27T11:11:55.684+05:30  INFO 24220 --- [Eureka-Server] [a-EvictionTimer] c.n.e.registry.AbstractInstanceRegistry  : Running the evict task with compensationTime 0ms
2026-03-27T11:11:56.684+05:30  INFO 24220 --- [Eureka-Server] [a-EvictionTimer] c.n.e.registry.AbstractInstanceRegistry  : Running the evict task with compensationTime 0ms
2026-03-27T11:11:57.685+05:30  INFO 24220 --- [Eureka-Server] [a-EvictionTimer] c.n.e.registry.AbstractInstanceRegistry  : Running the evict task with compensationTime 0ms
2026-03-27T11:11:58.686+05:30  INFO 24220 --- [Eureka-Server] [a-EvictionTimer] c.n.e.registry.AbstractInstanceRegistry  : Running the evict task with compensationTime 1ms
2026-03-27T11:11:59.686+05:30  INFO 24220 --- [Eureka-Server] [a-EvictionTimer] c.n.e.registry.AbstractInstanceRegistry  : Running the evict task with compensationTime 0ms
2026-03-27T11:12:00.686+05:30  INFO 24220 --- [Eureka-Server] [a-EvictionTimer] c.n.e.registry.AbstractInstanceRegistry  : Running the evict task with compensationTime 0ms
2026-03-27T11:12:01.687+05:30  INFO 24220 --- [Eureka-Server] [a-EvictionTimer] c.n.e.registry.AbstractInstanceRegistry  : Running the evict task with compensationTime 0ms
2026-03-27T11:12:02.688+05:30  INFO 24220 --- [Eureka-Server] [a-EvictionTimer] c.n.e.registry.AbstractInstanceRegistry  : Running the evict task with compensationTime 0ms
2026-03-27T11:12:03.688+05:30  INFO 24220 --- [Eureka-Server] [a-EvictionTimer] c.n.e.registry.AbstractInstanceRegistry  : Running the evict task with compensationTime 0ms
2026-03-27T11:12:04.690+05:30  INFO 24220 --- [Eureka-Server] [a-EvictionTimer] c.n.e.registry.AbstractInstanceRegistry  : Running the evict task with compensationTime 1ms
2026-03-27T11:12:05.690+05:30  INFO 24220 --- [Eureka-Server] [a-EvictionTimer] c.n.e.registry.AbstractInstanceRegistry  : Running the evict task with compensationTime 0ms
2026-03-27T11:12:06.690+05:30  INFO 24220 --- [Eureka-Server] [a-EvictionTimer] c.n.e.registry.AbstractInstanceRegistry  : Running the evict task with compensationTime 0ms
2026-03-27T11:12:07.691+05:30  INFO 24220 --- [Eureka-Server] [a-EvictionTimer] c.n.e.registry.AbstractInstanceRegistry  : Running the evict task with compensationTime 0ms
2026-03-27T11:12:08.692+05:30  INFO 24220 --- [Eureka-Server] [a-EvictionTimer] c.n.e.registry.AbstractInstanceRegistry  : Running the evict task with compensationTime 0ms
2026-03-27T11:12:09.693+05:30  INFO 24220 --- [Eureka-Server] [a-EvictionTimer] c.n.e.registry.AbstractInstanceRegistry  : Running the evict task with compensationTime 1ms
2026-03-27T11:12:10.694+05:30  INFO 24220 --- [Eureka-Server] [a-EvictionTimer] c.n.e.registry.AbstractInstanceRegistry  : Running the evict task with compensationTime 0ms
2026-03-27T11:12:11.695+05:30  INFO 24220 --- [Eureka-Server] [a-EvictionTimer] c.n.e.registry.AbstractInstanceRegistry  : Running the evict task with compensationTime 0ms
2026-03-27T11:12:12.696+05:30  INFO 24220 --- [Eureka-Server] [a-EvictionTimer] c.n.e.registry.AbstractInstanceRegistry  : Running the evict task with compensationTime 0ms
2026-03-27T11:12:13.696+05:30  INFO 24220 --- [Eureka-Server] [a-EvictionTimer] c.n.e.registry.AbstractInstanceRegistry  : Running the evict task with compensationTime 0ms
2026-03-27T11:12:14.697+05:30  INFO 24220 --- [Eureka-Server] [a-EvictionTimer] c.n.e.registry.AbstractInstanceRegistry  : Running the evict task with compensationTime 0ms
2026-03-27T11:12:15.697+05:30  INFO 24220 --- [Eureka-Server] [a-EvictionTimer] c.n.e.registry.AbstractInstanceRegistry  : Running the evict task with compensationTime 0ms
2026-03-27T11:12:16.074+05:30  INFO 24220 --- [Eureka-Server] [nio-8761-exec-9] c.n.e.registry.AbstractInstanceRegistry  : Registered instance KYC-SERVICE/localhost:KYC-SERVICE:7502 with status DOWN (replication=false)
2026-03-27T11:12:16.078+05:30  INFO 24220 --- [Eureka-Server] [nio-8761-exec-7] c.n.e.registry.AbstractInstanceRegistry  : Registered instance KYC-SERVICE/localhost:KYC-SERVICE:7502 with status DOWN (replication=false)
2026-03-27T11:12:16.083+05:30  INFO 24220 --- [Eureka-Server] [nio-8761-exec-1] c.n.e.registry.AbstractInstanceRegistry  : Cancelled instance KYC-SERVICE/localhost:KYC-SERVICE:7502 (replication=false)
2026-03-27T11:12:16.515+05:30  INFO 24220 --- [Eureka-Server] [nio-8761-exec-4] c.n.e.registry.AbstractInstanceRegistry  : Registered instance USER-SERVICE/localhost:user-service:7500 with status UP (replication=false)
2026-03-27T11:12:16.518+05:30  INFO 24220 --- [Eureka-Server] [nio-8761-exec-2] c.n.e.registry.AbstractInstanceRegistry  : Registered instance ADMIN-SERVICE/localhost:Admin-Service:7501 with status UP (replication=false)
2026-03-27T11:12:16.697+05:30  INFO 24220 --- [Eureka-Server] [a-EvictionTimer] c.n.e.registry.AbstractInstanceRegistry  : Running the evict task with compensationTime 0ms
2026-03-27T11:12:17.698+05:30  INFO 24220 --- [Eureka-Server] [a-EvictionTimer] c.n.e.registry.AbstractInstanceRegistry  : Running the evict task with compensationTime 0ms
2026-03-27T11:12:18.699+05:30  INFO 24220 --- [Eureka-Server] [a-EvictionTimer] c.n.e.registry.AbstractInstanceRegistry  : Running the evict task with compensationTime 1ms
2026-03-27T11:12:19.699+05:30  INFO 24220 --- [Eureka-Server] [a-EvictionTimer] c.n.e.registry.AbstractInstanceRegistry  : Running the evict task with compensationTime 0ms
2026-03-27T11:12:20.700+05:30  INFO 24220 --- [Eureka-Server] [a-EvictionTimer] c.n.e.registry.AbstractInstanceRegistry  : Running the evict task with compensationTime 0ms
2026-03-27T11:12:21.701+05:30  INFO 24220 --- [Eureka-Server] [a-EvictionTimer] c.n.e.registry.AbstractInstanceRegistry  : Running the evict task with compensationTime 1ms
2026-03-27T11:12:22.701+05:30  INFO 24220 --- [Eureka-Server] [a-EvictionTimer] c.n.e.registry.AbstractInstanceRegistry  : Running the evict task with compensationTime 0ms
2026-03-27T11:12:23.702+05:30  INFO 24220 --- [Eureka-Server] [a-EvictionTimer] c.n.e.registry.AbstractInstanceRegistry  : Running the evict task with compensationTime 0ms
2026-03-27T11:12:24.703+05:30  INFO 24220 --- [Eureka-Server] [a-EvictionTimer] c.n.e.registry.AbstractInstanceRegistry  : Running the evict task with compensationTime 0ms
2026-03-27T11:12:25.703+05:30  INFO 24220 --- [Eureka-Server] [a-EvictionTimer] c.n.e.registry.AbstractInstanceRegistry  : Running the evict task with compensationTime 0ms
2026-03-27T11:12:26.704+05:30  INFO 24220 --- [Eureka-Server] [a-EvictionTimer] c.n.e.registry.AbstractInstanceRegistry  : Running the evict task with compensationTime 0ms
2026-03-27T11:12:27.704+05:30  INFO 24220 --- [Eureka-Server] [a-EvictionTimer] c.n.e.registry.AbstractInstanceRegistry  : Running the evict task with compensationTime 0ms
2026-03-27T11:12:28.704+05:30  INFO 24220 --- [Eureka-Server] [a-EvictionTimer] c.n.e.registry.AbstractInstanceRegistry  : Running the evict task with compensationTime 0ms
2026-03-27T11:12:29.705+05:30  INFO 24220 --- [Eureka-Server] [a-EvictionTimer] c.n.e.registry.AbstractInstanceRegistry  : Running the evict task with compensationTime 0ms
2026-03-27T11:12:30.705+05:30  INFO 24220 --- [Eureka-Server] [a-EvictionTimer] c.n.e.registry.AbstractInstanceRegistry  : Running the evict task with compensationTime 0ms
2026-03-27T11:12:31.705+05:30  INFO 24220 --- [Eureka-Server] [a-EvictionTimer] c.n.e.registry.AbstractInstanceRegistry  : Running the evict task with compensationTime 0ms
2026-03-27T11:12:32.705+05:30  INFO 24220 --- [Eureka-Server] [a-EvictionTimer] c.n.e.registry.AbstractInstanceRegistry  : Running the evict task with compensationTime 0ms
2026-03-27T11:12:33.706+05:30  INFO 24220 --- [Eureka-Server] [a-EvictionTimer] c.n.e.registry.AbstractInstanceRegistry  : Running the evict task with compensationTime 0ms
2026-03-27T11:12:34.707+05:30  INFO 24220 --- [Eureka-Server] [a-EvictionTimer] c.n.e.registry.AbstractInstanceRegistry  : Running the evict task with compensationTime 0ms
2026-03-27T11:12:35.707+05:30  INFO 24220 --- [Eureka-Server] [a-EvictionTimer] c.n.e.registry.AbstractInstanceRegistry  : Running the evict task with compensationTime 0ms
2026-03-27T11:12:36.707+05:30  INFO 24220 --- [Eureka-Server] [a-EvictionTimer] c.n.e.registry.AbstractInstanceRegistry  : Running the evict task with compensationTime 0ms
2026-03-27T11:12:37.708+05:30  INFO 24220 --- [Eureka-Server] [a-EvictionTimer] c.n.e.registry.AbstractInstanceRegistry  : Running the evict task with compensationTime 0ms
2026-03-27T11:12:38.709+05:30  INFO 24220 --- [Eureka-Server] [a-EvictionTimer] c.n.e.registry.AbstractInstanceRegistry  : Running the evict task with compensationTime 0ms
2026-03-27T11:12:39.709+05:30  INFO 24220 --- [Eureka-Server] [a-EvictionTimer] c.n.e.registry.AbstractInstanceRegistry  : Running the evict task with compensationTime 0ms
2026-03-27T11:12:40.710+05:30  INFO 24220 --- [Eureka-Server] [a-EvictionTimer] c.n.e.registry.AbstractInstanceRegistry  : Running the evict task with compensationTime 0ms
2026-03-27T11:12:41.711+05:30  INFO 24220 --- [Eureka-Server] [a-EvictionTimer] c.n.e.registry.AbstractInstanceRegistry  : Running the evict task with compensationTime 0ms
2026-03-27T11:12:42.711+05:30  INFO 24220 --- [Eureka-Server] [a-EvictionTimer] c.n.e.registry.AbstractInstanceRegistry  : Running the evict task with compensationTime 0ms
2026-03-27T11:12:42.983+05:30  WARN 24220 --- [Eureka-Server] [nio-8761-exec-8] c.n.e.registry.AbstractInstanceRegistry  : DS: Registry: lease doesn't exist, registering resource: KYC-SERVICE - localhost:KYC-SERVICE:7502
2026-03-27T11:12:42.987+05:30  WARN 24220 --- [Eureka-Server] [nio-8761-exec-8] c.n.eureka.resources.InstanceResource    : Not Found (Renew): KYC-SERVICE - localhost:KYC-SERVICE:7502
2026-03-27T11:12:42.999+05:30  INFO 24220 --- [Eureka-Server] [nio-8761-exec-7] c.n.e.registry.AbstractInstanceRegistry  : Registered instance KYC-SERVICE/localhost:KYC-SERVICE:7502 with status UP (replication=false)
2026-03-27T11:12:43.712+05:30  INFO 24220 --- [Eureka-Server] [a-EvictionTimer] c.n.e.registry.AbstractInstanceRegistry  : Running the evict task with compensationTime 0ms
2026-03-27T11:12:44.712+05:30  INFO 24220 --- [Eureka-Server] [a-EvictionTimer] c.n.e.registry.AbstractInstanceRegistry  : Running the evict task with compensationTime 0ms
2026-03-27T11:12:45.712+05:30  INFO 24220 --- [Eureka-Server] [a-EvictionTimer] c.n.e.registry.AbstractInstanceRegistry  : Running the evict task with compensationTime 0ms
2026-03-27T11:12:46.713+05:30  INFO 24220 --- [Eureka-Server] [a-EvictionTimer] c.n.e.registry.AbstractInstanceRegistry  : Running the evict task with compensationTime 0ms
2026-03-27T11:12:47.713+05:30  INFO 24220 --- [Eureka-Server] [a-EvictionTimer] c.n.e.registry.AbstractInstanceRegistry  : Running the evict task with compensationTime 0ms
2026-03-27T11:12:48.713+05:30  INFO 24220 --- [Eureka-Server] [a-EvictionTimer] c.n.e.registry.AbstractInstanceRegistry  : Running the evict task with compensationTime 0ms
2026-03-27T11:12:49.713+05:30  INFO 24220 --- [Eureka-Server] [a-EvictionTimer] c.n.e.registry.AbstractInstanceRegistry  : Running the evict task with compensationTime 0ms
2026-03-27T11:12:50.714+05:30  INFO 24220 --- [Eureka-Server] [a-EvictionTimer] c.n.e.registry.AbstractInstanceRegistry  : Running the evict task with compensationTime 0ms
2026-03-27T11:12:51.715+05:30  INFO 24220 --- [Eureka-Server] [a-EvictionTimer] c.n.e.registry.AbstractInstanceRegistry  : Running the evict task with compensationTime 0ms
2026-03-27T11:12:52.715+05:30  INFO 24220 --- [Eureka-Server] [a-EvictionTimer] c.n.e.registry.AbstractInstanceRegistry  : Running the evict task with compensationTime 0ms
2026-03-27T11:12:53.716+05:30  INFO 24220 --- [Eureka-Server] [a-EvictionTimer] c.n.e.registry.AbstractInstanceRegistry  : Running the evict task with compensationTime 0ms
2026-03-27T11:12:54.716+05:30  INFO 24220 --- [Eureka-Server] [a-EvictionTimer] c.n.e.registry.AbstractInstanceRegistry  : Running the evict task with compensationTime 0ms
2026-03-27T11:12:55.716+05:30  INFO 24220 --- [Eureka-Server] [a-EvictionTimer] c.n.e.registry.AbstractInstanceRegistry  : Running the evict task with compensationTime 0ms
2026-03-27T11:12:56.716+05:30  INFO 24220 --- [Eureka-Server] [a-EvictionTimer] c.n.e.registry.AbstractInstanceRegistry  : Running the evict task with compensationTime 0ms
2026-03-27T11:12:57.716+05:30  INFO 24220 --- [Eureka-Server] [a-EvictionTimer] c.n.e.registry.AbstractInstanceRegistry  : Running the evict task with compensationTime 0ms
2026-03-27T11:12:58.716+05:30  INFO 24220 --- [Eureka-Server] [a-EvictionTimer] c.n.e.registry.AbstractInstanceRegistry  : Running the evict task with compensationTime 0ms
2026-03-27T11:12:59.717+05:30  INFO 24220 --- [Eureka-Server] [a-EvictionTimer] c.n.e.registry.AbstractInstanceRegistry  : Running the evict task with compensationTime 0ms
2026-03-27T11:13:00.717+05:30  INFO 24220 --- [Eureka-Server] [a-EvictionTimer] c.n.e.registry.AbstractInstanceRegistry  : Running the evict task with compensationTime 0ms
2026-03-27T11:13:01.717+05:30  INFO 24220 --- [Eureka-Server] [a-EvictionTimer] c.n.e.registry.AbstractInstanceRegistry  : Running the evict task with compensationTime 0ms
2026-03-27T11:13:02.718+05:30  INFO 24220 --- [Eureka-Server] [a-EvictionTimer] c.n.e.registry.AbstractInstanceRegistry  : Running the evict task with compensationTime 0ms
2026-03-27T11:13:03.718+05:30  INFO 24220 --- [Eureka-Server] [a-EvictionTimer] c.n.e.registry.AbstractInstanceRegistry  : Running the evict task with compensationTime 0ms
2026-03-27T11:13:04.718+05:30  INFO 24220 --- [Eureka-Server] [a-EvictionTimer] c.n.e.registry.AbstractInstanceRegistry  : Running the evict task with compensationTime 0ms
2026-03-27T11:13:05.719+05:30  INFO 24220 --- [Eureka-Server] [a-EvictionTimer] c.n.e.registry.AbstractInstanceRegistry  : Running the evict task with compensationTime 0ms
2026-03-27T11:13:06.719+05:30  INFO 24220 --- [Eureka-Server] [a-EvictionTimer] c.n.e.registry.AbstractInstanceRegistry  : Running the evict task with compensationTime 0ms
2026-03-27T11:13:07.719+05:30  INFO 24220 --- [Eureka-Server] [a-EvictionTimer] c.n.e.registry.AbstractInstanceRegistry  : Running the evict task with compensationTime 0ms
2026-03-27T11:13:08.721+05:30  INFO 24220 --- [Eureka-Server] [a-EvictionTimer] c.n.e.registry.AbstractInstanceRegistry  : Running the evict task with compensationTime 1ms
2026-03-27T11:13:09.722+05:30  INFO 24220 --- [Eureka-Server] [a-EvictionTimer] c.n.e.registry.AbstractInstanceRegistry  : Running the evict task with compensationTime 1ms
2026-03-27T11:13:10.722+05:30  INFO 24220 --- [Eureka-Server] [a-EvictionTimer] c.n.e.registry.AbstractInstanceRegistry  : Running the evict task with compensationTime 0ms
2026-03-27T11:13:11.724+05:30  INFO 24220 --- [Eureka-Server] [a-EvictionTimer] c.n.e.registry.AbstractInstanceRegistry  : Running the evict task with compensationTime 2ms
2026-03-27T11:13:12.725+05:30  INFO 24220 --- [Eureka-Server] [a-EvictionTimer] c.n.e.registry.AbstractInstanceRegistry  : Running the evict task with compensationTime 1ms
2026-03-27T11:13:13.726+05:30  INFO 24220 --- [Eureka-Server] [a-EvictionTimer] c.n.e.registry.AbstractInstanceRegistry  : Running the evict task with compensationTime 0ms
2026-03-27T11:13:14.726+05:30  INFO 24220 --- [Eureka-Server] [a-EvictionTimer] c.n.e.registry.AbstractInstanceRegistry  : Running the evict task with compensationTime 0ms
2026-03-27T11:13:15.726+05:30  INFO 24220 --- [Eureka-Server] [a-EvictionTimer] c.n.e.registry.AbstractInstanceRegistry  : Running the evict task with compensationTime 0ms
2026-03-27T11:13:16.727+05:30  INFO 24220 --- [Eureka-Server] [a-EvictionTimer] c.n.e.registry.AbstractInstanceRegistry  : Running the evict task with compensationTime 0ms
2026-03-27T11:13:17.728+05:30  INFO 24220 --- [Eureka-Server] [a-EvictionTimer] c.n.e.registry.AbstractInstanceRegistry  : Running the evict task with compensationTime 1ms
2026-03-27T11:13:18.729+05:30  INFO 24220 --- [Eureka-Server] [a-EvictionTimer] c.n.e.registry.AbstractInstanceRegistry  : Running the evict task with compensationTime 1ms
2026-03-27T11:13:19.729+05:30  INFO 24220 --- [Eureka-Server] [a-EvictionTimer] c.n.e.registry.AbstractInstanceRegistry  : Running the evict task with compensationTime 0ms
2026-03-27T11:13:20.730+05:30  INFO 24220 --- [Eureka-Server] [a-EvictionTimer] c.n.e.registry.AbstractInstanceRegistry  : Running the evict task with compensationTime 1ms
2026-03-27T11:13:21.731+05:30  INFO 24220 --- [Eureka-Server] [a-EvictionTimer] c.n.e.registry.AbstractInstanceRegistry  : Running the evict task with compensationTime 0ms
2026-03-27T11:13:22.732+05:30  INFO 24220 --- [Eureka-Server] [a-EvictionTimer] c.n.e.registry.AbstractInstanceRegistry  : Running the evict task with compensationTime 1ms
2026-03-27T11:13:23.732+05:30  INFO 24220 --- [Eureka-Server] [a-EvictionTimer] c.n.e.registry.AbstractInstanceRegistry  : Running the evict task with compensationTime 0ms
2026-03-27T11:13:24.733+05:30  INFO 24220 --- [Eureka-Server] [a-EvictionTimer] c.n.e.registry.AbstractInstanceRegistry  : Running the evict task with compensationTime 0ms
2026-03-27T11:13:25.733+05:30  INFO 24220 --- [Eureka-Server] [a-EvictionTimer] c.n.e.registry.AbstractInstanceRegistry  : Running the evict task with compensationTime 0ms
2026-03-27T11:13:26.734+05:30  INFO 24220 --- [Eureka-Server] [a-EvictionTimer] c.n.e.registry.AbstractInstanceRegistry  : Running the evict task with compensationTime 0ms
2026-03-27T11:13:27.734+05:30  INFO 24220 --- [Eureka-Server] [a-EvictionTimer] c.n.e.registry.AbstractInstanceRegistry  : Running the evict task with compensationTime 0ms
2026-03-27T11:13:28.735+05:30  INFO 24220 --- [Eureka-Server] [a-EvictionTimer] c.n.e.registry.AbstractInstanceRegistry  : Running the evict task with compensationTime 0ms
2026-03-27T11:13:29.735+05:30  INFO 24220 --- [Eureka-Server] [a-EvictionTimer] c.n.e.registry.AbstractInstanceRegistry  : Running the evict task with compensationTime 0ms
2026-03-27T11:13:30.736+05:30  INFO 24220 --- [Eureka-Server] [a-EvictionTimer] c.n.e.registry.AbstractInstanceRegistry  : Running the evict task with compensationTime 1ms
2026-03-27T11:13:31.737+05:30  INFO 24220 --- [Eureka-Server] [a-EvictionTimer] c.n.e.registry.AbstractInstanceRegistry  : Running the evict task with compensationTime 0ms
2026-03-27T11:13:32.738+05:30  INFO 24220 --- [Eureka-Server] [a-EvictionTimer] c.n.e.registry.AbstractInstanceRegistry  : Running the evict task with compensationTime 1ms
2026-03-27T11:13:33.739+05:30  INFO 24220 --- [Eureka-Server] [a-EvictionTimer] c.n.e.registry.AbstractInstanceRegistry  : Running the evict task with compensationTime 0ms
2026-03-27T11:13:34.739+05:30  INFO 24220 --- [Eureka-Server] [a-EvictionTimer] c.n.e.registry.AbstractInstanceRegistry  : Running the evict task with compensationTime 0ms
2026-03-27T11:13:35.739+05:30  INFO 24220 --- [Eureka-Server] [a-EvictionTimer] c.n.e.registry.AbstractInstanceRegistry  : Running the evict task with compensationTime 0ms
2026-03-27T11:13:36.740+05:30  INFO 24220 --- [Eureka-Server] [a-EvictionTimer] c.n.e.registry.AbstractInstanceRegistry  : Running the evict task with compensationTime 0ms
2026-03-27T11:13:37.740+05:30  INFO 24220 --- [Eureka-Server] [a-EvictionTimer] c.n.e.registry.AbstractInstanceRegistry  : Running the evict task with compensationTime 0ms
2026-03-27T11:13:38.741+05:30  INFO 24220 --- [Eureka-Server] [a-EvictionTimer] c.n.e.registry.AbstractInstanceRegistry  : Running the evict task with compensationTime 0ms
2026-03-27T11:13:39.742+05:30  INFO 24220 --- [Eureka-Server] [a-EvictionTimer] c.n.e.registry.AbstractInstanceRegistry  : Running the evict task with compensationTime 1ms
2026-03-27T11:13:40.745+05:30  INFO 24220 --- [Eureka-Server] [a-EvictionTimer] c.n.e.registry.AbstractInstanceRegistry  : Running the evict task with compensationTime 3ms
2026-03-27T11:13:41.747+05:30  INFO 24220 --- [Eureka-Server] [a-EvictionTimer] c.n.e.registry.AbstractInstanceRegistry  : Running the evict task with compensationTime 1ms
2026-03-27T11:13:42.763+05:30  INFO 24220 --- [Eureka-Server] [a-EvictionTimer] c.n.e.registry.AbstractInstanceRegistry  : Running the evict task with compensationTime 16ms
2026-03-27T11:13:43.765+05:30  INFO 24220 --- [Eureka-Server] [a-EvictionTimer] c.n.e.registry.AbstractInstanceRegistry  : Running the evict task with compensationTime 2ms
2026-03-27T11:13:44.766+05:30  INFO 24220 --- [Eureka-Server] [a-EvictionTimer] c.n.e.registry.AbstractInstanceRegistry  : Running the evict task with compensationTime 0ms
2026-03-27T11:13:45.767+05:30  INFO 24220 --- [Eureka-Server] [a-EvictionTimer] c.n.e.registry.AbstractInstanceRegistry  : Running the evict task with compensationTime 1ms
2026-03-27T11:13:46.780+05:30  INFO 24220 --- [Eureka-Server] [a-EvictionTimer] c.n.e.registry.AbstractInstanceRegistry  : Running the evict task with compensationTime 13ms
2026-03-27T11:13:47.792+05:30  INFO 24220 --- [Eureka-Server] [a-EvictionTimer] c.n.e.registry.AbstractInstanceRegistry  : Running the evict task with compensationTime 11ms
2026-03-27T11:13:48.797+05:30  INFO 24220 --- [Eureka-Server] [a-EvictionTimer] c.n.e.registry.AbstractInstanceRegistry  : Running the evict task with compensationTime 4ms
2026-03-27T11:13:49.806+05:30  INFO 24220 --- [Eureka-Server] [a-EvictionTimer] c.n.e.registry.AbstractInstanceRegistry  : Running the evict task with compensationTime 9ms
2026-03-27T11:13:50.808+05:30  INFO 24220 --- [Eureka-Server] [a-EvictionTimer] c.n.e.registry.AbstractInstanceRegistry  : Running the evict task with compensationTime 0ms
2026-03-27T11:13:51.808+05:30  INFO 24220 --- [Eureka-Server] [a-EvictionTimer] c.n.e.registry.AbstractInstanceRegistry  : Running the evict task with compensationTime 1ms
2026-03-27T11:13:52.820+05:30  INFO 24220 --- [Eureka-Server] [a-EvictionTimer] c.n.e.registry.AbstractInstanceRegistry  : Running the evict task with compensationTime 10ms
2026-03-27T11:13:53.826+05:30  INFO 24220 --- [Eureka-Server] [a-EvictionTimer] c.n.e.registry.AbstractInstanceRegistry  : Running the evict task with compensationTime 6ms
2026-03-27T11:13:54.838+05:30  INFO 24220 --- [Eureka-Server] [a-EvictionTimer] c.n.e.registry.AbstractInstanceRegistry  : Running the evict task with compensationTime 11ms
2026-03-27T11:13:55.838+05:30  INFO 24220 --- [Eureka-Server] [a-EvictionTimer] c.n.e.registry.AbstractInstanceRegistry  : Running the evict task with compensationTime 0ms
2026-03-27T11:13:56.840+05:30  INFO 24220 --- [Eureka-Server] [a-EvictionTimer] c.n.e.registry.AbstractInstanceRegistry  : Running the evict task with compensationTime 1ms
2026-03-27T11:13:57.855+05:30  INFO 24220 --- [Eureka-Server] [a-EvictionTimer] c.n.e.registry.AbstractInstanceRegistry  : Running the evict task with compensationTime 14ms
2026-03-27T11:13:58.856+05:30  INFO 24220 --- [Eureka-Server] [a-EvictionTimer] c.n.e.registry.AbstractInstanceRegistry  : Running the evict task with compensationTime 0ms
2026-03-27T11:13:59.862+05:30  INFO 24220 --- [Eureka-Server] [a-EvictionTimer] c.n.e.registry.AbstractInstanceRegistry  : Running the evict task with compensationTime 5ms
2026-03-27T11:14:00.873+05:30  INFO 24220 --- [Eureka-Server] [a-EvictionTimer] c.n.e.registry.AbstractInstanceRegistry  : Running the evict task with compensationTime 11ms
2026-03-27T11:14:01.887+05:30  INFO 24220 --- [Eureka-Server] [a-EvictionTimer] c.n.e.registry.AbstractInstanceRegistry  : Running the evict task with compensationTime 14ms
2026-03-27T11:14:02.892+05:30  INFO 24220 --- [Eureka-Server] [a-EvictionTimer] c.n.e.registry.AbstractInstanceRegistry  : Running the evict task with compensationTime 5ms
2026-03-27T11:14:03.897+05:30  INFO 24220 --- [Eureka-Server] [a-EvictionTimer] c.n.e.registry.AbstractInstanceRegistry  : Running the evict task with compensationTime 4ms
2026-03-27T11:14:04.903+05:30  INFO 24220 --- [Eureka-Server] [a-EvictionTimer] c.n.e.registry.AbstractInstanceRegistry  : Running the evict task with compensationTime 6ms
2026-03-27T11:14:05.914+05:30  INFO 24220 --- [Eureka-Server] [a-EvictionTimer] c.n.e.registry.AbstractInstanceRegistry  : Running the evict task with compensationTime 10ms
2026-03-27T11:14:06.918+05:30  INFO 24220 --- [Eureka-Server] [a-EvictionTimer] c.n.e.registry.AbstractInstanceRegistry  : Running the evict task with compensationTime 3ms
2026-03-27T11:14:07.919+05:30  INFO 24220 --- [Eureka-Server] [a-EvictionTimer] c.n.e.registry.AbstractInstanceRegistry  : Running the evict task with compensationTime 2ms
2026-03-27T11:14:08.920+05:30  INFO 24220 --- [Eureka-Server] [a-EvictionTimer] c.n.e.registry.AbstractInstanceRegistry  : Running the evict task with compensationTime 0ms
2026-03-27T11:14:09.935+05:30  INFO 24220 --- [Eureka-Server] [a-EvictionTimer] c.n.e.registry.AbstractInstanceRegistry  : Running the evict task with compensationTime 14ms
2026-03-27T11:14:10.950+05:30  INFO 24220 --- [Eureka-Server] [a-EvictionTimer] c.n.e.registry.AbstractInstanceRegistry  : Running the evict task with compensationTime 15ms
2026-03-27T11:14:11.958+05:30  INFO 24220 --- [Eureka-Server] [a-EvictionTimer] c.n.e.registry.AbstractInstanceRegistry  : Running the evict task with compensationTime 7ms
2026-03-27T11:14:12.968+05:30  INFO 24220 --- [Eureka-Server] [a-EvictionTimer] c.n.e.registry.AbstractInstanceRegistry  : Running the evict task with compensationTime 10ms
2026-03-27T11:14:13.981+05:30  INFO 24220 --- [Eureka-Server] [a-EvictionTimer] c.n.e.registry.AbstractInstanceRegistry  : Running the evict task with compensationTime 12ms
2026-03-27T11:14:14.995+05:30  INFO 24220 --- [Eureka-Server] [a-EvictionTimer] c.n.e.registry.AbstractInstanceRegistry  : Running the evict task with compensationTime 14ms
2026-03-27T11:14:16.010+05:30  INFO 24220 --- [Eureka-Server] [a-EvictionTimer] c.n.e.registry.AbstractInstanceRegistry  : Running the evict task with compensationTime 14ms
2026-03-27T11:14:17.010+05:30  INFO 24220 --- [Eureka-Server] [a-EvictionTimer] c.n.e.registry.AbstractInstanceRegistry  : Running the evict task with compensationTime 0ms
2026-03-27T11:14:18.024+05:30  INFO 24220 --- [Eureka-Server] [a-EvictionTimer] c.n.e.registry.AbstractInstanceRegistry  : Running the evict task with compensationTime 13ms
2026-03-27T11:14:19.029+05:30  INFO 24220 --- [Eureka-Server] [a-EvictionTimer] c.n.e.registry.AbstractInstanceRegistry  : Running the evict task with compensationTime 5ms
2026-03-27T11:14:20.031+05:30  INFO 24220 --- [Eureka-Server] [a-EvictionTimer] c.n.e.registry.AbstractInstanceRegistry  : Running the evict task with compensationTime 2ms
2026-03-27T11:14:21.036+05:30  INFO 24220 --- [Eureka-Server] [a-EvictionTimer] c.n.e.registry.AbstractInstanceRegistry  : Running the evict task with compensationTime 4ms
2026-03-27T11:14:22.038+05:30  INFO 24220 --- [Eureka-Server] [a-EvictionTimer] c.n.e.registry.AbstractInstanceRegistry  : Running the evict task with compensationTime 2ms
2026-03-27T11:14:23.053+05:30  INFO 24220 --- [Eureka-Server] [a-EvictionTimer] c.n.e.registry.AbstractInstanceRegistry  : Running the evict task with compensationTime 14ms
2026-03-27T11:14:24.058+05:30  INFO 24220 --- [Eureka-Server] [a-EvictionTimer] c.n.e.registry.AbstractInstanceRegistry  : Running the evict task with compensationTime 5ms
2026-03-27T11:14:25.064+05:30  INFO 24220 --- [Eureka-Server] [a-EvictionTimer] c.n.e.registry.AbstractInstanceRegistry  : Running the evict task with compensationTime 6ms
2026-03-27T11:14:26.064+05:30  INFO 24220 --- [Eureka-Server] [a-EvictionTimer] c.n.e.registry.AbstractInstanceRegistry  : Running the evict task with compensationTime 0ms
2026-03-27T11:14:27.065+05:30  INFO 24220 --- [Eureka-Server] [a-EvictionTimer] c.n.e.registry.AbstractInstanceRegistry  : Running the evict task with compensationTime 1ms
2026-03-27T11:14:28.068+05:30  INFO 24220 --- [Eureka-Server] [a-EvictionTimer] c.n.e.registry.AbstractInstanceRegistry  : Running the evict task with compensationTime 3ms
2026-03-27T11:14:29.074+05:30  INFO 24220 --- [Eureka-Server] [a-EvictionTimer] c.n.e.registry.AbstractInstanceRegistry  : Running the evict task with compensationTime 5ms
2026-03-27T11:14:30.075+05:30  INFO 24220 --- [Eureka-Server] [a-EvictionTimer] c.n.e.registry.AbstractInstanceRegistry  : Running the evict task with compensationTime 0ms
2026-03-27T11:14:31.087+05:30  INFO 24220 --- [Eureka-Server] [a-EvictionTimer] c.n.e.registry.AbstractInstanceRegistry  : Running the evict task with compensationTime 11ms
2026-03-27T11:14:32.094+05:30  INFO 24220 --- [Eureka-Server] [a-EvictionTimer] c.n.e.registry.AbstractInstanceRegistry  : Running the evict task with compensationTime 7ms
2026-03-27T11:14:33.107+05:30  INFO 24220 --- [Eureka-Server] [a-EvictionTimer] c.n.e.registry.AbstractInstanceRegistry  : Running the evict task with compensationTime 12ms
2026-03-27T11:14:34.111+05:30  INFO 24220 --- [Eureka-Server] [a-EvictionTimer] c.n.e.registry.AbstractInstanceRegistry  : Running the evict task with compensationTime 4ms
2026-03-27T11:14:35.123+05:30  INFO 24220 --- [Eureka-Server] [a-EvictionTimer] c.n.e.registry.AbstractInstanceRegistry  : Running the evict task with compensationTime 11ms
2026-03-27T11:14:36.137+05:30  INFO 24220 --- [Eureka-Server] [a-EvictionTimer] c.n.e.registry.AbstractInstanceRegistry  : Running the evict task with compensationTime 14ms
2026-03-27T11:14:37.142+05:30  INFO 24220 --- [Eureka-Server] [a-EvictionTimer] c.n.e.registry.AbstractInstanceRegistry  : Running the evict task with compensationTime 5ms
2026-03-27T11:14:38.148+05:30  INFO 24220 --- [Eureka-Server] [a-EvictionTimer] c.n.e.registry.AbstractInstanceRegistry  : Running the evict task with compensationTime 5ms
2026-03-27T11:14:39.162+05:30  INFO 24220 --- [Eureka-Server] [a-EvictionTimer] c.n.e.registry.AbstractInstanceRegistry  : Running the evict task with compensationTime 14ms
2026-03-27T11:14:40.175+05:30  INFO 24220 --- [Eureka-Server] [a-EvictionTimer] c.n.e.registry.AbstractInstanceRegistry  : Running the evict task with compensationTime 12ms
2026-03-27T11:14:41.177+05:30  INFO 24220 --- [Eureka-Server] [a-EvictionTimer] c.n.e.registry.AbstractInstanceRegistry  : Running the evict task with compensationTime 1ms
2026-03-27T11:14:42.191+05:30  INFO 24220 --- [Eureka-Server] [a-EvictionTimer] c.n.e.registry.AbstractInstanceRegistry  : Running the evict task with compensationTime 14ms
2026-03-27T11:14:43.195+05:30  INFO 24220 --- [Eureka-Server] [a-EvictionTimer] c.n.e.registry.AbstractInstanceRegistry  : Running the evict task with compensationTime 3ms
2026-03-27T11:14:44.196+05:30  INFO 24220 --- [Eureka-Server] [a-EvictionTimer] c.n.e.registry.AbstractInstanceRegistry  : Running the evict task with compensationTime 1ms
2026-03-27T11:14:45.211+05:30  INFO 24220 --- [Eureka-Server] [a-EvictionTimer] c.n.e.registry.AbstractInstanceRegistry  : Running the evict task with compensationTime 14ms
2026-03-27T11:14:46.224+05:30  INFO 24220 --- [Eureka-Server] [a-EvictionTimer] c.n.e.registry.AbstractInstanceRegistry  : Running the evict task with compensationTime 12ms
2026-03-27T11:14:47.236+05:30  INFO 24220 --- [Eureka-Server] [a-EvictionTimer] c.n.e.registry.AbstractInstanceRegistry  : Running the evict task with compensationTime 12ms
2026-03-27T11:14:48.239+05:30  INFO 24220 --- [Eureka-Server] [a-EvictionTimer] c.n.e.registry.AbstractInstanceRegistry  : Running the evict task with compensationTime 3ms
2026-03-27T11:14:49.240+05:30  INFO 24220 --- [Eureka-Server] [a-EvictionTimer] c.n.e.registry.AbstractInstanceRegistry  : Running the evict task with compensationTime 0ms
2026-03-27T11:14:50.240+05:30  INFO 24220 --- [Eureka-Server] [a-EvictionTimer] c.n.e.registry.AbstractInstanceRegistry  : Running the evict task with compensationTime 0ms
2026-03-27T11:14:51.242+05:30  INFO 24220 --- [Eureka-Server] [a-EvictionTimer] c.n.e.registry.AbstractInstanceRegistry  : Running the evict task with compensationTime 1ms
2026-03-27T11:14:52.244+05:30  INFO 24220 --- [Eureka-Server] [a-EvictionTimer] c.n.e.registry.AbstractInstanceRegistry  : Running the evict task with compensationTime 1ms
2026-03-27T11:14:53.249+05:30  INFO 24220 --- [Eureka-Server] [a-EvictionTimer] c.n.e.registry.AbstractInstanceRegistry  : Running the evict task with compensationTime 5ms
2026-03-27T11:14:54.253+05:30  INFO 24220 --- [Eureka-Server] [a-EvictionTimer] c.n.e.registry.AbstractInstanceRegistry  : Running the evict task with compensationTime 3ms
2026-03-27T11:14:55.267+05:30  INFO 24220 --- [Eureka-Server] [a-EvictionTimer] c.n.e.registry.AbstractInstanceRegistry  : Running the evict task with compensationTime 14ms
2026-03-27T11:14:56.271+05:30  INFO 24220 --- [Eureka-Server] [a-EvictionTimer] c.n.e.registry.AbstractInstanceRegistry  : Running the evict task with compensationTime 3ms
2026-03-27T11:14:57.277+05:30  INFO 24220 --- [Eureka-Server] [a-EvictionTimer] c.n.e.registry.AbstractInstanceRegistry  : Running the evict task with compensationTime 6ms
2026-03-27T11:14:58.278+05:30  INFO 24220 --- [Eureka-Server] [a-EvictionTimer] c.n.e.registry.AbstractInstanceRegistry  : Running the evict task with compensationTime 0ms
2026-03-27T11:14:59.280+05:30  INFO 24220 --- [Eureka-Server] [a-EvictionTimer] c.n.e.registry.AbstractInstanceRegistry  : Running the evict task with compensationTime 2ms
2026-03-27T11:15:00.295+05:30  INFO 24220 --- [Eureka-Server] [a-EvictionTimer] c.n.e.registry.AbstractInstanceRegistry  : Running the evict task with compensationTime 14ms
2026-03-27T11:15:01.295+05:30  INFO 24220 --- [Eureka-Server] [a-EvictionTimer] c.n.e.registry.AbstractInstanceRegistry  : Running the evict task with compensationTime 1ms
2026-03-27T11:15:02.297+05:30  INFO 24220 --- [Eureka-Server] [a-EvictionTimer] c.n.e.registry.AbstractInstanceRegistry  : Running the evict task with compensationTime 1ms
2026-03-27T11:15:03.311+05:30  INFO 24220 --- [Eureka-Server] [a-EvictionTimer] c.n.e.registry.AbstractInstanceRegistry  : Running the evict task with compensationTime 14ms
2026-03-27T11:15:04.313+05:30  INFO 24220 --- [Eureka-Server] [a-EvictionTimer] c.n.e.registry.AbstractInstanceRegistry  : Running the evict task with compensationTime 1ms
2026-03-27T11:15:05.316+05:30  INFO 24220 --- [Eureka-Server] [a-EvictionTimer] c.n.e.registry.AbstractInstanceRegistry  : Running the evict task with compensationTime 3ms
2026-03-27T11:15:06.331+05:30  INFO 24220 --- [Eureka-Server] [a-EvictionTimer] c.n.e.registry.AbstractInstanceRegistry  : Running the evict task with compensationTime 14ms
2026-03-27T11:15:07.333+05:30  INFO 24220 --- [Eureka-Server] [a-EvictionTimer] c.n.e.registry.AbstractInstanceRegistry  : Running the evict task with compensationTime 2ms
2026-03-27T11:15:08.348+05:30  INFO 24220 --- [Eureka-Server] [a-EvictionTimer] c.n.e.registry.AbstractInstanceRegistry  : Running the evict task with compensationTime 14ms
2026-03-27T11:15:09.359+05:30  INFO 24220 --- [Eureka-Server] [a-EvictionTimer] c.n.e.registry.AbstractInstanceRegistry  : Running the evict task with compensationTime 11ms
2026-03-27T11:15:10.367+05:30  INFO 24220 --- [Eureka-Server] [a-EvictionTimer] c.n.e.registry.AbstractInstanceRegistry  : Running the evict task with compensationTime 7ms
2026-03-27T11:15:11.370+05:30  INFO 24220 --- [Eureka-Server] [a-EvictionTimer] c.n.e.registry.AbstractInstanceRegistry  : Running the evict task with compensationTime 3ms
2026-03-27T11:15:12.371+05:30  INFO 24220 --- [Eureka-Server] [a-EvictionTimer] c.n.e.registry.AbstractInstanceRegistry  : Running the evict task with compensationTime 1ms
2026-03-27T11:15:13.383+05:30  INFO 24220 --- [Eureka-Server] [a-EvictionTimer] c.n.e.registry.AbstractInstanceRegistry  : Running the evict task with compensationTime 12ms
2026-03-27T11:15:14.399+05:30  INFO 24220 --- [Eureka-Server] [a-EvictionTimer] c.n.e.registry.AbstractInstanceRegistry  : Running the evict task with compensationTime 14ms
2026-03-27T11:15:15.401+05:30  INFO 24220 --- [Eureka-Server] [a-EvictionTimer] c.n.e.registry.AbstractInstanceRegistry  : Running the evict task with compensationTime 2ms
2026-03-27T11:15:16.415+05:30  INFO 24220 --- [Eureka-Server] [a-EvictionTimer] c.n.e.registry.AbstractInstanceRegistry  : Running the evict task with compensationTime 14ms
2026-03-27T11:15:17.431+05:30  INFO 24220 --- [Eureka-Server] [a-EvictionTimer] c.n.e.registry.AbstractInstanceRegistry  : Running the evict task with compensationTime 15ms
2026-03-27T11:15:18.438+05:30  INFO 24220 --- [Eureka-Server] [a-EvictionTimer] c.n.e.registry.AbstractInstanceRegistry  : Running the evict task with compensationTime 7ms
2026-03-27T11:15:19.441+05:30  INFO 24220 --- [Eureka-Server] [a-EvictionTimer] c.n.e.registry.AbstractInstanceRegistry  : Running the evict task with compensationTime 2ms
2026-03-27T11:15:20.443+05:30  INFO 24220 --- [Eureka-Server] [a-EvictionTimer] c.n.e.registry.AbstractInstanceRegistry  : Running the evict task with compensationTime 1ms
2026-03-27T11:15:21.456+05:30  INFO 24220 --- [Eureka-Server] [a-EvictionTimer] c.n.e.registry.AbstractInstanceRegistry  : Running the evict task with compensationTime 13ms
2026-03-27T11:15:22.460+05:30  INFO 24220 --- [Eureka-Server] [a-EvictionTimer] c.n.e.registry.AbstractInstanceRegistry  : Running the evict task with compensationTime 3ms
2026-03-27T11:15:23.468+05:30  INFO 24220 --- [Eureka-Server] [a-EvictionTimer] c.n.e.registry.AbstractInstanceRegistry  : Running the evict task with compensationTime 8ms
2026-03-27T11:15:24.469+05:30  INFO 24220 --- [Eureka-Server] [a-EvictionTimer] c.n.e.registry.AbstractInstanceRegistry  : Running the evict task with compensationTime 0ms
2026-03-27T11:15:25.474+05:30  INFO 24220 --- [Eureka-Server] [a-EvictionTimer] c.n.e.registry.AbstractInstanceRegistry  : Running the evict task with compensationTime 5ms
2026-03-27T11:15:26.475+05:30  INFO 24220 --- [Eureka-Server] [a-EvictionTimer] c.n.e.registry.AbstractInstanceRegistry  : Running the evict task with compensationTime 0ms
2026-03-27T11:15:27.475+05:30  INFO 24220 --- [Eureka-Server] [a-EvictionTimer] c.n.e.registry.AbstractInstanceRegistry  : Running the evict task with compensationTime 0ms
2026-03-27T11:15:28.476+05:30  INFO 24220 --- [Eureka-Server] [a-EvictionTimer] c.n.e.registry.AbstractInstanceRegistry  : Running the evict task with compensationTime 0ms
2026-03-27T11:15:29.476+05:30  INFO 24220 --- [Eureka-Server] [a-EvictionTimer] c.n.e.registry.AbstractInstanceRegistry  : Running the evict task with compensationTime 0ms
2026-03-27T11:15:30.476+05:30  INFO 24220 --- [Eureka-Server] [a-EvictionTimer] c.n.e.registry.AbstractInstanceRegistry  : Running the evict task with compensationTime 0ms
2026-03-27T11:15:31.476+05:30  INFO 24220 --- [Eureka-Server] [a-EvictionTimer] c.n.e.registry.AbstractInstanceRegistry  : Running the evict task with compensationTime 0ms
2026-03-27T11:15:32.476+05:30  INFO 24220 --- [Eureka-Server] [a-EvictionTimer] c.n.e.registry.AbstractInstanceRegistry  : Running the evict task with compensationTime 0ms
2026-03-27T11:15:33.478+05:30  INFO 24220 --- [Eureka-Server] [a-EvictionTimer] c.n.e.registry.AbstractInstanceRegistry  : Running the evict task with compensationTime 0ms
2026-03-27T11:15:34.478+05:30  INFO 24220 --- [Eureka-Server] [a-EvictionTimer] c.n.e.registry.AbstractInstanceRegistry  : Running the evict task with compensationTime 0ms
2026-03-27T11:15:35.480+05:30  INFO 24220 --- [Eureka-Server] [a-EvictionTimer] c.n.e.registry.AbstractInstanceRegistry  : Running the evict task with compensationTime 1ms
2026-03-27T11:15:36.480+05:30  INFO 24220 --- [Eureka-Server] [a-EvictionTimer] c.n.e.registry.AbstractInstanceRegistry  : Running the evict task with compensationTime 0ms
2026-03-27T11:15:37.481+05:30  INFO 24220 --- [Eureka-Server] [a-EvictionTimer] c.n.e.registry.AbstractInstanceRegistry  : Running the evict task with compensationTime 0ms
2026-03-27T11:15:38.482+05:30  INFO 24220 --- [Eureka-Server] [a-EvictionTimer] c.n.e.registry.AbstractInstanceRegistry  : Running the evict task with compensationTime 1ms
2026-03-27T11:15:39.482+05:30  INFO 24220 --- [Eureka-Server] [a-EvictionTimer] c.n.e.registry.AbstractInstanceRegistry  : Running the evict task with compensationTime 0ms
2026-03-27T11:15:40.483+05:30  INFO 24220 --- [Eureka-Server] [a-EvictionTimer] c.n.e.registry.AbstractInstanceRegistry  : Running the evict task with compensationTime 0ms
2026-03-27T11:15:41.484+05:30  INFO 24220 --- [Eureka-Server] [a-EvictionTimer] c.n.e.registry.AbstractInstanceRegistry  : Running the evict task with compensationTime 0ms
2026-03-27T11:15:42.485+05:30  INFO 24220 --- [Eureka-Server] [a-EvictionTimer] c.n.e.registry.AbstractInstanceRegistry  : Running the evict task with compensationTime 0ms
2026-03-27T11:15:43.485+05:30  INFO 24220 --- [Eureka-Server] [a-EvictionTimer] c.n.e.registry.AbstractInstanceRegistry  : Running the evict task with compensationTime 0ms
2026-03-27T11:15:44.486+05:30  INFO 24220 --- [Eureka-Server] [a-EvictionTimer] c.n.e.registry.AbstractInstanceRegistry  : Running the evict task with compensationTime 0ms
2026-03-27T11:15:45.494+05:30  INFO 24220 --- [Eureka-Server] [a-EvictionTimer] c.n.e.registry.AbstractInstanceRegistry  : Running the evict task with compensationTime 8ms
2026-03-27T11:15:46.509+05:30  INFO 24220 --- [Eureka-Server] [a-EvictionTimer] c.n.e.registry.AbstractInstanceRegistry  : Running the evict task with compensationTime 14ms
2026-03-27T11:15:47.522+05:30  INFO 24220 --- [Eureka-Server] [a-EvictionTimer] c.n.e.registry.AbstractInstanceRegistry  : Running the evict task with compensationTime 13ms
2026-03-27T11:15:48.524+05:30  INFO 24220 --- [Eureka-Server] [a-EvictionTimer] c.n.e.registry.AbstractInstanceRegistry  : Running the evict task with compensationTime 2ms
2026-03-27T11:15:49.528+05:30  INFO 24220 --- [Eureka-Server] [a-EvictionTimer] c.n.e.registry.AbstractInstanceRegistry  : Running the evict task with compensationTime 3ms
2026-03-27T11:15:50.532+05:30  INFO 24220 --- [Eureka-Server] [a-EvictionTimer] c.n.e.registry.AbstractInstanceRegistry  : Running the evict task with compensationTime 4ms
2026-03-27T11:15:51.539+05:30  INFO 24220 --- [Eureka-Server] [a-EvictionTimer] c.n.e.registry.AbstractInstanceRegistry  : Running the evict task with compensationTime 7ms
2026-03-27T11:15:52.544+05:30  INFO 24220 --- [Eureka-Server] [a-EvictionTimer] c.n.e.registry.AbstractInstanceRegistry  : Running the evict task with compensationTime 4ms
2026-03-27T11:15:53.552+05:30  INFO 24220 --- [Eureka-Server] [a-EvictionTimer] c.n.e.registry.AbstractInstanceRegistry  : Running the evict task with compensationTime 7ms
2026-03-27T11:15:54.559+05:30  INFO 24220 --- [Eureka-Server] [a-EvictionTimer] c.n.e.registry.AbstractInstanceRegistry  : Running the evict task with compensationTime 7ms
2026-03-27T11:15:55.566+05:30  INFO 24220 --- [Eureka-Server] [a-EvictionTimer] c.n.e.registry.AbstractInstanceRegistry  : Running the evict task with compensationTime 6ms
2026-03-27T11:15:56.572+05:30  INFO 24220 --- [Eureka-Server] [a-EvictionTimer] c.n.e.registry.AbstractInstanceRegistry  : Running the evict task with compensationTime 5ms
2026-03-27T11:15:57.580+05:30  INFO 24220 --- [Eureka-Server] [a-EvictionTimer] c.n.e.registry.AbstractInstanceRegistry  : Running the evict task with compensationTime 8ms
2026-03-27T11:15:58.586+05:30  INFO 24220 --- [Eureka-Server] [a-EvictionTimer] c.n.e.registry.AbstractInstanceRegistry  : Running the evict task with compensationTime 5ms
2026-03-27T11:15:59.597+05:30  INFO 24220 --- [Eureka-Server] [a-EvictionTimer] c.n.e.registry.AbstractInstanceRegistry  : Running the evict task with compensationTime 10ms
2026-03-27T11:16:00.605+05:30  INFO 24220 --- [Eureka-Server] [a-EvictionTimer] c.n.e.registry.AbstractInstanceRegistry  : Running the evict task with compensationTime 8ms
2026-03-27T11:16:01.611+05:30  INFO 24220 --- [Eureka-Server] [a-EvictionTimer] c.n.e.registry.AbstractInstanceRegistry  : Running the evict task with compensationTime 6ms
2026-03-27T11:16:02.621+05:30  INFO 24220 --- [Eureka-Server] [a-EvictionTimer] c.n.e.registry.AbstractInstanceRegistry  : Running the evict task with compensationTime 9ms
2026-03-27T11:16:03.624+05:30  INFO 24220 --- [Eureka-Server] [a-EvictionTimer] c.n.e.registry.AbstractInstanceRegistry  : Running the evict task with compensationTime 3ms
2026-03-27T11:16:04.632+05:30  INFO 24220 --- [Eureka-Server] [a-EvictionTimer] c.n.e.registry.AbstractInstanceRegistry  : Running the evict task with compensationTime 7ms
2026-03-27T11:16:05.647+05:30  INFO 24220 --- [Eureka-Server] [a-EvictionTimer] c.n.e.registry.AbstractInstanceRegistry  : Running the evict task with compensationTime 14ms
2026-03-27T11:16:06.656+05:30  INFO 24220 --- [Eureka-Server] [a-EvictionTimer] c.n.e.registry.AbstractInstanceRegistry  : Running the evict task with compensationTime 8ms
2026-03-27T11:16:07.663+05:30  INFO 24220 --- [Eureka-Server] [a-EvictionTimer] c.n.e.registry.AbstractInstanceRegistry  : Running the evict task with compensationTime 7ms
2026-03-27T11:16:08.668+05:30  INFO 24220 --- [Eureka-Server] [a-EvictionTimer] c.n.e.registry.AbstractInstanceRegistry  : Running the evict task with compensationTime 5ms
2026-03-27T11:16:09.676+05:30  INFO 24220 --- [Eureka-Server] [a-EvictionTimer] c.n.e.registry.AbstractInstanceRegistry  : Running the evict task with compensationTime 8ms
2026-03-27T11:16:10.683+05:30  INFO 24220 --- [Eureka-Server] [a-EvictionTimer] c.n.e.registry.AbstractInstanceRegistry  : Running the evict task with compensationTime 6ms
2026-03-27T11:16:11.692+05:30  INFO 24220 --- [Eureka-Server] [a-EvictionTimer] c.n.e.registry.AbstractInstanceRegistry  : Running the evict task with compensationTime 9ms
2026-03-27T11:16:12.699+05:30  INFO 24220 --- [Eureka-Server] [a-EvictionTimer] c.n.e.registry.AbstractInstanceRegistry  : Running the evict task with compensationTime 6ms
2026-03-27T11:16:13.711+05:30  INFO 24220 --- [Eureka-Server] [a-EvictionTimer] c.n.e.registry.AbstractInstanceRegistry  : Running the evict task with compensationTime 11ms
2026-03-27T11:16:14.714+05:30  INFO 24220 --- [Eureka-Server] [a-EvictionTimer] c.n.e.registry.AbstractInstanceRegistry  : Running the evict task with compensationTime 3ms
2026-03-27T11:16:15.722+05:30  INFO 24220 --- [Eureka-Server] [a-EvictionTimer] c.n.e.registry.AbstractInstanceRegistry  : Running the evict task with compensationTime 8ms
2026-03-27T11:16:16.728+05:30  INFO 24220 --- [Eureka-Server] [a-EvictionTimer] c.n.e.registry.AbstractInstanceRegistry  : Running the evict task with compensationTime 5ms
2026-03-27T11:16:17.738+05:30  INFO 24220 --- [Eureka-Server] [a-EvictionTimer] c.n.e.registry.AbstractInstanceRegistry  : Running the evict task with compensationTime 9ms
2026-03-27T11:16:18.749+05:30  INFO 24220 --- [Eureka-Server] [a-EvictionTimer] c.n.e.registry.AbstractInstanceRegistry  : Running the evict task with compensationTime 11ms
2026-03-27T11:16:19.760+05:30  INFO 24220 --- [Eureka-Server] [a-EvictionTimer] c.n.e.registry.AbstractInstanceRegistry  : Running the evict task with compensationTime 10ms
2026-03-27T11:16:20.767+05:30  INFO 24220 --- [Eureka-Server] [a-EvictionTimer] c.n.e.registry.AbstractInstanceRegistry  : Running the evict task with compensationTime 7ms
2026-03-27T11:16:21.773+05:30  INFO 24220 --- [Eureka-Server] [a-EvictionTimer] c.n.e.registry.AbstractInstanceRegistry  : Running the evict task with compensationTime 5ms
2026-03-27T11:16:22.779+05:30  INFO 24220 --- [Eureka-Server] [a-EvictionTimer] c.n.e.registry.AbstractInstanceRegistry  : Running the evict task with compensationTime 6ms
2026-03-27T11:16:23.790+05:30  INFO 24220 --- [Eureka-Server] [a-EvictionTimer] c.n.e.registry.AbstractInstanceRegistry  : Running the evict task with compensationTime 10ms
2026-03-27T11:16:24.794+05:30  INFO 24220 --- [Eureka-Server] [a-EvictionTimer] c.n.e.registry.AbstractInstanceRegistry  : Running the evict task with compensationTime 4ms
2026-03-27T11:16:25.804+05:30  INFO 24220 --- [Eureka-Server] [a-EvictionTimer] c.n.e.registry.AbstractInstanceRegistry  : Running the evict task with compensationTime 9ms
2026-03-27T11:16:26.806+05:30  INFO 24220 --- [Eureka-Server] [a-EvictionTimer] c.n.e.registry.AbstractInstanceRegistry  : Running the evict task with compensationTime 2ms
2026-03-27T11:16:27.814+05:30  INFO 24220 --- [Eureka-Server] [a-EvictionTimer] c.n.e.registry.AbstractInstanceRegistry  : Running the evict task with compensationTime 8ms
2026-03-27T11:16:28.828+05:30  INFO 24220 --- [Eureka-Server] [a-EvictionTimer] c.n.e.registry.AbstractInstanceRegistry  : Running the evict task with compensationTime 13ms
2026-03-27T11:16:29.829+05:30  INFO 24220 --- [Eureka-Server] [a-EvictionTimer] c.n.e.registry.AbstractInstanceRegistry  : Running the evict task with compensationTime 0ms
2026-03-27T11:16:30.830+05:30  INFO 24220 --- [Eureka-Server] [a-EvictionTimer] c.n.e.registry.AbstractInstanceRegistry  : Running the evict task with compensationTime 0ms
2026-03-27T11:16:31.830+05:30  INFO 24220 --- [Eureka-Server] [a-EvictionTimer] c.n.e.registry.AbstractInstanceRegistry  : Running the evict task with compensationTime 0ms
2026-03-27T11:16:32.830+05:30  INFO 24220 --- [Eureka-Server] [a-EvictionTimer] c.n.e.registry.AbstractInstanceRegistry  : Running the evict task with compensationTime 0ms
2026-03-27T11:16:33.831+05:30  INFO 24220 --- [Eureka-Server] [a-EvictionTimer] c.n.e.registry.AbstractInstanceRegistry  : Running the evict task with compensationTime 0ms
2026-03-27T11:16:34.831+05:30  INFO 24220 --- [Eureka-Server] [a-EvictionTimer] c.n.e.registry.AbstractInstanceRegistry  : Running the evict task with compensationTime 0ms
2026-03-27T11:16:35.832+05:30  INFO 24220 --- [Eureka-Server] [a-EvictionTimer] c.n.e.registry.AbstractInstanceRegistry  : Running the evict task with compensationTime 1ms
2026-03-27T11:16:36.832+05:30  INFO 24220 --- [Eureka-Server] [a-EvictionTimer] c.n.e.registry.AbstractInstanceRegistry  : Running the evict task with compensationTime 0ms
2026-03-27T11:16:37.832+05:30  INFO 24220 --- [Eureka-Server] [a-EvictionTimer] c.n.e.registry.AbstractInstanceRegistry  : Running the evict task with compensationTime 0ms
2026-03-27T11:16:38.833+05:30  INFO 24220 --- [Eureka-Server] [a-EvictionTimer] c.n.e.registry.AbstractInstanceRegistry  : Running the evict task with compensationTime 0ms
2026-03-27T11:16:39.833+05:30  INFO 24220 --- [Eureka-Server] [a-EvictionTimer] c.n.e.registry.AbstractInstanceRegistry  : Running the evict task with compensationTime 0ms
2026-03-27T11:16:40.833+05:30  INFO 24220 --- [Eureka-Server] [a-EvictionTimer] c.n.e.registry.AbstractInstanceRegistry  : Running the evict task with compensationTime 0ms
2026-03-27T11:16:41.834+05:30  INFO 24220 --- [Eureka-Server] [a-EvictionTimer] c.n.e.registry.AbstractInstanceRegistry  : Running the evict task with compensationTime 0ms
2026-03-27T11:16:42.834+05:30  INFO 24220 --- [Eureka-Server] [a-EvictionTimer] c.n.e.registry.AbstractInstanceRegistry  : Running the evict task with compensationTime 0ms
2026-03-27T11:16:43.834+05:30  INFO 24220 --- [Eureka-Server] [a-EvictionTimer] c.n.e.registry.AbstractInstanceRegistry  : Running the evict task with compensationTime 0ms
2026-03-27T11:16:44.834+05:30  INFO 24220 --- [Eureka-Server] [a-EvictionTimer] c.n.e.registry.AbstractInstanceRegistry  : Running the evict task with compensationTime 0ms
2026-03-27T11:16:45.835+05:30  INFO 24220 --- [Eureka-Server] [a-EvictionTimer] c.n.e.registry.AbstractInstanceRegistry  : Running the evict task with compensationTime 0ms
2026-03-27T11:16:46.836+05:30  INFO 24220 --- [Eureka-Server] [a-EvictionTimer] c.n.e.registry.AbstractInstanceRegistry  : Running the evict task with compensationTime 0ms
2026-03-27T11:16:47.836+05:30  INFO 24220 --- [Eureka-Server] [a-EvictionTimer] c.n.e.registry.AbstractInstanceRegistry  : Running the evict task with compensationTime 0ms
2026-03-27T11:16:48.836+05:30  INFO 24220 --- [Eureka-Server] [a-EvictionTimer] c.n.e.registry.AbstractInstanceRegistry  : Running the evict task with compensationTime 0ms
2026-03-27T11:16:49.836+05:30  INFO 24220 --- [Eureka-Server] [a-EvictionTimer] c.n.e.registry.AbstractInstanceRegistry  : Running the evict task with compensationTime 0ms
2026-03-27T11:16:50.837+05:30  INFO 24220 --- [Eureka-Server] [a-EvictionTimer] c.n.e.registry.AbstractInstanceRegistry  : Running the evict task with compensationTime 0ms
2026-03-27T11:16:51.838+05:30  INFO 24220 --- [Eureka-Server] [a-EvictionTimer] c.n.e.registry.AbstractInstanceRegistry  : Running the evict task with compensationTime 1ms
2026-03-27T11:16:52.838+05:30  INFO 24220 --- [Eureka-Server] [a-EvictionTimer] c.n.e.registry.AbstractInstanceRegistry  : Running the evict task with compensationTime 0ms
2026-03-27T11:16:53.839+05:30  INFO 24220 --- [Eureka-Server] [a-EvictionTimer] c.n.e.registry.AbstractInstanceRegistry  : Running the evict task with compensationTime 0ms
2026-03-27T11:16:54.840+05:30  INFO 24220 --- [Eureka-Server] [a-EvictionTimer] c.n.e.registry.AbstractInstanceRegistry  : Running the evict task with compensationTime 1ms
2026-03-27T11:16:55.840+05:30  INFO 24220 --- [Eureka-Server] [a-EvictionTimer] c.n.e.registry.AbstractInstanceRegistry  : Running the evict task with compensationTime 0ms
2026-03-27T11:16:56.840+05:30  INFO 24220 --- [Eureka-Server] [a-EvictionTimer] c.n.e.registry.AbstractInstanceRegistry  : Running the evict task with compensationTime 0ms
2026-03-27T11:16:57.840+05:30  INFO 24220 --- [Eureka-Server] [a-EvictionTimer] c.n.e.registry.AbstractInstanceRegistry  : Running the evict task with compensationTime 0ms
2026-03-27T11:16:58.840+05:30  INFO 24220 --- [Eureka-Server] [a-EvictionTimer] c.n.e.registry.AbstractInstanceRegistry  : Running the evict task with compensationTime 0ms
2026-03-27T11:16:59.840+05:30  INFO 24220 --- [Eureka-Server] [a-EvictionTimer] c.n.e.registry.AbstractInstanceRegistry  : Running the evict task with compensationTime 0ms
2026-03-27T11:17:00.840+05:30  INFO 24220 --- [Eureka-Server] [a-EvictionTimer] c.n.e.registry.AbstractInstanceRegistry  : Running the evict task with compensationTime 0ms
2026-03-27T11:17:01.841+05:30  INFO 24220 --- [Eureka-Server] [a-EvictionTimer] c.n.e.registry.AbstractInstanceRegistry  : Running the evict task with compensationTime 0ms
2026-03-27T11:17:02.841+05:30  INFO 24220 --- [Eureka-Server] [a-EvictionTimer] c.n.e.registry.AbstractInstanceRegistry  : Running the evict task with compensationTime 0ms
2026-03-27T11:17:03.841+05:30  INFO 24220 --- [Eureka-Server] [a-EvictionTimer] c.n.e.registry.AbstractInstanceRegistry  : Running the evict task with compensationTime 0ms
2026-03-27T11:17:04.842+05:30  INFO 24220 --- [Eureka-Server] [a-EvictionTimer] c.n.e.registry.AbstractInstanceRegistry  : Running the evict task with compensationTime 0ms
2026-03-27T11:17:05.843+05:30  INFO 24220 --- [Eureka-Server] [a-EvictionTimer] c.n.e.registry.AbstractInstanceRegistry  : Running the evict task with compensationTime 1ms
2026-03-27T11:17:06.843+05:30  INFO 24220 --- [Eureka-Server] [a-EvictionTimer] c.n.e.registry.AbstractInstanceRegistry  : Running the evict task with compensationTime 0ms
2026-03-27T11:17:07.843+05:30  INFO 24220 --- [Eureka-Server] [a-EvictionTimer] c.n.e.registry.AbstractInstanceRegistry  : Running the evict task with compensationTime 0ms
2026-03-27T11:17:08.843+05:30  INFO 24220 --- [Eureka-Server] [a-EvictionTimer] c.n.e.registry.AbstractInstanceRegistry  : Running the evict task with compensationTime 0ms
2026-03-27T11:17:09.844+05:30  INFO 24220 --- [Eureka-Server] [a-EvictionTimer] c.n.e.registry.AbstractInstanceRegistry  : Running the evict task with compensationTime 0ms
2026-03-27T11:17:10.845+05:30  INFO 24220 --- [Eureka-Server] [a-EvictionTimer] c.n.e.registry.AbstractInstanceRegistry  : Running the evict task with compensationTime 0ms
2026-03-27T11:17:11.845+05:30  INFO 24220 --- [Eureka-Server] [a-EvictionTimer] c.n.e.registry.AbstractInstanceRegistry  : Running the evict task with compensationTime 1ms
2026-03-27T11:17:12.846+05:30  INFO 24220 --- [Eureka-Server] [a-EvictionTimer] c.n.e.registry.AbstractInstanceRegistry  : Running the evict task with compensationTime 1ms
2026-03-27T11:17:13.846+05:30  INFO 24220 --- [Eureka-Server] [a-EvictionTimer] c.n.e.registry.AbstractInstanceRegistry  : Running the evict task with compensationTime 0ms
2026-03-27T11:17:14.846+05:30  INFO 24220 --- [Eureka-Server] [a-EvictionTimer] c.n.e.registry.AbstractInstanceRegistry  : Running the evict task with compensationTime 0ms
2026-03-27T11:17:15.847+05:30  INFO 24220 --- [Eureka-Server] [a-EvictionTimer] c.n.e.registry.AbstractInstanceRegistry  : Running the evict task with compensationTime 0ms
2026-03-27T11:17:16.847+05:30  INFO 24220 --- [Eureka-Server] [a-EvictionTimer] c.n.e.registry.AbstractInstanceRegistry  : Running the evict task with compensationTime 0ms
2026-03-27T11:17:17.847+05:30  INFO 24220 --- [Eureka-Server] [a-EvictionTimer] c.n.e.registry.AbstractInstanceRegistry  : Running the evict task with compensationTime 0ms
2026-03-27T11:17:18.848+05:30  INFO 24220 --- [Eureka-Server] [a-EvictionTimer] c.n.e.registry.AbstractInstanceRegistry  : Running the evict task with compensationTime 1ms
2026-03-27T11:17:19.848+05:30  INFO 24220 --- [Eureka-Server] [a-EvictionTimer] c.n.e.registry.AbstractInstanceRegistry  : Running the evict task with compensationTime 0ms
2026-03-27T11:17:20.848+05:30  INFO 24220 --- [Eureka-Server] [a-EvictionTimer] c.n.e.registry.AbstractInstanceRegistry  : Running the evict task with compensationTime 0ms
2026-03-27T11:17:21.850+05:30  INFO 24220 --- [Eureka-Server] [a-EvictionTimer] c.n.e.registry.AbstractInstanceRegistry  : Running the evict task with compensationTime 1ms
2026-03-27T11:17:22.850+05:30  INFO 24220 --- [Eureka-Server] [a-EvictionTimer] c.n.e.registry.AbstractInstanceRegistry  : Running the evict task with compensationTime 0ms
2026-03-27T11:17:23.850+05:30  INFO 24220 --- [Eureka-Server] [a-EvictionTimer] c.n.e.registry.AbstractInstanceRegistry  : Running the evict task with compensationTime 0ms
2026-03-27T11:17:23.916+05:30  INFO 24220 --- [Eureka-Server] [nio-8761-exec-7] c.n.e.registry.AbstractInstanceRegistry  : Registered instance USER-SERVICE/localhost:user-service:7500 with status DOWN (replication=false)
2026-03-27T11:17:24.851+05:30  INFO 24220 --- [Eureka-Server] [a-EvictionTimer] c.n.e.registry.AbstractInstanceRegistry  : Running the evict task with compensationTime 0ms
2026-03-27T11:17:25.851+05:30  INFO 24220 --- [Eureka-Server] [a-EvictionTimer] c.n.e.registry.AbstractInstanceRegistry  : Running the evict task with compensationTime 0ms
2026-03-27T11:17:26.851+05:30  INFO 24220 --- [Eureka-Server] [a-EvictionTimer] c.n.e.registry.AbstractInstanceRegistry  : Running the evict task with compensationTime 0ms
2026-03-27T11:17:26.964+05:30  INFO 24220 --- [Eureka-Server] [io-8761-exec-10] c.n.e.registry.AbstractInstanceRegistry  : Cancelled instance USER-SERVICE/localhost:user-service:7500 (replication=false)
2026-03-27T11:17:27.852+05:30  INFO 24220 --- [Eureka-Server] [a-EvictionTimer] c.n.e.registry.AbstractInstanceRegistry  : Running the evict task with compensationTime 1ms
2026-03-27T11:17:27.853+05:30  INFO 24220 --- [Eureka-Server] [a-EvictionTimer] c.n.e.registry.AbstractInstanceRegistry  : Evicting 1 items (expired=1, evictionLimit=2)
2026-03-27T11:17:27.855+05:30  WARN 24220 --- [Eureka-Server] [a-EvictionTimer] c.n.e.registry.AbstractInstanceRegistry  : DS: Registry: expired lease for TRANSACTION-SERVICE/localhost:Transaction-Service:7506
2026-03-27T11:17:27.856+05:30  INFO 24220 --- [Eureka-Server] [a-EvictionTimer] c.n.e.registry.AbstractInstanceRegistry  : Cancelled instance TRANSACTION-SERVICE/localhost:Transaction-Service:7506 (replication=false)
2026-03-27T11:17:28.852+05:30  INFO 24220 --- [Eureka-Server] [a-EvictionTimer] c.n.e.registry.AbstractInstanceRegistry  : Running the evict task with compensationTime 0ms
2026-03-27T11:17:29.852+05:30  INFO 24220 --- [Eureka-Server] [a-EvictionTimer] c.n.e.registry.AbstractInstanceRegistry  : Running the evict task with compensationTime 0ms
2026-03-27T11:17:30.852+05:30  INFO 24220 --- [Eureka-Server] [a-EvictionTimer] c.n.e.registry.AbstractInstanceRegistry  : Running the evict task with compensationTime 0ms
2026-03-27T11:17:31.854+05:30  INFO 24220 --- [Eureka-Server] [a-EvictionTimer] c.n.e.registry.AbstractInstanceRegistry  : Running the evict task with compensationTime 1ms
2026-03-27T11:17:32.379+05:30  INFO 24220 --- [Eureka-Server] [nio-8761-exec-7] c.n.e.registry.AbstractInstanceRegistry  : Registered instance USER-SERVICE/localhost:user-service:7500 with status UP (replication=false)
2026-03-27T11:17:32.854+05:30  INFO 24220 --- [Eureka-Server] [a-EvictionTimer] c.n.e.registry.AbstractInstanceRegistry  : Running the evict task with compensationTime 0ms
2026-03-27T11:17:33.417+05:30  INFO 24220 --- [Eureka-Server] [nio-8761-exec-6] c.n.e.registry.AbstractInstanceRegistry  : Registered instance USER-SERVICE/localhost:user-service:7500 with status DOWN (replication=false)
2026-03-27T11:17:33.854+05:30  INFO 24220 --- [Eureka-Server] [a-EvictionTimer] c.n.e.registry.AbstractInstanceRegistry  : Running the evict task with compensationTime 0ms
2026-03-27T11:17:34.855+05:30  INFO 24220 --- [Eureka-Server] [a-EvictionTimer] c.n.e.registry.AbstractInstanceRegistry  : Running the evict task with compensationTime 0ms
2026-03-27T11:17:35.856+05:30  INFO 24220 --- [Eureka-Server] [a-EvictionTimer] c.n.e.registry.AbstractInstanceRegistry  : Running the evict task with compensationTime 0ms
2026-03-27T11:17:36.463+05:30  INFO 24220 --- [Eureka-Server] [io-8761-exec-10] c.n.e.registry.AbstractInstanceRegistry  : Cancelled instance USER-SERVICE/localhost:user-service:7500 (replication=false)
2026-03-27T11:17:36.856+05:30  INFO 24220 --- [Eureka-Server] [a-EvictionTimer] c.n.e.registry.AbstractInstanceRegistry  : Running the evict task with compensationTime 0ms
2026-03-27T11:17:37.856+05:30  INFO 24220 --- [Eureka-Server] [a-EvictionTimer] c.n.e.registry.AbstractInstanceRegistry  : Running the evict task with compensationTime 0ms
2026-03-27T11:17:38.856+05:30  INFO 24220 --- [Eureka-Server] [a-EvictionTimer] c.n.e.registry.AbstractInstanceRegistry  : Running the evict task with compensationTime 0ms
2026-03-27T11:17:39.856+05:30  INFO 24220 --- [Eureka-Server] [a-EvictionTimer] c.n.e.registry.AbstractInstanceRegistry  : Running the evict task with compensationTime 0ms
2026-03-27T11:17:40.857+05:30  INFO 24220 --- [Eureka-Server] [a-EvictionTimer] c.n.e.registry.AbstractInstanceRegistry  : Running the evict task with compensationTime 0ms
2026-03-27T11:17:41.255+05:30  INFO 24220 --- [Eureka-Server] [nio-8761-exec-3] c.n.e.registry.AbstractInstanceRegistry  : Registered instance USER-SERVICE/localhost:user-service:7500 with status UP (replication=false)
2026-03-27T11:17:41.859+05:30  INFO 24220 --- [Eureka-Server] [a-EvictionTimer] c.n.e.registry.AbstractInstanceRegistry  : Running the evict task with compensationTime 1ms
2026-03-27T11:17:42.860+05:30  INFO 24220 --- [Eureka-Server] [a-EvictionTimer] c.n.e.registry.AbstractInstanceRegistry  : Running the evict task with compensationTime 0ms
2026-03-27T11:17:43.860+05:30  INFO 24220 --- [Eureka-Server] [a-EvictionTimer] c.n.e.registry.AbstractInstanceRegistry  : Running the evict task with compensationTime 0ms
2026-03-27T11:17:44.860+05:30  INFO 24220 --- [Eureka-Server] [a-EvictionTimer] c.n.e.registry.AbstractInstanceRegistry  : Running the evict task with compensationTime 0ms
2026-03-27T11:17:45.861+05:30  INFO 24220 --- [Eureka-Server] [a-EvictionTimer] c.n.e.registry.AbstractInstanceRegistry  : Running the evict task with compensationTime 0ms
2026-03-27T11:17:46.854+05:30  INFO 24220 --- [Eureka-Server] [io-8761-exec-10] c.n.e.registry.AbstractInstanceRegistry  : Registered instance ADMIN-SERVICE/localhost:Admin-Service:7501 with status DOWN (replication=false)
2026-03-27T11:17:46.862+05:30  INFO 24220 --- [Eureka-Server] [a-EvictionTimer] c.n.e.registry.AbstractInstanceRegistry  : Running the evict task with compensationTime 0ms
2026-03-27T11:17:47.862+05:30  INFO 24220 --- [Eureka-Server] [a-EvictionTimer] c.n.e.registry.AbstractInstanceRegistry  : Running the evict task with compensationTime 0ms
2026-03-27T11:17:48.863+05:30  INFO 24220 --- [Eureka-Server] [a-EvictionTimer] c.n.e.registry.AbstractInstanceRegistry  : Running the evict task with compensationTime 0ms
2026-03-27T11:17:48.904+05:30  INFO 24220 --- [Eureka-Server] [nio-8761-exec-4] c.n.e.registry.AbstractInstanceRegistry  : Registered instance KYC-SERVICE/localhost:KYC-SERVICE:7502 with status DOWN (replication=false)
2026-03-27T11:17:49.863+05:30  INFO 24220 --- [Eureka-Server] [a-EvictionTimer] c.n.e.registry.AbstractInstanceRegistry  : Running the evict task with compensationTime 0ms
2026-03-27T11:17:49.923+05:30  INFO 24220 --- [Eureka-Server] [nio-8761-exec-3] c.n.e.registry.AbstractInstanceRegistry  : Cancelled instance ADMIN-SERVICE/localhost:Admin-Service:7501 (replication=false)
2026-03-27T11:17:50.863+05:30  INFO 24220 --- [Eureka-Server] [a-EvictionTimer] c.n.e.registry.AbstractInstanceRegistry  : Running the evict task with compensationTime 0ms
2026-03-27T11:17:51.864+05:30  INFO 24220 --- [Eureka-Server] [a-EvictionTimer] c.n.e.registry.AbstractInstanceRegistry  : Running the evict task with compensationTime 0ms
2026-03-27T11:17:51.987+05:30  INFO 24220 --- [Eureka-Server] [nio-8761-exec-4] c.n.e.registry.AbstractInstanceRegistry  : Cancelled instance KYC-SERVICE/localhost:KYC-SERVICE:7502 (replication=false)
2026-03-27T11:17:52.864+05:30  INFO 24220 --- [Eureka-Server] [a-EvictionTimer] c.n.e.registry.AbstractInstanceRegistry  : Running the evict task with compensationTime 0ms
2026-03-27T11:17:53.864+05:30  INFO 24220 --- [Eureka-Server] [a-EvictionTimer] c.n.e.registry.AbstractInstanceRegistry  : Running the evict task with compensationTime 0ms
2026-03-27T11:17:54.865+05:30  INFO 24220 --- [Eureka-Server] [a-EvictionTimer] c.n.e.registry.AbstractInstanceRegistry  : Running the evict task with compensationTime 0ms
2026-03-27T11:17:55.377+05:30  INFO 24220 --- [Eureka-Server] [nio-8761-exec-9] c.n.e.registry.AbstractInstanceRegistry  : Registered instance ADMIN-SERVICE/localhost:Admin-Service:7501 with status UP (replication=false)
2026-03-27T11:17:55.865+05:30  INFO 24220 --- [Eureka-Server] [a-EvictionTimer] c.n.e.registry.AbstractInstanceRegistry  : Running the evict task with compensationTime 0ms
2026-03-27T11:17:56.865+05:30  INFO 24220 --- [Eureka-Server] [a-EvictionTimer] c.n.e.registry.AbstractInstanceRegistry  : Running the evict task with compensationTime 0ms
2026-03-27T11:17:56.918+05:30  INFO 24220 --- [Eureka-Server] [nio-8761-exec-7] c.n.e.registry.AbstractInstanceRegistry  : Registered instance KYC-SERVICE/localhost:KYC-SERVICE:7502 with status UP (replication=false)
2026-03-27T11:17:57.866+05:30  INFO 24220 --- [Eureka-Server] [a-EvictionTimer] c.n.e.registry.AbstractInstanceRegistry  : Running the evict task with compensationTime 1ms
2026-03-27T11:17:58.866+05:30  INFO 24220 --- [Eureka-Server] [a-EvictionTimer] c.n.e.registry.AbstractInstanceRegistry  : Running the evict task with compensationTime 0ms
2026-03-27T11:17:59.867+05:30  INFO 24220 --- [Eureka-Server] [a-EvictionTimer] c.n.e.registry.AbstractInstanceRegistry  : Running the evict task with compensationTime 0ms
2026-03-27T11:18:00.867+05:30  INFO 24220 --- [Eureka-Server] [a-EvictionTimer] c.n.e.registry.AbstractInstanceRegistry  : Running the evict task with compensationTime 0ms
2026-03-27T11:18:01.867+05:30  INFO 24220 --- [Eureka-Server] [a-EvictionTimer] c.n.e.registry.AbstractInstanceRegistry  : Running the evict task with compensationTime 0ms
2026-03-27T11:18:02.868+05:30  INFO 24220 --- [Eureka-Server] [a-EvictionTimer] c.n.e.registry.AbstractInstanceRegistry  : Running the evict task with compensationTime 0ms
2026-03-27T11:18:03.869+05:30  INFO 24220 --- [Eureka-Server] [a-EvictionTimer] c.n.e.registry.AbstractInstanceRegistry  : Running the evict task with compensationTime 0ms
2026-03-27T11:18:04.869+05:30  INFO 24220 --- [Eureka-Server] [a-EvictionTimer] c.n.e.registry.AbstractInstanceRegistry  : Running the evict task with compensationTime 0ms
2026-03-27T11:18:05.869+05:30  INFO 24220 --- [Eureka-Server] [a-EvictionTimer] c.n.e.registry.AbstractInstanceRegistry  : Running the evict task with compensationTime 0ms
2026-03-27T11:18:06.870+05:30  INFO 24220 --- [Eureka-Server] [a-EvictionTimer] c.n.e.registry.AbstractInstanceRegistry  : Running the evict task with compensationTime 0ms
2026-03-27T11:18:07.870+05:30  INFO 24220 --- [Eureka-Server] [a-EvictionTimer] c.n.e.registry.AbstractInstanceRegistry  : Running the evict task with compensationTime 0ms
2026-03-27T11:18:08.871+05:30  INFO 24220 --- [Eureka-Server] [a-EvictionTimer] c.n.e.registry.AbstractInstanceRegistry  : Running the evict task with compensationTime 0ms
2026-03-27T11:18:09.872+05:30  INFO 24220 --- [Eureka-Server] [a-EvictionTimer] c.n.e.registry.AbstractInstanceRegistry  : Running the evict task with compensationTime 0ms
2026-03-27T11:18:10.873+05:30  INFO 24220 --- [Eureka-Server] [a-EvictionTimer] c.n.e.registry.AbstractInstanceRegistry  : Running the evict task with compensationTime 1ms
2026-03-27T11:18:11.874+05:30  INFO 24220 --- [Eureka-Server] [a-EvictionTimer] c.n.e.registry.AbstractInstanceRegistry  : Running the evict task with compensationTime 0ms
2026-03-27T11:18:12.875+05:30  INFO 24220 --- [Eureka-Server] [a-EvictionTimer] c.n.e.registry.AbstractInstanceRegistry  : Running the evict task with compensationTime 0ms
