[INFO] Scanning for projects...
[INFO] 
[INFO] --------------------< com.payment-app:User-Service >--------------------
[INFO] Building User-Service 0.0.1-SNAPSHOT
[INFO]   from pom.xml
[INFO] --------------------------------[ jar ]---------------------------------
[INFO] 
[INFO] >>> spring-boot:3.3.5:run (default-cli) > test-compile @ User-Service >>>
[INFO] 
[INFO] --- resources:3.3.1:resources (default-resources) @ User-Service ---
[INFO] Copying 1 resource from src\main\resources to target\classes
[INFO] Copying 0 resource from src\main\resources to target\classes
[INFO] 
[INFO] --- compiler:3.13.0:compile (default-compile) @ User-Service ---
[INFO] Nothing to compile - all classes are up to date.
[INFO] 
[INFO] --- resources:3.3.1:testResources (default-testResources) @ User-Service ---
[INFO] skip non existing resourceDirectory C:\Users\Asus\Desktop\Payment-wallet\User-Service\src\test\resources
[INFO] 
[INFO] --- compiler:3.13.0:testCompile (default-testCompile) @ User-Service ---
[INFO] Nothing to compile - all classes are up to date.
[INFO] 
[INFO] <<< spring-boot:3.3.5:run (default-cli) < test-compile @ User-Service <<<
[INFO] 
[INFO] 
[INFO] --- spring-boot:3.3.5:run (default-cli) @ User-Service ---
[INFO] Attaching agents: []

  .   ____          _            __ _ _
 /\\ / ___'_ __ _ _(_)_ __  __ _ \ \ \ \
( ( )\___ | '_ | '_| | '_ \/ _` | \ \ \ \
 \\/  ___)| |_)| | | | | || (_| |  ) ) ) )
  '  |____| .__|_| |_|_| |_\__, | / / / /
 =========|_|==============|___/=/_/_/_/

 :: Spring Boot ::                (v3.3.5)

2026-03-27T11:20:10.884+05:30  INFO 36896 --- [user-service] [  restartedMain] com.user.UserServiceApplication          : Starting UserServiceApplication using Java 21.0.6 with PID 36896 (C:\Users\Asus\Desktop\Payment-wallet\User-Service\target\classes started by Asus in C:\Users\Asus\Desktop\Payment-wallet\User-Service)
2026-03-27T11:20:10.886+05:30 DEBUG 36896 --- [user-service] [  restartedMain] com.user.UserServiceApplication          : Running with Spring Boot v3.3.5, Spring v6.1.14
2026-03-27T11:20:10.887+05:30  INFO 36896 --- [user-service] [  restartedMain] com.user.UserServiceApplication          : No active profile set, falling back to 1 default profile: "default"
2026-03-27T11:20:10.939+05:30  INFO 36896 --- [user-service] [  restartedMain] .e.DevToolsPropertyDefaultsPostProcessor : Devtools property defaults active! Set 'spring.devtools.add-properties' to 'false' to disable
2026-03-27T11:20:10.939+05:30  INFO 36896 --- [user-service] [  restartedMain] .e.DevToolsPropertyDefaultsPostProcessor : For additional web related logging consider setting the 'logging.level.web' property to 'DEBUG'
2026-03-27T11:20:12.120+05:30  INFO 36896 --- [user-service] [  restartedMain] .s.d.r.c.RepositoryConfigurationDelegate : Bootstrapping Spring Data JPA repositories in DEFAULT mode.
2026-03-27T11:20:12.247+05:30  INFO 36896 --- [user-service] [  restartedMain] .s.d.r.c.RepositoryConfigurationDelegate : Finished Spring Data repository scanning in 121 ms. Found 2 JPA repository interfaces.
2026-03-27T11:20:12.515+05:30  INFO 36896 --- [user-service] [  restartedMain] o.s.cloud.context.scope.GenericScope     : BeanFactory id=180de941-d056-3416-ada0-cf9506a629d0
2026-03-27T11:20:12.830+05:30  WARN 36896 --- [user-service] [  restartedMain] trationDelegate$BeanPostProcessorChecker : Bean 'org.springframework.cloud.client.loadbalancer.LoadBalancerAutoConfiguration$DeferringLoadBalancerInterceptorConfig' of type [org.springframework.cloud.client.loadbalancer.LoadBalancerAutoConfiguration$DeferringLoadBalancerInterceptorConfig] is not eligible for getting processed by all BeanPostProcessors (for example: not eligible for auto-proxying). The currently created BeanPostProcessor [lbRestClientPostProcessor] is declared through a non-static factory method on that class; consider declaring it as static instead.
2026-03-27T11:20:12.835+05:30  WARN 36896 --- [user-service] [  restartedMain] trationDelegate$BeanPostProcessorChecker : Bean 'deferringLoadBalancerInterceptor' of type [org.springframework.cloud.client.loadbalancer.DeferringLoadBalancerInterceptor] is not eligible for getting processed by all BeanPostProcessors (for example: not eligible for auto-proxying). Is this bean getting eagerly injected/applied to a currently created BeanPostProcessor [lbRestClientPostProcessor]? Check the corresponding BeanPostProcessor declaration and its dependencies/advisors. If this bean does not have to be post-processed, declare it with ROLE_INFRASTRUCTURE.
2026-03-27T11:20:13.245+05:30  INFO 36896 --- [user-service] [  restartedMain] o.s.b.w.embedded.tomcat.TomcatWebServer  : Tomcat initialized with port 7500 (http)
2026-03-27T11:20:13.259+05:30  INFO 36896 --- [user-service] [  restartedMain] o.apache.catalina.core.StandardService   : Starting service [Tomcat]
2026-03-27T11:20:13.260+05:30  INFO 36896 --- [user-service] [  restartedMain] o.apache.catalina.core.StandardEngine    : Starting Servlet engine: [Apache Tomcat/10.1.31]
2026-03-27T11:20:13.311+05:30  INFO 36896 --- [user-service] [  restartedMain] o.a.c.c.C.[Tomcat].[localhost].[/]       : Initializing Spring embedded WebApplicationContext
2026-03-27T11:20:13.313+05:30  INFO 36896 --- [user-service] [  restartedMain] w.s.c.ServletWebServerApplicationContext : Root WebApplicationContext: initialization completed in 2372 ms
2026-03-27T11:20:13.581+05:30 DEBUG 36896 --- [user-service] [  restartedMain] o.s.w.f.ServerHttpObservationFilter      : Filter 'webMvcObservationFilter' configured for use
2026-03-27T11:20:13.583+05:30 DEBUG 36896 --- [user-service] [  restartedMain] o.s.web.filter.ForwardedHeaderFilter     : Filter 'forwardedHeaderFilter' configured for use
2026-03-27T11:20:13.583+05:30 DEBUG 36896 --- [user-service] [  restartedMain] com.user.Security.JwtFilter              : Filter 'jwtFilter' configured for use
2026-03-27T11:20:13.682+05:30  INFO 36896 --- [user-service] [  restartedMain] com.zaxxer.hikari.HikariDataSource       : HikariPool-1 - Starting...
2026-03-27T11:20:13.820+05:30  INFO 36896 --- [user-service] [  restartedMain] com.zaxxer.hikari.pool.HikariPool        : HikariPool-1 - Added connection org.postgresql.jdbc.PgConnection@5da47bd1
2026-03-27T11:20:13.822+05:30  INFO 36896 --- [user-service] [  restartedMain] com.zaxxer.hikari.HikariDataSource       : HikariPool-1 - Start completed.
2026-03-27T11:20:13.856+05:30  INFO 36896 --- [user-service] [  restartedMain] o.hibernate.jpa.internal.util.LogHelper  : HHH000204: Processing PersistenceUnitInfo [name: default]
2026-03-27T11:20:13.899+05:30  INFO 36896 --- [user-service] [  restartedMain] org.hibernate.Version                    : HHH000412: Hibernate ORM core version 6.5.3.Final
2026-03-27T11:20:13.925+05:30  INFO 36896 --- [user-service] [  restartedMain] o.h.c.internal.RegionFactoryInitiator    : HHH000026: Second-level cache disabled
2026-03-27T11:20:14.182+05:30  INFO 36896 --- [user-service] [  restartedMain] o.s.o.j.p.SpringPersistenceUnitInfo      : No LoadTimeWeaver setup: ignoring JPA class transformer
2026-03-27T11:20:15.026+05:30  INFO 36896 --- [user-service] [  restartedMain] o.h.e.t.j.p.i.JtaPlatformInitiator       : HHH000489: No JTA platform available (set 'hibernate.transaction.jta.platform' to enable JTA platform integration)
2026-03-27T11:20:15.029+05:30  INFO 36896 --- [user-service] [  restartedMain] j.LocalContainerEntityManagerFactoryBean : Initialized JPA EntityManagerFactory for persistence unit 'default'
2026-03-27T11:20:15.744+05:30  WARN 36896 --- [user-service] [  restartedMain] JpaBaseConfiguration$JpaWebConfiguration : spring.jpa.open-in-view is enabled by default. Therefore, database queries may be performed during view rendering. Explicitly configure spring.jpa.open-in-view to disable this warning
2026-03-27T11:20:15.773+05:30 TRACE 36896 --- [user-service] [  restartedMain] eGlobalAuthenticationAutowiredConfigurer : Eagerly initializing {securityConfig=com.user.SecurityConfig$$SpringCGLIB$$0@27360768}
2026-03-27T11:20:15.779+05:30  WARN 36896 --- [user-service] [  restartedMain] .s.s.UserDetailsServiceAutoConfiguration : 

Using generated security password: a454e6ca-499e-4183-b42d-bffd7a30acf8

This generated password is for development use only. Your security configuration must be updated before running your application in production.

2026-03-27T11:20:15.787+05:30  INFO 36896 --- [user-service] [  restartedMain] r$InitializeUserDetailsManagerConfigurer : Global AuthenticationManager configured with UserDetailsService bean with name inMemoryUserDetailsManager
2026-03-27T11:20:15.931+05:30 DEBUG 36896 --- [user-service] [  restartedMain] s.w.s.m.m.a.RequestMappingHandlerMapping : 18 mappings in 'requestMappingHandlerMapping'
2026-03-27T11:20:16.037+05:30 DEBUG 36896 --- [user-service] [  restartedMain] o.s.w.s.handler.SimpleUrlHandlerMapping  : Patterns [/webjars/**, /**, /swagger-ui*/*swagger-initializer.js, /swagger-ui*/**] in 'resourceHandlerMapping'
2026-03-27T11:20:17.145+05:30  INFO 36896 --- [user-service] [  restartedMain] o.s.cloud.commons.util.InetUtils         : Cannot determine local hostname
2026-03-27T11:20:17.250+05:30  INFO 36896 --- [user-service] [  restartedMain] o.s.b.a.e.web.EndpointLinksResolver      : Exposing 3 endpoints beneath base path '/actuator'
2026-03-27T11:20:17.317+05:30 DEBUG 36896 --- [user-service] [  restartedMain] o.s.s.web.DefaultSecurityFilterChain     : Will secure any request with filters: DisableEncodeUrlFilter, WebAsyncManagerIntegrationFilter, SecurityContextHolderFilter, HeaderWriterFilter, LogoutFilter, JwtFilter, RequestCacheAwareFilter, SecurityContextHolderAwareRequestFilter, AnonymousAuthenticationFilter, ExceptionTranslationFilter, AuthorizationFilter
2026-03-27T11:20:17.428+05:30 DEBUG 36896 --- [user-service] [  restartedMain] s.w.s.m.m.a.RequestMappingHandlerAdapter : ControllerAdvice beans: 0 @ModelAttribute, 0 @InitBinder, 1 RequestBodyAdvice, 1 ResponseBodyAdvice
2026-03-27T11:20:17.462+05:30 DEBUG 36896 --- [user-service] [  restartedMain] .m.m.a.ExceptionHandlerExceptionResolver : ControllerAdvice beans: 1 @ExceptionHandler, 1 ResponseBodyAdvice
2026-03-27T11:20:17.842+05:30  WARN 36896 --- [user-service] [  restartedMain] o.s.b.d.a.OptionalLiveReloadServer       : Unable to start LiveReload server
2026-03-27T11:20:18.862+05:30  INFO 36896 --- [user-service] [  restartedMain] o.s.cloud.commons.util.InetUtils         : Cannot determine local hostname
2026-03-27T11:20:18.885+05:30  INFO 36896 --- [user-service] [  restartedMain] DiscoveryClientOptionalArgsConfiguration : Eureka HTTP Client uses RestTemplate.
2026-03-27T11:20:18.974+05:30  WARN 36896 --- [user-service] [  restartedMain] iguration$LoadBalancerCaffeineWarnLogger : Spring Cloud LoadBalancer is currently working with the default cache. While this cache implementation is useful for development and tests, it's recommended to use Caffeine cache in production.You can switch to using Caffeine cache, by adding it and org.springframework.cache.caffeine.CaffeineCacheManager to the classpath.
2026-03-27T11:20:19.033+05:30  INFO 36896 --- [user-service] [  restartedMain] o.s.c.n.eureka.InstanceInfoFactory       : Setting initial instance status as: STARTING
2026-03-27T11:20:19.055+05:30  INFO 36896 --- [user-service] [  restartedMain] com.netflix.discovery.DiscoveryClient    : Initializing Eureka in region us-east-1
2026-03-27T11:20:19.060+05:30  INFO 36896 --- [user-service] [  restartedMain] c.n.d.s.r.aws.ConfigClusterResolver      : Resolving eureka endpoints via configuration
2026-03-27T11:20:19.061+05:30 DEBUG 36896 --- [user-service] [  restartedMain] c.n.discovery.endpoint.EndpointUtils     : The availability zone for the given region us-east-1 are [defaultZone]
2026-03-27T11:20:19.062+05:30 DEBUG 36896 --- [user-service] [  restartedMain] c.n.d.s.r.aws.ConfigClusterResolver      : Config resolved to [AwsEndpoint{ serviceUrl='http://127.0.0.1:8761/eureka/', region='us-east-1', zone='defaultZone'}]
2026-03-27T11:20:19.063+05:30 DEBUG 36896 --- [user-service] [  restartedMain] c.n.d.s.r.a.ZoneAffinityClusterResolver  : Local zone=defaultZone; resolved to: [AwsEndpoint{ serviceUrl='http://127.0.0.1:8761/eureka/', region='us-east-1', zone='defaultZone'}]
2026-03-27T11:20:19.070+05:30  INFO 36896 --- [user-service] [  restartedMain] com.netflix.discovery.DiscoveryClient    : Disable delta property : false
2026-03-27T11:20:19.070+05:30  INFO 36896 --- [user-service] [  restartedMain] com.netflix.discovery.DiscoveryClient    : Single vip registry refresh property : null
2026-03-27T11:20:19.072+05:30  INFO 36896 --- [user-service] [  restartedMain] com.netflix.discovery.DiscoveryClient    : Force full registry fetch : false
2026-03-27T11:20:19.072+05:30  INFO 36896 --- [user-service] [  restartedMain] com.netflix.discovery.DiscoveryClient    : Application is null : false
2026-03-27T11:20:19.072+05:30  INFO 36896 --- [user-service] [  restartedMain] com.netflix.discovery.DiscoveryClient    : Registered Applications size is zero : true
2026-03-27T11:20:19.073+05:30  INFO 36896 --- [user-service] [  restartedMain] com.netflix.discovery.DiscoveryClient    : Application version is -1: true
2026-03-27T11:20:19.073+05:30  INFO 36896 --- [user-service] [  restartedMain] com.netflix.discovery.DiscoveryClient    : Getting all instance registry info from the eureka server
2026-03-27T11:20:19.073+05:30 DEBUG 36896 --- [user-service] [  restartedMain] c.n.d.s.t.d.SessionedEurekaHttpClient    : Ending a session and starting anew
2026-03-27T11:20:19.169+05:30 DEBUG 36896 --- [user-service] [  restartedMain] o.s.web.client.RestTemplate              : HTTP GET http://127.0.0.1:8761/eureka/apps/
2026-03-27T11:20:19.274+05:30 DEBUG 36896 --- [user-service] [  restartedMain] o.s.web.client.RestTemplate              : Accept=[application/json, application/*+json]
2026-03-27T11:20:19.320+05:30  INFO 36896 --- [user-service] [  restartedMain] c.n.d.s.t.d.RedirectingEurekaHttpClient  : Request execution error. endpoint=DefaultEndpoint{ serviceUrl='http://127.0.0.1:8761/eureka/}, exception=I/O error on GET request for "http://127.0.0.1:8761/eureka/apps/": Connect to http://127.0.0.1:8761 [/127.0.0.1] failed: Connection refused: getsockopt stacktrace=org.springframework.web.client.ResourceAccessException: I/O error on GET request for "http://127.0.0.1:8761/eureka/apps/": Connect to http://127.0.0.1:8761 [/127.0.0.1] failed: Connection refused: getsockopt
	at org.springframework.web.client.RestTemplate.createResourceAccessException(RestTemplate.java:915)
	at org.springframework.web.client.RestTemplate.doExecute(RestTemplate.java:895)
	at org.springframework.web.client.RestTemplate.execute(RestTemplate.java:790)
	at org.springframework.web.client.RestTemplate.exchange(RestTemplate.java:672)
	at org.springframework.cloud.netflix.eureka.http.RestTemplateEurekaHttpClient.getApplicationsInternal(RestTemplateEurekaHttpClient.java:145)
	at org.springframework.cloud.netflix.eureka.http.RestTemplateEurekaHttpClient.getApplications(RestTemplateEurekaHttpClient.java:135)
	at com.netflix.discovery.shared.transport.decorator.EurekaHttpClientDecorator$6.execute(EurekaHttpClientDecorator.java:137)
	at com.netflix.discovery.shared.transport.decorator.RedirectingEurekaHttpClient.executeOnNewServer(RedirectingEurekaHttpClient.java:121)
	at com.netflix.discovery.shared.transport.decorator.RedirectingEurekaHttpClient.execute(RedirectingEurekaHttpClient.java:80)
	at com.netflix.discovery.shared.transport.decorator.EurekaHttpClientDecorator.getApplications(EurekaHttpClientDecorator.java:134)
	at com.netflix.discovery.shared.transport.decorator.EurekaHttpClientDecorator$6.execute(EurekaHttpClientDecorator.java:137)
	at com.netflix.discovery.shared.transport.decorator.RetryableEurekaHttpClient.execute(RetryableEurekaHttpClient.java:120)
	at com.netflix.discovery.shared.transport.decorator.EurekaHttpClientDecorator.getApplications(EurekaHttpClientDecorator.java:134)
	at com.netflix.discovery.shared.transport.decorator.EurekaHttpClientDecorator$6.execute(EurekaHttpClientDecorator.java:137)
	at com.netflix.discovery.shared.transport.decorator.SessionedEurekaHttpClient.execute(SessionedEurekaHttpClient.java:76)
	at com.netflix.discovery.shared.transport.decorator.EurekaHttpClientDecorator.getApplications(EurekaHttpClientDecorator.java:134)
	at com.netflix.discovery.DiscoveryClient.getAndStoreFullRegistry(DiscoveryClient.java:1046)
	at com.netflix.discovery.DiscoveryClient.fetchRegistry(DiscoveryClient.java:961)
	at com.netflix.discovery.DiscoveryClient.<init>(DiscoveryClient.java:410)
	at com.netflix.discovery.DiscoveryClient.<init>(DiscoveryClient.java:245)
	at com.netflix.discovery.DiscoveryClient.<init>(DiscoveryClient.java:240)
	at org.springframework.cloud.netflix.eureka.CloudEurekaClient.<init>(CloudEurekaClient.java:68)
	at org.springframework.cloud.netflix.eureka.EurekaClientAutoConfiguration$RefreshableEurekaClientConfiguration.eurekaClient(EurekaClientAutoConfiguration.java:321)
	at java.base/jdk.internal.reflect.DirectMethodHandleAccessor.invoke(DirectMethodHandleAccessor.java:103)
	at java.base/java.lang.reflect.Method.invoke(Method.java:580)
	at org.springframework.beans.factory.support.SimpleInstantiationStrategy.instantiate(SimpleInstantiationStrategy.java:146)
	at org.springframework.beans.factory.support.ConstructorResolver.instantiate(ConstructorResolver.java:644)
	at org.springframework.beans.factory.support.ConstructorResolver.instantiateUsingFactoryMethod(ConstructorResolver.java:636)
	at org.springframework.beans.factory.support.AbstractAutowireCapableBeanFactory.instantiateUsingFactoryMethod(AbstractAutowireCapableBeanFactory.java:1355)
	at org.springframework.beans.factory.support.AbstractAutowireCapableBeanFactory.createBeanInstance(AbstractAutowireCapableBeanFactory.java:1185)
	at org.springframework.beans.factory.support.AbstractAutowireCapableBeanFactory.doCreateBean(AbstractAutowireCapableBeanFactory.java:562)
	at org.springframework.beans.factory.support.AbstractAutowireCapableBeanFactory.createBean(AbstractAutowireCapableBeanFactory.java:522)
	at org.springframework.beans.factory.support.AbstractBeanFactory.lambda$doGetBean$1(AbstractBeanFactory.java:376)
	at org.springframework.cloud.context.scope.GenericScope$BeanLifecycleWrapper.getBean(GenericScope.java:375)
	at org.springframework.cloud.context.scope.GenericScope.get(GenericScope.java:179)
	at org.springframework.beans.factory.support.AbstractBeanFactory.doGetBean(AbstractBeanFactory.java:373)
	at org.springframework.beans.factory.support.AbstractBeanFactory.getBean(AbstractBeanFactory.java:200)
	at org.springframework.aop.target.SimpleBeanTargetSource.getTarget(SimpleBeanTargetSource.java:35)
	at org.springframework.cloud.netflix.eureka.serviceregistry.EurekaRegistration.getTargetObject(EurekaRegistration.java:128)
	at org.springframework.cloud.netflix.eureka.serviceregistry.EurekaRegistration.getEurekaClient(EurekaRegistration.java:116)
	at java.base/jdk.internal.reflect.DirectMethodHandleAccessor.invoke(DirectMethodHandleAccessor.java:103)
	at java.base/java.lang.reflect.Method.invoke(Method.java:580)
	at org.springframework.util.ReflectionUtils.invokeMethod(ReflectionUtils.java:281)
	at org.springframework.cloud.context.scope.GenericScope$LockedScopedProxyFactoryBean.invoke(GenericScope.java:482)
	at org.springframework.aop.framework.ReflectiveMethodInvocation.proceed(ReflectiveMethodInvocation.java:184)
	at org.springframework.aop.framework.CglibAopProxy$CglibMethodInvocation.proceed(CglibAopProxy.java:768)
	at org.springframework.aop.framework.CglibAopProxy$DynamicAdvisedInterceptor.intercept(CglibAopProxy.java:720)
	at org.springframework.cloud.netflix.eureka.serviceregistry.EurekaRegistration$$SpringCGLIB$$0.getEurekaClient(<generated>)
	at org.springframework.cloud.netflix.eureka.serviceregistry.EurekaServiceRegistry.maybeInitializeClient(EurekaServiceRegistry.java:83)
	at org.springframework.cloud.netflix.eureka.serviceregistry.EurekaServiceRegistry.register(EurekaServiceRegistry.java:66)
	at org.springframework.cloud.netflix.eureka.serviceregistry.EurekaAutoServiceRegistration.start(EurekaAutoServiceRegistration.java:89)
	at org.springframework.context.support.DefaultLifecycleProcessor.doStart(DefaultLifecycleProcessor.java:285)
	at org.springframework.context.support.DefaultLifecycleProcessor$LifecycleGroup.start(DefaultLifecycleProcessor.java:472)
	at java.base/java.lang.Iterable.forEach(Iterable.java:75)
	at org.springframework.context.support.DefaultLifecycleProcessor.startBeans(DefaultLifecycleProcessor.java:257)
	at org.springframework.context.support.DefaultLifecycleProcessor.onRefresh(DefaultLifecycleProcessor.java:202)
	at org.springframework.context.support.AbstractApplicationContext.finishRefresh(AbstractApplicationContext.java:990)
	at org.springframework.context.support.AbstractApplicationContext.refresh(AbstractApplicationContext.java:628)
	at org.springframework.boot.web.servlet.context.ServletWebServerApplicationContext.refresh(ServletWebServerApplicationContext.java:146)
	at org.springframework.boot.SpringApplication.refresh(SpringApplication.java:754)
	at org.springframework.boot.SpringApplication.refreshContext(SpringApplication.java:456)
	at org.springframework.boot.SpringApplication.run(SpringApplication.java:335)
	at org.springframework.boot.SpringApplication.run(SpringApplication.java:1363)
	at org.springframework.boot.SpringApplication.run(SpringApplication.java:1352)
	at com.user.UserServiceApplication.main(UserServiceApplication.java:13)
	at java.base/jdk.internal.reflect.DirectMethodHandleAccessor.invoke(DirectMethodHandleAccessor.java:103)
	at java.base/java.lang.reflect.Method.invoke(Method.java:580)
	at org.springframework.boot.devtools.restart.RestartLauncher.run(RestartLauncher.java:50)
Caused by: org.apache.hc.client5.http.HttpHostConnectException: Connect to http://127.0.0.1:8761 [/127.0.0.1] failed: Connection refused: getsockopt
	at java.base/sun.nio.ch.Net.pollConnect(Native Method)
	at java.base/sun.nio.ch.Net.pollConnectNow(Net.java:682)
	at java.base/sun.nio.ch.NioSocketImpl.timedFinishConnect(NioSocketImpl.java:542)
	at java.base/sun.nio.ch.NioSocketImpl.connect(NioSocketImpl.java:592)
	at java.base/java.net.SocksSocketImpl.connect(SocksSocketImpl.java:327)
	at java.base/java.net.Socket.connect(Socket.java:751)
	at org.apache.hc.client5.http.socket.PlainConnectionSocketFactory.lambda$connectSocket$0(PlainConnectionSocketFactory.java:91)
	at java.base/java.security.AccessController.doPrivileged(AccessController.java:571)
	at org.apache.hc.client5.http.socket.PlainConnectionSocketFactory.connectSocket(PlainConnectionSocketFactory.java:90)
	at org.apache.hc.client5.http.socket.ConnectionSocketFactory.connectSocket(ConnectionSocketFactory.java:123)
	at org.apache.hc.client5.http.impl.io.DefaultHttpClientConnectionOperator.connect(DefaultHttpClientConnectionOperator.java:189)
	at org.apache.hc.client5.http.impl.io.PoolingHttpClientConnectionManager.connect(PoolingHttpClientConnectionManager.java:450)
	at org.apache.hc.client5.http.impl.classic.InternalExecRuntime.connectEndpoint(InternalExecRuntime.java:162)
	at org.apache.hc.client5.http.impl.classic.InternalExecRuntime.connectEndpoint(InternalExecRuntime.java:172)
	at org.apache.hc.client5.http.impl.classic.ConnectExec.execute(ConnectExec.java:142)
	at org.apache.hc.client5.http.impl.classic.ExecChainElement.execute(ExecChainElement.java:51)
	at org.apache.hc.client5.http.impl.classic.ProtocolExec.execute(ProtocolExec.java:192)
	at org.apache.hc.client5.http.impl.classic.ExecChainElement.execute(ExecChainElement.java:51)
	at org.apache.hc.client5.http.impl.classic.HttpRequestRetryExec.execute(HttpRequestRetryExec.java:113)
	at org.apache.hc.client5.http.impl.classic.ExecChainElement.execute(ExecChainElement.java:51)
	at org.apache.hc.client5.http.impl.classic.ContentCompressionExec.execute(ContentCompressionExec.java:152)
	at org.apache.hc.client5.http.impl.classic.ExecChainElement.execute(ExecChainElement.java:51)
	at org.apache.hc.client5.http.impl.classic.RedirectExec.execute(RedirectExec.java:116)
	at org.apache.hc.client5.http.impl.classic.ExecChainElement.execute(ExecChainElement.java:51)
	at org.apache.hc.client5.http.impl.classic.InternalHttpClient.doExecute(InternalHttpClient.java:170)
	at org.apache.hc.client5.http.impl.classic.CloseableHttpClient.execute(CloseableHttpClient.java:87)
	at org.apache.hc.client5.http.impl.classic.CloseableHttpClient.execute(CloseableHttpClient.java:55)
	at org.apache.hc.client5.http.classic.HttpClient.executeOpen(HttpClient.java:183)
	at org.springframework.http.client.HttpComponentsClientHttpRequest.executeInternal(HttpComponentsClientHttpRequest.java:99)
	at org.springframework.http.client.AbstractStreamingClientHttpRequest.executeInternal(AbstractStreamingClientHttpRequest.java:70)
	at org.springframework.http.client.AbstractClientHttpRequest.execute(AbstractClientHttpRequest.java:66)
	at org.springframework.http.client.InterceptingClientHttpRequest$InterceptingRequestExecution.execute(InterceptingClientHttpRequest.java:112)
	at org.springframework.cloud.netflix.eureka.http.RestTemplateTransportClientFactory.lambda$restTemplate$3(RestTemplateTransportClientFactory.java:170)
	at org.springframework.http.client.InterceptingClientHttpRequest$InterceptingRequestExecution.execute(InterceptingClientHttpRequest.java:88)
	at org.springframework.http.client.InterceptingClientHttpRequest.executeInternal(InterceptingClientHttpRequest.java:72)
	at org.springframework.http.client.AbstractBufferingClientHttpRequest.executeInternal(AbstractBufferingClientHttpRequest.java:48)
	at org.springframework.http.client.AbstractClientHttpRequest.execute(AbstractClientHttpRequest.java:66)
	at org.springframework.web.client.RestTemplate.doExecute(RestTemplate.java:889)
	... 66 more

2026-03-27T11:20:19.320+05:30  WARN 36896 --- [user-service] [  restartedMain] c.n.d.s.t.d.RetryableEurekaHttpClient    : Request execution failed with message: I/O error on GET request for "http://127.0.0.1:8761/eureka/apps/": Connect to http://127.0.0.1:8761 [/127.0.0.1] failed: Connection refused: getsockopt
2026-03-27T11:20:19.321+05:30  INFO 36896 --- [user-service] [  restartedMain] com.netflix.discovery.DiscoveryClient    : DiscoveryClient_USER-SERVICE/localhost:user-service:7500 - was unable to refresh its cache! This periodic background refresh will be retried in 30 seconds. status = Cannot execute request on any known server stacktrace = com.netflix.discovery.shared.transport.TransportException: Cannot execute request on any known server
	at com.netflix.discovery.shared.transport.decorator.RetryableEurekaHttpClient.execute(RetryableEurekaHttpClient.java:112)
	at com.netflix.discovery.shared.transport.decorator.EurekaHttpClientDecorator.getApplications(EurekaHttpClientDecorator.java:134)
	at com.netflix.discovery.shared.transport.decorator.EurekaHttpClientDecorator$6.execute(EurekaHttpClientDecorator.java:137)
	at com.netflix.discovery.shared.transport.decorator.SessionedEurekaHttpClient.execute(SessionedEurekaHttpClient.java:76)
	at com.netflix.discovery.shared.transport.decorator.EurekaHttpClientDecorator.getApplications(EurekaHttpClientDecorator.java:134)
	at com.netflix.discovery.DiscoveryClient.getAndStoreFullRegistry(DiscoveryClient.java:1046)
	at com.netflix.discovery.DiscoveryClient.fetchRegistry(DiscoveryClient.java:961)
	at com.netflix.discovery.DiscoveryClient.<init>(DiscoveryClient.java:410)
	at com.netflix.discovery.DiscoveryClient.<init>(DiscoveryClient.java:245)
	at com.netflix.discovery.DiscoveryClient.<init>(DiscoveryClient.java:240)
	at org.springframework.cloud.netflix.eureka.CloudEurekaClient.<init>(CloudEurekaClient.java:68)
	at org.springframework.cloud.netflix.eureka.EurekaClientAutoConfiguration$RefreshableEurekaClientConfiguration.eurekaClient(EurekaClientAutoConfiguration.java:321)
	at java.base/jdk.internal.reflect.DirectMethodHandleAccessor.invoke(DirectMethodHandleAccessor.java:103)
	at java.base/java.lang.reflect.Method.invoke(Method.java:580)
	at org.springframework.beans.factory.support.SimpleInstantiationStrategy.instantiate(SimpleInstantiationStrategy.java:146)
	at org.springframework.beans.factory.support.ConstructorResolver.instantiate(ConstructorResolver.java:644)
	at org.springframework.beans.factory.support.ConstructorResolver.instantiateUsingFactoryMethod(ConstructorResolver.java:636)
	at org.springframework.beans.factory.support.AbstractAutowireCapableBeanFactory.instantiateUsingFactoryMethod(AbstractAutowireCapableBeanFactory.java:1355)
	at org.springframework.beans.factory.support.AbstractAutowireCapableBeanFactory.createBeanInstance(AbstractAutowireCapableBeanFactory.java:1185)
	at org.springframework.beans.factory.support.AbstractAutowireCapableBeanFactory.doCreateBean(AbstractAutowireCapableBeanFactory.java:562)
	at org.springframework.beans.factory.support.AbstractAutowireCapableBeanFactory.createBean(AbstractAutowireCapableBeanFactory.java:522)
	at org.springframework.beans.factory.support.AbstractBeanFactory.lambda$doGetBean$1(AbstractBeanFactory.java:376)
	at org.springframework.cloud.context.scope.GenericScope$BeanLifecycleWrapper.getBean(GenericScope.java:375)
	at org.springframework.cloud.context.scope.GenericScope.get(GenericScope.java:179)
	at org.springframework.beans.factory.support.AbstractBeanFactory.doGetBean(AbstractBeanFactory.java:373)
	at org.springframework.beans.factory.support.AbstractBeanFactory.getBean(AbstractBeanFactory.java:200)
	at org.springframework.aop.target.SimpleBeanTargetSource.getTarget(SimpleBeanTargetSource.java:35)
	at org.springframework.cloud.netflix.eureka.serviceregistry.EurekaRegistration.getTargetObject(EurekaRegistration.java:128)
	at org.springframework.cloud.netflix.eureka.serviceregistry.EurekaRegistration.getEurekaClient(EurekaRegistration.java:116)
	at java.base/jdk.internal.reflect.DirectMethodHandleAccessor.invoke(DirectMethodHandleAccessor.java:103)
	at java.base/java.lang.reflect.Method.invoke(Method.java:580)
	at org.springframework.util.ReflectionUtils.invokeMethod(ReflectionUtils.java:281)
	at org.springframework.cloud.context.scope.GenericScope$LockedScopedProxyFactoryBean.invoke(GenericScope.java:482)
	at org.springframework.aop.framework.ReflectiveMethodInvocation.proceed(ReflectiveMethodInvocation.java:184)
	at org.springframework.aop.framework.CglibAopProxy$CglibMethodInvocation.proceed(CglibAopProxy.java:768)
	at org.springframework.aop.framework.CglibAopProxy$DynamicAdvisedInterceptor.intercept(CglibAopProxy.java:720)
	at org.springframework.cloud.netflix.eureka.serviceregistry.EurekaRegistration$$SpringCGLIB$$0.getEurekaClient(<generated>)
	at org.springframework.cloud.netflix.eureka.serviceregistry.EurekaServiceRegistry.maybeInitializeClient(EurekaServiceRegistry.java:83)
	at org.springframework.cloud.netflix.eureka.serviceregistry.EurekaServiceRegistry.register(EurekaServiceRegistry.java:66)
	at org.springframework.cloud.netflix.eureka.serviceregistry.EurekaAutoServiceRegistration.start(EurekaAutoServiceRegistration.java:89)
	at org.springframework.context.support.DefaultLifecycleProcessor.doStart(DefaultLifecycleProcessor.java:285)
	at org.springframework.context.support.DefaultLifecycleProcessor$LifecycleGroup.start(DefaultLifecycleProcessor.java:472)
	at java.base/java.lang.Iterable.forEach(Iterable.java:75)
	at org.springframework.context.support.DefaultLifecycleProcessor.startBeans(DefaultLifecycleProcessor.java:257)
	at org.springframework.context.support.DefaultLifecycleProcessor.onRefresh(DefaultLifecycleProcessor.java:202)
	at org.springframework.context.support.AbstractApplicationContext.finishRefresh(AbstractApplicationContext.java:990)
	at org.springframework.context.support.AbstractApplicationContext.refresh(AbstractApplicationContext.java:628)
	at org.springframework.boot.web.servlet.context.ServletWebServerApplicationContext.refresh(ServletWebServerApplicationContext.java:146)
	at org.springframework.boot.SpringApplication.refresh(SpringApplication.java:754)
	at org.springframework.boot.SpringApplication.refreshContext(SpringApplication.java:456)
	at org.springframework.boot.SpringApplication.run(SpringApplication.java:335)
	at org.springframework.boot.SpringApplication.run(SpringApplication.java:1363)
	at org.springframework.boot.SpringApplication.run(SpringApplication.java:1352)
	at com.user.UserServiceApplication.main(UserServiceApplication.java:13)
	at java.base/jdk.internal.reflect.DirectMethodHandleAccessor.invoke(DirectMethodHandleAccessor.java:103)
	at java.base/java.lang.reflect.Method.invoke(Method.java:580)
	at org.springframework.boot.devtools.restart.RestartLauncher.run(RestartLauncher.java:50)

2026-03-27T11:20:19.321+05:30  INFO 36896 --- [user-service] [  restartedMain] com.netflix.discovery.DiscoveryClient    : Initial registry fetch from primary servers failed
2026-03-27T11:20:19.322+05:30  WARN 36896 --- [user-service] [  restartedMain] com.netflix.discovery.DiscoveryClient    : Using default backup registry implementation which does not do anything.
2026-03-27T11:20:19.322+05:30  INFO 36896 --- [user-service] [  restartedMain] com.netflix.discovery.DiscoveryClient    : Initial registry fetch from backup servers failed
2026-03-27T11:20:19.324+05:30  INFO 36896 --- [user-service] [  restartedMain] com.netflix.discovery.DiscoveryClient    : Starting heartbeat executor: renew interval is: 30
2026-03-27T11:20:19.326+05:30  INFO 36896 --- [user-service] [  restartedMain] c.n.discovery.InstanceInfoReplicator     : InstanceInfoReplicator onDemand update allowed rate per min is 4
2026-03-27T11:20:19.328+05:30  INFO 36896 --- [user-service] [  restartedMain] com.netflix.discovery.DiscoveryClient    : Discovery Client initialized at timestamp 1774590619327 with initial instances count: 0
2026-03-27T11:20:19.335+05:30  INFO 36896 --- [user-service] [  restartedMain] o.s.c.n.e.s.EurekaServiceRegistry        : Registering application USER-SERVICE with eureka with status UP
2026-03-27T11:20:19.337+05:30  INFO 36896 --- [user-service] [  restartedMain] com.netflix.discovery.DiscoveryClient    : Saw local status change event StatusChangeEvent [timestamp=1774590619337, current=UP, previous=STARTING]
2026-03-27T11:20:19.339+05:30 DEBUG 36896 --- [user-service] [foReplicator-%d] c.n.discovery.InstanceInfoReplicator     : Executing on-demand update of local InstanceInfo
2026-03-27T11:20:19.339+05:30 DEBUG 36896 --- [user-service] [foReplicator-%d] c.n.discovery.InstanceInfoReplicator     : Canceling the latest scheduled update, it will be rescheduled at the end of on demand update
2026-03-27T11:20:19.340+05:30  INFO 36896 --- [user-service] [foReplicator-%d] com.netflix.discovery.DiscoveryClient    : DiscoveryClient_USER-SERVICE/localhost:user-service:7500: registering service...
2026-03-27T11:20:19.340+05:30 DEBUG 36896 --- [user-service] [foReplicator-%d] c.n.d.s.t.d.SessionedEurekaHttpClient    : Ending a session and starting anew
2026-03-27T11:20:19.345+05:30 DEBUG 36896 --- [user-service] [foReplicator-%d] o.s.web.client.RestTemplate              : HTTP POST http://127.0.0.1:8761/eureka/apps/USER-SERVICE
2026-03-27T11:20:19.347+05:30 DEBUG 36896 --- [user-service] [foReplicator-%d] o.s.web.client.RestTemplate              : Accept=[application/json, application/*+json]
2026-03-27T11:20:19.359+05:30  INFO 36896 --- [user-service] [  restartedMain] o.s.b.w.embedded.tomcat.TomcatWebServer  : Tomcat started on port 7500 (http) with context path '/'
2026-03-27T11:20:19.360+05:30  INFO 36896 --- [user-service] [  restartedMain] .s.c.n.e.s.EurekaAutoServiceRegistration : Updating port to 7500
2026-03-27T11:20:19.364+05:30 DEBUG 36896 --- [user-service] [foReplicator-%d] o.s.web.client.RestTemplate              : Writing [InstanceInfo [instanceId = localhost:user-service:7500, appName = USER-SERVICE, hostName = localhost, status = UP, ipAddr = 192.168.150.1, port = 7500, securePort = 443, dataCenterInfo = com.netflix.appinfo.MyDataCenterInfo@76445f60] as "application/json"
2026-03-27T11:20:19.381+05:30  INFO 36896 --- [user-service] [foReplicator-%d] c.n.d.s.t.d.RedirectingEurekaHttpClient  : Request execution error. endpoint=DefaultEndpoint{ serviceUrl='http://127.0.0.1:8761/eureka/}, exception=I/O error on POST request for "http://127.0.0.1:8761/eureka/apps/USER-SERVICE": Connect to http://127.0.0.1:8761 [/127.0.0.1] failed: Connection refused: getsockopt stacktrace=org.springframework.web.client.ResourceAccessException: I/O error on POST request for "http://127.0.0.1:8761/eureka/apps/USER-SERVICE": Connect to http://127.0.0.1:8761 [/127.0.0.1] failed: Connection refused: getsockopt
	at org.springframework.web.client.RestTemplate.createResourceAccessException(RestTemplate.java:915)
	at org.springframework.web.client.RestTemplate.doExecute(RestTemplate.java:895)
	at org.springframework.web.client.RestTemplate.execute(RestTemplate.java:790)
	at org.springframework.web.client.RestTemplate.exchange(RestTemplate.java:672)
	at org.springframework.cloud.netflix.eureka.http.RestTemplateEurekaHttpClient.register(RestTemplateEurekaHttpClient.java:77)
	at com.netflix.discovery.shared.transport.decorator.EurekaHttpClientDecorator$1.execute(EurekaHttpClientDecorator.java:59)
	at com.netflix.discovery.shared.transport.decorator.RedirectingEurekaHttpClient.executeOnNewServer(RedirectingEurekaHttpClient.java:121)
	at com.netflix.discovery.shared.transport.decorator.RedirectingEurekaHttpClient.execute(RedirectingEurekaHttpClient.java:80)
	at com.netflix.discovery.shared.transport.decorator.EurekaHttpClientDecorator.register(EurekaHttpClientDecorator.java:56)
	at com.netflix.discovery.shared.transport.decorator.EurekaHttpClientDecorator$1.execute(EurekaHttpClientDecorator.java:59)
	at com.netflix.discovery.shared.transport.decorator.RetryableEurekaHttpClient.execute(RetryableEurekaHttpClient.java:120)
	at com.netflix.discovery.shared.transport.decorator.EurekaHttpClientDecorator.register(EurekaHttpClientDecorator.java:56)
	at com.netflix.discovery.shared.transport.decorator.EurekaHttpClientDecorator$1.execute(EurekaHttpClientDecorator.java:59)
	at com.netflix.discovery.shared.transport.decorator.SessionedEurekaHttpClient.execute(SessionedEurekaHttpClient.java:76)
	at com.netflix.discovery.shared.transport.decorator.EurekaHttpClientDecorator.register(EurekaHttpClientDecorator.java:56)
	at com.netflix.discovery.DiscoveryClient.register(DiscoveryClient.java:828)
	at com.netflix.discovery.InstanceInfoReplicator.run(InstanceInfoReplicator.java:125)
	at com.netflix.discovery.InstanceInfoReplicator$2.run(InstanceInfoReplicator.java:105)
	at java.base/java.util.concurrent.Executors$RunnableAdapter.call(Executors.java:572)
	at java.base/java.util.concurrent.FutureTask.run(FutureTask.java:317)
	at java.base/java.util.concurrent.ScheduledThreadPoolExecutor$ScheduledFutureTask.run(ScheduledThreadPoolExecutor.java:304)
	at java.base/java.util.concurrent.ThreadPoolExecutor.runWorker(ThreadPoolExecutor.java:1144)
	at java.base/java.util.concurrent.ThreadPoolExecutor$Worker.run(ThreadPoolExecutor.java:642)
	at java.base/java.lang.Thread.run(Thread.java:1583)
Caused by: org.apache.hc.client5.http.HttpHostConnectException: Connect to http://127.0.0.1:8761 [/127.0.0.1] failed: Connection refused: getsockopt
	at java.base/sun.nio.ch.Net.pollConnect(Native Method)
	at java.base/sun.nio.ch.Net.pollConnectNow(Net.java:682)
	at java.base/sun.nio.ch.NioSocketImpl.timedFinishConnect(NioSocketImpl.java:542)
	at java.base/sun.nio.ch.NioSocketImpl.connect(NioSocketImpl.java:592)
	at java.base/java.net.SocksSocketImpl.connect(SocksSocketImpl.java:327)
	at java.base/java.net.Socket.connect(Socket.java:751)
	at org.apache.hc.client5.http.socket.PlainConnectionSocketFactory.lambda$connectSocket$0(PlainConnectionSocketFactory.java:91)
	at java.base/java.security.AccessController.doPrivileged(AccessController.java:571)
	at org.apache.hc.client5.http.socket.PlainConnectionSocketFactory.connectSocket(PlainConnectionSocketFactory.java:90)
	at org.apache.hc.client5.http.socket.ConnectionSocketFactory.connectSocket(ConnectionSocketFactory.java:123)
	at org.apache.hc.client5.http.impl.io.DefaultHttpClientConnectionOperator.connect(DefaultHttpClientConnectionOperator.java:189)
	at org.apache.hc.client5.http.impl.io.PoolingHttpClientConnectionManager.connect(PoolingHttpClientConnectionManager.java:450)
	at org.apache.hc.client5.http.impl.classic.InternalExecRuntime.connectEndpoint(InternalExecRuntime.java:162)
	at org.apache.hc.client5.http.impl.classic.InternalExecRuntime.connectEndpoint(InternalExecRuntime.java:172)
	at org.apache.hc.client5.http.impl.classic.ConnectExec.execute(ConnectExec.java:142)
	at org.apache.hc.client5.http.impl.classic.ExecChainElement.execute(ExecChainElement.java:51)
	at org.apache.hc.client5.http.impl.classic.ProtocolExec.execute(ProtocolExec.java:192)
	at org.apache.hc.client5.http.impl.classic.ExecChainElement.execute(ExecChainElement.java:51)
	at org.apache.hc.client5.http.impl.classic.HttpRequestRetryExec.execute(HttpRequestRetryExec.java:113)
	at org.apache.hc.client5.http.impl.classic.ExecChainElement.execute(ExecChainElement.java:51)
	at org.apache.hc.client5.http.impl.classic.ContentCompressionExec.execute(ContentCompressionExec.java:152)
	at org.apache.hc.client5.http.impl.classic.ExecChainElement.execute(ExecChainElement.java:51)
	at org.apache.hc.client5.http.impl.classic.RedirectExec.execute(RedirectExec.java:116)
	at org.apache.hc.client5.http.impl.classic.ExecChainElement.execute(ExecChainElement.java:51)
	at org.apache.hc.client5.http.impl.classic.InternalHttpClient.doExecute(InternalHttpClient.java:170)
	at org.apache.hc.client5.http.impl.classic.CloseableHttpClient.execute(CloseableHttpClient.java:87)
	at org.apache.hc.client5.http.impl.classic.CloseableHttpClient.execute(CloseableHttpClient.java:55)
	at org.apache.hc.client5.http.classic.HttpClient.executeOpen(HttpClient.java:183)
	at org.springframework.http.client.HttpComponentsClientHttpRequest.executeInternal(HttpComponentsClientHttpRequest.java:99)
	at org.springframework.http.client.AbstractStreamingClientHttpRequest.executeInternal(AbstractStreamingClientHttpRequest.java:70)
	at org.springframework.http.client.AbstractClientHttpRequest.execute(AbstractClientHttpRequest.java:66)
	at org.springframework.http.client.InterceptingClientHttpRequest$InterceptingRequestExecution.execute(InterceptingClientHttpRequest.java:112)
	at org.springframework.cloud.netflix.eureka.http.RestTemplateTransportClientFactory.lambda$restTemplate$3(RestTemplateTransportClientFactory.java:170)
	at org.springframework.http.client.InterceptingClientHttpRequest$InterceptingRequestExecution.execute(InterceptingClientHttpRequest.java:88)
	at org.springframework.http.client.InterceptingClientHttpRequest.executeInternal(InterceptingClientHttpRequest.java:72)
	at org.springframework.http.client.AbstractBufferingClientHttpRequest.executeInternal(AbstractBufferingClientHttpRequest.java:48)
	at org.springframework.http.client.AbstractClientHttpRequest.execute(AbstractClientHttpRequest.java:66)
	at org.springframework.web.client.RestTemplate.doExecute(RestTemplate.java:889)
	... 22 more

2026-03-27T11:20:19.381+05:30  WARN 36896 --- [user-service] [foReplicator-%d] c.n.d.s.t.d.RetryableEurekaHttpClient    : Request execution failed with message: I/O error on POST request for "http://127.0.0.1:8761/eureka/apps/USER-SERVICE": Connect to http://127.0.0.1:8761 [/127.0.0.1] failed: Connection refused: getsockopt
2026-03-27T11:20:19.382+05:30  WARN 36896 --- [user-service] [foReplicator-%d] com.netflix.discovery.DiscoveryClient    : DiscoveryClient_USER-SERVICE/localhost:user-service:7500 - registration failed Cannot execute request on any known server

com.netflix.discovery.shared.transport.TransportException: Cannot execute request on any known server
	at com.netflix.discovery.shared.transport.decorator.RetryableEurekaHttpClient.execute(RetryableEurekaHttpClient.java:112) ~[eureka-client-2.0.3.jar:2.0.3]
	at com.netflix.discovery.shared.transport.decorator.EurekaHttpClientDecorator.register(EurekaHttpClientDecorator.java:56) ~[eureka-client-2.0.3.jar:2.0.3]
	at com.netflix.discovery.shared.transport.decorator.EurekaHttpClientDecorator$1.execute(EurekaHttpClientDecorator.java:59) ~[eureka-client-2.0.3.jar:2.0.3]
	at com.netflix.discovery.shared.transport.decorator.SessionedEurekaHttpClient.execute(SessionedEurekaHttpClient.java:76) ~[eureka-client-2.0.3.jar:2.0.3]
	at com.netflix.discovery.shared.transport.decorator.EurekaHttpClientDecorator.register(EurekaHttpClientDecorator.java:56) ~[eureka-client-2.0.3.jar:2.0.3]
	at com.netflix.discovery.DiscoveryClient.register(DiscoveryClient.java:828) ~[eureka-client-2.0.3.jar:2.0.3]
	at com.netflix.discovery.InstanceInfoReplicator.run(InstanceInfoReplicator.java:125) ~[eureka-client-2.0.3.jar:2.0.3]
	at com.netflix.discovery.InstanceInfoReplicator$2.run(InstanceInfoReplicator.java:105) ~[eureka-client-2.0.3.jar:2.0.3]
	at java.base/java.util.concurrent.Executors$RunnableAdapter.call(Executors.java:572) ~[na:na]
	at java.base/java.util.concurrent.FutureTask.run(FutureTask.java:317) ~[na:na]
	at java.base/java.util.concurrent.ScheduledThreadPoolExecutor$ScheduledFutureTask.run(ScheduledThreadPoolExecutor.java:304) ~[na:na]
	at java.base/java.util.concurrent.ThreadPoolExecutor.runWorker(ThreadPoolExecutor.java:1144) ~[na:na]
	at java.base/java.util.concurrent.ThreadPoolExecutor$Worker.run(ThreadPoolExecutor.java:642) ~[na:na]
	at java.base/java.lang.Thread.run(Thread.java:1583) ~[na:na]

2026-03-27T11:20:19.385+05:30  WARN 36896 --- [user-service] [foReplicator-%d] c.n.discovery.InstanceInfoReplicator     : There was a problem with the instance info replicator

com.netflix.discovery.shared.transport.TransportException: Cannot execute request on any known server
	at com.netflix.discovery.shared.transport.decorator.RetryableEurekaHttpClient.execute(RetryableEurekaHttpClient.java:112) ~[eureka-client-2.0.3.jar:2.0.3]
	at com.netflix.discovery.shared.transport.decorator.EurekaHttpClientDecorator.register(EurekaHttpClientDecorator.java:56) ~[eureka-client-2.0.3.jar:2.0.3]
	at com.netflix.discovery.shared.transport.decorator.EurekaHttpClientDecorator$1.execute(EurekaHttpClientDecorator.java:59) ~[eureka-client-2.0.3.jar:2.0.3]
	at com.netflix.discovery.shared.transport.decorator.SessionedEurekaHttpClient.execute(SessionedEurekaHttpClient.java:76) ~[eureka-client-2.0.3.jar:2.0.3]
	at com.netflix.discovery.shared.transport.decorator.EurekaHttpClientDecorator.register(EurekaHttpClientDecorator.java:56) ~[eureka-client-2.0.3.jar:2.0.3]
	at com.netflix.discovery.DiscoveryClient.register(DiscoveryClient.java:828) ~[eureka-client-2.0.3.jar:2.0.3]
	at com.netflix.discovery.InstanceInfoReplicator.run(InstanceInfoReplicator.java:125) ~[eureka-client-2.0.3.jar:2.0.3]
	at com.netflix.discovery.InstanceInfoReplicator$2.run(InstanceInfoReplicator.java:105) ~[eureka-client-2.0.3.jar:2.0.3]
	at java.base/java.util.concurrent.Executors$RunnableAdapter.call(Executors.java:572) ~[na:na]
	at java.base/java.util.concurrent.FutureTask.run(FutureTask.java:317) ~[na:na]
	at java.base/java.util.concurrent.ScheduledThreadPoolExecutor$ScheduledFutureTask.run(ScheduledThreadPoolExecutor.java:304) ~[na:na]
	at java.base/java.util.concurrent.ThreadPoolExecutor.runWorker(ThreadPoolExecutor.java:1144) ~[na:na]
	at java.base/java.util.concurrent.ThreadPoolExecutor$Worker.run(ThreadPoolExecutor.java:642) ~[na:na]
	at java.base/java.lang.Thread.run(Thread.java:1583) ~[na:na]

2026-03-27T11:20:20.371+05:30  INFO 36896 --- [user-service] [  restartedMain] o.s.cloud.commons.util.InetUtils         : Cannot determine local hostname
2026-03-27T11:20:20.406+05:30  INFO 36896 --- [user-service] [  restartedMain] com.user.UserServiceApplication          : Started UserServiceApplication in 11.022 seconds (process running for 11.452)
2026-03-27T11:20:49.326+05:30  INFO 36896 --- [user-service] [reshExecutor-%d] com.netflix.discovery.DiscoveryClient    : Disable delta property : false
2026-03-27T11:20:49.327+05:30 DEBUG 36896 --- [user-service] [beatExecutor-%d] c.n.d.s.t.d.RetryableEurekaHttpClient    : Clearing quarantined list of size 1
2026-03-27T11:20:49.330+05:30  INFO 36896 --- [user-service] [reshExecutor-%d] com.netflix.discovery.DiscoveryClient    : Single vip registry refresh property : null
2026-03-27T11:20:49.331+05:30  INFO 36896 --- [user-service] [reshExecutor-%d] com.netflix.discovery.DiscoveryClient    : Force full registry fetch : false
2026-03-27T11:20:49.332+05:30  INFO 36896 --- [user-service] [reshExecutor-%d] com.netflix.discovery.DiscoveryClient    : Application is null : false
2026-03-27T11:20:49.332+05:30  INFO 36896 --- [user-service] [reshExecutor-%d] com.netflix.discovery.DiscoveryClient    : Registered Applications size is zero : true
2026-03-27T11:20:49.333+05:30  INFO 36896 --- [user-service] [reshExecutor-%d] com.netflix.discovery.DiscoveryClient    : Application version is -1: true
2026-03-27T11:20:49.333+05:30  INFO 36896 --- [user-service] [reshExecutor-%d] com.netflix.discovery.DiscoveryClient    : Getting all instance registry info from the eureka server
2026-03-27T11:20:49.334+05:30 DEBUG 36896 --- [user-service] [reshExecutor-%d] c.n.d.s.t.d.RetryableEurekaHttpClient    : Clearing quarantined list of size 1
2026-03-27T11:20:49.334+05:30 DEBUG 36896 --- [user-service] [beatExecutor-%d] o.s.web.client.RestTemplate              : HTTP PUT http://127.0.0.1:8761/eureka/apps/USER-SERVICE/localhost:user-service:7500?status=UP&lastDirtyTimestamp=1774590619336
2026-03-27T11:20:49.337+05:30 DEBUG 36896 --- [user-service] [reshExecutor-%d] o.s.web.client.RestTemplate              : HTTP GET http://127.0.0.1:8761/eureka/apps/
2026-03-27T11:20:49.339+05:30 DEBUG 36896 --- [user-service] [beatExecutor-%d] o.s.web.client.RestTemplate              : Accept=[application/json, application/*+json]
2026-03-27T11:20:49.345+05:30 DEBUG 36896 --- [user-service] [reshExecutor-%d] o.s.web.client.RestTemplate              : Accept=[application/json, application/*+json]
2026-03-27T11:20:49.348+05:30  INFO 36896 --- [user-service] [reshExecutor-%d] c.n.d.s.t.d.RedirectingEurekaHttpClient  : Request execution error. endpoint=DefaultEndpoint{ serviceUrl='http://127.0.0.1:8761/eureka/}, exception=I/O error on GET request for "http://127.0.0.1:8761/eureka/apps/": Connect to http://127.0.0.1:8761 [/127.0.0.1] failed: Connection refused: getsockopt stacktrace=org.springframework.web.client.ResourceAccessException: I/O error on GET request for "http://127.0.0.1:8761/eureka/apps/": Connect to http://127.0.0.1:8761 [/127.0.0.1] failed: Connection refused: getsockopt
	at org.springframework.web.client.RestTemplate.createResourceAccessException(RestTemplate.java:915)
	at org.springframework.web.client.RestTemplate.doExecute(RestTemplate.java:895)
	at org.springframework.web.client.RestTemplate.execute(RestTemplate.java:790)
	at org.springframework.web.client.RestTemplate.exchange(RestTemplate.java:672)
	at org.springframework.cloud.netflix.eureka.http.RestTemplateEurekaHttpClient.getApplicationsInternal(RestTemplateEurekaHttpClient.java:145)
	at org.springframework.cloud.netflix.eureka.http.RestTemplateEurekaHttpClient.getApplications(RestTemplateEurekaHttpClient.java:135)
	at com.netflix.discovery.shared.transport.decorator.EurekaHttpClientDecorator$6.execute(EurekaHttpClientDecorator.java:137)
	at com.netflix.discovery.shared.transport.decorator.RedirectingEurekaHttpClient.executeOnNewServer(RedirectingEurekaHttpClient.java:121)
	at com.netflix.discovery.shared.transport.decorator.RedirectingEurekaHttpClient.execute(RedirectingEurekaHttpClient.java:80)
	at com.netflix.discovery.shared.transport.decorator.EurekaHttpClientDecorator.getApplications(EurekaHttpClientDecorator.java:134)
	at com.netflix.discovery.shared.transport.decorator.EurekaHttpClientDecorator$6.execute(EurekaHttpClientDecorator.java:137)
	at com.netflix.discovery.shared.transport.decorator.RetryableEurekaHttpClient.execute(RetryableEurekaHttpClient.java:120)
	at com.netflix.discovery.shared.transport.decorator.EurekaHttpClientDecorator.getApplications(EurekaHttpClientDecorator.java:134)
	at com.netflix.discovery.shared.transport.decorator.EurekaHttpClientDecorator$6.execute(EurekaHttpClientDecorator.java:137)
	at com.netflix.discovery.shared.transport.decorator.SessionedEurekaHttpClient.execute(SessionedEurekaHttpClient.java:76)
	at com.netflix.discovery.shared.transport.decorator.EurekaHttpClientDecorator.getApplications(EurekaHttpClientDecorator.java:134)
	at com.netflix.discovery.DiscoveryClient.getAndStoreFullRegistry(DiscoveryClient.java:1046)
	at com.netflix.discovery.DiscoveryClient.fetchRegistry(DiscoveryClient.java:961)
	at com.netflix.discovery.DiscoveryClient.refreshRegistry(DiscoveryClient.java:1473)
	at com.netflix.discovery.DiscoveryClient$CacheRefreshThread.run(DiscoveryClient.java:1441)
	at java.base/java.util.concurrent.Executors$RunnableAdapter.call(Executors.java:572)
	at java.base/java.util.concurrent.FutureTask.run(FutureTask.java:317)
	at java.base/java.util.concurrent.ThreadPoolExecutor.runWorker(ThreadPoolExecutor.java:1144)
	at java.base/java.util.concurrent.ThreadPoolExecutor$Worker.run(ThreadPoolExecutor.java:642)
	at java.base/java.lang.Thread.run(Thread.java:1583)
Caused by: org.apache.hc.client5.http.HttpHostConnectException: Connect to http://127.0.0.1:8761 [/127.0.0.1] failed: Connection refused: getsockopt
	at java.base/sun.nio.ch.Net.pollConnect(Native Method)
	at java.base/sun.nio.ch.Net.pollConnectNow(Net.java:682)
	at java.base/sun.nio.ch.NioSocketImpl.timedFinishConnect(NioSocketImpl.java:542)
	at java.base/sun.nio.ch.NioSocketImpl.connect(NioSocketImpl.java:592)
	at java.base/java.net.SocksSocketImpl.connect(SocksSocketImpl.java:327)
	at java.base/java.net.Socket.connect(Socket.java:751)
	at org.apache.hc.client5.http.socket.PlainConnectionSocketFactory.lambda$connectSocket$0(PlainConnectionSocketFactory.java:91)
	at java.base/java.security.AccessController.doPrivileged(AccessController.java:571)
	at org.apache.hc.client5.http.socket.PlainConnectionSocketFactory.connectSocket(PlainConnectionSocketFactory.java:90)
	at org.apache.hc.client5.http.socket.ConnectionSocketFactory.connectSocket(ConnectionSocketFactory.java:123)
	at org.apache.hc.client5.http.impl.io.DefaultHttpClientConnectionOperator.connect(DefaultHttpClientConnectionOperator.java:189)
	at org.apache.hc.client5.http.impl.io.PoolingHttpClientConnectionManager.connect(PoolingHttpClientConnectionManager.java:450)
	at org.apache.hc.client5.http.impl.classic.InternalExecRuntime.connectEndpoint(InternalExecRuntime.java:162)
	at org.apache.hc.client5.http.impl.classic.InternalExecRuntime.connectEndpoint(InternalExecRuntime.java:172)
	at org.apache.hc.client5.http.impl.classic.ConnectExec.execute(ConnectExec.java:142)
	at org.apache.hc.client5.http.impl.classic.ExecChainElement.execute(ExecChainElement.java:51)
	at org.apache.hc.client5.http.impl.classic.ProtocolExec.execute(ProtocolExec.java:192)
	at org.apache.hc.client5.http.impl.classic.ExecChainElement.execute(ExecChainElement.java:51)
	at org.apache.hc.client5.http.impl.classic.HttpRequestRetryExec.execute(HttpRequestRetryExec.java:113)
	at org.apache.hc.client5.http.impl.classic.ExecChainElement.execute(ExecChainElement.java:51)
	at org.apache.hc.client5.http.impl.classic.ContentCompressionExec.execute(ContentCompressionExec.java:152)
	at org.apache.hc.client5.http.impl.classic.ExecChainElement.execute(ExecChainElement.java:51)
	at org.apache.hc.client5.http.impl.classic.RedirectExec.execute(RedirectExec.java:116)
	at org.apache.hc.client5.http.impl.classic.ExecChainElement.execute(ExecChainElement.java:51)
	at org.apache.hc.client5.http.impl.classic.InternalHttpClient.doExecute(InternalHttpClient.java:170)
	at org.apache.hc.client5.http.impl.classic.CloseableHttpClient.execute(CloseableHttpClient.java:87)
	at org.apache.hc.client5.http.impl.classic.CloseableHttpClient.execute(CloseableHttpClient.java:55)
	at org.apache.hc.client5.http.classic.HttpClient.executeOpen(HttpClient.java:183)
	at org.springframework.http.client.HttpComponentsClientHttpRequest.executeInternal(HttpComponentsClientHttpRequest.java:99)
	at org.springframework.http.client.AbstractStreamingClientHttpRequest.executeInternal(AbstractStreamingClientHttpRequest.java:70)
	at org.springframework.http.client.AbstractClientHttpRequest.execute(AbstractClientHttpRequest.java:66)
	at org.springframework.http.client.InterceptingClientHttpRequest$InterceptingRequestExecution.execute(InterceptingClientHttpRequest.java:112)
	at org.springframework.cloud.netflix.eureka.http.RestTemplateTransportClientFactory.lambda$restTemplate$3(RestTemplateTransportClientFactory.java:170)
	at org.springframework.http.client.InterceptingClientHttpRequest$InterceptingRequestExecution.execute(InterceptingClientHttpRequest.java:88)
	at org.springframework.http.client.InterceptingClientHttpRequest.executeInternal(InterceptingClientHttpRequest.java:72)
	at org.springframework.http.client.AbstractBufferingClientHttpRequest.executeInternal(AbstractBufferingClientHttpRequest.java:48)
	at org.springframework.http.client.AbstractClientHttpRequest.execute(AbstractClientHttpRequest.java:66)
	at org.springframework.web.client.RestTemplate.doExecute(RestTemplate.java:889)
	... 23 more

2026-03-27T11:20:49.349+05:30  WARN 36896 --- [user-service] [reshExecutor-%d] c.n.d.s.t.d.RetryableEurekaHttpClient    : Request execution failed with message: I/O error on GET request for "http://127.0.0.1:8761/eureka/apps/": Connect to http://127.0.0.1:8761 [/127.0.0.1] failed: Connection refused: getsockopt
2026-03-27T11:20:49.349+05:30  INFO 36896 --- [user-service] [reshExecutor-%d] com.netflix.discovery.DiscoveryClient    : DiscoveryClient_USER-SERVICE/localhost:user-service:7500 - was unable to refresh its cache! This periodic background refresh will be retried in 30 seconds. status = Cannot execute request on any known server stacktrace = com.netflix.discovery.shared.transport.TransportException: Cannot execute request on any known server
	at com.netflix.discovery.shared.transport.decorator.RetryableEurekaHttpClient.execute(RetryableEurekaHttpClient.java:112)
	at com.netflix.discovery.shared.transport.decorator.EurekaHttpClientDecorator.getApplications(EurekaHttpClientDecorator.java:134)
	at com.netflix.discovery.shared.transport.decorator.EurekaHttpClientDecorator$6.execute(EurekaHttpClientDecorator.java:137)
	at com.netflix.discovery.shared.transport.decorator.SessionedEurekaHttpClient.execute(SessionedEurekaHttpClient.java:76)
	at com.netflix.discovery.shared.transport.decorator.EurekaHttpClientDecorator.getApplications(EurekaHttpClientDecorator.java:134)
	at com.netflix.discovery.DiscoveryClient.getAndStoreFullRegistry(DiscoveryClient.java:1046)
	at com.netflix.discovery.DiscoveryClient.fetchRegistry(DiscoveryClient.java:961)
	at com.netflix.discovery.DiscoveryClient.refreshRegistry(DiscoveryClient.java:1473)
	at com.netflix.discovery.DiscoveryClient$CacheRefreshThread.run(DiscoveryClient.java:1441)
	at java.base/java.util.concurrent.Executors$RunnableAdapter.call(Executors.java:572)
	at java.base/java.util.concurrent.FutureTask.run(FutureTask.java:317)
	at java.base/java.util.concurrent.ThreadPoolExecutor.runWorker(ThreadPoolExecutor.java:1144)
	at java.base/java.util.concurrent.ThreadPoolExecutor$Worker.run(ThreadPoolExecutor.java:642)
	at java.base/java.lang.Thread.run(Thread.java:1583)

2026-03-27T11:20:49.350+05:30 DEBUG 36896 --- [user-service] [reshExecutor-%d] com.netflix.discovery.DiscoveryClient    : Completed cache refresh task for discovery. All Apps hash code is Local region apps hashcode: null, is fetching remote regions? false 
2026-03-27T11:20:49.358+05:30  INFO 36896 --- [user-service] [beatExecutor-%d] c.n.d.s.t.d.RedirectingEurekaHttpClient  : Request execution error. endpoint=DefaultEndpoint{ serviceUrl='http://127.0.0.1:8761/eureka/}, exception=I/O error on PUT request for "http://127.0.0.1:8761/eureka/apps/USER-SERVICE/localhost:user-service:7500": Connect to http://127.0.0.1:8761 [/127.0.0.1] failed: Connection refused: getsockopt stacktrace=org.springframework.web.client.ResourceAccessException: I/O error on PUT request for "http://127.0.0.1:8761/eureka/apps/USER-SERVICE/localhost:user-service:7500": Connect to http://127.0.0.1:8761 [/127.0.0.1] failed: Connection refused: getsockopt
	at org.springframework.web.client.RestTemplate.createResourceAccessException(RestTemplate.java:915)
	at org.springframework.web.client.RestTemplate.doExecute(RestTemplate.java:895)
	at org.springframework.web.client.RestTemplate.execute(RestTemplate.java:790)
	at org.springframework.web.client.RestTemplate.exchange(RestTemplate.java:672)
	at org.springframework.cloud.netflix.eureka.http.RestTemplateEurekaHttpClient.sendHeartBeat(RestTemplateEurekaHttpClient.java:99)
	at com.netflix.discovery.shared.transport.decorator.EurekaHttpClientDecorator$3.execute(EurekaHttpClientDecorator.java:92)
	at com.netflix.discovery.shared.transport.decorator.RedirectingEurekaHttpClient.executeOnNewServer(RedirectingEurekaHttpClient.java:121)
	at com.netflix.discovery.shared.transport.decorator.RedirectingEurekaHttpClient.execute(RedirectingEurekaHttpClient.java:80)
	at com.netflix.discovery.shared.transport.decorator.EurekaHttpClientDecorator.sendHeartBeat(EurekaHttpClientDecorator.java:89)
	at com.netflix.discovery.shared.transport.decorator.EurekaHttpClientDecorator$3.execute(EurekaHttpClientDecorator.java:92)
	at com.netflix.discovery.shared.transport.decorator.RetryableEurekaHttpClient.execute(RetryableEurekaHttpClient.java:120)
	at com.netflix.discovery.shared.transport.decorator.EurekaHttpClientDecorator.sendHeartBeat(EurekaHttpClientDecorator.java:89)
	at com.netflix.discovery.shared.transport.decorator.EurekaHttpClientDecorator$3.execute(EurekaHttpClientDecorator.java:92)
	at com.netflix.discovery.shared.transport.decorator.SessionedEurekaHttpClient.execute(SessionedEurekaHttpClient.java:76)
	at com.netflix.discovery.shared.transport.decorator.EurekaHttpClientDecorator.sendHeartBeat(EurekaHttpClientDecorator.java:89)
	at com.netflix.discovery.DiscoveryClient.renew(DiscoveryClient.java:845)
	at com.netflix.discovery.DiscoveryClient$HeartbeatThread.run(DiscoveryClient.java:1402)
	at java.base/java.util.concurrent.Executors$RunnableAdapter.call(Executors.java:572)
	at java.base/java.util.concurrent.FutureTask.run(FutureTask.java:317)
	at java.base/java.util.concurrent.ThreadPoolExecutor.runWorker(ThreadPoolExecutor.java:1144)
	at java.base/java.util.concurrent.ThreadPoolExecutor$Worker.run(ThreadPoolExecutor.java:642)
	at java.base/java.lang.Thread.run(Thread.java:1583)
Caused by: org.apache.hc.client5.http.HttpHostConnectException: Connect to http://127.0.0.1:8761 [/127.0.0.1] failed: Connection refused: getsockopt
	at java.base/sun.nio.ch.Net.pollConnect(Native Method)
	at java.base/sun.nio.ch.Net.pollConnectNow(Net.java:682)
	at java.base/sun.nio.ch.NioSocketImpl.timedFinishConnect(NioSocketImpl.java:542)
	at java.base/sun.nio.ch.NioSocketImpl.connect(NioSocketImpl.java:592)
	at java.base/java.net.SocksSocketImpl.connect(SocksSocketImpl.java:327)
	at java.base/java.net.Socket.connect(Socket.java:751)
	at org.apache.hc.client5.http.socket.PlainConnectionSocketFactory.lambda$connectSocket$0(PlainConnectionSocketFactory.java:91)
	at java.base/java.security.AccessController.doPrivileged(AccessController.java:571)
	at org.apache.hc.client5.http.socket.PlainConnectionSocketFactory.connectSocket(PlainConnectionSocketFactory.java:90)
	at org.apache.hc.client5.http.socket.ConnectionSocketFactory.connectSocket(ConnectionSocketFactory.java:123)
	at org.apache.hc.client5.http.impl.io.DefaultHttpClientConnectionOperator.connect(DefaultHttpClientConnectionOperator.java:189)
	at org.apache.hc.client5.http.impl.io.PoolingHttpClientConnectionManager.connect(PoolingHttpClientConnectionManager.java:450)
	at org.apache.hc.client5.http.impl.classic.InternalExecRuntime.connectEndpoint(InternalExecRuntime.java:162)
	at org.apache.hc.client5.http.impl.classic.InternalExecRuntime.connectEndpoint(InternalExecRuntime.java:172)
	at org.apache.hc.client5.http.impl.classic.ConnectExec.execute(ConnectExec.java:142)
	at org.apache.hc.client5.http.impl.classic.ExecChainElement.execute(ExecChainElement.java:51)
	at org.apache.hc.client5.http.impl.classic.ProtocolExec.execute(ProtocolExec.java:192)
	at org.apache.hc.client5.http.impl.classic.ExecChainElement.execute(ExecChainElement.java:51)
	at org.apache.hc.client5.http.impl.classic.HttpRequestRetryExec.execute(HttpRequestRetryExec.java:113)
	at org.apache.hc.client5.http.impl.classic.ExecChainElement.execute(ExecChainElement.java:51)
	at org.apache.hc.client5.http.impl.classic.ContentCompressionExec.execute(ContentCompressionExec.java:152)
	at org.apache.hc.client5.http.impl.classic.ExecChainElement.execute(ExecChainElement.java:51)
	at org.apache.hc.client5.http.impl.classic.RedirectExec.execute(RedirectExec.java:116)
	at org.apache.hc.client5.http.impl.classic.ExecChainElement.execute(ExecChainElement.java:51)
	at org.apache.hc.client5.http.impl.classic.InternalHttpClient.doExecute(InternalHttpClient.java:170)
	at org.apache.hc.client5.http.impl.classic.CloseableHttpClient.execute(CloseableHttpClient.java:87)
	at org.apache.hc.client5.http.impl.classic.CloseableHttpClient.execute(CloseableHttpClient.java:55)
	at org.apache.hc.client5.http.classic.HttpClient.executeOpen(HttpClient.java:183)
	at org.springframework.http.client.HttpComponentsClientHttpRequest.executeInternal(HttpComponentsClientHttpRequest.java:99)
	at org.springframework.http.client.AbstractStreamingClientHttpRequest.executeInternal(AbstractStreamingClientHttpRequest.java:70)
	at org.springframework.http.client.AbstractClientHttpRequest.execute(AbstractClientHttpRequest.java:66)
	at org.springframework.http.client.InterceptingClientHttpRequest$InterceptingRequestExecution.execute(InterceptingClientHttpRequest.java:112)
	at org.springframework.cloud.netflix.eureka.http.RestTemplateTransportClientFactory.lambda$restTemplate$3(RestTemplateTransportClientFactory.java:170)
	at org.springframework.http.client.InterceptingClientHttpRequest$InterceptingRequestExecution.execute(InterceptingClientHttpRequest.java:88)
	at org.springframework.http.client.InterceptingClientHttpRequest.executeInternal(InterceptingClientHttpRequest.java:72)
	at org.springframework.http.client.AbstractBufferingClientHttpRequest.executeInternal(AbstractBufferingClientHttpRequest.java:48)
	at org.springframework.http.client.AbstractClientHttpRequest.execute(AbstractClientHttpRequest.java:66)
	at org.springframework.web.client.RestTemplate.doExecute(RestTemplate.java:889)
	... 20 more

2026-03-27T11:20:49.358+05:30  WARN 36896 --- [user-service] [beatExecutor-%d] c.n.d.s.t.d.RetryableEurekaHttpClient    : Request execution failed with message: I/O error on PUT request for "http://127.0.0.1:8761/eureka/apps/USER-SERVICE/localhost:user-service:7500": Connect to http://127.0.0.1:8761 [/127.0.0.1] failed: Connection refused: getsockopt
2026-03-27T11:20:49.358+05:30 ERROR 36896 --- [user-service] [beatExecutor-%d] com.netflix.discovery.DiscoveryClient    : DiscoveryClient_USER-SERVICE/localhost:user-service:7500 - was unable to send heartbeat!

com.netflix.discovery.shared.transport.TransportException: Cannot execute request on any known server
	at com.netflix.discovery.shared.transport.decorator.RetryableEurekaHttpClient.execute(RetryableEurekaHttpClient.java:112) ~[eureka-client-2.0.3.jar:2.0.3]
	at com.netflix.discovery.shared.transport.decorator.EurekaHttpClientDecorator.sendHeartBeat(EurekaHttpClientDecorator.java:89) ~[eureka-client-2.0.3.jar:2.0.3]
	at com.netflix.discovery.shared.transport.decorator.EurekaHttpClientDecorator$3.execute(EurekaHttpClientDecorator.java:92) ~[eureka-client-2.0.3.jar:2.0.3]
	at com.netflix.discovery.shared.transport.decorator.SessionedEurekaHttpClient.execute(SessionedEurekaHttpClient.java:76) ~[eureka-client-2.0.3.jar:2.0.3]
	at com.netflix.discovery.shared.transport.decorator.EurekaHttpClientDecorator.sendHeartBeat(EurekaHttpClientDecorator.java:89) ~[eureka-client-2.0.3.jar:2.0.3]
	at com.netflix.discovery.DiscoveryClient.renew(DiscoveryClient.java:845) ~[eureka-client-2.0.3.jar:2.0.3]
	at com.netflix.discovery.DiscoveryClient$HeartbeatThread.run(DiscoveryClient.java:1402) ~[eureka-client-2.0.3.jar:2.0.3]
	at java.base/java.util.concurrent.Executors$RunnableAdapter.call(Executors.java:572) ~[na:na]
	at java.base/java.util.concurrent.FutureTask.run(FutureTask.java:317) ~[na:na]
	at java.base/java.util.concurrent.ThreadPoolExecutor.runWorker(ThreadPoolExecutor.java:1144) ~[na:na]
	at java.base/java.util.concurrent.ThreadPoolExecutor$Worker.run(ThreadPoolExecutor.java:642) ~[na:na]
	at java.base/java.lang.Thread.run(Thread.java:1583) ~[na:na]

2026-03-27T11:20:49.389+05:30  INFO 36896 --- [user-service] [foReplicator-%d] com.netflix.discovery.DiscoveryClient    : DiscoveryClient_USER-SERVICE/localhost:user-service:7500: registering service...
2026-03-27T11:20:49.390+05:30 DEBUG 36896 --- [user-service] [foReplicator-%d] c.n.d.s.t.d.RetryableEurekaHttpClient    : Clearing quarantined list of size 1
2026-03-27T11:20:49.393+05:30 DEBUG 36896 --- [user-service] [foReplicator-%d] o.s.web.client.RestTemplate              : HTTP POST http://127.0.0.1:8761/eureka/apps/USER-SERVICE
2026-03-27T11:20:49.394+05:30 DEBUG 36896 --- [user-service] [foReplicator-%d] o.s.web.client.RestTemplate              : Accept=[application/json, application/*+json]
2026-03-27T11:20:49.396+05:30 DEBUG 36896 --- [user-service] [foReplicator-%d] o.s.web.client.RestTemplate              : Writing [InstanceInfo [instanceId = localhost:user-service:7500, appName = USER-SERVICE, hostName = localhost, status = UP, ipAddr = 192.168.150.1, port = 7500, securePort = 443, dataCenterInfo = com.netflix.appinfo.MyDataCenterInfo@76445f60] as "application/json"
2026-03-27T11:20:49.399+05:30  INFO 36896 --- [user-service] [foReplicator-%d] c.n.d.s.t.d.RedirectingEurekaHttpClient  : Request execution error. endpoint=DefaultEndpoint{ serviceUrl='http://127.0.0.1:8761/eureka/}, exception=I/O error on POST request for "http://127.0.0.1:8761/eureka/apps/USER-SERVICE": Connect to http://127.0.0.1:8761 [/127.0.0.1] failed: Connection refused: getsockopt stacktrace=org.springframework.web.client.ResourceAccessException: I/O error on POST request for "http://127.0.0.1:8761/eureka/apps/USER-SERVICE": Connect to http://127.0.0.1:8761 [/127.0.0.1] failed: Connection refused: getsockopt
	at org.springframework.web.client.RestTemplate.createResourceAccessException(RestTemplate.java:915)
	at org.springframework.web.client.RestTemplate.doExecute(RestTemplate.java:895)
	at org.springframework.web.client.RestTemplate.execute(RestTemplate.java:790)
	at org.springframework.web.client.RestTemplate.exchange(RestTemplate.java:672)
	at org.springframework.cloud.netflix.eureka.http.RestTemplateEurekaHttpClient.register(RestTemplateEurekaHttpClient.java:77)
	at com.netflix.discovery.shared.transport.decorator.EurekaHttpClientDecorator$1.execute(EurekaHttpClientDecorator.java:59)
	at com.netflix.discovery.shared.transport.decorator.RedirectingEurekaHttpClient.executeOnNewServer(RedirectingEurekaHttpClient.java:121)
	at com.netflix.discovery.shared.transport.decorator.RedirectingEurekaHttpClient.execute(RedirectingEurekaHttpClient.java:80)
	at com.netflix.discovery.shared.transport.decorator.EurekaHttpClientDecorator.register(EurekaHttpClientDecorator.java:56)
	at com.netflix.discovery.shared.transport.decorator.EurekaHttpClientDecorator$1.execute(EurekaHttpClientDecorator.java:59)
	at com.netflix.discovery.shared.transport.decorator.RetryableEurekaHttpClient.execute(RetryableEurekaHttpClient.java:120)
	at com.netflix.discovery.shared.transport.decorator.EurekaHttpClientDecorator.register(EurekaHttpClientDecorator.java:56)
	at com.netflix.discovery.shared.transport.decorator.EurekaHttpClientDecorator$1.execute(EurekaHttpClientDecorator.java:59)
	at com.netflix.discovery.shared.transport.decorator.SessionedEurekaHttpClient.execute(SessionedEurekaHttpClient.java:76)
	at com.netflix.discovery.shared.transport.decorator.EurekaHttpClientDecorator.register(EurekaHttpClientDecorator.java:56)
	at com.netflix.discovery.DiscoveryClient.register(DiscoveryClient.java:828)
	at com.netflix.discovery.InstanceInfoReplicator.run(InstanceInfoReplicator.java:125)
	at java.base/java.util.concurrent.Executors$RunnableAdapter.call(Executors.java:572)
	at java.base/java.util.concurrent.FutureTask.run(FutureTask.java:317)
	at java.base/java.util.concurrent.ScheduledThreadPoolExecutor$ScheduledFutureTask.run(ScheduledThreadPoolExecutor.java:304)
	at java.base/java.util.concurrent.ThreadPoolExecutor.runWorker(ThreadPoolExecutor.java:1144)
	at java.base/java.util.concurrent.ThreadPoolExecutor$Worker.run(ThreadPoolExecutor.java:642)
	at java.base/java.lang.Thread.run(Thread.java:1583)
Caused by: org.apache.hc.client5.http.HttpHostConnectException: Connect to http://127.0.0.1:8761 [/127.0.0.1] failed: Connection refused: getsockopt
	at java.base/sun.nio.ch.Net.pollConnect(Native Method)
	at java.base/sun.nio.ch.Net.pollConnectNow(Net.java:682)
	at java.base/sun.nio.ch.NioSocketImpl.timedFinishConnect(NioSocketImpl.java:542)
	at java.base/sun.nio.ch.NioSocketImpl.connect(NioSocketImpl.java:592)
	at java.base/java.net.SocksSocketImpl.connect(SocksSocketImpl.java:327)
	at java.base/java.net.Socket.connect(Socket.java:751)
	at org.apache.hc.client5.http.socket.PlainConnectionSocketFactory.lambda$connectSocket$0(PlainConnectionSocketFactory.java:91)
	at java.base/java.security.AccessController.doPrivileged(AccessController.java:571)
	at org.apache.hc.client5.http.socket.PlainConnectionSocketFactory.connectSocket(PlainConnectionSocketFactory.java:90)
	at org.apache.hc.client5.http.socket.ConnectionSocketFactory.connectSocket(ConnectionSocketFactory.java:123)
	at org.apache.hc.client5.http.impl.io.DefaultHttpClientConnectionOperator.connect(DefaultHttpClientConnectionOperator.java:189)
	at org.apache.hc.client5.http.impl.io.PoolingHttpClientConnectionManager.connect(PoolingHttpClientConnectionManager.java:450)
	at org.apache.hc.client5.http.impl.classic.InternalExecRuntime.connectEndpoint(InternalExecRuntime.java:162)
	at org.apache.hc.client5.http.impl.classic.InternalExecRuntime.connectEndpoint(InternalExecRuntime.java:172)
	at org.apache.hc.client5.http.impl.classic.ConnectExec.execute(ConnectExec.java:142)
	at org.apache.hc.client5.http.impl.classic.ExecChainElement.execute(ExecChainElement.java:51)
	at org.apache.hc.client5.http.impl.classic.ProtocolExec.execute(ProtocolExec.java:192)
	at org.apache.hc.client5.http.impl.classic.ExecChainElement.execute(ExecChainElement.java:51)
	at org.apache.hc.client5.http.impl.classic.HttpRequestRetryExec.execute(HttpRequestRetryExec.java:113)
	at org.apache.hc.client5.http.impl.classic.ExecChainElement.execute(ExecChainElement.java:51)
	at org.apache.hc.client5.http.impl.classic.ContentCompressionExec.execute(ContentCompressionExec.java:152)
	at org.apache.hc.client5.http.impl.classic.ExecChainElement.execute(ExecChainElement.java:51)
	at org.apache.hc.client5.http.impl.classic.RedirectExec.execute(RedirectExec.java:116)
	at org.apache.hc.client5.http.impl.classic.ExecChainElement.execute(ExecChainElement.java:51)
	at org.apache.hc.client5.http.impl.classic.InternalHttpClient.doExecute(InternalHttpClient.java:170)
	at org.apache.hc.client5.http.impl.classic.CloseableHttpClient.execute(CloseableHttpClient.java:87)
	at org.apache.hc.client5.http.impl.classic.CloseableHttpClient.execute(CloseableHttpClient.java:55)
	at org.apache.hc.client5.http.classic.HttpClient.executeOpen(HttpClient.java:183)
	at org.springframework.http.client.HttpComponentsClientHttpRequest.executeInternal(HttpComponentsClientHttpRequest.java:99)
	at org.springframework.http.client.AbstractStreamingClientHttpRequest.executeInternal(AbstractStreamingClientHttpRequest.java:70)
	at org.springframework.http.client.AbstractClientHttpRequest.execute(AbstractClientHttpRequest.java:66)
	at org.springframework.http.client.InterceptingClientHttpRequest$InterceptingRequestExecution.execute(InterceptingClientHttpRequest.java:112)
	at org.springframework.cloud.netflix.eureka.http.RestTemplateTransportClientFactory.lambda$restTemplate$3(RestTemplateTransportClientFactory.java:170)
	at org.springframework.http.client.InterceptingClientHttpRequest$InterceptingRequestExecution.execute(InterceptingClientHttpRequest.java:88)
	at org.springframework.http.client.InterceptingClientHttpRequest.executeInternal(InterceptingClientHttpRequest.java:72)
	at org.springframework.http.client.AbstractBufferingClientHttpRequest.executeInternal(AbstractBufferingClientHttpRequest.java:48)
	at org.springframework.http.client.AbstractClientHttpRequest.execute(AbstractClientHttpRequest.java:66)
	at org.springframework.web.client.RestTemplate.doExecute(RestTemplate.java:889)
	... 21 more

2026-03-27T11:20:49.400+05:30  WARN 36896 --- [user-service] [foReplicator-%d] c.n.d.s.t.d.RetryableEurekaHttpClient    : Request execution failed with message: I/O error on POST request for "http://127.0.0.1:8761/eureka/apps/USER-SERVICE": Connect to http://127.0.0.1:8761 [/127.0.0.1] failed: Connection refused: getsockopt
2026-03-27T11:20:49.400+05:30  WARN 36896 --- [user-service] [foReplicator-%d] com.netflix.discovery.DiscoveryClient    : DiscoveryClient_USER-SERVICE/localhost:user-service:7500 - registration failed Cannot execute request on any known server

com.netflix.discovery.shared.transport.TransportException: Cannot execute request on any known server
	at com.netflix.discovery.shared.transport.decorator.RetryableEurekaHttpClient.execute(RetryableEurekaHttpClient.java:112) ~[eureka-client-2.0.3.jar:2.0.3]
	at com.netflix.discovery.shared.transport.decorator.EurekaHttpClientDecorator.register(EurekaHttpClientDecorator.java:56) ~[eureka-client-2.0.3.jar:2.0.3]
	at com.netflix.discovery.shared.transport.decorator.EurekaHttpClientDecorator$1.execute(EurekaHttpClientDecorator.java:59) ~[eureka-client-2.0.3.jar:2.0.3]
	at com.netflix.discovery.shared.transport.decorator.SessionedEurekaHttpClient.execute(SessionedEurekaHttpClient.java:76) ~[eureka-client-2.0.3.jar:2.0.3]
	at com.netflix.discovery.shared.transport.decorator.EurekaHttpClientDecorator.register(EurekaHttpClientDecorator.java:56) ~[eureka-client-2.0.3.jar:2.0.3]
	at com.netflix.discovery.DiscoveryClient.register(DiscoveryClient.java:828) ~[eureka-client-2.0.3.jar:2.0.3]
	at com.netflix.discovery.InstanceInfoReplicator.run(InstanceInfoReplicator.java:125) ~[eureka-client-2.0.3.jar:2.0.3]
	at java.base/java.util.concurrent.Executors$RunnableAdapter.call(Executors.java:572) ~[na:na]
	at java.base/java.util.concurrent.FutureTask.run(FutureTask.java:317) ~[na:na]
	at java.base/java.util.concurrent.ScheduledThreadPoolExecutor$ScheduledFutureTask.run(ScheduledThreadPoolExecutor.java:304) ~[na:na]
	at java.base/java.util.concurrent.ThreadPoolExecutor.runWorker(ThreadPoolExecutor.java:1144) ~[na:na]
	at java.base/java.util.concurrent.ThreadPoolExecutor$Worker.run(ThreadPoolExecutor.java:642) ~[na:na]
	at java.base/java.lang.Thread.run(Thread.java:1583) ~[na:na]

2026-03-27T11:20:49.401+05:30  WARN 36896 --- [user-service] [foReplicator-%d] c.n.discovery.InstanceInfoReplicator     : There was a problem with the instance info replicator

com.netflix.discovery.shared.transport.TransportException: Cannot execute request on any known server
	at com.netflix.discovery.shared.transport.decorator.RetryableEurekaHttpClient.execute(RetryableEurekaHttpClient.java:112) ~[eureka-client-2.0.3.jar:2.0.3]
	at com.netflix.discovery.shared.transport.decorator.EurekaHttpClientDecorator.register(EurekaHttpClientDecorator.java:56) ~[eureka-client-2.0.3.jar:2.0.3]
	at com.netflix.discovery.shared.transport.decorator.EurekaHttpClientDecorator$1.execute(EurekaHttpClientDecorator.java:59) ~[eureka-client-2.0.3.jar:2.0.3]
	at com.netflix.discovery.shared.transport.decorator.SessionedEurekaHttpClient.execute(SessionedEurekaHttpClient.java:76) ~[eureka-client-2.0.3.jar:2.0.3]
	at com.netflix.discovery.shared.transport.decorator.EurekaHttpClientDecorator.register(EurekaHttpClientDecorator.java:56) ~[eureka-client-2.0.3.jar:2.0.3]
	at com.netflix.discovery.DiscoveryClient.register(DiscoveryClient.java:828) ~[eureka-client-2.0.3.jar:2.0.3]
	at com.netflix.discovery.InstanceInfoReplicator.run(InstanceInfoReplicator.java:125) ~[eureka-client-2.0.3.jar:2.0.3]
	at java.base/java.util.concurrent.Executors$RunnableAdapter.call(Executors.java:572) ~[na:na]
	at java.base/java.util.concurrent.FutureTask.run(FutureTask.java:317) ~[na:na]
	at java.base/java.util.concurrent.ScheduledThreadPoolExecutor$ScheduledFutureTask.run(ScheduledThreadPoolExecutor.java:304) ~[na:na]
	at java.base/java.util.concurrent.ThreadPoolExecutor.runWorker(ThreadPoolExecutor.java:1144) ~[na:na]
	at java.base/java.util.concurrent.ThreadPoolExecutor$Worker.run(ThreadPoolExecutor.java:642) ~[na:na]
	at java.base/java.lang.Thread.run(Thread.java:1583) ~[na:na]

2026-03-27T11:21:19.356+05:30  INFO 36896 --- [user-service] [reshExecutor-%d] com.netflix.discovery.DiscoveryClient    : Disable delta property : false
2026-03-27T11:21:19.361+05:30  INFO 36896 --- [user-service] [reshExecutor-%d] com.netflix.discovery.DiscoveryClient    : Single vip registry refresh property : null
2026-03-27T11:21:19.362+05:30  INFO 36896 --- [user-service] [reshExecutor-%d] com.netflix.discovery.DiscoveryClient    : Force full registry fetch : false
2026-03-27T11:21:19.363+05:30  INFO 36896 --- [user-service] [reshExecutor-%d] com.netflix.discovery.DiscoveryClient    : Application is null : false
2026-03-27T11:21:19.364+05:30  INFO 36896 --- [user-service] [reshExecutor-%d] com.netflix.discovery.DiscoveryClient    : Registered Applications size is zero : true
2026-03-27T11:21:19.365+05:30  INFO 36896 --- [user-service] [reshExecutor-%d] com.netflix.discovery.DiscoveryClient    : Application version is -1: true
2026-03-27T11:21:19.366+05:30  INFO 36896 --- [user-service] [reshExecutor-%d] com.netflix.discovery.DiscoveryClient    : Getting all instance registry info from the eureka server
2026-03-27T11:21:19.366+05:30 DEBUG 36896 --- [user-service] [reshExecutor-%d] c.n.d.s.t.d.RetryableEurekaHttpClient    : Clearing quarantined list of size 1
2026-03-27T11:21:19.371+05:30 DEBUG 36896 --- [user-service] [beatExecutor-%d] c.n.d.s.t.d.RetryableEurekaHttpClient    : Clearing quarantined list of size 1
2026-03-27T11:21:19.371+05:30 DEBUG 36896 --- [user-service] [reshExecutor-%d] o.s.web.client.RestTemplate              : HTTP GET http://127.0.0.1:8761/eureka/apps/
2026-03-27T11:21:19.380+05:30 DEBUG 36896 --- [user-service] [beatExecutor-%d] o.s.web.client.RestTemplate              : HTTP PUT http://127.0.0.1:8761/eureka/apps/USER-SERVICE/localhost:user-service:7500?status=UP&lastDirtyTimestamp=1774590619336
2026-03-27T11:21:19.381+05:30 DEBUG 36896 --- [user-service] [reshExecutor-%d] o.s.web.client.RestTemplate              : Accept=[application/json, application/*+json]
2026-03-27T11:21:19.385+05:30 DEBUG 36896 --- [user-service] [beatExecutor-%d] o.s.web.client.RestTemplate              : Accept=[application/json, application/*+json]
2026-03-27T11:21:19.403+05:30  INFO 36896 --- [user-service] [reshExecutor-%d] c.n.d.s.t.d.RedirectingEurekaHttpClient  : Request execution error. endpoint=DefaultEndpoint{ serviceUrl='http://127.0.0.1:8761/eureka/}, exception=I/O error on GET request for "http://127.0.0.1:8761/eureka/apps/": Connect to http://127.0.0.1:8761 [/127.0.0.1] failed: Connection refused: getsockopt stacktrace=org.springframework.web.client.ResourceAccessException: I/O error on GET request for "http://127.0.0.1:8761/eureka/apps/": Connect to http://127.0.0.1:8761 [/127.0.0.1] failed: Connection refused: getsockopt
	at org.springframework.web.client.RestTemplate.createResourceAccessException(RestTemplate.java:915)
	at org.springframework.web.client.RestTemplate.doExecute(RestTemplate.java:895)
	at org.springframework.web.client.RestTemplate.execute(RestTemplate.java:790)
	at org.springframework.web.client.RestTemplate.exchange(RestTemplate.java:672)
	at org.springframework.cloud.netflix.eureka.http.RestTemplateEurekaHttpClient.getApplicationsInternal(RestTemplateEurekaHttpClient.java:145)
	at org.springframework.cloud.netflix.eureka.http.RestTemplateEurekaHttpClient.getApplications(RestTemplateEurekaHttpClient.java:135)
	at com.netflix.discovery.shared.transport.decorator.EurekaHttpClientDecorator$6.execute(EurekaHttpClientDecorator.java:137)
	at com.netflix.discovery.shared.transport.decorator.RedirectingEurekaHttpClient.executeOnNewServer(RedirectingEurekaHttpClient.java:121)
	at com.netflix.discovery.shared.transport.decorator.RedirectingEurekaHttpClient.execute(RedirectingEurekaHttpClient.java:80)
	at com.netflix.discovery.shared.transport.decorator.EurekaHttpClientDecorator.getApplications(EurekaHttpClientDecorator.java:134)
	at com.netflix.discovery.shared.transport.decorator.EurekaHttpClientDecorator$6.execute(EurekaHttpClientDecorator.java:137)
	at com.netflix.discovery.shared.transport.decorator.RetryableEurekaHttpClient.execute(RetryableEurekaHttpClient.java:120)
	at com.netflix.discovery.shared.transport.decorator.EurekaHttpClientDecorator.getApplications(EurekaHttpClientDecorator.java:134)
	at com.netflix.discovery.shared.transport.decorator.EurekaHttpClientDecorator$6.execute(EurekaHttpClientDecorator.java:137)
	at com.netflix.discovery.shared.transport.decorator.SessionedEurekaHttpClient.execute(SessionedEurekaHttpClient.java:76)
	at com.netflix.discovery.shared.transport.decorator.EurekaHttpClientDecorator.getApplications(EurekaHttpClientDecorator.java:134)
	at com.netflix.discovery.DiscoveryClient.getAndStoreFullRegistry(DiscoveryClient.java:1046)
	at com.netflix.discovery.DiscoveryClient.fetchRegistry(DiscoveryClient.java:961)
	at com.netflix.discovery.DiscoveryClient.refreshRegistry(DiscoveryClient.java:1473)
	at com.netflix.discovery.DiscoveryClient$CacheRefreshThread.run(DiscoveryClient.java:1441)
	at java.base/java.util.concurrent.Executors$RunnableAdapter.call(Executors.java:572)
	at java.base/java.util.concurrent.FutureTask.run(FutureTask.java:317)
	at java.base/java.util.concurrent.ThreadPoolExecutor.runWorker(ThreadPoolExecutor.java:1144)
	at java.base/java.util.concurrent.ThreadPoolExecutor$Worker.run(ThreadPoolExecutor.java:642)
	at java.base/java.lang.Thread.run(Thread.java:1583)
Caused by: org.apache.hc.client5.http.HttpHostConnectException: Connect to http://127.0.0.1:8761 [/127.0.0.1] failed: Connection refused: getsockopt
	at java.base/sun.nio.ch.Net.pollConnect(Native Method)
	at java.base/sun.nio.ch.Net.pollConnectNow(Net.java:682)
	at java.base/sun.nio.ch.NioSocketImpl.timedFinishConnect(NioSocketImpl.java:542)
	at java.base/sun.nio.ch.NioSocketImpl.connect(NioSocketImpl.java:592)
	at java.base/java.net.SocksSocketImpl.connect(SocksSocketImpl.java:327)
	at java.base/java.net.Socket.connect(Socket.java:751)
	at org.apache.hc.client5.http.socket.PlainConnectionSocketFactory.lambda$connectSocket$0(PlainConnectionSocketFactory.java:91)
	at java.base/java.security.AccessController.doPrivileged(AccessController.java:571)
	at org.apache.hc.client5.http.socket.PlainConnectionSocketFactory.connectSocket(PlainConnectionSocketFactory.java:90)
	at org.apache.hc.client5.http.socket.ConnectionSocketFactory.connectSocket(ConnectionSocketFactory.java:123)
	at org.apache.hc.client5.http.impl.io.DefaultHttpClientConnectionOperator.connect(DefaultHttpClientConnectionOperator.java:189)
	at org.apache.hc.client5.http.impl.io.PoolingHttpClientConnectionManager.connect(PoolingHttpClientConnectionManager.java:450)
	at org.apache.hc.client5.http.impl.classic.InternalExecRuntime.connectEndpoint(InternalExecRuntime.java:162)
	at org.apache.hc.client5.http.impl.classic.InternalExecRuntime.connectEndpoint(InternalExecRuntime.java:172)
	at org.apache.hc.client5.http.impl.classic.ConnectExec.execute(ConnectExec.java:142)
	at org.apache.hc.client5.http.impl.classic.ExecChainElement.execute(ExecChainElement.java:51)
	at org.apache.hc.client5.http.impl.classic.ProtocolExec.execute(ProtocolExec.java:192)
	at org.apache.hc.client5.http.impl.classic.ExecChainElement.execute(ExecChainElement.java:51)
	at org.apache.hc.client5.http.impl.classic.HttpRequestRetryExec.execute(HttpRequestRetryExec.java:113)
	at org.apache.hc.client5.http.impl.classic.ExecChainElement.execute(ExecChainElement.java:51)
	at org.apache.hc.client5.http.impl.classic.ContentCompressionExec.execute(ContentCompressionExec.java:152)
	at org.apache.hc.client5.http.impl.classic.ExecChainElement.execute(ExecChainElement.java:51)
	at org.apache.hc.client5.http.impl.classic.RedirectExec.execute(RedirectExec.java:116)
	at org.apache.hc.client5.http.impl.classic.ExecChainElement.execute(ExecChainElement.java:51)
	at org.apache.hc.client5.http.impl.classic.InternalHttpClient.doExecute(InternalHttpClient.java:170)
	at org.apache.hc.client5.http.impl.classic.CloseableHttpClient.execute(CloseableHttpClient.java:87)
	at org.apache.hc.client5.http.impl.classic.CloseableHttpClient.execute(CloseableHttpClient.java:55)
	at org.apache.hc.client5.http.classic.HttpClient.executeOpen(HttpClient.java:183)
	at org.springframework.http.client.HttpComponentsClientHttpRequest.executeInternal(HttpComponentsClientHttpRequest.java:99)
	at org.springframework.http.client.AbstractStreamingClientHttpRequest.executeInternal(AbstractStreamingClientHttpRequest.java:70)
	at org.springframework.http.client.AbstractClientHttpRequest.execute(AbstractClientHttpRequest.java:66)
	at org.springframework.http.client.InterceptingClientHttpRequest$InterceptingRequestExecution.execute(InterceptingClientHttpRequest.java:112)
	at org.springframework.cloud.netflix.eureka.http.RestTemplateTransportClientFactory.lambda$restTemplate$3(RestTemplateTransportClientFactory.java:170)
	at org.springframework.http.client.InterceptingClientHttpRequest$InterceptingRequestExecution.execute(InterceptingClientHttpRequest.java:88)
	at org.springframework.http.client.InterceptingClientHttpRequest.executeInternal(InterceptingClientHttpRequest.java:72)
	at org.springframework.http.client.AbstractBufferingClientHttpRequest.executeInternal(AbstractBufferingClientHttpRequest.java:48)
	at org.springframework.http.client.AbstractClientHttpRequest.execute(AbstractClientHttpRequest.java:66)
	at org.springframework.web.client.RestTemplate.doExecute(RestTemplate.java:889)
	... 23 more

2026-03-27T11:21:19.404+05:30  INFO 36896 --- [user-service] [beatExecutor-%d] c.n.d.s.t.d.RedirectingEurekaHttpClient  : Request execution error. endpoint=DefaultEndpoint{ serviceUrl='http://127.0.0.1:8761/eureka/}, exception=I/O error on PUT request for "http://127.0.0.1:8761/eureka/apps/USER-SERVICE/localhost:user-service:7500": Connect to http://127.0.0.1:8761 [/127.0.0.1] failed: Connection refused: getsockopt stacktrace=org.springframework.web.client.ResourceAccessException: I/O error on PUT request for "http://127.0.0.1:8761/eureka/apps/USER-SERVICE/localhost:user-service:7500": Connect to http://127.0.0.1:8761 [/127.0.0.1] failed: Connection refused: getsockopt
	at org.springframework.web.client.RestTemplate.createResourceAccessException(RestTemplate.java:915)
	at org.springframework.web.client.RestTemplate.doExecute(RestTemplate.java:895)
	at org.springframework.web.client.RestTemplate.execute(RestTemplate.java:790)
	at org.springframework.web.client.RestTemplate.exchange(RestTemplate.java:672)
	at org.springframework.cloud.netflix.eureka.http.RestTemplateEurekaHttpClient.sendHeartBeat(RestTemplateEurekaHttpClient.java:99)
	at com.netflix.discovery.shared.transport.decorator.EurekaHttpClientDecorator$3.execute(EurekaHttpClientDecorator.java:92)
	at com.netflix.discovery.shared.transport.decorator.RedirectingEurekaHttpClient.executeOnNewServer(RedirectingEurekaHttpClient.java:121)
	at com.netflix.discovery.shared.transport.decorator.RedirectingEurekaHttpClient.execute(RedirectingEurekaHttpClient.java:80)
	at com.netflix.discovery.shared.transport.decorator.EurekaHttpClientDecorator.sendHeartBeat(EurekaHttpClientDecorator.java:89)
	at com.netflix.discovery.shared.transport.decorator.EurekaHttpClientDecorator$3.execute(EurekaHttpClientDecorator.java:92)
	at com.netflix.discovery.shared.transport.decorator.RetryableEurekaHttpClient.execute(RetryableEurekaHttpClient.java:120)
	at com.netflix.discovery.shared.transport.decorator.EurekaHttpClientDecorator.sendHeartBeat(EurekaHttpClientDecorator.java:89)
	at com.netflix.discovery.shared.transport.decorator.EurekaHttpClientDecorator$3.execute(EurekaHttpClientDecorator.java:92)
	at com.netflix.discovery.shared.transport.decorator.SessionedEurekaHttpClient.execute(SessionedEurekaHttpClient.java:76)
	at com.netflix.discovery.shared.transport.decorator.EurekaHttpClientDecorator.sendHeartBeat(EurekaHttpClientDecorator.java:89)
	at com.netflix.discovery.DiscoveryClient.renew(DiscoveryClient.java:845)
	at com.netflix.discovery.DiscoveryClient$HeartbeatThread.run(DiscoveryClient.java:1402)
	at java.base/java.util.concurrent.Executors$RunnableAdapter.call(Executors.java:572)
	at java.base/java.util.concurrent.FutureTask.run(FutureTask.java:317)
	at java.base/java.util.concurrent.ThreadPoolExecutor.runWorker(ThreadPoolExecutor.java:1144)
	at java.base/java.util.concurrent.ThreadPoolExecutor$Worker.run(ThreadPoolExecutor.java:642)
	at java.base/java.lang.Thread.run(Thread.java:1583)
Caused by: org.apache.hc.client5.http.HttpHostConnectException: Connect to http://127.0.0.1:8761 [/127.0.0.1] failed: Connection refused: getsockopt
	at java.base/sun.nio.ch.Net.pollConnect(Native Method)
	at java.base/sun.nio.ch.Net.pollConnectNow(Net.java:682)
	at java.base/sun.nio.ch.NioSocketImpl.timedFinishConnect(NioSocketImpl.java:542)
	at java.base/sun.nio.ch.NioSocketImpl.connect(NioSocketImpl.java:592)
	at java.base/java.net.SocksSocketImpl.connect(SocksSocketImpl.java:327)
	at java.base/java.net.Socket.connect(Socket.java:751)
	at org.apache.hc.client5.http.socket.PlainConnectionSocketFactory.lambda$connectSocket$0(PlainConnectionSocketFactory.java:91)
	at java.base/java.security.AccessController.doPrivileged(AccessController.java:571)
	at org.apache.hc.client5.http.socket.PlainConnectionSocketFactory.connectSocket(PlainConnectionSocketFactory.java:90)
	at org.apache.hc.client5.http.socket.ConnectionSocketFactory.connectSocket(ConnectionSocketFactory.java:123)
	at org.apache.hc.client5.http.impl.io.DefaultHttpClientConnectionOperator.connect(DefaultHttpClientConnectionOperator.java:189)
	at org.apache.hc.client5.http.impl.io.PoolingHttpClientConnectionManager.connect(PoolingHttpClientConnectionManager.java:450)
	at org.apache.hc.client5.http.impl.classic.InternalExecRuntime.connectEndpoint(InternalExecRuntime.java:162)
	at org.apache.hc.client5.http.impl.classic.InternalExecRuntime.connectEndpoint(InternalExecRuntime.java:172)
	at org.apache.hc.client5.http.impl.classic.ConnectExec.execute(ConnectExec.java:142)
	at org.apache.hc.client5.http.impl.classic.ExecChainElement.execute(ExecChainElement.java:51)
	at org.apache.hc.client5.http.impl.classic.ProtocolExec.execute(ProtocolExec.java:192)
	at org.apache.hc.client5.http.impl.classic.ExecChainElement.execute(ExecChainElement.java:51)
	at org.apache.hc.client5.http.impl.classic.HttpRequestRetryExec.execute(HttpRequestRetryExec.java:113)
	at org.apache.hc.client5.http.impl.classic.ExecChainElement.execute(ExecChainElement.java:51)
	at org.apache.hc.client5.http.impl.classic.ContentCompressionExec.execute(ContentCompressionExec.java:152)
	at org.apache.hc.client5.http.impl.classic.ExecChainElement.execute(ExecChainElement.java:51)
	at org.apache.hc.client5.http.impl.classic.RedirectExec.execute(RedirectExec.java:116)
	at org.apache.hc.client5.http.impl.classic.ExecChainElement.execute(ExecChainElement.java:51)
	at org.apache.hc.client5.http.impl.classic.InternalHttpClient.doExecute(InternalHttpClient.java:170)
	at org.apache.hc.client5.http.impl.classic.CloseableHttpClient.execute(CloseableHttpClient.java:87)
	at org.apache.hc.client5.http.impl.classic.CloseableHttpClient.execute(CloseableHttpClient.java:55)
	at org.apache.hc.client5.http.classic.HttpClient.executeOpen(HttpClient.java:183)
	at org.springframework.http.client.HttpComponentsClientHttpRequest.executeInternal(HttpComponentsClientHttpRequest.java:99)
	at org.springframework.http.client.AbstractStreamingClientHttpRequest.executeInternal(AbstractStreamingClientHttpRequest.java:70)
	at org.springframework.http.client.AbstractClientHttpRequest.execute(AbstractClientHttpRequest.java:66)
	at org.springframework.http.client.InterceptingClientHttpRequest$InterceptingRequestExecution.execute(InterceptingClientHttpRequest.java:112)
	at org.springframework.cloud.netflix.eureka.http.RestTemplateTransportClientFactory.lambda$restTemplate$3(RestTemplateTransportClientFactory.java:170)
	at org.springframework.http.client.InterceptingClientHttpRequest$InterceptingRequestExecution.execute(InterceptingClientHttpRequest.java:88)
	at org.springframework.http.client.InterceptingClientHttpRequest.executeInternal(InterceptingClientHttpRequest.java:72)
	at org.springframework.http.client.AbstractBufferingClientHttpRequest.executeInternal(AbstractBufferingClientHttpRequest.java:48)
	at org.springframework.http.client.AbstractClientHttpRequest.execute(AbstractClientHttpRequest.java:66)
	at org.springframework.web.client.RestTemplate.doExecute(RestTemplate.java:889)
	... 20 more

2026-03-27T11:21:19.405+05:30  WARN 36896 --- [user-service] [reshExecutor-%d] c.n.d.s.t.d.RetryableEurekaHttpClient    : Request execution failed with message: I/O error on GET request for "http://127.0.0.1:8761/eureka/apps/": Connect to http://127.0.0.1:8761 [/127.0.0.1] failed: Connection refused: getsockopt
2026-03-27T11:21:19.407+05:30  WARN 36896 --- [user-service] [beatExecutor-%d] c.n.d.s.t.d.RetryableEurekaHttpClient    : Request execution failed with message: I/O error on PUT request for "http://127.0.0.1:8761/eureka/apps/USER-SERVICE/localhost:user-service:7500": Connect to http://127.0.0.1:8761 [/127.0.0.1] failed: Connection refused: getsockopt
2026-03-27T11:21:19.408+05:30  INFO 36896 --- [user-service] [reshExecutor-%d] com.netflix.discovery.DiscoveryClient    : DiscoveryClient_USER-SERVICE/localhost:user-service:7500 - was unable to refresh its cache! This periodic background refresh will be retried in 30 seconds. status = Cannot execute request on any known server stacktrace = com.netflix.discovery.shared.transport.TransportException: Cannot execute request on any known server
	at com.netflix.discovery.shared.transport.decorator.RetryableEurekaHttpClient.execute(RetryableEurekaHttpClient.java:112)
	at com.netflix.discovery.shared.transport.decorator.EurekaHttpClientDecorator.getApplications(EurekaHttpClientDecorator.java:134)
	at com.netflix.discovery.shared.transport.decorator.EurekaHttpClientDecorator$6.execute(EurekaHttpClientDecorator.java:137)
	at com.netflix.discovery.shared.transport.decorator.SessionedEurekaHttpClient.execute(SessionedEurekaHttpClient.java:76)
	at com.netflix.discovery.shared.transport.decorator.EurekaHttpClientDecorator.getApplications(EurekaHttpClientDecorator.java:134)
	at com.netflix.discovery.DiscoveryClient.getAndStoreFullRegistry(DiscoveryClient.java:1046)
	at com.netflix.discovery.DiscoveryClient.fetchRegistry(DiscoveryClient.java:961)
	at com.netflix.discovery.DiscoveryClient.refreshRegistry(DiscoveryClient.java:1473)
	at com.netflix.discovery.DiscoveryClient$CacheRefreshThread.run(DiscoveryClient.java:1441)
	at java.base/java.util.concurrent.Executors$RunnableAdapter.call(Executors.java:572)
	at java.base/java.util.concurrent.FutureTask.run(FutureTask.java:317)
	at java.base/java.util.concurrent.ThreadPoolExecutor.runWorker(ThreadPoolExecutor.java:1144)
	at java.base/java.util.concurrent.ThreadPoolExecutor$Worker.run(ThreadPoolExecutor.java:642)
	at java.base/java.lang.Thread.run(Thread.java:1583)

2026-03-27T11:21:19.409+05:30 DEBUG 36896 --- [user-service] [reshExecutor-%d] com.netflix.discovery.DiscoveryClient    : Completed cache refresh task for discovery. All Apps hash code is Local region apps hashcode: null, is fetching remote regions? false 
2026-03-27T11:21:19.409+05:30 ERROR 36896 --- [user-service] [beatExecutor-%d] com.netflix.discovery.DiscoveryClient    : DiscoveryClient_USER-SERVICE/localhost:user-service:7500 - was unable to send heartbeat!

com.netflix.discovery.shared.transport.TransportException: Cannot execute request on any known server
	at com.netflix.discovery.shared.transport.decorator.RetryableEurekaHttpClient.execute(RetryableEurekaHttpClient.java:112) ~[eureka-client-2.0.3.jar:2.0.3]
	at com.netflix.discovery.shared.transport.decorator.EurekaHttpClientDecorator.sendHeartBeat(EurekaHttpClientDecorator.java:89) ~[eureka-client-2.0.3.jar:2.0.3]
	at com.netflix.discovery.shared.transport.decorator.EurekaHttpClientDecorator$3.execute(EurekaHttpClientDecorator.java:92) ~[eureka-client-2.0.3.jar:2.0.3]
	at com.netflix.discovery.shared.transport.decorator.SessionedEurekaHttpClient.execute(SessionedEurekaHttpClient.java:76) ~[eureka-client-2.0.3.jar:2.0.3]
	at com.netflix.discovery.shared.transport.decorator.EurekaHttpClientDecorator.sendHeartBeat(EurekaHttpClientDecorator.java:89) ~[eureka-client-2.0.3.jar:2.0.3]
	at com.netflix.discovery.DiscoveryClient.renew(DiscoveryClient.java:845) ~[eureka-client-2.0.3.jar:2.0.3]
	at com.netflix.discovery.DiscoveryClient$HeartbeatThread.run(DiscoveryClient.java:1402) ~[eureka-client-2.0.3.jar:2.0.3]
	at java.base/java.util.concurrent.Executors$RunnableAdapter.call(Executors.java:572) ~[na:na]
	at java.base/java.util.concurrent.FutureTask.run(FutureTask.java:317) ~[na:na]
	at java.base/java.util.concurrent.ThreadPoolExecutor.runWorker(ThreadPoolExecutor.java:1144) ~[na:na]
	at java.base/java.util.concurrent.ThreadPoolExecutor$Worker.run(ThreadPoolExecutor.java:642) ~[na:na]
	at java.base/java.lang.Thread.run(Thread.java:1583) ~[na:na]

2026-03-27T11:21:19.417+05:30  INFO 36896 --- [user-service] [foReplicator-%d] com.netflix.discovery.DiscoveryClient    : DiscoveryClient_USER-SERVICE/localhost:user-service:7500: registering service...
2026-03-27T11:21:19.419+05:30 DEBUG 36896 --- [user-service] [foReplicator-%d] c.n.d.s.t.d.RetryableEurekaHttpClient    : Clearing quarantined list of size 1
2026-03-27T11:21:19.435+05:30 DEBUG 36896 --- [user-service] [foReplicator-%d] o.s.web.client.RestTemplate              : HTTP POST http://127.0.0.1:8761/eureka/apps/USER-SERVICE
2026-03-27T11:21:19.436+05:30 DEBUG 36896 --- [user-service] [foReplicator-%d] o.s.web.client.RestTemplate              : Accept=[application/json, application/*+json]
2026-03-27T11:21:19.438+05:30 DEBUG 36896 --- [user-service] [foReplicator-%d] o.s.web.client.RestTemplate              : Writing [InstanceInfo [instanceId = localhost:user-service:7500, appName = USER-SERVICE, hostName = localhost, status = UP, ipAddr = 192.168.150.1, port = 7500, securePort = 443, dataCenterInfo = com.netflix.appinfo.MyDataCenterInfo@76445f60] as "application/json"
2026-03-27T11:21:19.466+05:30  INFO 36896 --- [user-service] [foReplicator-%d] c.n.d.s.t.d.RedirectingEurekaHttpClient  : Request execution error. endpoint=DefaultEndpoint{ serviceUrl='http://127.0.0.1:8761/eureka/}, exception=I/O error on POST request for "http://127.0.0.1:8761/eureka/apps/USER-SERVICE": Connect to http://127.0.0.1:8761 [/127.0.0.1] failed: Connection refused: getsockopt stacktrace=org.springframework.web.client.ResourceAccessException: I/O error on POST request for "http://127.0.0.1:8761/eureka/apps/USER-SERVICE": Connect to http://127.0.0.1:8761 [/127.0.0.1] failed: Connection refused: getsockopt
	at org.springframework.web.client.RestTemplate.createResourceAccessException(RestTemplate.java:915)
	at org.springframework.web.client.RestTemplate.doExecute(RestTemplate.java:895)
	at org.springframework.web.client.RestTemplate.execute(RestTemplate.java:790)
	at org.springframework.web.client.RestTemplate.exchange(RestTemplate.java:672)
	at org.springframework.cloud.netflix.eureka.http.RestTemplateEurekaHttpClient.register(RestTemplateEurekaHttpClient.java:77)
	at com.netflix.discovery.shared.transport.decorator.EurekaHttpClientDecorator$1.execute(EurekaHttpClientDecorator.java:59)
	at com.netflix.discovery.shared.transport.decorator.RedirectingEurekaHttpClient.executeOnNewServer(RedirectingEurekaHttpClient.java:121)
	at com.netflix.discovery.shared.transport.decorator.RedirectingEurekaHttpClient.execute(RedirectingEurekaHttpClient.java:80)
	at com.netflix.discovery.shared.transport.decorator.EurekaHttpClientDecorator.register(EurekaHttpClientDecorator.java:56)
	at com.netflix.discovery.shared.transport.decorator.EurekaHttpClientDecorator$1.execute(EurekaHttpClientDecorator.java:59)
	at com.netflix.discovery.shared.transport.decorator.RetryableEurekaHttpClient.execute(RetryableEurekaHttpClient.java:120)
	at com.netflix.discovery.shared.transport.decorator.EurekaHttpClientDecorator.register(EurekaHttpClientDecorator.java:56)
	at com.netflix.discovery.shared.transport.decorator.EurekaHttpClientDecorator$1.execute(EurekaHttpClientDecorator.java:59)
	at com.netflix.discovery.shared.transport.decorator.SessionedEurekaHttpClient.execute(SessionedEurekaHttpClient.java:76)
	at com.netflix.discovery.shared.transport.decorator.EurekaHttpClientDecorator.register(EurekaHttpClientDecorator.java:56)
	at com.netflix.discovery.DiscoveryClient.register(DiscoveryClient.java:828)
	at com.netflix.discovery.InstanceInfoReplicator.run(InstanceInfoReplicator.java:125)
	at java.base/java.util.concurrent.Executors$RunnableAdapter.call(Executors.java:572)
	at java.base/java.util.concurrent.FutureTask.run(FutureTask.java:317)
	at java.base/java.util.concurrent.ScheduledThreadPoolExecutor$ScheduledFutureTask.run(ScheduledThreadPoolExecutor.java:304)
	at java.base/java.util.concurrent.ThreadPoolExecutor.runWorker(ThreadPoolExecutor.java:1144)
	at java.base/java.util.concurrent.ThreadPoolExecutor$Worker.run(ThreadPoolExecutor.java:642)
	at java.base/java.lang.Thread.run(Thread.java:1583)
Caused by: org.apache.hc.client5.http.HttpHostConnectException: Connect to http://127.0.0.1:8761 [/127.0.0.1] failed: Connection refused: getsockopt
	at java.base/sun.nio.ch.Net.pollConnect(Native Method)
	at java.base/sun.nio.ch.Net.pollConnectNow(Net.java:682)
	at java.base/sun.nio.ch.NioSocketImpl.timedFinishConnect(NioSocketImpl.java:542)
	at java.base/sun.nio.ch.NioSocketImpl.connect(NioSocketImpl.java:592)
	at java.base/java.net.SocksSocketImpl.connect(SocksSocketImpl.java:327)
	at java.base/java.net.Socket.connect(Socket.java:751)
	at org.apache.hc.client5.http.socket.PlainConnectionSocketFactory.lambda$connectSocket$0(PlainConnectionSocketFactory.java:91)
	at java.base/java.security.AccessController.doPrivileged(AccessController.java:571)
	at org.apache.hc.client5.http.socket.PlainConnectionSocketFactory.connectSocket(PlainConnectionSocketFactory.java:90)
	at org.apache.hc.client5.http.socket.ConnectionSocketFactory.connectSocket(ConnectionSocketFactory.java:123)
	at org.apache.hc.client5.http.impl.io.DefaultHttpClientConnectionOperator.connect(DefaultHttpClientConnectionOperator.java:189)
	at org.apache.hc.client5.http.impl.io.PoolingHttpClientConnectionManager.connect(PoolingHttpClientConnectionManager.java:450)
	at org.apache.hc.client5.http.impl.classic.InternalExecRuntime.connectEndpoint(InternalExecRuntime.java:162)
	at org.apache.hc.client5.http.impl.classic.InternalExecRuntime.connectEndpoint(InternalExecRuntime.java:172)
	at org.apache.hc.client5.http.impl.classic.ConnectExec.execute(ConnectExec.java:142)
	at org.apache.hc.client5.http.impl.classic.ExecChainElement.execute(ExecChainElement.java:51)
	at org.apache.hc.client5.http.impl.classic.ProtocolExec.execute(ProtocolExec.java:192)
	at org.apache.hc.client5.http.impl.classic.ExecChainElement.execute(ExecChainElement.java:51)
	at org.apache.hc.client5.http.impl.classic.HttpRequestRetryExec.execute(HttpRequestRetryExec.java:113)
	at org.apache.hc.client5.http.impl.classic.ExecChainElement.execute(ExecChainElement.java:51)
	at org.apache.hc.client5.http.impl.classic.ContentCompressionExec.execute(ContentCompressionExec.java:152)
	at org.apache.hc.client5.http.impl.classic.ExecChainElement.execute(ExecChainElement.java:51)
	at org.apache.hc.client5.http.impl.classic.RedirectExec.execute(RedirectExec.java:116)
	at org.apache.hc.client5.http.impl.classic.ExecChainElement.execute(ExecChainElement.java:51)
	at org.apache.hc.client5.http.impl.classic.InternalHttpClient.doExecute(InternalHttpClient.java:170)
	at org.apache.hc.client5.http.impl.classic.CloseableHttpClient.execute(CloseableHttpClient.java:87)
	at org.apache.hc.client5.http.impl.classic.CloseableHttpClient.execute(CloseableHttpClient.java:55)
	at org.apache.hc.client5.http.classic.HttpClient.executeOpen(HttpClient.java:183)
	at org.springframework.http.client.HttpComponentsClientHttpRequest.executeInternal(HttpComponentsClientHttpRequest.java:99)
	at org.springframework.http.client.AbstractStreamingClientHttpRequest.executeInternal(AbstractStreamingClientHttpRequest.java:70)
	at org.springframework.http.client.AbstractClientHttpRequest.execute(AbstractClientHttpRequest.java:66)
	at org.springframework.http.client.InterceptingClientHttpRequest$InterceptingRequestExecution.execute(InterceptingClientHttpRequest.java:112)
	at org.springframework.cloud.netflix.eureka.http.RestTemplateTransportClientFactory.lambda$restTemplate$3(RestTemplateTransportClientFactory.java:170)
	at org.springframework.http.client.InterceptingClientHttpRequest$InterceptingRequestExecution.execute(InterceptingClientHttpRequest.java:88)
	at org.springframework.http.client.InterceptingClientHttpRequest.executeInternal(InterceptingClientHttpRequest.java:72)
	at org.springframework.http.client.AbstractBufferingClientHttpRequest.executeInternal(AbstractBufferingClientHttpRequest.java:48)
	at org.springframework.http.client.AbstractClientHttpRequest.execute(AbstractClientHttpRequest.java:66)
	at org.springframework.web.client.RestTemplate.doExecute(RestTemplate.java:889)
	... 21 more

2026-03-27T11:21:19.469+05:30  WARN 36896 --- [user-service] [foReplicator-%d] c.n.d.s.t.d.RetryableEurekaHttpClient    : Request execution failed with message: I/O error on POST request for "http://127.0.0.1:8761/eureka/apps/USER-SERVICE": Connect to http://127.0.0.1:8761 [/127.0.0.1] failed: Connection refused: getsockopt
2026-03-27T11:21:19.470+05:30  WARN 36896 --- [user-service] [foReplicator-%d] com.netflix.discovery.DiscoveryClient    : DiscoveryClient_USER-SERVICE/localhost:user-service:7500 - registration failed Cannot execute request on any known server

com.netflix.discovery.shared.transport.TransportException: Cannot execute request on any known server
	at com.netflix.discovery.shared.transport.decorator.RetryableEurekaHttpClient.execute(RetryableEurekaHttpClient.java:112) ~[eureka-client-2.0.3.jar:2.0.3]
	at com.netflix.discovery.shared.transport.decorator.EurekaHttpClientDecorator.register(EurekaHttpClientDecorator.java:56) ~[eureka-client-2.0.3.jar:2.0.3]
	at com.netflix.discovery.shared.transport.decorator.EurekaHttpClientDecorator$1.execute(EurekaHttpClientDecorator.java:59) ~[eureka-client-2.0.3.jar:2.0.3]
	at com.netflix.discovery.shared.transport.decorator.SessionedEurekaHttpClient.execute(SessionedEurekaHttpClient.java:76) ~[eureka-client-2.0.3.jar:2.0.3]
	at com.netflix.discovery.shared.transport.decorator.EurekaHttpClientDecorator.register(EurekaHttpClientDecorator.java:56) ~[eureka-client-2.0.3.jar:2.0.3]
	at com.netflix.discovery.DiscoveryClient.register(DiscoveryClient.java:828) ~[eureka-client-2.0.3.jar:2.0.3]
	at com.netflix.discovery.InstanceInfoReplicator.run(InstanceInfoReplicator.java:125) ~[eureka-client-2.0.3.jar:2.0.3]
	at java.base/java.util.concurrent.Executors$RunnableAdapter.call(Executors.java:572) ~[na:na]
	at java.base/java.util.concurrent.FutureTask.run(FutureTask.java:317) ~[na:na]
	at java.base/java.util.concurrent.ScheduledThreadPoolExecutor$ScheduledFutureTask.run(ScheduledThreadPoolExecutor.java:304) ~[na:na]
	at java.base/java.util.concurrent.ThreadPoolExecutor.runWorker(ThreadPoolExecutor.java:1144) ~[na:na]
	at java.base/java.util.concurrent.ThreadPoolExecutor$Worker.run(ThreadPoolExecutor.java:642) ~[na:na]
	at java.base/java.lang.Thread.run(Thread.java:1583) ~[na:na]

2026-03-27T11:21:19.472+05:30  WARN 36896 --- [user-service] [foReplicator-%d] c.n.discovery.InstanceInfoReplicator     : There was a problem with the instance info replicator

com.netflix.discovery.shared.transport.TransportException: Cannot execute request on any known server
	at com.netflix.discovery.shared.transport.decorator.RetryableEurekaHttpClient.execute(RetryableEurekaHttpClient.java:112) ~[eureka-client-2.0.3.jar:2.0.3]
	at com.netflix.discovery.shared.transport.decorator.EurekaHttpClientDecorator.register(EurekaHttpClientDecorator.java:56) ~[eureka-client-2.0.3.jar:2.0.3]
	at com.netflix.discovery.shared.transport.decorator.EurekaHttpClientDecorator$1.execute(EurekaHttpClientDecorator.java:59) ~[eureka-client-2.0.3.jar:2.0.3]
	at com.netflix.discovery.shared.transport.decorator.SessionedEurekaHttpClient.execute(SessionedEurekaHttpClient.java:76) ~[eureka-client-2.0.3.jar:2.0.3]
	at com.netflix.discovery.shared.transport.decorator.EurekaHttpClientDecorator.register(EurekaHttpClientDecorator.java:56) ~[eureka-client-2.0.3.jar:2.0.3]
	at com.netflix.discovery.DiscoveryClient.register(DiscoveryClient.java:828) ~[eureka-client-2.0.3.jar:2.0.3]
	at com.netflix.discovery.InstanceInfoReplicator.run(InstanceInfoReplicator.java:125) ~[eureka-client-2.0.3.jar:2.0.3]
	at java.base/java.util.concurrent.Executors$RunnableAdapter.call(Executors.java:572) ~[na:na]
	at java.base/java.util.concurrent.FutureTask.run(FutureTask.java:317) ~[na:na]
	at java.base/java.util.concurrent.ScheduledThreadPoolExecutor$ScheduledFutureTask.run(ScheduledThreadPoolExecutor.java:304) ~[na:na]
	at java.base/java.util.concurrent.ThreadPoolExecutor.runWorker(ThreadPoolExecutor.java:1144) ~[na:na]
	at java.base/java.util.concurrent.ThreadPoolExecutor$Worker.run(ThreadPoolExecutor.java:642) ~[na:na]
	at java.base/java.lang.Thread.run(Thread.java:1583) ~[na:na]

2026-03-27T11:21:49.419+05:30  INFO 36896 --- [user-service] [reshExecutor-%d] com.netflix.discovery.DiscoveryClient    : Disable delta property : false
2026-03-27T11:21:49.419+05:30 DEBUG 36896 --- [user-service] [beatExecutor-%d] c.n.d.s.t.d.RetryableEurekaHttpClient    : Clearing quarantined list of size 1
2026-03-27T11:21:49.420+05:30  INFO 36896 --- [user-service] [reshExecutor-%d] com.netflix.discovery.DiscoveryClient    : Single vip registry refresh property : null
2026-03-27T11:21:49.420+05:30  INFO 36896 --- [user-service] [reshExecutor-%d] com.netflix.discovery.DiscoveryClient    : Force full registry fetch : false
2026-03-27T11:21:49.420+05:30  INFO 36896 --- [user-service] [reshExecutor-%d] com.netflix.discovery.DiscoveryClient    : Application is null : false
2026-03-27T11:21:49.421+05:30  INFO 36896 --- [user-service] [reshExecutor-%d] com.netflix.discovery.DiscoveryClient    : Registered Applications size is zero : true
2026-03-27T11:21:49.421+05:30  INFO 36896 --- [user-service] [reshExecutor-%d] com.netflix.discovery.DiscoveryClient    : Application version is -1: true
2026-03-27T11:21:49.421+05:30  INFO 36896 --- [user-service] [reshExecutor-%d] com.netflix.discovery.DiscoveryClient    : Getting all instance registry info from the eureka server
2026-03-27T11:21:49.421+05:30 DEBUG 36896 --- [user-service] [reshExecutor-%d] c.n.d.s.t.d.RetryableEurekaHttpClient    : Clearing quarantined list of size 1
2026-03-27T11:21:49.422+05:30 DEBUG 36896 --- [user-service] [beatExecutor-%d] o.s.web.client.RestTemplate              : HTTP PUT http://127.0.0.1:8761/eureka/apps/USER-SERVICE/localhost:user-service:7500?status=UP&lastDirtyTimestamp=1774590619336
2026-03-27T11:21:49.422+05:30 DEBUG 36896 --- [user-service] [reshExecutor-%d] o.s.web.client.RestTemplate              : HTTP GET http://127.0.0.1:8761/eureka/apps/
2026-03-27T11:21:49.427+05:30 DEBUG 36896 --- [user-service] [beatExecutor-%d] o.s.web.client.RestTemplate              : Accept=[application/json, application/*+json]
2026-03-27T11:21:49.428+05:30 DEBUG 36896 --- [user-service] [reshExecutor-%d] o.s.web.client.RestTemplate              : Accept=[application/json, application/*+json]
2026-03-27T11:21:49.429+05:30  INFO 36896 --- [user-service] [reshExecutor-%d] c.n.d.s.t.d.RedirectingEurekaHttpClient  : Request execution error. endpoint=DefaultEndpoint{ serviceUrl='http://127.0.0.1:8761/eureka/}, exception=I/O error on GET request for "http://127.0.0.1:8761/eureka/apps/": Connect to http://127.0.0.1:8761 [/127.0.0.1] failed: Connection refused: getsockopt stacktrace=org.springframework.web.client.ResourceAccessException: I/O error on GET request for "http://127.0.0.1:8761/eureka/apps/": Connect to http://127.0.0.1:8761 [/127.0.0.1] failed: Connection refused: getsockopt
	at org.springframework.web.client.RestTemplate.createResourceAccessException(RestTemplate.java:915)
	at org.springframework.web.client.RestTemplate.doExecute(RestTemplate.java:895)
	at org.springframework.web.client.RestTemplate.execute(RestTemplate.java:790)
	at org.springframework.web.client.RestTemplate.exchange(RestTemplate.java:672)
	at org.springframework.cloud.netflix.eureka.http.RestTemplateEurekaHttpClient.getApplicationsInternal(RestTemplateEurekaHttpClient.java:145)
	at org.springframework.cloud.netflix.eureka.http.RestTemplateEurekaHttpClient.getApplications(RestTemplateEurekaHttpClient.java:135)
	at com.netflix.discovery.shared.transport.decorator.EurekaHttpClientDecorator$6.execute(EurekaHttpClientDecorator.java:137)
	at com.netflix.discovery.shared.transport.decorator.RedirectingEurekaHttpClient.executeOnNewServer(RedirectingEurekaHttpClient.java:121)
	at com.netflix.discovery.shared.transport.decorator.RedirectingEurekaHttpClient.execute(RedirectingEurekaHttpClient.java:80)
	at com.netflix.discovery.shared.transport.decorator.EurekaHttpClientDecorator.getApplications(EurekaHttpClientDecorator.java:134)
	at com.netflix.discovery.shared.transport.decorator.EurekaHttpClientDecorator$6.execute(EurekaHttpClientDecorator.java:137)
	at com.netflix.discovery.shared.transport.decorator.RetryableEurekaHttpClient.execute(RetryableEurekaHttpClient.java:120)
	at com.netflix.discovery.shared.transport.decorator.EurekaHttpClientDecorator.getApplications(EurekaHttpClientDecorator.java:134)
	at com.netflix.discovery.shared.transport.decorator.EurekaHttpClientDecorator$6.execute(EurekaHttpClientDecorator.java:137)
	at com.netflix.discovery.shared.transport.decorator.SessionedEurekaHttpClient.execute(SessionedEurekaHttpClient.java:76)
	at com.netflix.discovery.shared.transport.decorator.EurekaHttpClientDecorator.getApplications(EurekaHttpClientDecorator.java:134)
	at com.netflix.discovery.DiscoveryClient.getAndStoreFullRegistry(DiscoveryClient.java:1046)
	at com.netflix.discovery.DiscoveryClient.fetchRegistry(DiscoveryClient.java:961)
	at com.netflix.discovery.DiscoveryClient.refreshRegistry(DiscoveryClient.java:1473)
	at com.netflix.discovery.DiscoveryClient$CacheRefreshThread.run(DiscoveryClient.java:1441)
	at java.base/java.util.concurrent.Executors$RunnableAdapter.call(Executors.java:572)
	at java.base/java.util.concurrent.FutureTask.run(FutureTask.java:317)
	at java.base/java.util.concurrent.ThreadPoolExecutor.runWorker(ThreadPoolExecutor.java:1144)
	at java.base/java.util.concurrent.ThreadPoolExecutor$Worker.run(ThreadPoolExecutor.java:642)
	at java.base/java.lang.Thread.run(Thread.java:1583)
Caused by: org.apache.hc.client5.http.HttpHostConnectException: Connect to http://127.0.0.1:8761 [/127.0.0.1] failed: Connection refused: getsockopt
	at java.base/sun.nio.ch.Net.pollConnect(Native Method)
	at java.base/sun.nio.ch.Net.pollConnectNow(Net.java:682)
	at java.base/sun.nio.ch.NioSocketImpl.timedFinishConnect(NioSocketImpl.java:542)
	at java.base/sun.nio.ch.NioSocketImpl.connect(NioSocketImpl.java:592)
	at java.base/java.net.SocksSocketImpl.connect(SocksSocketImpl.java:327)
	at java.base/java.net.Socket.connect(Socket.java:751)
	at org.apache.hc.client5.http.socket.PlainConnectionSocketFactory.lambda$connectSocket$0(PlainConnectionSocketFactory.java:91)
	at java.base/java.security.AccessController.doPrivileged(AccessController.java:571)
	at org.apache.hc.client5.http.socket.PlainConnectionSocketFactory.connectSocket(PlainConnectionSocketFactory.java:90)
	at org.apache.hc.client5.http.socket.ConnectionSocketFactory.connectSocket(ConnectionSocketFactory.java:123)
	at org.apache.hc.client5.http.impl.io.DefaultHttpClientConnectionOperator.connect(DefaultHttpClientConnectionOperator.java:189)
	at org.apache.hc.client5.http.impl.io.PoolingHttpClientConnectionManager.connect(PoolingHttpClientConnectionManager.java:450)
	at org.apache.hc.client5.http.impl.classic.InternalExecRuntime.connectEndpoint(InternalExecRuntime.java:162)
	at org.apache.hc.client5.http.impl.classic.InternalExecRuntime.connectEndpoint(InternalExecRuntime.java:172)
	at org.apache.hc.client5.http.impl.classic.ConnectExec.execute(ConnectExec.java:142)
	at org.apache.hc.client5.http.impl.classic.ExecChainElement.execute(ExecChainElement.java:51)
	at org.apache.hc.client5.http.impl.classic.ProtocolExec.execute(ProtocolExec.java:192)
	at org.apache.hc.client5.http.impl.classic.ExecChainElement.execute(ExecChainElement.java:51)
	at org.apache.hc.client5.http.impl.classic.HttpRequestRetryExec.execute(HttpRequestRetryExec.java:113)
	at org.apache.hc.client5.http.impl.classic.ExecChainElement.execute(ExecChainElement.java:51)
	at org.apache.hc.client5.http.impl.classic.ContentCompressionExec.execute(ContentCompressionExec.java:152)
	at org.apache.hc.client5.http.impl.classic.ExecChainElement.execute(ExecChainElement.java:51)
	at org.apache.hc.client5.http.impl.classic.RedirectExec.execute(RedirectExec.java:116)
	at org.apache.hc.client5.http.impl.classic.ExecChainElement.execute(ExecChainElement.java:51)
	at org.apache.hc.client5.http.impl.classic.InternalHttpClient.doExecute(InternalHttpClient.java:170)
	at org.apache.hc.client5.http.impl.classic.CloseableHttpClient.execute(CloseableHttpClient.java:87)
	at org.apache.hc.client5.http.impl.classic.CloseableHttpClient.execute(CloseableHttpClient.java:55)
	at org.apache.hc.client5.http.classic.HttpClient.executeOpen(HttpClient.java:183)
	at org.springframework.http.client.HttpComponentsClientHttpRequest.executeInternal(HttpComponentsClientHttpRequest.java:99)
	at org.springframework.http.client.AbstractStreamingClientHttpRequest.executeInternal(AbstractStreamingClientHttpRequest.java:70)
	at org.springframework.http.client.AbstractClientHttpRequest.execute(AbstractClientHttpRequest.java:66)
	at org.springframework.http.client.InterceptingClientHttpRequest$InterceptingRequestExecution.execute(InterceptingClientHttpRequest.java:112)
	at org.springframework.cloud.netflix.eureka.http.RestTemplateTransportClientFactory.lambda$restTemplate$3(RestTemplateTransportClientFactory.java:170)
	at org.springframework.http.client.InterceptingClientHttpRequest$InterceptingRequestExecution.execute(InterceptingClientHttpRequest.java:88)
	at org.springframework.http.client.InterceptingClientHttpRequest.executeInternal(InterceptingClientHttpRequest.java:72)
	at org.springframework.http.client.AbstractBufferingClientHttpRequest.executeInternal(AbstractBufferingClientHttpRequest.java:48)
	at org.springframework.http.client.AbstractClientHttpRequest.execute(AbstractClientHttpRequest.java:66)
	at org.springframework.web.client.RestTemplate.doExecute(RestTemplate.java:889)
	... 23 more

2026-03-27T11:21:49.430+05:30  WARN 36896 --- [user-service] [reshExecutor-%d] c.n.d.s.t.d.RetryableEurekaHttpClient    : Request execution failed with message: I/O error on GET request for "http://127.0.0.1:8761/eureka/apps/": Connect to http://127.0.0.1:8761 [/127.0.0.1] failed: Connection refused: getsockopt
2026-03-27T11:21:49.431+05:30  INFO 36896 --- [user-service] [reshExecutor-%d] com.netflix.discovery.DiscoveryClient    : DiscoveryClient_USER-SERVICE/localhost:user-service:7500 - was unable to refresh its cache! This periodic background refresh will be retried in 30 seconds. status = Cannot execute request on any known server stacktrace = com.netflix.discovery.shared.transport.TransportException: Cannot execute request on any known server
	at com.netflix.discovery.shared.transport.decorator.RetryableEurekaHttpClient.execute(RetryableEurekaHttpClient.java:112)
	at com.netflix.discovery.shared.transport.decorator.EurekaHttpClientDecorator.getApplications(EurekaHttpClientDecorator.java:134)
	at com.netflix.discovery.shared.transport.decorator.EurekaHttpClientDecorator$6.execute(EurekaHttpClientDecorator.java:137)
	at com.netflix.discovery.shared.transport.decorator.SessionedEurekaHttpClient.execute(SessionedEurekaHttpClient.java:76)
	at com.netflix.discovery.shared.transport.decorator.EurekaHttpClientDecorator.getApplications(EurekaHttpClientDecorator.java:134)
	at com.netflix.discovery.DiscoveryClient.getAndStoreFullRegistry(DiscoveryClient.java:1046)
	at com.netflix.discovery.DiscoveryClient.fetchRegistry(DiscoveryClient.java:961)
	at com.netflix.discovery.DiscoveryClient.refreshRegistry(DiscoveryClient.java:1473)
	at com.netflix.discovery.DiscoveryClient$CacheRefreshThread.run(DiscoveryClient.java:1441)
	at java.base/java.util.concurrent.Executors$RunnableAdapter.call(Executors.java:572)
	at java.base/java.util.concurrent.FutureTask.run(FutureTask.java:317)
	at java.base/java.util.concurrent.ThreadPoolExecutor.runWorker(ThreadPoolExecutor.java:1144)
	at java.base/java.util.concurrent.ThreadPoolExecutor$Worker.run(ThreadPoolExecutor.java:642)
	at java.base/java.lang.Thread.run(Thread.java:1583)

2026-03-27T11:21:49.431+05:30 DEBUG 36896 --- [user-service] [reshExecutor-%d] com.netflix.discovery.DiscoveryClient    : Completed cache refresh task for discovery. All Apps hash code is Local region apps hashcode: null, is fetching remote regions? false 
2026-03-27T11:21:49.450+05:30  INFO 36896 --- [user-service] [beatExecutor-%d] c.n.d.s.t.d.RedirectingEurekaHttpClient  : Request execution error. endpoint=DefaultEndpoint{ serviceUrl='http://127.0.0.1:8761/eureka/}, exception=I/O error on PUT request for "http://127.0.0.1:8761/eureka/apps/USER-SERVICE/localhost:user-service:7500": Connect to http://127.0.0.1:8761 [/127.0.0.1] failed: Connection refused: getsockopt stacktrace=org.springframework.web.client.ResourceAccessException: I/O error on PUT request for "http://127.0.0.1:8761/eureka/apps/USER-SERVICE/localhost:user-service:7500": Connect to http://127.0.0.1:8761 [/127.0.0.1] failed: Connection refused: getsockopt
	at org.springframework.web.client.RestTemplate.createResourceAccessException(RestTemplate.java:915)
	at org.springframework.web.client.RestTemplate.doExecute(RestTemplate.java:895)
	at org.springframework.web.client.RestTemplate.execute(RestTemplate.java:790)
	at org.springframework.web.client.RestTemplate.exchange(RestTemplate.java:672)
	at org.springframework.cloud.netflix.eureka.http.RestTemplateEurekaHttpClient.sendHeartBeat(RestTemplateEurekaHttpClient.java:99)
	at com.netflix.discovery.shared.transport.decorator.EurekaHttpClientDecorator$3.execute(EurekaHttpClientDecorator.java:92)
	at com.netflix.discovery.shared.transport.decorator.RedirectingEurekaHttpClient.executeOnNewServer(RedirectingEurekaHttpClient.java:121)
	at com.netflix.discovery.shared.transport.decorator.RedirectingEurekaHttpClient.execute(RedirectingEurekaHttpClient.java:80)
	at com.netflix.discovery.shared.transport.decorator.EurekaHttpClientDecorator.sendHeartBeat(EurekaHttpClientDecorator.java:89)
	at com.netflix.discovery.shared.transport.decorator.EurekaHttpClientDecorator$3.execute(EurekaHttpClientDecorator.java:92)
	at com.netflix.discovery.shared.transport.decorator.RetryableEurekaHttpClient.execute(RetryableEurekaHttpClient.java:120)
	at com.netflix.discovery.shared.transport.decorator.EurekaHttpClientDecorator.sendHeartBeat(EurekaHttpClientDecorator.java:89)
	at com.netflix.discovery.shared.transport.decorator.EurekaHttpClientDecorator$3.execute(EurekaHttpClientDecorator.java:92)
	at com.netflix.discovery.shared.transport.decorator.SessionedEurekaHttpClient.execute(SessionedEurekaHttpClient.java:76)
	at com.netflix.discovery.shared.transport.decorator.EurekaHttpClientDecorator.sendHeartBeat(EurekaHttpClientDecorator.java:89)
	at com.netflix.discovery.DiscoveryClient.renew(DiscoveryClient.java:845)
	at com.netflix.discovery.DiscoveryClient$HeartbeatThread.run(DiscoveryClient.java:1402)
	at java.base/java.util.concurrent.Executors$RunnableAdapter.call(Executors.java:572)
	at java.base/java.util.concurrent.FutureTask.run(FutureTask.java:317)
	at java.base/java.util.concurrent.ThreadPoolExecutor.runWorker(ThreadPoolExecutor.java:1144)
	at java.base/java.util.concurrent.ThreadPoolExecutor$Worker.run(ThreadPoolExecutor.java:642)
	at java.base/java.lang.Thread.run(Thread.java:1583)
Caused by: org.apache.hc.client5.http.HttpHostConnectException: Connect to http://127.0.0.1:8761 [/127.0.0.1] failed: Connection refused: getsockopt
	at java.base/sun.nio.ch.Net.pollConnect(Native Method)
	at java.base/sun.nio.ch.Net.pollConnectNow(Net.java:682)
	at java.base/sun.nio.ch.NioSocketImpl.timedFinishConnect(NioSocketImpl.java:542)
	at java.base/sun.nio.ch.NioSocketImpl.connect(NioSocketImpl.java:592)
	at java.base/java.net.SocksSocketImpl.connect(SocksSocketImpl.java:327)
	at java.base/java.net.Socket.connect(Socket.java:751)
	at org.apache.hc.client5.http.socket.PlainConnectionSocketFactory.lambda$connectSocket$0(PlainConnectionSocketFactory.java:91)
	at java.base/java.security.AccessController.doPrivileged(AccessController.java:571)
	at org.apache.hc.client5.http.socket.PlainConnectionSocketFactory.connectSocket(PlainConnectionSocketFactory.java:90)
	at org.apache.hc.client5.http.socket.ConnectionSocketFactory.connectSocket(ConnectionSocketFactory.java:123)
	at org.apache.hc.client5.http.impl.io.DefaultHttpClientConnectionOperator.connect(DefaultHttpClientConnectionOperator.java:189)
	at org.apache.hc.client5.http.impl.io.PoolingHttpClientConnectionManager.connect(PoolingHttpClientConnectionManager.java:450)
	at org.apache.hc.client5.http.impl.classic.InternalExecRuntime.connectEndpoint(InternalExecRuntime.java:162)
	at org.apache.hc.client5.http.impl.classic.InternalExecRuntime.connectEndpoint(InternalExecRuntime.java:172)
	at org.apache.hc.client5.http.impl.classic.ConnectExec.execute(ConnectExec.java:142)
	at org.apache.hc.client5.http.impl.classic.ExecChainElement.execute(ExecChainElement.java:51)
	at org.apache.hc.client5.http.impl.classic.ProtocolExec.execute(ProtocolExec.java:192)
	at org.apache.hc.client5.http.impl.classic.ExecChainElement.execute(ExecChainElement.java:51)
	at org.apache.hc.client5.http.impl.classic.HttpRequestRetryExec.execute(HttpRequestRetryExec.java:113)
	at org.apache.hc.client5.http.impl.classic.ExecChainElement.execute(ExecChainElement.java:51)
	at org.apache.hc.client5.http.impl.classic.ContentCompressionExec.execute(ContentCompressionExec.java:152)
	at org.apache.hc.client5.http.impl.classic.ExecChainElement.execute(ExecChainElement.java:51)
	at org.apache.hc.client5.http.impl.classic.RedirectExec.execute(RedirectExec.java:116)
	at org.apache.hc.client5.http.impl.classic.ExecChainElement.execute(ExecChainElement.java:51)
	at org.apache.hc.client5.http.impl.classic.InternalHttpClient.doExecute(InternalHttpClient.java:170)
	at org.apache.hc.client5.http.impl.classic.CloseableHttpClient.execute(CloseableHttpClient.java:87)
	at org.apache.hc.client5.http.impl.classic.CloseableHttpClient.execute(CloseableHttpClient.java:55)
	at org.apache.hc.client5.http.classic.HttpClient.executeOpen(HttpClient.java:183)
	at org.springframework.http.client.HttpComponentsClientHttpRequest.executeInternal(HttpComponentsClientHttpRequest.java:99)
	at org.springframework.http.client.AbstractStreamingClientHttpRequest.executeInternal(AbstractStreamingClientHttpRequest.java:70)
	at org.springframework.http.client.AbstractClientHttpRequest.execute(AbstractClientHttpRequest.java:66)
	at org.springframework.http.client.InterceptingClientHttpRequest$InterceptingRequestExecution.execute(InterceptingClientHttpRequest.java:112)
	at org.springframework.cloud.netflix.eureka.http.RestTemplateTransportClientFactory.lambda$restTemplate$3(RestTemplateTransportClientFactory.java:170)
	at org.springframework.http.client.InterceptingClientHttpRequest$InterceptingRequestExecution.execute(InterceptingClientHttpRequest.java:88)
	at org.springframework.http.client.InterceptingClientHttpRequest.executeInternal(InterceptingClientHttpRequest.java:72)
	at org.springframework.http.client.AbstractBufferingClientHttpRequest.executeInternal(AbstractBufferingClientHttpRequest.java:48)
	at org.springframework.http.client.AbstractClientHttpRequest.execute(AbstractClientHttpRequest.java:66)
	at org.springframework.web.client.RestTemplate.doExecute(RestTemplate.java:889)
	... 20 more

2026-03-27T11:21:49.451+05:30  WARN 36896 --- [user-service] [beatExecutor-%d] c.n.d.s.t.d.RetryableEurekaHttpClient    : Request execution failed with message: I/O error on PUT request for "http://127.0.0.1:8761/eureka/apps/USER-SERVICE/localhost:user-service:7500": Connect to http://127.0.0.1:8761 [/127.0.0.1] failed: Connection refused: getsockopt
2026-03-27T11:21:49.451+05:30 ERROR 36896 --- [user-service] [beatExecutor-%d] com.netflix.discovery.DiscoveryClient    : DiscoveryClient_USER-SERVICE/localhost:user-service:7500 - was unable to send heartbeat!

com.netflix.discovery.shared.transport.TransportException: Cannot execute request on any known server
	at com.netflix.discovery.shared.transport.decorator.RetryableEurekaHttpClient.execute(RetryableEurekaHttpClient.java:112) ~[eureka-client-2.0.3.jar:2.0.3]
	at com.netflix.discovery.shared.transport.decorator.EurekaHttpClientDecorator.sendHeartBeat(EurekaHttpClientDecorator.java:89) ~[eureka-client-2.0.3.jar:2.0.3]
	at com.netflix.discovery.shared.transport.decorator.EurekaHttpClientDecorator$3.execute(EurekaHttpClientDecorator.java:92) ~[eureka-client-2.0.3.jar:2.0.3]
	at com.netflix.discovery.shared.transport.decorator.SessionedEurekaHttpClient.execute(SessionedEurekaHttpClient.java:76) ~[eureka-client-2.0.3.jar:2.0.3]
	at com.netflix.discovery.shared.transport.decorator.EurekaHttpClientDecorator.sendHeartBeat(EurekaHttpClientDecorator.java:89) ~[eureka-client-2.0.3.jar:2.0.3]
	at com.netflix.discovery.DiscoveryClient.renew(DiscoveryClient.java:845) ~[eureka-client-2.0.3.jar:2.0.3]
	at com.netflix.discovery.DiscoveryClient$HeartbeatThread.run(DiscoveryClient.java:1402) ~[eureka-client-2.0.3.jar:2.0.3]
	at java.base/java.util.concurrent.Executors$RunnableAdapter.call(Executors.java:572) ~[na:na]
	at java.base/java.util.concurrent.FutureTask.run(FutureTask.java:317) ~[na:na]
	at java.base/java.util.concurrent.ThreadPoolExecutor.runWorker(ThreadPoolExecutor.java:1144) ~[na:na]
	at java.base/java.util.concurrent.ThreadPoolExecutor$Worker.run(ThreadPoolExecutor.java:642) ~[na:na]
	at java.base/java.lang.Thread.run(Thread.java:1583) ~[na:na]

2026-03-27T11:21:49.481+05:30  INFO 36896 --- [user-service] [foReplicator-%d] com.netflix.discovery.DiscoveryClient    : DiscoveryClient_USER-SERVICE/localhost:user-service:7500: registering service...
2026-03-27T11:21:49.481+05:30 DEBUG 36896 --- [user-service] [foReplicator-%d] c.n.d.s.t.d.RetryableEurekaHttpClient    : Clearing quarantined list of size 1
2026-03-27T11:21:49.485+05:30 DEBUG 36896 --- [user-service] [foReplicator-%d] o.s.web.client.RestTemplate              : HTTP POST http://127.0.0.1:8761/eureka/apps/USER-SERVICE
2026-03-27T11:21:49.485+05:30 DEBUG 36896 --- [user-service] [foReplicator-%d] o.s.web.client.RestTemplate              : Accept=[application/json, application/*+json]
2026-03-27T11:21:49.487+05:30 DEBUG 36896 --- [user-service] [foReplicator-%d] o.s.web.client.RestTemplate              : Writing [InstanceInfo [instanceId = localhost:user-service:7500, appName = USER-SERVICE, hostName = localhost, status = UP, ipAddr = 192.168.150.1, port = 7500, securePort = 443, dataCenterInfo = com.netflix.appinfo.MyDataCenterInfo@76445f60] as "application/json"
2026-03-27T11:21:49.513+05:30  INFO 36896 --- [user-service] [foReplicator-%d] c.n.d.s.t.d.RedirectingEurekaHttpClient  : Request execution error. endpoint=DefaultEndpoint{ serviceUrl='http://127.0.0.1:8761/eureka/}, exception=I/O error on POST request for "http://127.0.0.1:8761/eureka/apps/USER-SERVICE": Connect to http://127.0.0.1:8761 [/127.0.0.1] failed: Connection refused: getsockopt stacktrace=org.springframework.web.client.ResourceAccessException: I/O error on POST request for "http://127.0.0.1:8761/eureka/apps/USER-SERVICE": Connect to http://127.0.0.1:8761 [/127.0.0.1] failed: Connection refused: getsockopt
	at org.springframework.web.client.RestTemplate.createResourceAccessException(RestTemplate.java:915)
	at org.springframework.web.client.RestTemplate.doExecute(RestTemplate.java:895)
	at org.springframework.web.client.RestTemplate.execute(RestTemplate.java:790)
	at org.springframework.web.client.RestTemplate.exchange(RestTemplate.java:672)
	at org.springframework.cloud.netflix.eureka.http.RestTemplateEurekaHttpClient.register(RestTemplateEurekaHttpClient.java:77)
	at com.netflix.discovery.shared.transport.decorator.EurekaHttpClientDecorator$1.execute(EurekaHttpClientDecorator.java:59)
	at com.netflix.discovery.shared.transport.decorator.RedirectingEurekaHttpClient.executeOnNewServer(RedirectingEurekaHttpClient.java:121)
	at com.netflix.discovery.shared.transport.decorator.RedirectingEurekaHttpClient.execute(RedirectingEurekaHttpClient.java:80)
	at com.netflix.discovery.shared.transport.decorator.EurekaHttpClientDecorator.register(EurekaHttpClientDecorator.java:56)
	at com.netflix.discovery.shared.transport.decorator.EurekaHttpClientDecorator$1.execute(EurekaHttpClientDecorator.java:59)
	at com.netflix.discovery.shared.transport.decorator.RetryableEurekaHttpClient.execute(RetryableEurekaHttpClient.java:120)
	at com.netflix.discovery.shared.transport.decorator.EurekaHttpClientDecorator.register(EurekaHttpClientDecorator.java:56)
	at com.netflix.discovery.shared.transport.decorator.EurekaHttpClientDecorator$1.execute(EurekaHttpClientDecorator.java:59)
	at com.netflix.discovery.shared.transport.decorator.SessionedEurekaHttpClient.execute(SessionedEurekaHttpClient.java:76)
	at com.netflix.discovery.shared.transport.decorator.EurekaHttpClientDecorator.register(EurekaHttpClientDecorator.java:56)
	at com.netflix.discovery.DiscoveryClient.register(DiscoveryClient.java:828)
	at com.netflix.discovery.InstanceInfoReplicator.run(InstanceInfoReplicator.java:125)
	at java.base/java.util.concurrent.Executors$RunnableAdapter.call(Executors.java:572)
	at java.base/java.util.concurrent.FutureTask.run(FutureTask.java:317)
	at java.base/java.util.concurrent.ScheduledThreadPoolExecutor$ScheduledFutureTask.run(ScheduledThreadPoolExecutor.java:304)
	at java.base/java.util.concurrent.ThreadPoolExecutor.runWorker(ThreadPoolExecutor.java:1144)
	at java.base/java.util.concurrent.ThreadPoolExecutor$Worker.run(ThreadPoolExecutor.java:642)
	at java.base/java.lang.Thread.run(Thread.java:1583)
Caused by: org.apache.hc.client5.http.HttpHostConnectException: Connect to http://127.0.0.1:8761 [/127.0.0.1] failed: Connection refused: getsockopt
	at java.base/sun.nio.ch.Net.pollConnect(Native Method)
	at java.base/sun.nio.ch.Net.pollConnectNow(Net.java:682)
	at java.base/sun.nio.ch.NioSocketImpl.timedFinishConnect(NioSocketImpl.java:542)
	at java.base/sun.nio.ch.NioSocketImpl.connect(NioSocketImpl.java:592)
	at java.base/java.net.SocksSocketImpl.connect(SocksSocketImpl.java:327)
	at java.base/java.net.Socket.connect(Socket.java:751)
	at org.apache.hc.client5.http.socket.PlainConnectionSocketFactory.lambda$connectSocket$0(PlainConnectionSocketFactory.java:91)
	at java.base/java.security.AccessController.doPrivileged(AccessController.java:571)
	at org.apache.hc.client5.http.socket.PlainConnectionSocketFactory.connectSocket(PlainConnectionSocketFactory.java:90)
	at org.apache.hc.client5.http.socket.ConnectionSocketFactory.connectSocket(ConnectionSocketFactory.java:123)
	at org.apache.hc.client5.http.impl.io.DefaultHttpClientConnectionOperator.connect(DefaultHttpClientConnectionOperator.java:189)
	at org.apache.hc.client5.http.impl.io.PoolingHttpClientConnectionManager.connect(PoolingHttpClientConnectionManager.java:450)
	at org.apache.hc.client5.http.impl.classic.InternalExecRuntime.connectEndpoint(InternalExecRuntime.java:162)
	at org.apache.hc.client5.http.impl.classic.InternalExecRuntime.connectEndpoint(InternalExecRuntime.java:172)
	at org.apache.hc.client5.http.impl.classic.ConnectExec.execute(ConnectExec.java:142)
	at org.apache.hc.client5.http.impl.classic.ExecChainElement.execute(ExecChainElement.java:51)
	at org.apache.hc.client5.http.impl.classic.ProtocolExec.execute(ProtocolExec.java:192)
	at org.apache.hc.client5.http.impl.classic.ExecChainElement.execute(ExecChainElement.java:51)
	at org.apache.hc.client5.http.impl.classic.HttpRequestRetryExec.execute(HttpRequestRetryExec.java:113)
	at org.apache.hc.client5.http.impl.classic.ExecChainElement.execute(ExecChainElement.java:51)
	at org.apache.hc.client5.http.impl.classic.ContentCompressionExec.execute(ContentCompressionExec.java:152)
	at org.apache.hc.client5.http.impl.classic.ExecChainElement.execute(ExecChainElement.java:51)
	at org.apache.hc.client5.http.impl.classic.RedirectExec.execute(RedirectExec.java:116)
	at org.apache.hc.client5.http.impl.classic.ExecChainElement.execute(ExecChainElement.java:51)
	at org.apache.hc.client5.http.impl.classic.InternalHttpClient.doExecute(InternalHttpClient.java:170)
	at org.apache.hc.client5.http.impl.classic.CloseableHttpClient.execute(CloseableHttpClient.java:87)
	at org.apache.hc.client5.http.impl.classic.CloseableHttpClient.execute(CloseableHttpClient.java:55)
	at org.apache.hc.client5.http.classic.HttpClient.executeOpen(HttpClient.java:183)
	at org.springframework.http.client.HttpComponentsClientHttpRequest.executeInternal(HttpComponentsClientHttpRequest.java:99)
	at org.springframework.http.client.AbstractStreamingClientHttpRequest.executeInternal(AbstractStreamingClientHttpRequest.java:70)
	at org.springframework.http.client.AbstractClientHttpRequest.execute(AbstractClientHttpRequest.java:66)
	at org.springframework.http.client.InterceptingClientHttpRequest$InterceptingRequestExecution.execute(InterceptingClientHttpRequest.java:112)
	at org.springframework.cloud.netflix.eureka.http.RestTemplateTransportClientFactory.lambda$restTemplate$3(RestTemplateTransportClientFactory.java:170)
	at org.springframework.http.client.InterceptingClientHttpRequest$InterceptingRequestExecution.execute(InterceptingClientHttpRequest.java:88)
	at org.springframework.http.client.InterceptingClientHttpRequest.executeInternal(InterceptingClientHttpRequest.java:72)
	at org.springframework.http.client.AbstractBufferingClientHttpRequest.executeInternal(AbstractBufferingClientHttpRequest.java:48)
	at org.springframework.http.client.AbstractClientHttpRequest.execute(AbstractClientHttpRequest.java:66)
	at org.springframework.web.client.RestTemplate.doExecute(RestTemplate.java:889)
	... 21 more

2026-03-27T11:21:49.514+05:30  WARN 36896 --- [user-service] [foReplicator-%d] c.n.d.s.t.d.RetryableEurekaHttpClient    : Request execution failed with message: I/O error on POST request for "http://127.0.0.1:8761/eureka/apps/USER-SERVICE": Connect to http://127.0.0.1:8761 [/127.0.0.1] failed: Connection refused: getsockopt
2026-03-27T11:21:49.514+05:30  WARN 36896 --- [user-service] [foReplicator-%d] com.netflix.discovery.DiscoveryClient    : DiscoveryClient_USER-SERVICE/localhost:user-service:7500 - registration failed Cannot execute request on any known server

com.netflix.discovery.shared.transport.TransportException: Cannot execute request on any known server
	at com.netflix.discovery.shared.transport.decorator.RetryableEurekaHttpClient.execute(RetryableEurekaHttpClient.java:112) ~[eureka-client-2.0.3.jar:2.0.3]
	at com.netflix.discovery.shared.transport.decorator.EurekaHttpClientDecorator.register(EurekaHttpClientDecorator.java:56) ~[eureka-client-2.0.3.jar:2.0.3]
	at com.netflix.discovery.shared.transport.decorator.EurekaHttpClientDecorator$1.execute(EurekaHttpClientDecorator.java:59) ~[eureka-client-2.0.3.jar:2.0.3]
	at com.netflix.discovery.shared.transport.decorator.SessionedEurekaHttpClient.execute(SessionedEurekaHttpClient.java:76) ~[eureka-client-2.0.3.jar:2.0.3]
	at com.netflix.discovery.shared.transport.decorator.EurekaHttpClientDecorator.register(EurekaHttpClientDecorator.java:56) ~[eureka-client-2.0.3.jar:2.0.3]
	at com.netflix.discovery.DiscoveryClient.register(DiscoveryClient.java:828) ~[eureka-client-2.0.3.jar:2.0.3]
	at com.netflix.discovery.InstanceInfoReplicator.run(InstanceInfoReplicator.java:125) ~[eureka-client-2.0.3.jar:2.0.3]
	at java.base/java.util.concurrent.Executors$RunnableAdapter.call(Executors.java:572) ~[na:na]
	at java.base/java.util.concurrent.FutureTask.run(FutureTask.java:317) ~[na:na]
	at java.base/java.util.concurrent.ScheduledThreadPoolExecutor$ScheduledFutureTask.run(ScheduledThreadPoolExecutor.java:304) ~[na:na]
	at java.base/java.util.concurrent.ThreadPoolExecutor.runWorker(ThreadPoolExecutor.java:1144) ~[na:na]
	at java.base/java.util.concurrent.ThreadPoolExecutor$Worker.run(ThreadPoolExecutor.java:642) ~[na:na]
	at java.base/java.lang.Thread.run(Thread.java:1583) ~[na:na]

2026-03-27T11:21:49.516+05:30  WARN 36896 --- [user-service] [foReplicator-%d] c.n.discovery.InstanceInfoReplicator     : There was a problem with the instance info replicator

com.netflix.discovery.shared.transport.TransportException: Cannot execute request on any known server
	at com.netflix.discovery.shared.transport.decorator.RetryableEurekaHttpClient.execute(RetryableEurekaHttpClient.java:112) ~[eureka-client-2.0.3.jar:2.0.3]
	at com.netflix.discovery.shared.transport.decorator.EurekaHttpClientDecorator.register(EurekaHttpClientDecorator.java:56) ~[eureka-client-2.0.3.jar:2.0.3]
	at com.netflix.discovery.shared.transport.decorator.EurekaHttpClientDecorator$1.execute(EurekaHttpClientDecorator.java:59) ~[eureka-client-2.0.3.jar:2.0.3]
	at com.netflix.discovery.shared.transport.decorator.SessionedEurekaHttpClient.execute(SessionedEurekaHttpClient.java:76) ~[eureka-client-2.0.3.jar:2.0.3]
	at com.netflix.discovery.shared.transport.decorator.EurekaHttpClientDecorator.register(EurekaHttpClientDecorator.java:56) ~[eureka-client-2.0.3.jar:2.0.3]
	at com.netflix.discovery.DiscoveryClient.register(DiscoveryClient.java:828) ~[eureka-client-2.0.3.jar:2.0.3]
	at com.netflix.discovery.InstanceInfoReplicator.run(InstanceInfoReplicator.java:125) ~[eureka-client-2.0.3.jar:2.0.3]
	at java.base/java.util.concurrent.Executors$RunnableAdapter.call(Executors.java:572) ~[na:na]
	at java.base/java.util.concurrent.FutureTask.run(FutureTask.java:317) ~[na:na]
	at java.base/java.util.concurrent.ScheduledThreadPoolExecutor$ScheduledFutureTask.run(ScheduledThreadPoolExecutor.java:304) ~[na:na]
	at java.base/java.util.concurrent.ThreadPoolExecutor.runWorker(ThreadPoolExecutor.java:1144) ~[na:na]
	at java.base/java.util.concurrent.ThreadPoolExecutor$Worker.run(ThreadPoolExecutor.java:642) ~[na:na]
	at java.base/java.lang.Thread.run(Thread.java:1583) ~[na:na]

2026-03-27T11:22:19.434+05:30  INFO 36896 --- [user-service] [reshExecutor-%d] com.netflix.discovery.DiscoveryClient    : Disable delta property : false
2026-03-27T11:22:19.435+05:30  INFO 36896 --- [user-service] [reshExecutor-%d] com.netflix.discovery.DiscoveryClient    : Single vip registry refresh property : null
2026-03-27T11:22:19.435+05:30  INFO 36896 --- [user-service] [reshExecutor-%d] com.netflix.discovery.DiscoveryClient    : Force full registry fetch : false
2026-03-27T11:22:19.436+05:30  INFO 36896 --- [user-service] [reshExecutor-%d] com.netflix.discovery.DiscoveryClient    : Application is null : false
2026-03-27T11:22:19.436+05:30  INFO 36896 --- [user-service] [reshExecutor-%d] com.netflix.discovery.DiscoveryClient    : Registered Applications size is zero : true
2026-03-27T11:22:19.437+05:30  INFO 36896 --- [user-service] [reshExecutor-%d] com.netflix.discovery.DiscoveryClient    : Application version is -1: true
2026-03-27T11:22:19.438+05:30  INFO 36896 --- [user-service] [reshExecutor-%d] com.netflix.discovery.DiscoveryClient    : Getting all instance registry info from the eureka server
2026-03-27T11:22:19.439+05:30 DEBUG 36896 --- [user-service] [reshExecutor-%d] c.n.d.s.t.d.RetryableEurekaHttpClient    : Clearing quarantined list of size 1
2026-03-27T11:22:19.447+05:30 DEBUG 36896 --- [user-service] [reshExecutor-%d] o.s.web.client.RestTemplate              : HTTP GET http://127.0.0.1:8761/eureka/apps/
2026-03-27T11:22:19.466+05:30 DEBUG 36896 --- [user-service] [beatExecutor-%d] c.n.d.s.t.d.RetryableEurekaHttpClient    : Clearing quarantined list of size 1
2026-03-27T11:22:19.467+05:30 DEBUG 36896 --- [user-service] [reshExecutor-%d] o.s.web.client.RestTemplate              : Accept=[application/json, application/*+json]
2026-03-27T11:22:19.473+05:30 DEBUG 36896 --- [user-service] [beatExecutor-%d] o.s.web.client.RestTemplate              : HTTP PUT http://127.0.0.1:8761/eureka/apps/USER-SERVICE/localhost:user-service:7500?status=UP&lastDirtyTimestamp=1774590619336
2026-03-27T11:22:19.484+05:30 DEBUG 36896 --- [user-service] [beatExecutor-%d] o.s.web.client.RestTemplate              : Accept=[application/json, application/*+json]
2026-03-27T11:22:19.505+05:30 DEBUG 36896 --- [user-service] [reshExecutor-%d] o.s.web.client.RestTemplate              : Response 200 OK
2026-03-27T11:22:19.512+05:30 DEBUG 36896 --- [user-service] [reshExecutor-%d] o.s.web.client.RestTemplate              : Reading to [org.springframework.cloud.netflix.eureka.http.EurekaApplications]
2026-03-27T11:22:19.514+05:30 DEBUG 36896 --- [user-service] [beatExecutor-%d] o.s.web.client.RestTemplate              : Response 404 NOT_FOUND
2026-03-27T11:22:19.528+05:30  INFO 36896 --- [user-service] [foReplicator-%d] com.netflix.discovery.DiscoveryClient    : DiscoveryClient_USER-SERVICE/localhost:user-service:7500: registering service...
2026-03-27T11:22:19.530+05:30 DEBUG 36896 --- [user-service] [reshExecutor-%d] c.n.d.s.t.d.RedirectingEurekaHttpClient  : Pinning to endpoint null
2026-03-27T11:22:19.580+05:30 DEBUG 36896 --- [user-service] [beatExecutor-%d] c.n.d.s.t.d.RedirectingEurekaHttpClient  : Pinning to endpoint null
2026-03-27T11:22:19.582+05:30 DEBUG 36896 --- [user-service] [foReplicator-%d] o.s.web.client.RestTemplate              : HTTP POST http://127.0.0.1:8761/eureka/apps/USER-SERVICE
2026-03-27T11:22:19.583+05:30 DEBUG 36896 --- [user-service] [foReplicator-%d] o.s.web.client.RestTemplate              : Accept=[application/json, application/*+json]
2026-03-27T11:22:19.587+05:30 DEBUG 36896 --- [user-service] [beatExecutor-%d] com.netflix.discovery.DiscoveryClient    : DiscoveryClient_USER-SERVICE/localhost:user-service:7500 - Heartbeat status: 404
2026-03-27T11:22:19.588+05:30 DEBUG 36896 --- [user-service] [foReplicator-%d] o.s.web.client.RestTemplate              : Writing [InstanceInfo [instanceId = localhost:user-service:7500, appName = USER-SERVICE, hostName = localhost, status = UP, ipAddr = 192.168.150.1, port = 7500, securePort = 443, dataCenterInfo = com.netflix.appinfo.MyDataCenterInfo@76445f60] as "application/json"
2026-03-27T11:22:19.600+05:30  INFO 36896 --- [user-service] [reshExecutor-%d] com.netflix.discovery.DiscoveryClient    : The response status is 200
2026-03-27T11:22:19.600+05:30  INFO 36896 --- [user-service] [beatExecutor-%d] com.netflix.discovery.DiscoveryClient    : DiscoveryClient_USER-SERVICE/localhost:user-service:7500 - Re-registering apps/USER-SERVICE
2026-03-27T11:22:19.602+05:30 DEBUG 36896 --- [user-service] [reshExecutor-%d] com.netflix.discovery.DiscoveryClient    : Got full registry with apps hashcode 
2026-03-27T11:22:19.602+05:30  INFO 36896 --- [user-service] [beatExecutor-%d] com.netflix.discovery.DiscoveryClient    : DiscoveryClient_USER-SERVICE/localhost:user-service:7500: registering service...
2026-03-27T11:22:19.603+05:30 DEBUG 36896 --- [user-service] [reshExecutor-%d] com.netflix.discovery.DiscoveryClient    : The total number of all instances in the client now is 0
2026-03-27T11:22:19.605+05:30 DEBUG 36896 --- [user-service] [beatExecutor-%d] o.s.web.client.RestTemplate              : HTTP POST http://127.0.0.1:8761/eureka/apps/USER-SERVICE
2026-03-27T11:22:19.605+05:30 DEBUG 36896 --- [user-service] [foReplicator-%d] o.s.web.client.RestTemplate              : Response 204 NO_CONTENT
2026-03-27T11:22:19.606+05:30 DEBUG 36896 --- [user-service] [reshExecutor-%d] com.netflix.discovery.DiscoveryClient    : Completed cache refresh task for discovery. All Apps hash code is Local region apps hashcode: , is fetching remote regions? false 
2026-03-27T11:22:19.606+05:30 DEBUG 36896 --- [user-service] [beatExecutor-%d] o.s.web.client.RestTemplate              : Accept=[application/json, application/*+json]
2026-03-27T11:22:19.607+05:30 DEBUG 36896 --- [user-service] [foReplicator-%d] c.n.d.s.t.d.RedirectingEurekaHttpClient  : Pinning to endpoint null
2026-03-27T11:22:19.609+05:30  INFO 36896 --- [user-service] [foReplicator-%d] com.netflix.discovery.DiscoveryClient    : DiscoveryClient_USER-SERVICE/localhost:user-service:7500 - registration status: 204
2026-03-27T11:22:19.611+05:30 DEBUG 36896 --- [user-service] [beatExecutor-%d] o.s.web.client.RestTemplate              : Writing [InstanceInfo [instanceId = localhost:user-service:7500, appName = USER-SERVICE, hostName = localhost, status = UP, ipAddr = 192.168.150.1, port = 7500, securePort = 443, dataCenterInfo = com.netflix.appinfo.MyDataCenterInfo@76445f60] as "application/json"
2026-03-27T11:22:19.618+05:30 DEBUG 36896 --- [user-service] [beatExecutor-%d] o.s.web.client.RestTemplate              : Response 204 NO_CONTENT
2026-03-27T11:22:19.618+05:30  INFO 36896 --- [user-service] [beatExecutor-%d] com.netflix.discovery.DiscoveryClient    : DiscoveryClient_USER-SERVICE/localhost:user-service:7500 - registration status: 204
2026-03-27T11:22:49.617+05:30  INFO 36896 --- [user-service] [reshExecutor-%d] com.netflix.discovery.DiscoveryClient    : Disable delta property : false
2026-03-27T11:22:49.621+05:30  INFO 36896 --- [user-service] [reshExecutor-%d] com.netflix.discovery.DiscoveryClient    : Single vip registry refresh property : null
2026-03-27T11:22:49.621+05:30  INFO 36896 --- [user-service] [reshExecutor-%d] com.netflix.discovery.DiscoveryClient    : Force full registry fetch : false
2026-03-27T11:22:49.621+05:30  INFO 36896 --- [user-service] [reshExecutor-%d] com.netflix.discovery.DiscoveryClient    : Application is null : false
2026-03-27T11:22:49.622+05:30  INFO 36896 --- [user-service] [reshExecutor-%d] com.netflix.discovery.DiscoveryClient    : Registered Applications size is zero : true
2026-03-27T11:22:49.622+05:30  INFO 36896 --- [user-service] [reshExecutor-%d] com.netflix.discovery.DiscoveryClient    : Application version is -1: false
2026-03-27T11:22:49.622+05:30  INFO 36896 --- [user-service] [reshExecutor-%d] com.netflix.discovery.DiscoveryClient    : Getting all instance registry info from the eureka server
2026-03-27T11:22:49.623+05:30 DEBUG 36896 --- [user-service] [reshExecutor-%d] o.s.web.client.RestTemplate              : HTTP GET http://127.0.0.1:8761/eureka/apps/
2026-03-27T11:22:49.624+05:30 DEBUG 36896 --- [user-service] [reshExecutor-%d] o.s.web.client.RestTemplate              : Accept=[application/json, application/*+json]
2026-03-27T11:22:49.639+05:30 DEBUG 36896 --- [user-service] [reshExecutor-%d] o.s.web.client.RestTemplate              : Response 200 OK
2026-03-27T11:22:49.639+05:30 DEBUG 36896 --- [user-service] [reshExecutor-%d] o.s.web.client.RestTemplate              : Reading to [org.springframework.cloud.netflix.eureka.http.EurekaApplications]
2026-03-27T11:22:49.649+05:30 DEBUG 36896 --- [user-service] [beatExecutor-%d] o.s.web.client.RestTemplate              : HTTP PUT http://127.0.0.1:8761/eureka/apps/USER-SERVICE/localhost:user-service:7500?status=UP&lastDirtyTimestamp=1774590739602
2026-03-27T11:22:49.650+05:30 DEBUG 36896 --- [user-service] [beatExecutor-%d] o.s.web.client.RestTemplate              : Accept=[application/json, application/*+json]
2026-03-27T11:22:49.659+05:30  INFO 36896 --- [user-service] [reshExecutor-%d] com.netflix.discovery.DiscoveryClient    : The response status is 200
2026-03-27T11:22:49.661+05:30 DEBUG 36896 --- [user-service] [reshExecutor-%d] com.netflix.discovery.DiscoveryClient    : Got full registry with apps hashcode UP_4_
2026-03-27T11:22:49.661+05:30 DEBUG 36896 --- [user-service] [reshExecutor-%d] com.netflix.discovery.DiscoveryClient    : The total number of all instances in the client now is 4
2026-03-27T11:22:49.661+05:30 DEBUG 36896 --- [user-service] [reshExecutor-%d] com.netflix.discovery.DiscoveryClient    : Completed cache refresh task for discovery. All Apps hash code is Local region apps hashcode: UP_4_, is fetching remote regions? false 
2026-03-27T11:22:49.667+05:30 DEBUG 36896 --- [user-service] [beatExecutor-%d] o.s.web.client.RestTemplate              : Response 200 OK
2026-03-27T11:22:49.668+05:30 DEBUG 36896 --- [user-service] [beatExecutor-%d] com.netflix.discovery.DiscoveryClient    : DiscoveryClient_USER-SERVICE/localhost:user-service:7500 - Heartbeat status: 200
2026-03-27T11:23:19.678+05:30 DEBUG 36896 --- [user-service] [beatExecutor-%d] o.s.web.client.RestTemplate              : HTTP PUT http://127.0.0.1:8761/eureka/apps/USER-SERVICE/localhost:user-service:7500?status=UP&lastDirtyTimestamp=1774590739602
2026-03-27T11:23:19.681+05:30 DEBUG 36896 --- [user-service] [reshExecutor-%d] o.s.web.client.RestTemplate              : HTTP GET http://127.0.0.1:8761/eureka/apps/delta
2026-03-27T11:23:19.684+05:30 DEBUG 36896 --- [user-service] [beatExecutor-%d] o.s.web.client.RestTemplate              : Accept=[application/json, application/*+json]
2026-03-27T11:23:19.685+05:30 DEBUG 36896 --- [user-service] [reshExecutor-%d] o.s.web.client.RestTemplate              : Accept=[application/json, application/*+json]
2026-03-27T11:23:19.699+05:30 DEBUG 36896 --- [user-service] [beatExecutor-%d] o.s.web.client.RestTemplate              : Response 200 OK
2026-03-27T11:23:19.700+05:30 DEBUG 36896 --- [user-service] [reshExecutor-%d] o.s.web.client.RestTemplate              : Response 200 OK
2026-03-27T11:23:19.701+05:30 DEBUG 36896 --- [user-service] [beatExecutor-%d] com.netflix.discovery.DiscoveryClient    : DiscoveryClient_USER-SERVICE/localhost:user-service:7500 - Heartbeat status: 200
2026-03-27T11:23:19.701+05:30 DEBUG 36896 --- [user-service] [reshExecutor-%d] o.s.web.client.RestTemplate              : Reading to [org.springframework.cloud.netflix.eureka.http.EurekaApplications]
2026-03-27T11:23:19.706+05:30 DEBUG 36896 --- [user-service] [reshExecutor-%d] com.netflix.discovery.DiscoveryClient    : Got delta update with apps hashcode UP_4_
2026-03-27T11:23:19.707+05:30 DEBUG 36896 --- [user-service] [reshExecutor-%d] com.netflix.discovery.DiscoveryClient    : Added instance localhost:Config-Servier:7512 to the existing apps in region null
2026-03-27T11:23:19.707+05:30 DEBUG 36896 --- [user-service] [reshExecutor-%d] com.netflix.discovery.DiscoveryClient    : Added instance localhost:KYC-SERVICE:7502 to the existing apps in region null
2026-03-27T11:23:19.709+05:30 DEBUG 36896 --- [user-service] [reshExecutor-%d] com.netflix.discovery.DiscoveryClient    : Added instance localhost:user-service:7500 to the existing apps in region null
2026-03-27T11:23:19.710+05:30 DEBUG 36896 --- [user-service] [reshExecutor-%d] com.netflix.discovery.DiscoveryClient    : Added instance localhost:Admin-Service:7501 to the existing apps in region null
2026-03-27T11:23:19.710+05:30 DEBUG 36896 --- [user-service] [reshExecutor-%d] com.netflix.discovery.DiscoveryClient    : The total number of instances fetched by the delta processor : 4
2026-03-27T11:23:19.711+05:30 DEBUG 36896 --- [user-service] [reshExecutor-%d] com.netflix.discovery.DiscoveryClient    : The total number of all instances in the client now is 4
2026-03-27T11:23:19.713+05:30 DEBUG 36896 --- [user-service] [reshExecutor-%d] com.netflix.discovery.DiscoveryClient    : Completed cache refresh task for discovery. All Apps hash code is Local region apps hashcode: UP_4_, is fetching remote regions? false 
2026-03-27T11:23:49.716+05:30 DEBUG 36896 --- [user-service] [reshExecutor-%d] o.s.web.client.RestTemplate              : HTTP GET http://127.0.0.1:8761/eureka/apps/delta
2026-03-27T11:23:49.716+05:30 DEBUG 36896 --- [user-service] [beatExecutor-%d] o.s.web.client.RestTemplate              : HTTP PUT http://127.0.0.1:8761/eureka/apps/USER-SERVICE/localhost:user-service:7500?status=UP&lastDirtyTimestamp=1774590739602
2026-03-27T11:23:49.720+05:30 DEBUG 36896 --- [user-service] [reshExecutor-%d] o.s.web.client.RestTemplate              : Accept=[application/json, application/*+json]
2026-03-27T11:23:49.721+05:30 DEBUG 36896 --- [user-service] [beatExecutor-%d] o.s.web.client.RestTemplate              : Accept=[application/json, application/*+json]
2026-03-27T11:23:49.737+05:30 DEBUG 36896 --- [user-service] [beatExecutor-%d] o.s.web.client.RestTemplate              : Response 200 OK
2026-03-27T11:23:49.738+05:30 DEBUG 36896 --- [user-service] [reshExecutor-%d] o.s.web.client.RestTemplate              : Response 200 OK
2026-03-27T11:23:49.738+05:30 DEBUG 36896 --- [user-service] [beatExecutor-%d] com.netflix.discovery.DiscoveryClient    : DiscoveryClient_USER-SERVICE/localhost:user-service:7500 - Heartbeat status: 200
2026-03-27T11:23:49.739+05:30 DEBUG 36896 --- [user-service] [reshExecutor-%d] o.s.web.client.RestTemplate              : Reading to [org.springframework.cloud.netflix.eureka.http.EurekaApplications]
2026-03-27T11:23:49.741+05:30 DEBUG 36896 --- [user-service] [reshExecutor-%d] com.netflix.discovery.DiscoveryClient    : Got delta update with apps hashcode UP_4_
2026-03-27T11:23:49.742+05:30 DEBUG 36896 --- [user-service] [reshExecutor-%d] com.netflix.discovery.DiscoveryClient    : Added instance localhost:Config-Servier:7512 to the existing apps in region null
2026-03-27T11:23:49.742+05:30 DEBUG 36896 --- [user-service] [reshExecutor-%d] com.netflix.discovery.DiscoveryClient    : Added instance localhost:KYC-SERVICE:7502 to the existing apps in region null
2026-03-27T11:23:49.742+05:30 DEBUG 36896 --- [user-service] [reshExecutor-%d] com.netflix.discovery.DiscoveryClient    : Added instance localhost:user-service:7500 to the existing apps in region null
2026-03-27T11:23:49.743+05:30 DEBUG 36896 --- [user-service] [reshExecutor-%d] com.netflix.discovery.DiscoveryClient    : Added instance localhost:Admin-Service:7501 to the existing apps in region null
2026-03-27T11:23:49.743+05:30 DEBUG 36896 --- [user-service] [reshExecutor-%d] com.netflix.discovery.DiscoveryClient    : The total number of instances fetched by the delta processor : 4
2026-03-27T11:23:49.744+05:30 DEBUG 36896 --- [user-service] [reshExecutor-%d] com.netflix.discovery.DiscoveryClient    : The total number of all instances in the client now is 4
2026-03-27T11:23:49.744+05:30 DEBUG 36896 --- [user-service] [reshExecutor-%d] com.netflix.discovery.DiscoveryClient    : Completed cache refresh task for discovery. All Apps hash code is Local region apps hashcode: UP_4_, is fetching remote regions? false 
2026-03-27T11:24:19.756+05:30 DEBUG 36896 --- [user-service] [reshExecutor-%d] o.s.web.client.RestTemplate              : HTTP GET http://127.0.0.1:8761/eureka/apps/delta
2026-03-27T11:24:19.756+05:30 DEBUG 36896 --- [user-service] [beatExecutor-%d] o.s.web.client.RestTemplate              : HTTP PUT http://127.0.0.1:8761/eureka/apps/USER-SERVICE/localhost:user-service:7500?status=UP&lastDirtyTimestamp=1774590739602
2026-03-27T11:24:19.762+05:30 DEBUG 36896 --- [user-service] [reshExecutor-%d] o.s.web.client.RestTemplate              : Accept=[application/json, application/*+json]
2026-03-27T11:24:19.762+05:30 DEBUG 36896 --- [user-service] [beatExecutor-%d] o.s.web.client.RestTemplate              : Accept=[application/json, application/*+json]
2026-03-27T11:24:19.775+05:30 DEBUG 36896 --- [user-service] [reshExecutor-%d] o.s.web.client.RestTemplate              : Response 200 OK
2026-03-27T11:24:19.776+05:30 DEBUG 36896 --- [user-service] [beatExecutor-%d] o.s.web.client.RestTemplate              : Response 200 OK
2026-03-27T11:24:19.776+05:30 DEBUG 36896 --- [user-service] [reshExecutor-%d] o.s.web.client.RestTemplate              : Reading to [org.springframework.cloud.netflix.eureka.http.EurekaApplications]
2026-03-27T11:24:19.777+05:30 DEBUG 36896 --- [user-service] [beatExecutor-%d] com.netflix.discovery.DiscoveryClient    : DiscoveryClient_USER-SERVICE/localhost:user-service:7500 - Heartbeat status: 200
2026-03-27T11:24:19.781+05:30 DEBUG 36896 --- [user-service] [reshExecutor-%d] com.netflix.discovery.DiscoveryClient    : Got delta update with apps hashcode UP_4_
2026-03-27T11:24:19.782+05:30 DEBUG 36896 --- [user-service] [reshExecutor-%d] com.netflix.discovery.DiscoveryClient    : Added instance localhost:Config-Servier:7512 to the existing apps in region null
2026-03-27T11:24:19.783+05:30 DEBUG 36896 --- [user-service] [reshExecutor-%d] com.netflix.discovery.DiscoveryClient    : Added instance localhost:KYC-SERVICE:7502 to the existing apps in region null
2026-03-27T11:24:19.783+05:30 DEBUG 36896 --- [user-service] [reshExecutor-%d] com.netflix.discovery.DiscoveryClient    : Added instance localhost:user-service:7500 to the existing apps in region null
2026-03-27T11:24:19.783+05:30 DEBUG 36896 --- [user-service] [reshExecutor-%d] com.netflix.discovery.DiscoveryClient    : Added instance localhost:Admin-Service:7501 to the existing apps in region null
2026-03-27T11:24:19.784+05:30 DEBUG 36896 --- [user-service] [reshExecutor-%d] com.netflix.discovery.DiscoveryClient    : The total number of instances fetched by the delta processor : 4
2026-03-27T11:24:19.785+05:30 DEBUG 36896 --- [user-service] [reshExecutor-%d] com.netflix.discovery.DiscoveryClient    : The total number of all instances in the client now is 4
2026-03-27T11:24:19.786+05:30 DEBUG 36896 --- [user-service] [reshExecutor-%d] com.netflix.discovery.DiscoveryClient    : Completed cache refresh task for discovery. All Apps hash code is Local region apps hashcode: UP_4_, is fetching remote regions? false 
2026-03-27T11:24:49.790+05:30 DEBUG 36896 --- [user-service] [beatExecutor-%d] o.s.web.client.RestTemplate              : HTTP PUT http://127.0.0.1:8761/eureka/apps/USER-SERVICE/localhost:user-service:7500?status=UP&lastDirtyTimestamp=1774590739602
2026-03-27T11:24:49.790+05:30 DEBUG 36896 --- [user-service] [reshExecutor-%d] o.s.web.client.RestTemplate              : HTTP GET http://127.0.0.1:8761/eureka/apps/delta
2026-03-27T11:24:49.795+05:30 DEBUG 36896 --- [user-service] [beatExecutor-%d] o.s.web.client.RestTemplate              : Accept=[application/json, application/*+json]
2026-03-27T11:24:49.795+05:30 DEBUG 36896 --- [user-service] [reshExecutor-%d] o.s.web.client.RestTemplate              : Accept=[application/json, application/*+json]
2026-03-27T11:24:49.809+05:30 DEBUG 36896 --- [user-service] [beatExecutor-%d] o.s.web.client.RestTemplate              : Response 200 OK
2026-03-27T11:24:49.810+05:30 DEBUG 36896 --- [user-service] [reshExecutor-%d] o.s.web.client.RestTemplate              : Response 200 OK
2026-03-27T11:24:49.810+05:30 DEBUG 36896 --- [user-service] [beatExecutor-%d] com.netflix.discovery.DiscoveryClient    : DiscoveryClient_USER-SERVICE/localhost:user-service:7500 - Heartbeat status: 200
2026-03-27T11:24:49.811+05:30 DEBUG 36896 --- [user-service] [reshExecutor-%d] o.s.web.client.RestTemplate              : Reading to [org.springframework.cloud.netflix.eureka.http.EurekaApplications]
2026-03-27T11:24:49.813+05:30 DEBUG 36896 --- [user-service] [reshExecutor-%d] com.netflix.discovery.DiscoveryClient    : Got delta update with apps hashcode UP_4_
2026-03-27T11:24:49.813+05:30 DEBUG 36896 --- [user-service] [reshExecutor-%d] com.netflix.discovery.DiscoveryClient    : Added instance localhost:Config-Servier:7512 to the existing apps in region null
2026-03-27T11:24:49.814+05:30 DEBUG 36896 --- [user-service] [reshExecutor-%d] com.netflix.discovery.DiscoveryClient    : Added instance localhost:KYC-SERVICE:7502 to the existing apps in region null
2026-03-27T11:24:49.815+05:30 DEBUG 36896 --- [user-service] [reshExecutor-%d] com.netflix.discovery.DiscoveryClient    : Added instance localhost:user-service:7500 to the existing apps in region null
2026-03-27T11:24:49.815+05:30 DEBUG 36896 --- [user-service] [reshExecutor-%d] com.netflix.discovery.DiscoveryClient    : Added instance localhost:Admin-Service:7501 to the existing apps in region null
2026-03-27T11:24:49.816+05:30 DEBUG 36896 --- [user-service] [reshExecutor-%d] com.netflix.discovery.DiscoveryClient    : The total number of instances fetched by the delta processor : 4
2026-03-27T11:24:49.816+05:30 DEBUG 36896 --- [user-service] [reshExecutor-%d] com.netflix.discovery.DiscoveryClient    : The total number of all instances in the client now is 4
2026-03-27T11:24:49.817+05:30 DEBUG 36896 --- [user-service] [reshExecutor-%d] com.netflix.discovery.DiscoveryClient    : Completed cache refresh task for discovery. All Apps hash code is Local region apps hashcode: UP_4_, is fetching remote regions? false 
2026-03-27T11:25:19.083+05:30  INFO 36896 --- [user-service] [rap-executor-%d] c.n.d.s.r.aws.ConfigClusterResolver      : Resolving eureka endpoints via configuration
2026-03-27T11:25:19.087+05:30 DEBUG 36896 --- [user-service] [rap-executor-%d] c.n.discovery.endpoint.EndpointUtils     : The availability zone for the given region us-east-1 are [defaultZone]
2026-03-27T11:25:19.088+05:30 DEBUG 36896 --- [user-service] [rap-executor-%d] c.n.d.s.r.aws.ConfigClusterResolver      : Config resolved to [AwsEndpoint{ serviceUrl='http://127.0.0.1:8761/eureka/', region='us-east-1', zone='defaultZone'}]
2026-03-27T11:25:19.089+05:30 DEBUG 36896 --- [user-service] [rap-executor-%d] c.n.d.s.r.a.ZoneAffinityClusterResolver  : Local zone=defaultZone; resolved to: [AwsEndpoint{ serviceUrl='http://127.0.0.1:8761/eureka/', region='us-east-1', zone='defaultZone'}]
2026-03-27T11:25:19.089+05:30 DEBUG 36896 --- [user-service] [rap-executor-%d] c.n.d.shared.resolver.AsyncResolver      : Resolved to [AwsEndpoint{ serviceUrl='http://127.0.0.1:8761/eureka/', region='us-east-1', zone='defaultZone'}]
2026-03-27T11:25:19.829+05:30 DEBUG 36896 --- [user-service] [beatExecutor-%d] o.s.web.client.RestTemplate              : HTTP PUT http://127.0.0.1:8761/eureka/apps/USER-SERVICE/localhost:user-service:7500?status=UP&lastDirtyTimestamp=1774590739602
2026-03-27T11:25:19.829+05:30 DEBUG 36896 --- [user-service] [reshExecutor-%d] o.s.web.client.RestTemplate              : HTTP GET http://127.0.0.1:8761/eureka/apps/delta
2026-03-27T11:25:19.834+05:30 DEBUG 36896 --- [user-service] [beatExecutor-%d] o.s.web.client.RestTemplate              : Accept=[application/json, application/*+json]
2026-03-27T11:25:19.835+05:30 DEBUG 36896 --- [user-service] [reshExecutor-%d] o.s.web.client.RestTemplate              : Accept=[application/json, application/*+json]
2026-03-27T11:25:19.845+05:30 DEBUG 36896 --- [user-service] [reshExecutor-%d] o.s.web.client.RestTemplate              : Response 200 OK
2026-03-27T11:25:19.847+05:30 DEBUG 36896 --- [user-service] [reshExecutor-%d] o.s.web.client.RestTemplate              : Reading to [org.springframework.cloud.netflix.eureka.http.EurekaApplications]
2026-03-27T11:25:19.845+05:30 DEBUG 36896 --- [user-service] [beatExecutor-%d] o.s.web.client.RestTemplate              : Response 200 OK
2026-03-27T11:25:19.849+05:30 DEBUG 36896 --- [user-service] [beatExecutor-%d] com.netflix.discovery.DiscoveryClient    : DiscoveryClient_USER-SERVICE/localhost:user-service:7500 - Heartbeat status: 200
2026-03-27T11:25:19.849+05:30 DEBUG 36896 --- [user-service] [reshExecutor-%d] com.netflix.discovery.DiscoveryClient    : Got delta update with apps hashcode UP_4_
2026-03-27T11:25:19.849+05:30 DEBUG 36896 --- [user-service] [reshExecutor-%d] com.netflix.discovery.DiscoveryClient    : Added instance localhost:Config-Servier:7512 to the existing apps in region null
2026-03-27T11:25:19.851+05:30 DEBUG 36896 --- [user-service] [reshExecutor-%d] com.netflix.discovery.DiscoveryClient    : Added instance localhost:KYC-SERVICE:7502 to the existing apps in region null
2026-03-27T11:25:19.852+05:30 DEBUG 36896 --- [user-service] [reshExecutor-%d] com.netflix.discovery.DiscoveryClient    : Added instance localhost:user-service:7500 to the existing apps in region null
2026-03-27T11:25:19.852+05:30 DEBUG 36896 --- [user-service] [reshExecutor-%d] com.netflix.discovery.DiscoveryClient    : Added instance localhost:Admin-Service:7501 to the existing apps in region null
2026-03-27T11:25:19.853+05:30 DEBUG 36896 --- [user-service] [reshExecutor-%d] com.netflix.discovery.DiscoveryClient    : The total number of instances fetched by the delta processor : 4
2026-03-27T11:25:19.853+05:30 DEBUG 36896 --- [user-service] [reshExecutor-%d] com.netflix.discovery.DiscoveryClient    : The total number of all instances in the client now is 4
2026-03-27T11:25:19.854+05:30 DEBUG 36896 --- [user-service] [reshExecutor-%d] com.netflix.discovery.DiscoveryClient    : Completed cache refresh task for discovery. All Apps hash code is Local region apps hashcode: UP_4_, is fetching remote regions? false 
2026-03-27T11:25:49.851+05:30 DEBUG 36896 --- [user-service] [beatExecutor-%d] o.s.web.client.RestTemplate              : HTTP PUT http://127.0.0.1:8761/eureka/apps/USER-SERVICE/localhost:user-service:7500?status=UP&lastDirtyTimestamp=1774590739602
2026-03-27T11:25:49.856+05:30 DEBUG 36896 --- [user-service] [beatExecutor-%d] o.s.web.client.RestTemplate              : Accept=[application/json, application/*+json]
2026-03-27T11:25:49.867+05:30 DEBUG 36896 --- [user-service] [reshExecutor-%d] o.s.web.client.RestTemplate              : HTTP GET http://127.0.0.1:8761/eureka/apps/delta
2026-03-27T11:25:49.867+05:30 DEBUG 36896 --- [user-service] [reshExecutor-%d] o.s.web.client.RestTemplate              : Accept=[application/json, application/*+json]
2026-03-27T11:25:49.868+05:30 DEBUG 36896 --- [user-service] [beatExecutor-%d] o.s.web.client.RestTemplate              : Response 200 OK
2026-03-27T11:25:49.869+05:30 DEBUG 36896 --- [user-service] [beatExecutor-%d] com.netflix.discovery.DiscoveryClient    : DiscoveryClient_USER-SERVICE/localhost:user-service:7500 - Heartbeat status: 200
2026-03-27T11:25:49.884+05:30 DEBUG 36896 --- [user-service] [reshExecutor-%d] o.s.web.client.RestTemplate              : Response 200 OK
2026-03-27T11:25:49.884+05:30 DEBUG 36896 --- [user-service] [reshExecutor-%d] o.s.web.client.RestTemplate              : Reading to [org.springframework.cloud.netflix.eureka.http.EurekaApplications]
2026-03-27T11:25:49.886+05:30 DEBUG 36896 --- [user-service] [reshExecutor-%d] com.netflix.discovery.DiscoveryClient    : Got delta update with apps hashcode UP_4_
2026-03-27T11:25:49.886+05:30 DEBUG 36896 --- [user-service] [reshExecutor-%d] com.netflix.discovery.DiscoveryClient    : Added instance localhost:Config-Servier:7512 to the existing apps in region null
2026-03-27T11:25:49.887+05:30 DEBUG 36896 --- [user-service] [reshExecutor-%d] com.netflix.discovery.DiscoveryClient    : Added instance localhost:KYC-SERVICE:7502 to the existing apps in region null
2026-03-27T11:25:49.887+05:30 DEBUG 36896 --- [user-service] [reshExecutor-%d] com.netflix.discovery.DiscoveryClient    : Added instance localhost:user-service:7500 to the existing apps in region null
2026-03-27T11:25:49.888+05:30 DEBUG 36896 --- [user-service] [reshExecutor-%d] com.netflix.discovery.DiscoveryClient    : Added instance localhost:Admin-Service:7501 to the existing apps in region null
2026-03-27T11:25:49.888+05:30 DEBUG 36896 --- [user-service] [reshExecutor-%d] com.netflix.discovery.DiscoveryClient    : The total number of instances fetched by the delta processor : 4
2026-03-27T11:25:49.889+05:30 DEBUG 36896 --- [user-service] [reshExecutor-%d] com.netflix.discovery.DiscoveryClient    : The total number of all instances in the client now is 4
2026-03-27T11:25:49.889+05:30 DEBUG 36896 --- [user-service] [reshExecutor-%d] com.netflix.discovery.DiscoveryClient    : Completed cache refresh task for discovery. All Apps hash code is Local region apps hashcode: UP_4_, is fetching remote regions? false 
2026-03-27T11:26:19.883+05:30 DEBUG 36896 --- [user-service] [beatExecutor-%d] o.s.web.client.RestTemplate              : HTTP PUT http://127.0.0.1:8761/eureka/apps/USER-SERVICE/localhost:user-service:7500?status=UP&lastDirtyTimestamp=1774590739602
2026-03-27T11:26:19.888+05:30 DEBUG 36896 --- [user-service] [beatExecutor-%d] o.s.web.client.RestTemplate              : Accept=[application/json, application/*+json]
2026-03-27T11:26:19.899+05:30 DEBUG 36896 --- [user-service] [reshExecutor-%d] o.s.web.client.RestTemplate              : HTTP GET http://127.0.0.1:8761/eureka/apps/delta
2026-03-27T11:26:19.900+05:30 DEBUG 36896 --- [user-service] [reshExecutor-%d] o.s.web.client.RestTemplate              : Accept=[application/json, application/*+json]
2026-03-27T11:26:19.903+05:30 DEBUG 36896 --- [user-service] [beatExecutor-%d] o.s.web.client.RestTemplate              : Response 200 OK
2026-03-27T11:26:19.905+05:30 DEBUG 36896 --- [user-service] [beatExecutor-%d] com.netflix.discovery.DiscoveryClient    : DiscoveryClient_USER-SERVICE/localhost:user-service:7500 - Heartbeat status: 200
2026-03-27T11:26:19.918+05:30 DEBUG 36896 --- [user-service] [reshExecutor-%d] o.s.web.client.RestTemplate              : Response 200 OK
2026-03-27T11:26:19.919+05:30 DEBUG 36896 --- [user-service] [reshExecutor-%d] o.s.web.client.RestTemplate              : Reading to [org.springframework.cloud.netflix.eureka.http.EurekaApplications]
2026-03-27T11:26:19.922+05:30 DEBUG 36896 --- [user-service] [reshExecutor-%d] com.netflix.discovery.DiscoveryClient    : Got delta update with apps hashcode UP_4_
2026-03-27T11:26:19.922+05:30 DEBUG 36896 --- [user-service] [reshExecutor-%d] com.netflix.discovery.DiscoveryClient    : Added instance localhost:Config-Servier:7512 to the existing apps in region null
2026-03-27T11:26:19.924+05:30 DEBUG 36896 --- [user-service] [reshExecutor-%d] com.netflix.discovery.DiscoveryClient    : Added instance localhost:KYC-SERVICE:7502 to the existing apps in region null
2026-03-27T11:26:19.924+05:30 DEBUG 36896 --- [user-service] [reshExecutor-%d] com.netflix.discovery.DiscoveryClient    : Added instance localhost:user-service:7500 to the existing apps in region null
2026-03-27T11:26:19.924+05:30 DEBUG 36896 --- [user-service] [reshExecutor-%d] com.netflix.discovery.DiscoveryClient    : Added instance localhost:Admin-Service:7501 to the existing apps in region null
2026-03-27T11:26:19.924+05:30 DEBUG 36896 --- [user-service] [reshExecutor-%d] com.netflix.discovery.DiscoveryClient    : The total number of instances fetched by the delta processor : 4
2026-03-27T11:26:19.925+05:30 DEBUG 36896 --- [user-service] [reshExecutor-%d] com.netflix.discovery.DiscoveryClient    : The total number of all instances in the client now is 4
2026-03-27T11:26:19.926+05:30 DEBUG 36896 --- [user-service] [reshExecutor-%d] com.netflix.discovery.DiscoveryClient    : Completed cache refresh task for discovery. All Apps hash code is Local region apps hashcode: UP_4_, is fetching remote regions? false 
2026-03-27T11:26:49.911+05:30 DEBUG 36896 --- [user-service] [beatExecutor-%d] o.s.web.client.RestTemplate              : HTTP PUT http://127.0.0.1:8761/eureka/apps/USER-SERVICE/localhost:user-service:7500?status=UP&lastDirtyTimestamp=1774590739602
2026-03-27T11:26:49.912+05:30 DEBUG 36896 --- [user-service] [beatExecutor-%d] o.s.web.client.RestTemplate              : Accept=[application/json, application/*+json]
2026-03-27T11:26:49.926+05:30 DEBUG 36896 --- [user-service] [reshExecutor-%d] o.s.web.client.RestTemplate              : HTTP GET http://127.0.0.1:8761/eureka/apps/delta
2026-03-27T11:26:49.928+05:30 DEBUG 36896 --- [user-service] [beatExecutor-%d] o.s.web.client.RestTemplate              : Response 200 OK
2026-03-27T11:26:49.928+05:30 DEBUG 36896 --- [user-service] [reshExecutor-%d] o.s.web.client.RestTemplate              : Accept=[application/json, application/*+json]
2026-03-27T11:26:49.930+05:30 DEBUG 36896 --- [user-service] [beatExecutor-%d] com.netflix.discovery.DiscoveryClient    : DiscoveryClient_USER-SERVICE/localhost:user-service:7500 - Heartbeat status: 200
2026-03-27T11:26:49.944+05:30 DEBUG 36896 --- [user-service] [reshExecutor-%d] o.s.web.client.RestTemplate              : Response 200 OK
2026-03-27T11:26:49.944+05:30 DEBUG 36896 --- [user-service] [reshExecutor-%d] o.s.web.client.RestTemplate              : Reading to [org.springframework.cloud.netflix.eureka.http.EurekaApplications]
2026-03-27T11:26:49.945+05:30 DEBUG 36896 --- [user-service] [reshExecutor-%d] com.netflix.discovery.DiscoveryClient    : Got delta update with apps hashcode UP_4_
2026-03-27T11:26:49.945+05:30 DEBUG 36896 --- [user-service] [reshExecutor-%d] com.netflix.discovery.DiscoveryClient    : The total number of instances fetched by the delta processor : 0
2026-03-27T11:26:49.947+05:30 DEBUG 36896 --- [user-service] [reshExecutor-%d] com.netflix.discovery.DiscoveryClient    : The total number of all instances in the client now is 4
2026-03-27T11:26:49.947+05:30 DEBUG 36896 --- [user-service] [reshExecutor-%d] com.netflix.discovery.DiscoveryClient    : Completed cache refresh task for discovery. All Apps hash code is Local region apps hashcode: UP_4_, is fetching remote regions? false 
2026-03-27T11:27:19.941+05:30 DEBUG 36896 --- [user-service] [beatExecutor-%d] o.s.web.client.RestTemplate              : HTTP PUT http://127.0.0.1:8761/eureka/apps/USER-SERVICE/localhost:user-service:7500?status=UP&lastDirtyTimestamp=1774590739602
2026-03-27T11:27:19.944+05:30 DEBUG 36896 --- [user-service] [beatExecutor-%d] o.s.web.client.RestTemplate              : Accept=[application/json, application/*+json]
2026-03-27T11:27:19.957+05:30 DEBUG 36896 --- [user-service] [reshExecutor-%d] o.s.web.client.RestTemplate              : HTTP GET http://127.0.0.1:8761/eureka/apps/delta
2026-03-27T11:27:19.959+05:30 DEBUG 36896 --- [user-service] [reshExecutor-%d] o.s.web.client.RestTemplate              : Accept=[application/json, application/*+json]
2026-03-27T11:27:19.962+05:30 DEBUG 36896 --- [user-service] [beatExecutor-%d] o.s.web.client.RestTemplate              : Response 200 OK
2026-03-27T11:27:19.963+05:30 DEBUG 36896 --- [user-service] [beatExecutor-%d] com.netflix.discovery.DiscoveryClient    : DiscoveryClient_USER-SERVICE/localhost:user-service:7500 - Heartbeat status: 200
2026-03-27T11:27:19.976+05:30 DEBUG 36896 --- [user-service] [reshExecutor-%d] o.s.web.client.RestTemplate              : Response 200 OK
2026-03-27T11:27:19.977+05:30 DEBUG 36896 --- [user-service] [reshExecutor-%d] o.s.web.client.RestTemplate              : Reading to [org.springframework.cloud.netflix.eureka.http.EurekaApplications]
2026-03-27T11:27:19.980+05:30 DEBUG 36896 --- [user-service] [reshExecutor-%d] com.netflix.discovery.DiscoveryClient    : Got delta update with apps hashcode UP_4_
2026-03-27T11:27:19.980+05:30 DEBUG 36896 --- [user-service] [reshExecutor-%d] com.netflix.discovery.DiscoveryClient    : The total number of instances fetched by the delta processor : 0
2026-03-27T11:27:19.981+05:30 DEBUG 36896 --- [user-service] [reshExecutor-%d] com.netflix.discovery.DiscoveryClient    : The total number of all instances in the client now is 4
2026-03-27T11:27:19.982+05:30 DEBUG 36896 --- [user-service] [reshExecutor-%d] com.netflix.discovery.DiscoveryClient    : Completed cache refresh task for discovery. All Apps hash code is Local region apps hashcode: UP_4_, is fetching remote regions? false 
2026-03-27T11:27:49.980+05:30 DEBUG 36896 --- [user-service] [beatExecutor-%d] o.s.web.client.RestTemplate              : HTTP PUT http://127.0.0.1:8761/eureka/apps/USER-SERVICE/localhost:user-service:7500?status=UP&lastDirtyTimestamp=1774590739602
2026-03-27T11:27:49.983+05:30 DEBUG 36896 --- [user-service] [beatExecutor-%d] o.s.web.client.RestTemplate              : Accept=[application/json, application/*+json]
2026-03-27T11:27:49.996+05:30 DEBUG 36896 --- [user-service] [reshExecutor-%d] o.s.web.client.RestTemplate              : HTTP GET http://127.0.0.1:8761/eureka/apps/delta
2026-03-27T11:27:49.999+05:30 DEBUG 36896 --- [user-service] [reshExecutor-%d] o.s.web.client.RestTemplate              : Accept=[application/json, application/*+json]
2026-03-27T11:27:50.001+05:30 DEBUG 36896 --- [user-service] [beatExecutor-%d] o.s.web.client.RestTemplate              : Response 200 OK
2026-03-27T11:27:50.002+05:30 DEBUG 36896 --- [user-service] [beatExecutor-%d] com.netflix.discovery.DiscoveryClient    : DiscoveryClient_USER-SERVICE/localhost:user-service:7500 - Heartbeat status: 200
2026-03-27T11:27:50.015+05:30 DEBUG 36896 --- [user-service] [reshExecutor-%d] o.s.web.client.RestTemplate              : Response 200 OK
2026-03-27T11:27:50.016+05:30 DEBUG 36896 --- [user-service] [reshExecutor-%d] o.s.web.client.RestTemplate              : Reading to [org.springframework.cloud.netflix.eureka.http.EurekaApplications]
2026-03-27T11:27:50.018+05:30 DEBUG 36896 --- [user-service] [reshExecutor-%d] com.netflix.discovery.DiscoveryClient    : Got delta update with apps hashcode UP_4_
2026-03-27T11:27:50.019+05:30 DEBUG 36896 --- [user-service] [reshExecutor-%d] com.netflix.discovery.DiscoveryClient    : The total number of instances fetched by the delta processor : 0
2026-03-27T11:27:50.020+05:30 DEBUG 36896 --- [user-service] [reshExecutor-%d] com.netflix.discovery.DiscoveryClient    : The total number of all instances in the client now is 4
2026-03-27T11:27:50.020+05:30 DEBUG 36896 --- [user-service] [reshExecutor-%d] com.netflix.discovery.DiscoveryClient    : Completed cache refresh task for discovery. All Apps hash code is Local region apps hashcode: UP_4_, is fetching remote regions? false 
2026-03-27T11:28:20.017+05:30 DEBUG 36896 --- [user-service] [beatExecutor-%d] o.s.web.client.RestTemplate              : HTTP PUT http://127.0.0.1:8761/eureka/apps/USER-SERVICE/localhost:user-service:7500?status=UP&lastDirtyTimestamp=1774590739602
2026-03-27T11:28:20.019+05:30 DEBUG 36896 --- [user-service] [beatExecutor-%d] o.s.web.client.RestTemplate              : Accept=[application/json, application/*+json]
2026-03-27T11:28:20.033+05:30 DEBUG 36896 --- [user-service] [reshExecutor-%d] o.s.web.client.RestTemplate              : HTTP GET http://127.0.0.1:8761/eureka/apps/delta
2026-03-27T11:28:20.035+05:30 DEBUG 36896 --- [user-service] [reshExecutor-%d] o.s.web.client.RestTemplate              : Accept=[application/json, application/*+json]
2026-03-27T11:28:20.038+05:30 DEBUG 36896 --- [user-service] [beatExecutor-%d] o.s.web.client.RestTemplate              : Response 200 OK
2026-03-27T11:28:20.039+05:30 DEBUG 36896 --- [user-service] [beatExecutor-%d] com.netflix.discovery.DiscoveryClient    : DiscoveryClient_USER-SERVICE/localhost:user-service:7500 - Heartbeat status: 200
2026-03-27T11:28:20.053+05:30 DEBUG 36896 --- [user-service] [reshExecutor-%d] o.s.web.client.RestTemplate              : Response 200 OK
2026-03-27T11:28:20.054+05:30 DEBUG 36896 --- [user-service] [reshExecutor-%d] o.s.web.client.RestTemplate              : Reading to [org.springframework.cloud.netflix.eureka.http.EurekaApplications]
2026-03-27T11:28:20.055+05:30 DEBUG 36896 --- [user-service] [reshExecutor-%d] com.netflix.discovery.DiscoveryClient    : Got delta update with apps hashcode UP_4_
2026-03-27T11:28:20.057+05:30 DEBUG 36896 --- [user-service] [reshExecutor-%d] com.netflix.discovery.DiscoveryClient    : The total number of instances fetched by the delta processor : 0
2026-03-27T11:28:20.058+05:30 DEBUG 36896 --- [user-service] [reshExecutor-%d] com.netflix.discovery.DiscoveryClient    : The total number of all instances in the client now is 4
2026-03-27T11:28:20.058+05:30 DEBUG 36896 --- [user-service] [reshExecutor-%d] com.netflix.discovery.DiscoveryClient    : Completed cache refresh task for discovery. All Apps hash code is Local region apps hashcode: UP_4_, is fetching remote regions? false 
2026-03-27T11:28:50.055+05:30 DEBUG 36896 --- [user-service] [beatExecutor-%d] o.s.web.client.RestTemplate              : HTTP PUT http://127.0.0.1:8761/eureka/apps/USER-SERVICE/localhost:user-service:7500?status=UP&lastDirtyTimestamp=1774590739602
2026-03-27T11:28:50.070+05:30 DEBUG 36896 --- [user-service] [reshExecutor-%d] o.s.web.client.RestTemplate              : HTTP GET http://127.0.0.1:8761/eureka/apps/delta
2026-03-27T11:28:50.092+05:30 DEBUG 36896 --- [user-service] [beatExecutor-%d] o.s.web.client.RestTemplate              : Accept=[application/json, application/*+json]
2026-03-27T11:28:50.093+05:30 DEBUG 36896 --- [user-service] [reshExecutor-%d] o.s.web.client.RestTemplate              : Accept=[application/json, application/*+json]
2026-03-27T11:28:50.108+05:30 DEBUG 36896 --- [user-service] [beatExecutor-%d] o.s.web.client.RestTemplate              : Response 200 OK
2026-03-27T11:28:50.109+05:30 DEBUG 36896 --- [user-service] [beatExecutor-%d] com.netflix.discovery.DiscoveryClient    : DiscoveryClient_USER-SERVICE/localhost:user-service:7500 - Heartbeat status: 200
2026-03-27T11:28:50.108+05:30 DEBUG 36896 --- [user-service] [reshExecutor-%d] o.s.web.client.RestTemplate              : Response 200 OK
2026-03-27T11:28:50.112+05:30 DEBUG 36896 --- [user-service] [reshExecutor-%d] o.s.web.client.RestTemplate              : Reading to [org.springframework.cloud.netflix.eureka.http.EurekaApplications]
2026-03-27T11:28:50.114+05:30 DEBUG 36896 --- [user-service] [reshExecutor-%d] com.netflix.discovery.DiscoveryClient    : Got delta update with apps hashcode UP_4_
2026-03-27T11:28:50.115+05:30 DEBUG 36896 --- [user-service] [reshExecutor-%d] com.netflix.discovery.DiscoveryClient    : The total number of instances fetched by the delta processor : 0
2026-03-27T11:28:50.116+05:30 DEBUG 36896 --- [user-service] [reshExecutor-%d] com.netflix.discovery.DiscoveryClient    : The total number of all instances in the client now is 4
2026-03-27T11:28:50.117+05:30 DEBUG 36896 --- [user-service] [reshExecutor-%d] com.netflix.discovery.DiscoveryClient    : Completed cache refresh task for discovery. All Apps hash code is Local region apps hashcode: UP_4_, is fetching remote regions? false 
2026-03-27T11:29:20.117+05:30 DEBUG 36896 --- [user-service] [beatExecutor-%d] o.s.web.client.RestTemplate              : HTTP PUT http://127.0.0.1:8761/eureka/apps/USER-SERVICE/localhost:user-service:7500?status=UP&lastDirtyTimestamp=1774590739602
2026-03-27T11:29:20.120+05:30 DEBUG 36896 --- [user-service] [beatExecutor-%d] o.s.web.client.RestTemplate              : Accept=[application/json, application/*+json]
2026-03-27T11:29:20.132+05:30 DEBUG 36896 --- [user-service] [reshExecutor-%d] o.s.web.client.RestTemplate              : HTTP GET http://127.0.0.1:8761/eureka/apps/delta
2026-03-27T11:29:20.133+05:30 DEBUG 36896 --- [user-service] [reshExecutor-%d] o.s.web.client.RestTemplate              : Accept=[application/json, application/*+json]
2026-03-27T11:29:20.136+05:30 DEBUG 36896 --- [user-service] [beatExecutor-%d] o.s.web.client.RestTemplate              : Response 200 OK
2026-03-27T11:29:20.138+05:30 DEBUG 36896 --- [user-service] [beatExecutor-%d] com.netflix.discovery.DiscoveryClient    : DiscoveryClient_USER-SERVICE/localhost:user-service:7500 - Heartbeat status: 200
2026-03-27T11:29:20.154+05:30 DEBUG 36896 --- [user-service] [reshExecutor-%d] o.s.web.client.RestTemplate              : Response 200 OK
2026-03-27T11:29:20.156+05:30 DEBUG 36896 --- [user-service] [reshExecutor-%d] o.s.web.client.RestTemplate              : Reading to [org.springframework.cloud.netflix.eureka.http.EurekaApplications]
2026-03-27T11:29:20.158+05:30 DEBUG 36896 --- [user-service] [reshExecutor-%d] com.netflix.discovery.DiscoveryClient    : Got delta update with apps hashcode UP_4_
2026-03-27T11:29:20.159+05:30 DEBUG 36896 --- [user-service] [reshExecutor-%d] com.netflix.discovery.DiscoveryClient    : The total number of instances fetched by the delta processor : 0
2026-03-27T11:29:20.160+05:30 DEBUG 36896 --- [user-service] [reshExecutor-%d] com.netflix.discovery.DiscoveryClient    : The total number of all instances in the client now is 4
2026-03-27T11:29:20.161+05:30 DEBUG 36896 --- [user-service] [reshExecutor-%d] com.netflix.discovery.DiscoveryClient    : Completed cache refresh task for discovery. All Apps hash code is Local region apps hashcode: UP_4_, is fetching remote regions? false 
2026-03-27T11:56:43.466+05:30  WARN 36896 --- [user-service] [l-1 housekeeper] com.zaxxer.hikari.pool.HikariPool        : HikariPool-1 - Thread starvation or clock leap detected (housekeeper delta=27m29s404ms433µs600ns).
2026-03-27T11:56:49.535+05:30 DEBUG 36896 --- [user-service] [beatExecutor-%d] c.n.d.s.t.d.SessionedEurekaHttpClient    : Ending a session and starting anew
2026-03-27T11:56:49.535+05:30 DEBUG 36896 --- [user-service] [reshExecutor-%d] c.n.d.s.t.d.SessionedEurekaHttpClient    : Ending a session and starting anew
2026-03-27T11:56:49.593+05:30 DEBUG 36896 --- [user-service] [reshExecutor-%d] o.s.web.client.RestTemplate              : HTTP GET http://127.0.0.1:8761/eureka/apps/delta
2026-03-27T11:56:49.593+05:30 DEBUG 36896 --- [user-service] [beatExecutor-%d] o.s.web.client.RestTemplate              : HTTP PUT http://127.0.0.1:8761/eureka/apps/USER-SERVICE/localhost:user-service:7500?status=UP&lastDirtyTimestamp=1774590739602
2026-03-27T11:56:49.599+05:30 DEBUG 36896 --- [user-service] [beatExecutor-%d] o.s.web.client.RestTemplate              : Accept=[application/json, application/*+json]
2026-03-27T11:56:49.601+05:30 DEBUG 36896 --- [user-service] [reshExecutor-%d] o.s.web.client.RestTemplate              : Accept=[application/json, application/*+json]
2026-03-27T11:56:49.605+05:30 DEBUG 36896 --- [user-service] [beatExecutor-%d] o.s.web.client.RestTemplate              : Response 200 OK
2026-03-27T11:56:49.606+05:30 DEBUG 36896 --- [user-service] [reshExecutor-%d] o.s.web.client.RestTemplate              : Response 200 OK
2026-03-27T11:56:49.607+05:30 DEBUG 36896 --- [user-service] [beatExecutor-%d] c.n.d.s.t.d.RedirectingEurekaHttpClient  : Pinning to endpoint null
2026-03-27T11:56:49.706+05:30 DEBUG 36896 --- [user-service] [reshExecutor-%d] o.s.web.client.RestTemplate              : Reading to [org.springframework.cloud.netflix.eureka.http.EurekaApplications]
2026-03-27T11:56:49.709+05:30 DEBUG 36896 --- [user-service] [beatExecutor-%d] com.netflix.discovery.DiscoveryClient    : DiscoveryClient_USER-SERVICE/localhost:user-service:7500 - Heartbeat status: 200
2026-03-27T11:56:49.713+05:30 DEBUG 36896 --- [user-service] [reshExecutor-%d] c.n.d.s.t.d.RedirectingEurekaHttpClient  : Pinning to endpoint null
2026-03-27T11:56:49.714+05:30 DEBUG 36896 --- [user-service] [reshExecutor-%d] com.netflix.discovery.DiscoveryClient    : Got delta update with apps hashcode UP_4_
2026-03-27T11:56:49.715+05:30 DEBUG 36896 --- [user-service] [reshExecutor-%d] com.netflix.discovery.DiscoveryClient    : The total number of instances fetched by the delta processor : 0
2026-03-27T11:56:49.717+05:30 DEBUG 36896 --- [user-service] [reshExecutor-%d] com.netflix.discovery.DiscoveryClient    : The total number of all instances in the client now is 4
2026-03-27T11:56:49.815+05:30 DEBUG 36896 --- [user-service] [reshExecutor-%d] com.netflix.discovery.DiscoveryClient    : Completed cache refresh task for discovery. All Apps hash code is Local region apps hashcode: UP_4_, is fetching remote regions? false 
2026-03-27T11:57:18.487+05:30  INFO 36896 --- [user-service] [rap-executor-%d] c.n.d.s.r.aws.ConfigClusterResolver      : Resolving eureka endpoints via configuration
2026-03-27T11:57:18.570+05:30 DEBUG 36896 --- [user-service] [rap-executor-%d] c.n.discovery.endpoint.EndpointUtils     : The availability zone for the given region us-east-1 are [defaultZone]
2026-03-27T11:57:18.571+05:30 DEBUG 36896 --- [user-service] [rap-executor-%d] c.n.d.s.r.aws.ConfigClusterResolver      : Config resolved to [AwsEndpoint{ serviceUrl='http://127.0.0.1:8761/eureka/', region='us-east-1', zone='defaultZone'}]
2026-03-27T11:57:18.571+05:30 DEBUG 36896 --- [user-service] [rap-executor-%d] c.n.d.s.r.a.ZoneAffinityClusterResolver  : Local zone=defaultZone; resolved to: [AwsEndpoint{ serviceUrl='http://127.0.0.1:8761/eureka/', region='us-east-1', zone='defaultZone'}]
2026-03-27T11:57:18.572+05:30 DEBUG 36896 --- [user-service] [rap-executor-%d] c.n.d.shared.resolver.AsyncResolver      : Resolved to [AwsEndpoint{ serviceUrl='http://127.0.0.1:8761/eureka/', region='us-east-1', zone='defaultZone'}]
2026-03-27T11:57:19.714+05:30 DEBUG 36896 --- [user-service] [beatExecutor-%d] o.s.web.client.RestTemplate              : HTTP PUT http://127.0.0.1:8761/eureka/apps/USER-SERVICE/localhost:user-service:7500?status=UP&lastDirtyTimestamp=1774590739602
2026-03-27T11:57:19.823+05:30 DEBUG 36896 --- [user-service] [reshExecutor-%d] o.s.web.client.RestTemplate              : HTTP GET http://127.0.0.1:8761/eureka/apps/delta
2026-03-27T11:57:20.067+05:30 DEBUG 36896 --- [user-service] [reshExecutor-%d] o.s.web.client.RestTemplate              : Accept=[application/json, application/*+json]
2026-03-27T11:57:20.067+05:30 DEBUG 36896 --- [user-service] [beatExecutor-%d] o.s.web.client.RestTemplate              : Accept=[application/json, application/*+json]
2026-03-27T11:57:20.087+05:30 DEBUG 36896 --- [user-service] [reshExecutor-%d] o.s.web.client.RestTemplate              : Response 200 OK
2026-03-27T11:57:20.087+05:30 DEBUG 36896 --- [user-service] [beatExecutor-%d] o.s.web.client.RestTemplate              : Response 200 OK
2026-03-27T11:57:20.373+05:30 DEBUG 36896 --- [user-service] [reshExecutor-%d] o.s.web.client.RestTemplate              : Reading to [org.springframework.cloud.netflix.eureka.http.EurekaApplications]
2026-03-27T11:57:20.431+05:30 DEBUG 36896 --- [user-service] [beatExecutor-%d] com.netflix.discovery.DiscoveryClient    : DiscoveryClient_USER-SERVICE/localhost:user-service:7500 - Heartbeat status: 200
2026-03-27T11:57:20.433+05:30 DEBUG 36896 --- [user-service] [reshExecutor-%d] com.netflix.discovery.DiscoveryClient    : Got delta update with apps hashcode UP_4_
2026-03-27T11:57:20.435+05:30 DEBUG 36896 --- [user-service] [reshExecutor-%d] com.netflix.discovery.DiscoveryClient    : The total number of instances fetched by the delta processor : 0
2026-03-27T11:57:20.437+05:30 DEBUG 36896 --- [user-service] [reshExecutor-%d] com.netflix.discovery.DiscoveryClient    : The total number of all instances in the client now is 4
2026-03-27T11:57:20.438+05:30 DEBUG 36896 --- [user-service] [reshExecutor-%d] com.netflix.discovery.DiscoveryClient    : Completed cache refresh task for discovery. All Apps hash code is Local region apps hashcode: UP_4_, is fetching remote regions? false 
2026-03-27T11:57:50.447+05:30 DEBUG 36896 --- [user-service] [reshExecutor-%d] o.s.web.client.RestTemplate              : HTTP GET http://127.0.0.1:8761/eureka/apps/delta
2026-03-27T11:57:50.447+05:30 DEBUG 36896 --- [user-service] [beatExecutor-%d] o.s.web.client.RestTemplate              : HTTP PUT http://127.0.0.1:8761/eureka/apps/USER-SERVICE/localhost:user-service:7500?status=UP&lastDirtyTimestamp=1774590739602
2026-03-27T11:57:50.460+05:30 DEBUG 36896 --- [user-service] [reshExecutor-%d] o.s.web.client.RestTemplate              : Accept=[application/json, application/*+json]
2026-03-27T11:57:50.460+05:30 DEBUG 36896 --- [user-service] [beatExecutor-%d] o.s.web.client.RestTemplate              : Accept=[application/json, application/*+json]
2026-03-27T11:57:50.467+05:30 DEBUG 36896 --- [user-service] [reshExecutor-%d] o.s.web.client.RestTemplate              : Response 200 OK
2026-03-27T11:57:50.468+05:30 DEBUG 36896 --- [user-service] [reshExecutor-%d] o.s.web.client.RestTemplate              : Reading to [org.springframework.cloud.netflix.eureka.http.EurekaApplications]
2026-03-27T11:57:50.470+05:30 DEBUG 36896 --- [user-service] [reshExecutor-%d] com.netflix.discovery.DiscoveryClient    : Got delta update with apps hashcode UP_4_
2026-03-27T11:57:50.471+05:30 DEBUG 36896 --- [user-service] [reshExecutor-%d] com.netflix.discovery.DiscoveryClient    : The total number of instances fetched by the delta processor : 0
2026-03-27T11:57:50.472+05:30 DEBUG 36896 --- [user-service] [reshExecutor-%d] com.netflix.discovery.DiscoveryClient    : The total number of all instances in the client now is 4
2026-03-27T11:57:50.472+05:30 DEBUG 36896 --- [user-service] [reshExecutor-%d] com.netflix.discovery.DiscoveryClient    : Completed cache refresh task for discovery. All Apps hash code is Local region apps hashcode: UP_4_, is fetching remote regions? false 
2026-03-27T11:57:50.482+05:30 DEBUG 36896 --- [user-service] [beatExecutor-%d] o.s.web.client.RestTemplate              : Response 200 OK
2026-03-27T11:57:50.483+05:30 DEBUG 36896 --- [user-service] [beatExecutor-%d] com.netflix.discovery.DiscoveryClient    : DiscoveryClient_USER-SERVICE/localhost:user-service:7500 - Heartbeat status: 200
2026-03-27T11:58:20.475+05:30 DEBUG 36896 --- [user-service] [reshExecutor-%d] o.s.web.client.RestTemplate              : HTTP GET http://127.0.0.1:8761/eureka/apps/delta
2026-03-27T11:58:20.481+05:30 DEBUG 36896 --- [user-service] [reshExecutor-%d] o.s.web.client.RestTemplate              : Accept=[application/json, application/*+json]
2026-03-27T11:58:20.493+05:30 DEBUG 36896 --- [user-service] [beatExecutor-%d] o.s.web.client.RestTemplate              : HTTP PUT http://127.0.0.1:8761/eureka/apps/USER-SERVICE/localhost:user-service:7500?status=UP&lastDirtyTimestamp=1774590739602
2026-03-27T11:58:20.495+05:30 DEBUG 36896 --- [user-service] [beatExecutor-%d] o.s.web.client.RestTemplate              : Accept=[application/json, application/*+json]
2026-03-27T11:58:20.496+05:30 DEBUG 36896 --- [user-service] [reshExecutor-%d] o.s.web.client.RestTemplate              : Response 200 OK
2026-03-27T11:58:20.497+05:30 DEBUG 36896 --- [user-service] [reshExecutor-%d] o.s.web.client.RestTemplate              : Reading to [org.springframework.cloud.netflix.eureka.http.EurekaApplications]
2026-03-27T11:58:20.499+05:30 DEBUG 36896 --- [user-service] [reshExecutor-%d] com.netflix.discovery.DiscoveryClient    : Got delta update with apps hashcode UP_4_
2026-03-27T11:58:20.500+05:30 DEBUG 36896 --- [user-service] [reshExecutor-%d] com.netflix.discovery.DiscoveryClient    : The total number of instances fetched by the delta processor : 0
2026-03-27T11:58:20.501+05:30 DEBUG 36896 --- [user-service] [reshExecutor-%d] com.netflix.discovery.DiscoveryClient    : The total number of all instances in the client now is 4
2026-03-27T11:58:20.502+05:30 DEBUG 36896 --- [user-service] [reshExecutor-%d] com.netflix.discovery.DiscoveryClient    : Completed cache refresh task for discovery. All Apps hash code is Local region apps hashcode: UP_4_, is fetching remote regions? false 
2026-03-27T11:58:20.512+05:30 DEBUG 36896 --- [user-service] [beatExecutor-%d] o.s.web.client.RestTemplate              : Response 200 OK
2026-03-27T11:58:20.513+05:30 DEBUG 36896 --- [user-service] [beatExecutor-%d] com.netflix.discovery.DiscoveryClient    : DiscoveryClient_USER-SERVICE/localhost:user-service:7500 - Heartbeat status: 200
2026-03-27T11:58:50.505+05:30 DEBUG 36896 --- [user-service] [reshExecutor-%d] o.s.web.client.RestTemplate              : HTTP GET http://127.0.0.1:8761/eureka/apps/delta
2026-03-27T11:58:50.509+05:30 DEBUG 36896 --- [user-service] [reshExecutor-%d] o.s.web.client.RestTemplate              : Accept=[application/json, application/*+json]
2026-03-27T11:58:50.520+05:30 DEBUG 36896 --- [user-service] [beatExecutor-%d] o.s.web.client.RestTemplate              : HTTP PUT http://127.0.0.1:8761/eureka/apps/USER-SERVICE/localhost:user-service:7500?status=UP&lastDirtyTimestamp=1774590739602
2026-03-27T11:58:50.522+05:30 DEBUG 36896 --- [user-service] [beatExecutor-%d] o.s.web.client.RestTemplate              : Accept=[application/json, application/*+json]
2026-03-27T11:58:50.523+05:30 DEBUG 36896 --- [user-service] [reshExecutor-%d] o.s.web.client.RestTemplate              : Response 200 OK
2026-03-27T11:58:50.525+05:30 DEBUG 36896 --- [user-service] [reshExecutor-%d] o.s.web.client.RestTemplate              : Reading to [org.springframework.cloud.netflix.eureka.http.EurekaApplications]
2026-03-27T11:58:50.526+05:30 DEBUG 36896 --- [user-service] [reshExecutor-%d] com.netflix.discovery.DiscoveryClient    : Got delta update with apps hashcode UP_4_
2026-03-27T11:58:50.526+05:30 DEBUG 36896 --- [user-service] [reshExecutor-%d] com.netflix.discovery.DiscoveryClient    : The total number of instances fetched by the delta processor : 0
2026-03-27T11:58:50.527+05:30 DEBUG 36896 --- [user-service] [reshExecutor-%d] com.netflix.discovery.DiscoveryClient    : The total number of all instances in the client now is 4
2026-03-27T11:58:50.528+05:30 DEBUG 36896 --- [user-service] [reshExecutor-%d] com.netflix.discovery.DiscoveryClient    : Completed cache refresh task for discovery. All Apps hash code is Local region apps hashcode: UP_4_, is fetching remote regions? false 
2026-03-27T11:58:50.538+05:30 DEBUG 36896 --- [user-service] [beatExecutor-%d] o.s.web.client.RestTemplate              : Response 200 OK
2026-03-27T11:58:50.539+05:30 DEBUG 36896 --- [user-service] [beatExecutor-%d] com.netflix.discovery.DiscoveryClient    : DiscoveryClient_USER-SERVICE/localhost:user-service:7500 - Heartbeat status: 200
2026-03-27T11:59:20.532+05:30 DEBUG 36896 --- [user-service] [reshExecutor-%d] o.s.web.client.RestTemplate              : HTTP GET http://127.0.0.1:8761/eureka/apps/delta
2026-03-27T11:59:20.537+05:30 DEBUG 36896 --- [user-service] [reshExecutor-%d] o.s.web.client.RestTemplate              : Accept=[application/json, application/*+json]
2026-03-27T11:59:20.547+05:30 DEBUG 36896 --- [user-service] [beatExecutor-%d] o.s.web.client.RestTemplate              : HTTP PUT http://127.0.0.1:8761/eureka/apps/USER-SERVICE/localhost:user-service:7500?status=UP&lastDirtyTimestamp=1774590739602
2026-03-27T11:59:20.549+05:30 DEBUG 36896 --- [user-service] [beatExecutor-%d] o.s.web.client.RestTemplate              : Accept=[application/json, application/*+json]
2026-03-27T11:59:20.551+05:30 DEBUG 36896 --- [user-service] [reshExecutor-%d] o.s.web.client.RestTemplate              : Response 200 OK
2026-03-27T11:59:20.554+05:30 DEBUG 36896 --- [user-service] [reshExecutor-%d] o.s.web.client.RestTemplate              : Reading to [org.springframework.cloud.netflix.eureka.http.EurekaApplications]
2026-03-27T11:59:20.555+05:30 DEBUG 36896 --- [user-service] [reshExecutor-%d] com.netflix.discovery.DiscoveryClient    : Got delta update with apps hashcode UP_4_
2026-03-27T11:59:20.556+05:30 DEBUG 36896 --- [user-service] [reshExecutor-%d] com.netflix.discovery.DiscoveryClient    : The total number of instances fetched by the delta processor : 0
2026-03-27T11:59:20.558+05:30 DEBUG 36896 --- [user-service] [reshExecutor-%d] com.netflix.discovery.DiscoveryClient    : The total number of all instances in the client now is 4
2026-03-27T11:59:20.558+05:30 DEBUG 36896 --- [user-service] [reshExecutor-%d] com.netflix.discovery.DiscoveryClient    : Completed cache refresh task for discovery. All Apps hash code is Local region apps hashcode: UP_4_, is fetching remote regions? false 
2026-03-27T11:59:20.567+05:30 DEBUG 36896 --- [user-service] [beatExecutor-%d] o.s.web.client.RestTemplate              : Response 200 OK
2026-03-27T11:59:20.568+05:30 DEBUG 36896 --- [user-service] [beatExecutor-%d] com.netflix.discovery.DiscoveryClient    : DiscoveryClient_USER-SERVICE/localhost:user-service:7500 - Heartbeat status: 200
2026-03-27T11:59:50.567+05:30 DEBUG 36896 --- [user-service] [reshExecutor-%d] o.s.web.client.RestTemplate              : HTTP GET http://127.0.0.1:8761/eureka/apps/delta
2026-03-27T11:59:50.571+05:30 DEBUG 36896 --- [user-service] [reshExecutor-%d] o.s.web.client.RestTemplate              : Accept=[application/json, application/*+json]
2026-03-27T11:59:50.582+05:30 DEBUG 36896 --- [user-service] [beatExecutor-%d] o.s.web.client.RestTemplate              : HTTP PUT http://127.0.0.1:8761/eureka/apps/USER-SERVICE/localhost:user-service:7500?status=UP&lastDirtyTimestamp=1774590739602
2026-03-27T11:59:50.582+05:30 DEBUG 36896 --- [user-service] [beatExecutor-%d] o.s.web.client.RestTemplate              : Accept=[application/json, application/*+json]
2026-03-27T11:59:50.584+05:30 DEBUG 36896 --- [user-service] [reshExecutor-%d] o.s.web.client.RestTemplate              : Response 200 OK
2026-03-27T11:59:50.585+05:30 DEBUG 36896 --- [user-service] [reshExecutor-%d] o.s.web.client.RestTemplate              : Reading to [org.springframework.cloud.netflix.eureka.http.EurekaApplications]
2026-03-27T11:59:50.586+05:30 DEBUG 36896 --- [user-service] [reshExecutor-%d] com.netflix.discovery.DiscoveryClient    : Got delta update with apps hashcode UP_4_
2026-03-27T11:59:50.586+05:30 DEBUG 36896 --- [user-service] [reshExecutor-%d] com.netflix.discovery.DiscoveryClient    : The total number of instances fetched by the delta processor : 0
2026-03-27T11:59:50.587+05:30 DEBUG 36896 --- [user-service] [reshExecutor-%d] com.netflix.discovery.DiscoveryClient    : The total number of all instances in the client now is 4
2026-03-27T11:59:50.588+05:30 DEBUG 36896 --- [user-service] [reshExecutor-%d] com.netflix.discovery.DiscoveryClient    : Completed cache refresh task for discovery. All Apps hash code is Local region apps hashcode: UP_4_, is fetching remote regions? false 
2026-03-27T11:59:50.600+05:30 DEBUG 36896 --- [user-service] [beatExecutor-%d] o.s.web.client.RestTemplate              : Response 200 OK
2026-03-27T11:59:50.601+05:30 DEBUG 36896 --- [user-service] [beatExecutor-%d] com.netflix.discovery.DiscoveryClient    : DiscoveryClient_USER-SERVICE/localhost:user-service:7500 - Heartbeat status: 200
2026-03-27T12:00:20.605+05:30 DEBUG 36896 --- [user-service] [beatExecutor-%d] o.s.web.client.RestTemplate              : HTTP PUT http://127.0.0.1:8761/eureka/apps/USER-SERVICE/localhost:user-service:7500?status=UP&lastDirtyTimestamp=1774590739602
2026-03-27T12:00:20.605+05:30 DEBUG 36896 --- [user-service] [reshExecutor-%d] o.s.web.client.RestTemplate              : HTTP GET http://127.0.0.1:8761/eureka/apps/delta
2026-03-27T12:00:20.607+05:30 DEBUG 36896 --- [user-service] [reshExecutor-%d] o.s.web.client.RestTemplate              : Accept=[application/json, application/*+json]
2026-03-27T12:00:20.607+05:30 DEBUG 36896 --- [user-service] [beatExecutor-%d] o.s.web.client.RestTemplate              : Accept=[application/json, application/*+json]
2026-03-27T12:00:20.627+05:30 DEBUG 36896 --- [user-service] [beatExecutor-%d] o.s.web.client.RestTemplate              : Response 200 OK
2026-03-27T12:00:20.627+05:30 DEBUG 36896 --- [user-service] [reshExecutor-%d] o.s.web.client.RestTemplate              : Response 200 OK
2026-03-27T12:00:20.631+05:30 DEBUG 36896 --- [user-service] [reshExecutor-%d] o.s.web.client.RestTemplate              : Reading to [org.springframework.cloud.netflix.eureka.http.EurekaApplications]
2026-03-27T12:00:20.631+05:30 DEBUG 36896 --- [user-service] [beatExecutor-%d] com.netflix.discovery.DiscoveryClient    : DiscoveryClient_USER-SERVICE/localhost:user-service:7500 - Heartbeat status: 200
2026-03-27T12:00:20.633+05:30 DEBUG 36896 --- [user-service] [reshExecutor-%d] com.netflix.discovery.DiscoveryClient    : Got delta update with apps hashcode UP_4_
2026-03-27T12:00:20.634+05:30 DEBUG 36896 --- [user-service] [reshExecutor-%d] com.netflix.discovery.DiscoveryClient    : The total number of instances fetched by the delta processor : 0
2026-03-27T12:00:20.635+05:30 DEBUG 36896 --- [user-service] [reshExecutor-%d] com.netflix.discovery.DiscoveryClient    : The total number of all instances in the client now is 4
2026-03-27T12:00:20.636+05:30 DEBUG 36896 --- [user-service] [reshExecutor-%d] com.netflix.discovery.DiscoveryClient    : Completed cache refresh task for discovery. All Apps hash code is Local region apps hashcode: UP_4_, is fetching remote regions? false 
2026-03-27T12:00:43.590+05:30  INFO 36896 --- [user-service] [ionShutdownHook] o.s.c.n.e.s.EurekaServiceRegistry        : Unregistering application USER-SERVICE with eureka with status DOWN
2026-03-27T12:00:43.592+05:30  INFO 36896 --- [user-service] [ionShutdownHook] com.netflix.discovery.DiscoveryClient    : Saw local status change event StatusChangeEvent [timestamp=1774593043592, current=DOWN, previous=UP]
2026-03-27T12:00:43.593+05:30 DEBUG 36896 --- [user-service] [foReplicator-%d] c.n.discovery.InstanceInfoReplicator     : Executing on-demand update of local InstanceInfo
2026-03-27T12:00:43.594+05:30 DEBUG 36896 --- [user-service] [foReplicator-%d] c.n.discovery.InstanceInfoReplicator     : Canceling the latest scheduled update, it will be rescheduled at the end of on demand update
2026-03-27T12:00:43.595+05:30  INFO 36896 --- [user-service] [foReplicator-%d] com.netflix.discovery.DiscoveryClient    : DiscoveryClient_USER-SERVICE/localhost:user-service:7500: registering service...
2026-03-27T12:00:43.596+05:30 DEBUG 36896 --- [user-service] [foReplicator-%d] o.s.web.client.RestTemplate              : HTTP POST http://127.0.0.1:8761/eureka/apps/USER-SERVICE
2026-03-27T12:00:43.598+05:30 DEBUG 36896 --- [user-service] [foReplicator-%d] o.s.web.client.RestTemplate              : Accept=[application/json, application/*+json]
2026-03-27T12:00:43.603+05:30 DEBUG 36896 --- [user-service] [foReplicator-%d] o.s.web.client.RestTemplate              : Writing [InstanceInfo [instanceId = localhost:user-service:7500, appName = USER-SERVICE, hostName = localhost, status = DOWN, ipAddr = 192.168.150.1, port = 7500, securePort = 443, dataCenterInfo = com.netflix.appinfo.MyDataCenterInfo@76445f60] as "application/json"
2026-03-27T12:00:43.614+05:30  INFO 36896 --- [user-service] [foReplicator-%d] c.n.d.s.t.d.RedirectingEurekaHttpClient  : Request execution error. endpoint=DefaultEndpoint{ serviceUrl='http://127.0.0.1:8761/eureka/} exception=I/O error on POST request for "http://127.0.0.1:8761/eureka/apps/USER-SERVICE": Connect to http://127.0.0.1:8761 [/127.0.0.1] failed: Connection refused: getsockopt stacktrace=org.springframework.web.client.ResourceAccessException: I/O error on POST request for "http://127.0.0.1:8761/eureka/apps/USER-SERVICE": Connect to http://127.0.0.1:8761 [/127.0.0.1] failed: Connection refused: getsockopt
	at org.springframework.web.client.RestTemplate.createResourceAccessException(RestTemplate.java:915)
	at org.springframework.web.client.RestTemplate.doExecute(RestTemplate.java:895)
	at org.springframework.web.client.RestTemplate.execute(RestTemplate.java:790)
	at org.springframework.web.client.RestTemplate.exchange(RestTemplate.java:672)
	at org.springframework.cloud.netflix.eureka.http.RestTemplateEurekaHttpClient.register(RestTemplateEurekaHttpClient.java:77)
	at com.netflix.discovery.shared.transport.decorator.EurekaHttpClientDecorator$1.execute(EurekaHttpClientDecorator.java:59)
	at com.netflix.discovery.shared.transport.decorator.RedirectingEurekaHttpClient.execute(RedirectingEurekaHttpClient.java:91)
	at com.netflix.discovery.shared.transport.decorator.EurekaHttpClientDecorator.register(EurekaHttpClientDecorator.java:56)
	at com.netflix.discovery.shared.transport.decorator.EurekaHttpClientDecorator$1.execute(EurekaHttpClientDecorator.java:59)
	at com.netflix.discovery.shared.transport.decorator.RetryableEurekaHttpClient.execute(RetryableEurekaHttpClient.java:120)
	at com.netflix.discovery.shared.transport.decorator.EurekaHttpClientDecorator.register(EurekaHttpClientDecorator.java:56)
	at com.netflix.discovery.shared.transport.decorator.EurekaHttpClientDecorator$1.execute(EurekaHttpClientDecorator.java:59)
	at com.netflix.discovery.shared.transport.decorator.SessionedEurekaHttpClient.execute(SessionedEurekaHttpClient.java:76)
	at com.netflix.discovery.shared.transport.decorator.EurekaHttpClientDecorator.register(EurekaHttpClientDecorator.java:56)
	at com.netflix.discovery.DiscoveryClient.register(DiscoveryClient.java:828)
	at com.netflix.discovery.InstanceInfoReplicator.run(InstanceInfoReplicator.java:125)
	at com.netflix.discovery.InstanceInfoReplicator$2.run(InstanceInfoReplicator.java:105)
	at java.base/java.util.concurrent.Executors$RunnableAdapter.call(Executors.java:572)
	at java.base/java.util.concurrent.FutureTask.run(FutureTask.java:317)
	at java.base/java.util.concurrent.ScheduledThreadPoolExecutor$ScheduledFutureTask.run(ScheduledThreadPoolExecutor.java:304)
	at java.base/java.util.concurrent.ThreadPoolExecutor.runWorker(ThreadPoolExecutor.java:1144)
	at java.base/java.util.concurrent.ThreadPoolExecutor$Worker.run(ThreadPoolExecutor.java:642)
	at java.base/java.lang.Thread.run(Thread.java:1583)
Caused by: org.apache.hc.client5.http.HttpHostConnectException: Connect to http://127.0.0.1:8761 [/127.0.0.1] failed: Connection refused: getsockopt
	at java.base/sun.nio.ch.Net.pollConnect(Native Method)
	at java.base/sun.nio.ch.Net.pollConnectNow(Net.java:682)
	at java.base/sun.nio.ch.NioSocketImpl.timedFinishConnect(NioSocketImpl.java:542)
	at java.base/sun.nio.ch.NioSocketImpl.connect(NioSocketImpl.java:592)
	at java.base/java.net.SocksSocketImpl.connect(SocksSocketImpl.java:327)
	at java.base/java.net.Socket.connect(Socket.java:751)
	at org.apache.hc.client5.http.socket.PlainConnectionSocketFactory.lambda$connectSocket$0(PlainConnectionSocketFactory.java:91)
	at java.base/java.security.AccessController.doPrivileged(AccessController.java:571)
	at org.apache.hc.client5.http.socket.PlainConnectionSocketFactory.connectSocket(PlainConnectionSocketFactory.java:90)
	at org.apache.hc.client5.http.socket.ConnectionSocketFactory.connectSocket(ConnectionSocketFactory.java:123)
	at org.apache.hc.client5.http.impl.io.DefaultHttpClientConnectionOperator.connect(DefaultHttpClientConnectionOperator.java:189)
	at org.apache.hc.client5.http.impl.io.PoolingHttpClientConnectionManager.connect(PoolingHttpClientConnectionManager.java:450)
	at org.apache.hc.client5.http.impl.classic.InternalExecRuntime.connectEndpoint(InternalExecRuntime.java:162)
	at org.apache.hc.client5.http.impl.classic.InternalExecRuntime.connectEndpoint(InternalExecRuntime.java:172)
	at org.apache.hc.client5.http.impl.classic.ConnectExec.execute(ConnectExec.java:142)
	at org.apache.hc.client5.http.impl.classic.ExecChainElement.execute(ExecChainElement.java:51)
	at org.apache.hc.client5.http.impl.classic.ProtocolExec.execute(ProtocolExec.java:192)
	at org.apache.hc.client5.http.impl.classic.ExecChainElement.execute(ExecChainElement.java:51)
	at org.apache.hc.client5.http.impl.classic.HttpRequestRetryExec.execute(HttpRequestRetryExec.java:113)
	at org.apache.hc.client5.http.impl.classic.ExecChainElement.execute(ExecChainElement.java:51)
	at org.apache.hc.client5.http.impl.classic.ContentCompressionExec.execute(ContentCompressionExec.java:152)
	at org.apache.hc.client5.http.impl.classic.ExecChainElement.execute(ExecChainElement.java:51)
	at org.apache.hc.client5.http.impl.classic.RedirectExec.execute(RedirectExec.java:116)
	at org.apache.hc.client5.http.impl.classic.ExecChainElement.execute(ExecChainElement.java:51)
	at org.apache.hc.client5.http.impl.classic.InternalHttpClient.doExecute(InternalHttpClient.java:170)
	at org.apache.hc.client5.http.impl.classic.CloseableHttpClient.execute(CloseableHttpClient.java:87)
	at org.apache.hc.client5.http.impl.classic.CloseableHttpClient.execute(CloseableHttpClient.java:55)
	at org.apache.hc.client5.http.classic.HttpClient.executeOpen(HttpClient.java:183)
	at org.springframework.http.client.HttpComponentsClientHttpRequest.executeInternal(HttpComponentsClientHttpRequest.java:99)
	at org.springframework.http.client.AbstractStreamingClientHttpRequest.executeInternal(AbstractStreamingClientHttpRequest.java:70)
	at org.springframework.http.client.AbstractClientHttpRequest.execute(AbstractClientHttpRequest.java:66)
	at org.springframework.http.client.InterceptingClientHttpRequest$InterceptingRequestExecution.execute(InterceptingClientHttpRequest.java:112)
	at org.springframework.cloud.netflix.eureka.http.RestTemplateTransportClientFactory.lambda$restTemplate$3(RestTemplateTransportClientFactory.java:170)
	at org.springframework.http.client.InterceptingClientHttpRequest$InterceptingRequestExecution.execute(InterceptingClientHttpRequest.java:88)
	at org.springframework.http.client.InterceptingClientHttpRequest.executeInternal(InterceptingClientHttpRequest.java:72)
	at org.springframework.http.client.AbstractBufferingClientHttpRequest.executeInternal(AbstractBufferingClientHttpRequest.java:48)
	at org.springframework.http.client.AbstractClientHttpRequest.execute(AbstractClientHttpRequest.java:66)
	at org.springframework.web.client.RestTemplate.doExecute(RestTemplate.java:889)
	... 21 more

2026-03-27T12:00:43.615+05:30  WARN 36896 --- [user-service] [foReplicator-%d] c.n.d.s.t.d.RetryableEurekaHttpClient    : Request execution failed with message: I/O error on POST request for "http://127.0.0.1:8761/eureka/apps/USER-SERVICE": Connect to http://127.0.0.1:8761 [/127.0.0.1] failed: Connection refused: getsockopt
2026-03-27T12:00:43.623+05:30 DEBUG 36896 --- [user-service] [foReplicator-%d] o.s.web.client.RestTemplate              : HTTP POST http://127.0.0.1:8761/eureka/apps/USER-SERVICE
2026-03-27T12:00:43.625+05:30 DEBUG 36896 --- [user-service] [foReplicator-%d] o.s.web.client.RestTemplate              : Accept=[application/json, application/*+json]
2026-03-27T12:00:43.632+05:30 DEBUG 36896 --- [user-service] [foReplicator-%d] o.s.web.client.RestTemplate              : Writing [InstanceInfo [instanceId = localhost:user-service:7500, appName = USER-SERVICE, hostName = localhost, status = DOWN, ipAddr = 192.168.150.1, port = 7500, securePort = 443, dataCenterInfo = com.netflix.appinfo.MyDataCenterInfo@76445f60] as "application/json"
2026-03-27T12:00:43.641+05:30  INFO 36896 --- [user-service] [foReplicator-%d] c.n.d.s.t.d.RedirectingEurekaHttpClient  : Request execution error. endpoint=DefaultEndpoint{ serviceUrl='http://127.0.0.1:8761/eureka/}, exception=I/O error on POST request for "http://127.0.0.1:8761/eureka/apps/USER-SERVICE": Connect to http://127.0.0.1:8761 [/127.0.0.1] failed: Connection refused: getsockopt stacktrace=org.springframework.web.client.ResourceAccessException: I/O error on POST request for "http://127.0.0.1:8761/eureka/apps/USER-SERVICE": Connect to http://127.0.0.1:8761 [/127.0.0.1] failed: Connection refused: getsockopt
	at org.springframework.web.client.RestTemplate.createResourceAccessException(RestTemplate.java:915)
	at org.springframework.web.client.RestTemplate.doExecute(RestTemplate.java:895)
	at org.springframework.web.client.RestTemplate.execute(RestTemplate.java:790)
	at org.springframework.web.client.RestTemplate.exchange(RestTemplate.java:672)
	at org.springframework.cloud.netflix.eureka.http.RestTemplateEurekaHttpClient.register(RestTemplateEurekaHttpClient.java:77)
	at com.netflix.discovery.shared.transport.decorator.EurekaHttpClientDecorator$1.execute(EurekaHttpClientDecorator.java:59)
	at com.netflix.discovery.shared.transport.decorator.RedirectingEurekaHttpClient.executeOnNewServer(RedirectingEurekaHttpClient.java:121)
	at com.netflix.discovery.shared.transport.decorator.RedirectingEurekaHttpClient.execute(RedirectingEurekaHttpClient.java:80)
	at com.netflix.discovery.shared.transport.decorator.EurekaHttpClientDecorator.register(EurekaHttpClientDecorator.java:56)
	at com.netflix.discovery.shared.transport.decorator.EurekaHttpClientDecorator$1.execute(EurekaHttpClientDecorator.java:59)
	at com.netflix.discovery.shared.transport.decorator.RetryableEurekaHttpClient.execute(RetryableEurekaHttpClient.java:120)
	at com.netflix.discovery.shared.transport.decorator.EurekaHttpClientDecorator.register(EurekaHttpClientDecorator.java:56)
	at com.netflix.discovery.shared.transport.decorator.EurekaHttpClientDecorator$1.execute(EurekaHttpClientDecorator.java:59)
	at com.netflix.discovery.shared.transport.decorator.SessionedEurekaHttpClient.execute(SessionedEurekaHttpClient.java:76)
	at com.netflix.discovery.shared.transport.decorator.EurekaHttpClientDecorator.register(EurekaHttpClientDecorator.java:56)
	at com.netflix.discovery.DiscoveryClient.register(DiscoveryClient.java:828)
	at com.netflix.discovery.InstanceInfoReplicator.run(InstanceInfoReplicator.java:125)
	at com.netflix.discovery.InstanceInfoReplicator$2.run(InstanceInfoReplicator.java:105)
	at java.base/java.util.concurrent.Executors$RunnableAdapter.call(Executors.java:572)
	at java.base/java.util.concurrent.FutureTask.run(FutureTask.java:317)
	at java.base/java.util.concurrent.ScheduledThreadPoolExecutor$ScheduledFutureTask.run(ScheduledThreadPoolExecutor.java:304)
	at java.base/java.util.concurrent.ThreadPoolExecutor.runWorker(ThreadPoolExecutor.java:1144)
	at java.base/java.util.concurrent.ThreadPoolExecutor$Worker.run(ThreadPoolExecutor.java:642)
	at java.base/java.lang.Thread.run(Thread.java:1583)
Caused by: org.apache.hc.client5.http.HttpHostConnectException: Connect to http://127.0.0.1:8761 [/127.0.0.1] failed: Connection refused: getsockopt
	at java.base/sun.nio.ch.Net.pollConnect(Native Method)
	at java.base/sun.nio.ch.Net.pollConnectNow(Net.java:682)
	at java.base/sun.nio.ch.NioSocketImpl.timedFinishConnect(NioSocketImpl.java:542)
	at java.base/sun.nio.ch.NioSocketImpl.connect(NioSocketImpl.java:592)
	at java.base/java.net.SocksSocketImpl.connect(SocksSocketImpl.java:327)
	at java.base/java.net.Socket.connect(Socket.java:751)
	at org.apache.hc.client5.http.socket.PlainConnectionSocketFactory.lambda$connectSocket$0(PlainConnectionSocketFactory.java:91)
	at java.base/java.security.AccessController.doPrivileged(AccessController.java:571)
	at org.apache.hc.client5.http.socket.PlainConnectionSocketFactory.connectSocket(PlainConnectionSocketFactory.java:90)
	at org.apache.hc.client5.http.socket.ConnectionSocketFactory.connectSocket(ConnectionSocketFactory.java:123)
	at org.apache.hc.client5.http.impl.io.DefaultHttpClientConnectionOperator.connect(DefaultHttpClientConnectionOperator.java:189)
	at org.apache.hc.client5.http.impl.io.PoolingHttpClientConnectionManager.connect(PoolingHttpClientConnectionManager.java:450)
	at org.apache.hc.client5.http.impl.classic.InternalExecRuntime.connectEndpoint(InternalExecRuntime.java:162)
	at org.apache.hc.client5.http.impl.classic.InternalExecRuntime.connectEndpoint(InternalExecRuntime.java:172)
	at org.apache.hc.client5.http.impl.classic.ConnectExec.execute(ConnectExec.java:142)
	at org.apache.hc.client5.http.impl.classic.ExecChainElement.execute(ExecChainElement.java:51)
	at org.apache.hc.client5.http.impl.classic.ProtocolExec.execute(ProtocolExec.java:192)
	at org.apache.hc.client5.http.impl.classic.ExecChainElement.execute(ExecChainElement.java:51)
	at org.apache.hc.client5.http.impl.classic.HttpRequestRetryExec.execute(HttpRequestRetryExec.java:113)
	at org.apache.hc.client5.http.impl.classic.ExecChainElement.execute(ExecChainElement.java:51)
	at org.apache.hc.client5.http.impl.classic.ContentCompressionExec.execute(ContentCompressionExec.java:152)
	at org.apache.hc.client5.http.impl.classic.ExecChainElement.execute(ExecChainElement.java:51)
	at org.apache.hc.client5.http.impl.classic.RedirectExec.execute(RedirectExec.java:116)
	at org.apache.hc.client5.http.impl.classic.ExecChainElement.execute(ExecChainElement.java:51)
	at org.apache.hc.client5.http.impl.classic.InternalHttpClient.doExecute(InternalHttpClient.java:170)
	at org.apache.hc.client5.http.impl.classic.CloseableHttpClient.execute(CloseableHttpClient.java:87)
	at org.apache.hc.client5.http.impl.classic.CloseableHttpClient.execute(CloseableHttpClient.java:55)
	at org.apache.hc.client5.http.classic.HttpClient.executeOpen(HttpClient.java:183)
	at org.springframework.http.client.HttpComponentsClientHttpRequest.executeInternal(HttpComponentsClientHttpRequest.java:99)
	at org.springframework.http.client.AbstractStreamingClientHttpRequest.executeInternal(AbstractStreamingClientHttpRequest.java:70)
	at org.springframework.http.client.AbstractClientHttpRequest.execute(AbstractClientHttpRequest.java:66)
	at org.springframework.http.client.InterceptingClientHttpRequest$InterceptingRequestExecution.execute(InterceptingClientHttpRequest.java:112)
	at org.springframework.cloud.netflix.eureka.http.RestTemplateTransportClientFactory.lambda$restTemplate$3(RestTemplateTransportClientFactory.java:170)
	at org.springframework.http.client.InterceptingClientHttpRequest$InterceptingRequestExecution.execute(InterceptingClientHttpRequest.java:88)
	at org.springframework.http.client.InterceptingClientHttpRequest.executeInternal(InterceptingClientHttpRequest.java:72)
	at org.springframework.http.client.AbstractBufferingClientHttpRequest.executeInternal(AbstractBufferingClientHttpRequest.java:48)
	at org.springframework.http.client.AbstractClientHttpRequest.execute(AbstractClientHttpRequest.java:66)
	at org.springframework.web.client.RestTemplate.doExecute(RestTemplate.java:889)
	... 22 more

2026-03-27T12:00:43.644+05:30  WARN 36896 --- [user-service] [foReplicator-%d] c.n.d.s.t.d.RetryableEurekaHttpClient    : Request execution failed with message: I/O error on POST request for "http://127.0.0.1:8761/eureka/apps/USER-SERVICE": Connect to http://127.0.0.1:8761 [/127.0.0.1] failed: Connection refused: getsockopt
2026-03-27T12:00:43.645+05:30  WARN 36896 --- [user-service] [foReplicator-%d] com.netflix.discovery.DiscoveryClient    : DiscoveryClient_USER-SERVICE/localhost:user-service:7500 - registration failed Cannot execute request on any known server

com.netflix.discovery.shared.transport.TransportException: Cannot execute request on any known server
	at com.netflix.discovery.shared.transport.decorator.RetryableEurekaHttpClient.execute(RetryableEurekaHttpClient.java:112) ~[eureka-client-2.0.3.jar:2.0.3]
	at com.netflix.discovery.shared.transport.decorator.EurekaHttpClientDecorator.register(EurekaHttpClientDecorator.java:56) ~[eureka-client-2.0.3.jar:2.0.3]
	at com.netflix.discovery.shared.transport.decorator.EurekaHttpClientDecorator$1.execute(EurekaHttpClientDecorator.java:59) ~[eureka-client-2.0.3.jar:2.0.3]
	at com.netflix.discovery.shared.transport.decorator.SessionedEurekaHttpClient.execute(SessionedEurekaHttpClient.java:76) ~[eureka-client-2.0.3.jar:2.0.3]
	at com.netflix.discovery.shared.transport.decorator.EurekaHttpClientDecorator.register(EurekaHttpClientDecorator.java:56) ~[eureka-client-2.0.3.jar:2.0.3]
	at com.netflix.discovery.DiscoveryClient.register(DiscoveryClient.java:828) ~[eureka-client-2.0.3.jar:2.0.3]
	at com.netflix.discovery.InstanceInfoReplicator.run(InstanceInfoReplicator.java:125) ~[eureka-client-2.0.3.jar:2.0.3]
	at com.netflix.discovery.InstanceInfoReplicator$2.run(InstanceInfoReplicator.java:105) ~[eureka-client-2.0.3.jar:2.0.3]
	at java.base/java.util.concurrent.Executors$RunnableAdapter.call(Executors.java:572) ~[na:na]
	at java.base/java.util.concurrent.FutureTask.run(FutureTask.java:317) ~[na:na]
	at java.base/java.util.concurrent.ScheduledThreadPoolExecutor$ScheduledFutureTask.run(ScheduledThreadPoolExecutor.java:304) ~[na:na]
	at java.base/java.util.concurrent.ThreadPoolExecutor.runWorker(ThreadPoolExecutor.java:1144) ~[na:na]
	at java.base/java.util.concurrent.ThreadPoolExecutor$Worker.run(ThreadPoolExecutor.java:642) ~[na:na]
	at java.base/java.lang.Thread.run(Thread.java:1583) ~[na:na]

2026-03-27T12:00:43.652+05:30  WARN 36896 --- [user-service] [foReplicator-%d] c.n.discovery.InstanceInfoReplicator     : There was a problem with the instance info replicator

com.netflix.discovery.shared.transport.TransportException: Cannot execute request on any known server
	at com.netflix.discovery.shared.transport.decorator.RetryableEurekaHttpClient.execute(RetryableEurekaHttpClient.java:112) ~[eureka-client-2.0.3.jar:2.0.3]
	at com.netflix.discovery.shared.transport.decorator.EurekaHttpClientDecorator.register(EurekaHttpClientDecorator.java:56) ~[eureka-client-2.0.3.jar:2.0.3]
	at com.netflix.discovery.shared.transport.decorator.EurekaHttpClientDecorator$1.execute(EurekaHttpClientDecorator.java:59) ~[eureka-client-2.0.3.jar:2.0.3]
	at com.netflix.discovery.shared.transport.decorator.SessionedEurekaHttpClient.execute(SessionedEurekaHttpClient.java:76) ~[eureka-client-2.0.3.jar:2.0.3]
	at com.netflix.discovery.shared.transport.decorator.EurekaHttpClientDecorator.register(EurekaHttpClientDecorator.java:56) ~[eureka-client-2.0.3.jar:2.0.3]
	at com.netflix.discovery.DiscoveryClient.register(DiscoveryClient.java:828) ~[eureka-client-2.0.3.jar:2.0.3]
	at com.netflix.discovery.InstanceInfoReplicator.run(InstanceInfoReplicator.java:125) ~[eureka-client-2.0.3.jar:2.0.3]
	at com.netflix.discovery.InstanceInfoReplicator$2.run(InstanceInfoReplicator.java:105) ~[eureka-client-2.0.3.jar:2.0.3]
	at java.base/java.util.concurrent.Executors$RunnableAdapter.call(Executors.java:572) ~[na:na]
	at java.base/java.util.concurrent.FutureTask.run(FutureTask.java:317) ~[na:na]
	at java.base/java.util.concurrent.ScheduledThreadPoolExecutor$ScheduledFutureTask.run(ScheduledThreadPoolExecutor.java:304) ~[na:na]
	at java.base/java.util.concurrent.ThreadPoolExecutor.runWorker(ThreadPoolExecutor.java:1144) ~[na:na]
	at java.base/java.util.concurrent.ThreadPoolExecutor$Worker.run(ThreadPoolExecutor.java:642) ~[na:na]
	at java.base/java.lang.Thread.run(Thread.java:1583) ~[na:na]

2026-03-27T12:00:43.731+05:30  INFO 36896 --- [user-service] [ionShutdownHook] j.LocalContainerEntityManagerFactoryBean : Closing JPA EntityManagerFactory for persistence unit 'default'
2026-03-27T12:00:43.762+05:30  INFO 36896 --- [user-service] [ionShutdownHook] com.zaxxer.hikari.HikariDataSource       : HikariPool-1 - Shutdown initiated...
2026-03-27T12:00:43.778+05:30  INFO 36896 --- [user-service] [ionShutdownHook] com.zaxxer.hikari.HikariDataSource       : HikariPool-1 - Shutdown completed.
2026-03-27T12:00:43.780+05:30  INFO 36896 --- [user-service] [ionShutdownHook] com.netflix.discovery.DiscoveryClient    : Shutting down DiscoveryClient ...
2026-03-27T12:00:46.785+05:30  INFO 36896 --- [user-service] [ionShutdownHook] com.netflix.discovery.DiscoveryClient    : Unregistering ...
2026-03-27T12:00:46.787+05:30 DEBUG 36896 --- [user-service] [ionShutdownHook] c.n.d.s.t.d.RetryableEurekaHttpClient    : Clearing quarantined list of size 1
2026-03-27T12:00:46.795+05:30 DEBUG 36896 --- [user-service] [ionShutdownHook] o.s.web.client.RestTemplate              : HTTP DELETE http://127.0.0.1:8761/eureka/apps/USER-SERVICE/localhost:user-service:7500
2026-03-27T12:00:46.796+05:30 DEBUG 36896 --- [user-service] [ionShutdownHook] o.s.web.client.RestTemplate              : Accept=[application/json, application/*+json]
2026-03-27T12:00:46.817+05:30  INFO 36896 --- [user-service] [ionShutdownHook] c.n.d.s.t.d.RedirectingEurekaHttpClient  : Request execution error. endpoint=DefaultEndpoint{ serviceUrl='http://127.0.0.1:8761/eureka/}, exception=I/O error on DELETE request for "http://127.0.0.1:8761/eureka/apps/USER-SERVICE/localhost:user-service:7500": Connect to http://127.0.0.1:8761 [/127.0.0.1] failed: Connection refused: getsockopt stacktrace=org.springframework.web.client.ResourceAccessException: I/O error on DELETE request for "http://127.0.0.1:8761/eureka/apps/USER-SERVICE/localhost:user-service:7500": Connect to http://127.0.0.1:8761 [/127.0.0.1] failed: Connection refused: getsockopt
	at org.springframework.web.client.RestTemplate.createResourceAccessException(RestTemplate.java:915)
	at org.springframework.web.client.RestTemplate.doExecute(RestTemplate.java:895)
	at org.springframework.web.client.RestTemplate.execute(RestTemplate.java:790)
	at org.springframework.web.client.RestTemplate.exchange(RestTemplate.java:672)
	at org.springframework.cloud.netflix.eureka.http.RestTemplateEurekaHttpClient.cancel(RestTemplateEurekaHttpClient.java:87)
	at com.netflix.discovery.shared.transport.decorator.EurekaHttpClientDecorator$2.execute(EurekaHttpClientDecorator.java:74)
	at com.netflix.discovery.shared.transport.decorator.RedirectingEurekaHttpClient.executeOnNewServer(RedirectingEurekaHttpClient.java:121)
	at com.netflix.discovery.shared.transport.decorator.RedirectingEurekaHttpClient.execute(RedirectingEurekaHttpClient.java:80)
	at com.netflix.discovery.shared.transport.decorator.EurekaHttpClientDecorator.cancel(EurekaHttpClientDecorator.java:71)
	at com.netflix.discovery.shared.transport.decorator.EurekaHttpClientDecorator$2.execute(EurekaHttpClientDecorator.java:74)
	at com.netflix.discovery.shared.transport.decorator.RetryableEurekaHttpClient.execute(RetryableEurekaHttpClient.java:120)
	at com.netflix.discovery.shared.transport.decorator.EurekaHttpClientDecorator.cancel(EurekaHttpClientDecorator.java:71)
	at com.netflix.discovery.shared.transport.decorator.EurekaHttpClientDecorator$2.execute(EurekaHttpClientDecorator.java:74)
	at com.netflix.discovery.shared.transport.decorator.SessionedEurekaHttpClient.execute(SessionedEurekaHttpClient.java:76)
	at com.netflix.discovery.shared.transport.decorator.EurekaHttpClientDecorator.cancel(EurekaHttpClientDecorator.java:71)
	at com.netflix.discovery.DiscoveryClient.unregister(DiscoveryClient.java:919)
	at com.netflix.discovery.DiscoveryClient.shutdown(DiscoveryClient.java:900)
	at java.base/jdk.internal.reflect.DirectMethodHandleAccessor.invoke(DirectMethodHandleAccessor.java:103)
	at java.base/java.lang.reflect.Method.invoke(Method.java:580)
	at org.springframework.beans.factory.annotation.InitDestroyAnnotationBeanPostProcessor$LifecycleMethod.invoke(InitDestroyAnnotationBeanPostProcessor.java:457)
	at org.springframework.beans.factory.annotation.InitDestroyAnnotationBeanPostProcessor$LifecycleMetadata.invokeDestroyMethods(InitDestroyAnnotationBeanPostProcessor.java:415)
	at org.springframework.beans.factory.annotation.InitDestroyAnnotationBeanPostProcessor.postProcessBeforeDestruction(InitDestroyAnnotationBeanPostProcessor.java:239)
	at org.springframework.beans.factory.support.DisposableBeanAdapter.destroy(DisposableBeanAdapter.java:202)
	at org.springframework.beans.factory.support.DisposableBeanAdapter.run(DisposableBeanAdapter.java:195)
	at org.springframework.cloud.context.scope.GenericScope$BeanLifecycleWrapper.destroy(GenericScope.java:389)
	at org.springframework.cloud.context.scope.GenericScope.destroy(GenericScope.java:136)
	at org.springframework.beans.factory.support.DisposableBeanAdapter.destroy(DisposableBeanAdapter.java:211)
	at org.springframework.beans.factory.support.DefaultSingletonBeanRegistry.destroyBean(DefaultSingletonBeanRegistry.java:587)
	at org.springframework.beans.factory.support.DefaultSingletonBeanRegistry.destroySingleton(DefaultSingletonBeanRegistry.java:559)
	at org.springframework.beans.factory.support.DefaultListableBeanFactory.destroySingleton(DefaultListableBeanFactory.java:1202)
	at org.springframework.beans.factory.support.DefaultSingletonBeanRegistry.destroySingletons(DefaultSingletonBeanRegistry.java:520)
	at org.springframework.beans.factory.support.DefaultListableBeanFactory.destroySingletons(DefaultListableBeanFactory.java:1195)
	at org.springframework.context.support.AbstractApplicationContext.destroyBeans(AbstractApplicationContext.java:1195)
	at org.springframework.context.support.AbstractApplicationContext.doClose(AbstractApplicationContext.java:1156)
	at org.springframework.boot.web.servlet.context.ServletWebServerApplicationContext.doClose(ServletWebServerApplicationContext.java:174)
	at org.springframework.context.support.AbstractApplicationContext.close(AbstractApplicationContext.java:1102)
	at org.springframework.boot.SpringApplicationShutdownHook.closeAndWait(SpringApplicationShutdownHook.java:145)
	at java.base/java.lang.Iterable.forEach(Iterable.java:75)
	at org.springframework.boot.SpringApplicationShutdownHook.run(SpringApplicationShutdownHook.java:114)
	at java.base/java.lang.Thread.run(Thread.java:1583)
Caused by: org.apache.hc.client5.http.HttpHostConnectException: Connect to http://127.0.0.1:8761 [/127.0.0.1] failed: Connection refused: getsockopt
	at java.base/sun.nio.ch.Net.pollConnect(Native Method)
	at java.base/sun.nio.ch.Net.pollConnectNow(Net.java:682)
	at java.base/sun.nio.ch.NioSocketImpl.timedFinishConnect(NioSocketImpl.java:542)
	at java.base/sun.nio.ch.NioSocketImpl.connect(NioSocketImpl.java:592)
	at java.base/java.net.SocksSocketImpl.connect(SocksSocketImpl.java:327)
	at java.base/java.net.Socket.connect(Socket.java:751)
	at org.apache.hc.client5.http.socket.PlainConnectionSocketFactory.lambda$connectSocket$0(PlainConnectionSocketFactory.java:91)
	at java.base/java.security.AccessController.doPrivileged(AccessController.java:571)
	at org.apache.hc.client5.http.socket.PlainConnectionSocketFactory.connectSocket(PlainConnectionSocketFactory.java:90)
	at org.apache.hc.client5.http.socket.ConnectionSocketFactory.connectSocket(ConnectionSocketFactory.java:123)
	at org.apache.hc.client5.http.impl.io.DefaultHttpClientConnectionOperator.connect(DefaultHttpClientConnectionOperator.java:189)
	at org.apache.hc.client5.http.impl.io.PoolingHttpClientConnectionManager.connect(PoolingHttpClientConnectionManager.java:450)
	at org.apache.hc.client5.http.impl.classic.InternalExecRuntime.connectEndpoint(InternalExecRuntime.java:162)
	at org.apache.hc.client5.http.impl.classic.InternalExecRuntime.connectEndpoint(InternalExecRuntime.java:172)
	at org.apache.hc.client5.http.impl.classic.ConnectExec.execute(ConnectExec.java:142)
	at org.apache.hc.client5.http.impl.classic.ExecChainElement.execute(ExecChainElement.java:51)
	at org.apache.hc.client5.http.impl.classic.ProtocolExec.execute(ProtocolExec.java:192)
	at org.apache.hc.client5.http.impl.classic.ExecChainElement.execute(ExecChainElement.java:51)
	at org.apache.hc.client5.http.impl.classic.HttpRequestRetryExec.execute(HttpRequestRetryExec.java:113)
	at org.apache.hc.client5.http.impl.classic.ExecChainElement.execute(ExecChainElement.java:51)
	at org.apache.hc.client5.http.impl.classic.ContentCompressionExec.execute(ContentCompressionExec.java:152)
	at org.apache.hc.client5.http.impl.classic.ExecChainElement.execute(ExecChainElement.java:51)
	at org.apache.hc.client5.http.impl.classic.RedirectExec.execute(RedirectExec.java:116)
	at org.apache.hc.client5.http.impl.classic.ExecChainElement.execute(ExecChainElement.java:51)
	at org.apache.hc.client5.http.impl.classic.InternalHttpClient.doExecute(InternalHttpClient.java:170)
	at org.apache.hc.client5.http.impl.classic.CloseableHttpClient.execute(CloseableHttpClient.java:87)
	at org.apache.hc.client5.http.impl.classic.CloseableHttpClient.execute(CloseableHttpClient.java:55)
	at org.apache.hc.client5.http.classic.HttpClient.executeOpen(HttpClient.java:183)
	at org.springframework.http.client.HttpComponentsClientHttpRequest.executeInternal(HttpComponentsClientHttpRequest.java:99)
	at org.springframework.http.client.AbstractStreamingClientHttpRequest.executeInternal(AbstractStreamingClientHttpRequest.java:70)
	at org.springframework.http.client.AbstractClientHttpRequest.execute(AbstractClientHttpRequest.java:66)
	at org.springframework.http.client.InterceptingClientHttpRequest$InterceptingRequestExecution.execute(InterceptingClientHttpRequest.java:112)
	at org.springframework.cloud.netflix.eureka.http.RestTemplateTransportClientFactory.lambda$restTemplate$3(RestTemplateTransportClientFactory.java:170)
	at org.springframework.http.client.InterceptingClientHttpRequest$InterceptingRequestExecution.execute(InterceptingClientHttpRequest.java:88)
	at org.springframework.http.client.InterceptingClientHttpRequest.executeInternal(InterceptingClientHttpRequest.java:72)
	at org.springframework.http.client.AbstractBufferingClientHttpRequest.executeInternal(AbstractBufferingClientHttpRequest.java:48)
	at org.springframework.http.client.AbstractClientHttpRequest.execute(AbstractClientHttpRequest.java:66)
	at org.springframework.web.client.RestTemplate.doExecute(RestTemplate.java:889)
	... 38 more

2026-03-27T12:00:46.818+05:30  WARN 36896 --- [user-service] [ionShutdownHook] c.n.d.s.t.d.RetryableEurekaHttpClient    : Request execution failed with message: I/O error on DELETE request for "http://127.0.0.1:8761/eureka/apps/USER-SERVICE/localhost:user-service:7500": Connect to http://127.0.0.1:8761 [/127.0.0.1] failed: Connection refused: getsockopt
2026-03-27T12:00:46.819+05:30 ERROR 36896 --- [user-service] [ionShutdownHook] com.netflix.discovery.DiscoveryClient    : DiscoveryClient_USER-SERVICE/localhost:user-service:7500 - de-registration failedCannot execute request on any known server

com.netflix.discovery.shared.transport.TransportException: Cannot execute request on any known server
	at com.netflix.discovery.shared.transport.decorator.RetryableEurekaHttpClient.execute(RetryableEurekaHttpClient.java:112) ~[eureka-client-2.0.3.jar:2.0.3]
	at com.netflix.discovery.shared.transport.decorator.EurekaHttpClientDecorator.cancel(EurekaHttpClientDecorator.java:71) ~[eureka-client-2.0.3.jar:2.0.3]
	at com.netflix.discovery.shared.transport.decorator.EurekaHttpClientDecorator$2.execute(EurekaHttpClientDecorator.java:74) ~[eureka-client-2.0.3.jar:2.0.3]
	at com.netflix.discovery.shared.transport.decorator.SessionedEurekaHttpClient.execute(SessionedEurekaHttpClient.java:76) ~[eureka-client-2.0.3.jar:2.0.3]
	at com.netflix.discovery.shared.transport.decorator.EurekaHttpClientDecorator.cancel(EurekaHttpClientDecorator.java:71) ~[eureka-client-2.0.3.jar:2.0.3]
	at com.netflix.discovery.DiscoveryClient.unregister(DiscoveryClient.java:919) ~[eureka-client-2.0.3.jar:2.0.3]
	at com.netflix.discovery.DiscoveryClient.shutdown(DiscoveryClient.java:900) ~[eureka-client-2.0.3.jar:2.0.3]
	at java.base/jdk.internal.reflect.DirectMethodHandleAccessor.invoke(DirectMethodHandleAccessor.java:103) ~[na:na]
	at java.base/java.lang.reflect.Method.invoke(Method.java:580) ~[na:na]
	at org.springframework.beans.factory.annotation.InitDestroyAnnotationBeanPostProcessor$LifecycleMethod.invoke(InitDestroyAnnotationBeanPostProcessor.java:457) ~[spring-beans-6.1.14.jar:6.1.14]
	at org.springframework.beans.factory.annotation.InitDestroyAnnotationBeanPostProcessor$LifecycleMetadata.invokeDestroyMethods(InitDestroyAnnotationBeanPostProcessor.java:415) ~[spring-beans-6.1.14.jar:6.1.14]
	at org.springframework.beans.factory.annotation.InitDestroyAnnotationBeanPostProcessor.postProcessBeforeDestruction(InitDestroyAnnotationBeanPostProcessor.java:239) ~[spring-beans-6.1.14.jar:6.1.14]
	at org.springframework.beans.factory.support.DisposableBeanAdapter.destroy(DisposableBeanAdapter.java:202) ~[spring-beans-6.1.14.jar:6.1.14]
	at org.springframework.beans.factory.support.DisposableBeanAdapter.run(DisposableBeanAdapter.java:195) ~[spring-beans-6.1.14.jar:6.1.14]
	at org.springframework.cloud.context.scope.GenericScope$BeanLifecycleWrapper.destroy(GenericScope.java:389) ~[spring-cloud-context-4.1.4.jar:4.1.4]
	at org.springframework.cloud.context.scope.GenericScope.destroy(GenericScope.java:136) ~[spring-cloud-context-4.1.4.jar:4.1.4]
	at org.springframework.beans.factory.support.DisposableBeanAdapter.destroy(DisposableBeanAdapter.java:211) ~[spring-beans-6.1.14.jar:6.1.14]
	at org.springframework.beans.factory.support.DefaultSingletonBeanRegistry.destroyBean(DefaultSingletonBeanRegistry.java:587) ~[spring-beans-6.1.14.jar:6.1.14]
	at org.springframework.beans.factory.support.DefaultSingletonBeanRegistry.destroySingleton(DefaultSingletonBeanRegistry.java:559) ~[spring-beans-6.1.14.jar:6.1.14]
	at org.springframework.beans.factory.support.DefaultListableBeanFactory.destroySingleton(DefaultListableBeanFactory.java:1202) ~[spring-beans-6.1.14.jar:6.1.14]
	at org.springframework.beans.factory.support.DefaultSingletonBeanRegistry.destroySingletons(DefaultSingletonBeanRegistry.java:520) ~[spring-beans-6.1.14.jar:6.1.14]
	at org.springframework.beans.factory.support.DefaultListableBeanFactory.destroySingletons(DefaultListableBeanFactory.java:1195) ~[spring-beans-6.1.14.jar:6.1.14]
	at org.springframework.context.support.AbstractApplicationContext.destroyBeans(AbstractApplicationContext.java:1195) ~[spring-context-6.1.14.jar:6.1.14]
	at org.springframework.context.support.AbstractApplicationContext.doClose(AbstractApplicationContext.java:1156) ~[spring-context-6.1.14.jar:6.1.14]
	at org.springframework.boot.web.servlet.context.ServletWebServerApplicationContext.doClose(ServletWebServerApplicationContext.java:174) ~[spring-boot-3.3.5.jar:3.3.5]
	at org.springframework.context.support.AbstractApplicationContext.close(AbstractApplicationContext.java:1102) ~[spring-context-6.1.14.jar:6.1.14]
	at org.springframework.boot.SpringApplicationShutdownHook.closeAndWait(SpringApplicationShutdownHook.java:145) ~[spring-boot-3.3.5.jar:3.3.5]
	at java.base/java.lang.Iterable.forEach(Iterable.java:75) ~[na:na]
	at org.springframework.boot.SpringApplicationShutdownHook.run(SpringApplicationShutdownHook.java:114) ~[spring-boot-3.3.5.jar:3.3.5]
	at java.base/java.lang.Thread.run(Thread.java:1583) ~[na:na]

2026-03-27T12:00:46.822+05:30  INFO 36896 --- [user-service] [ionShutdownHook] com.netflix.discovery.DiscoveryClient    : Completed shut down of DiscoveryClient
[INFO] ------------------------------------------------------------------------
[INFO] BUILD SUCCESS
[INFO] ------------------------------------------------------------------------
[INFO] Total time:  40:40 min
[INFO] Finished at: 2026-03-27T12:00:46+05:30
[INFO] ------------------------------------------------------------------------
Terminate batch job (Y/N)? 