2026-03-26T22:58:31.640+05:30  INFO 40632 --- [Config-Servier] [main] com.admin.ConfigServierApplication       : Starting ConfigServierApplication using Java 21.0.6 with PID 40632 (C:\Users\Asus\Desktop\Payment-wallet\Config-Servier\target\classes started by Asus in C:\Users\Asus\Desktop\Payment-wallet\Config-Servier)
2026-03-26T22:58:31.642+05:30  INFO 40632 --- [Config-Servier] [main] com.admin.ConfigServierApplication       : No active profile set, falling back to 1 default profile: "default"
2026-03-26T22:58:32.880+05:30  INFO 40632 --- [Config-Servier] [main] o.s.cloud.context.scope.GenericScope     : BeanFactory id=8ca94eee-2462-3b0f-b41b-c507f67b9086
2026-03-26T22:58:33.190+05:30  INFO 40632 --- [Config-Servier] [main] o.s.b.w.embedded.tomcat.TomcatWebServer  : Tomcat initialized with port 7505 (http)
2026-03-26T22:58:33.205+05:30  INFO 40632 --- [Config-Servier] [main] o.apache.catalina.core.StandardService   : Starting service [Tomcat]
2026-03-26T22:58:33.207+05:30  INFO 40632 --- [Config-Servier] [main] o.apache.catalina.core.StandardEngine    : Starting Servlet engine: [Apache Tomcat/10.1.31]
2026-03-26T22:58:33.271+05:30  INFO 40632 --- [Config-Servier] [main] o.a.c.c.C.[Tomcat].[localhost].[/]       : Initializing Spring embedded WebApplicationContext
2026-03-26T22:58:33.272+05:30  INFO 40632 --- [Config-Servier] [main] w.s.c.ServletWebServerApplicationContext : Root WebApplicationContext: initialization completed in 1579 ms
2026-03-26T22:58:37.829+05:30  INFO 40632 --- [Config-Servier] [main] o.s.cloud.commons.util.InetUtils         : Cannot determine local hostname
2026-03-26T22:58:37.920+05:30  INFO 40632 --- [Config-Servier] [main] o.s.b.a.e.web.EndpointLinksResolver      : Exposing 3 endpoints beneath base path '/actuator'
2026-03-26T22:58:37.968+05:30  WARN 40632 --- [Config-Servier] [main] ConfigServletWebServerApplicationContext : Exception encountered during context initialization - cancelling refresh attempt: org.springframework.context.ApplicationContextException: Failed to start bean 'webServerStartStop'
2026-03-26T22:58:37.986+05:30  INFO 40632 --- [Config-Servier] [main] .s.b.a.l.ConditionEvaluationReportLogger : 

Error starting ApplicationContext. To display the condition evaluation report re-run your application with 'debug' enabled.
2026-03-26T22:58:38.002+05:30 ERROR 40632 --- [Config-Servier] [main] o.s.b.d.LoggingFailureAnalysisReporter   : 

***************************
APPLICATION FAILED TO START
***************************

Description:

Web server failed to start. Port 7505 was already in use.

Action:

Identify and stop the process that's listening on port 7505 or configure this application to listen on another port.

2026-03-26T23:03:59.629+05:30  INFO 28972 --- [Config-Servier] [main] com.admin.ConfigServierApplication       : Starting ConfigServierApplication using Java 21.0.6 with PID 28972 (C:\Users\Asus\Desktop\Payment-wallet\Config-Servier\target\classes started by Asus in C:\Users\Asus\Desktop\Payment-wallet\Config-Servier)
2026-03-26T23:03:59.632+05:30  INFO 28972 --- [Config-Servier] [main] com.admin.ConfigServierApplication       : No active profile set, falling back to 1 default profile: "default"
2026-03-26T23:04:00.692+05:30  INFO 28972 --- [Config-Servier] [main] o.s.cloud.context.scope.GenericScope     : BeanFactory id=8ca94eee-2462-3b0f-b41b-c507f67b9086
2026-03-26T23:04:01.030+05:30  INFO 28972 --- [Config-Servier] [main] o.s.b.w.embedded.tomcat.TomcatWebServer  : Tomcat initialized with port 7505 (http)
2026-03-26T23:04:01.053+05:30  INFO 28972 --- [Config-Servier] [main] o.apache.catalina.core.StandardService   : Starting service [Tomcat]
2026-03-26T23:04:01.054+05:30  INFO 28972 --- [Config-Servier] [main] o.apache.catalina.core.StandardEngine    : Starting Servlet engine: [Apache Tomcat/10.1.31]
2026-03-26T23:04:01.129+05:30  INFO 28972 --- [Config-Servier] [main] o.a.c.c.C.[Tomcat].[localhost].[/]       : Initializing Spring embedded WebApplicationContext
2026-03-26T23:04:01.130+05:30  INFO 28972 --- [Config-Servier] [main] w.s.c.ServletWebServerApplicationContext : Root WebApplicationContext: initialization completed in 1445 ms
2026-03-26T23:04:05.192+05:30  INFO 28972 --- [Config-Servier] [main] o.s.cloud.commons.util.InetUtils         : Cannot determine local hostname
2026-03-26T23:04:05.247+05:30  INFO 28972 --- [Config-Servier] [main] o.s.b.a.e.web.EndpointLinksResolver      : Exposing 3 endpoints beneath base path '/actuator'
2026-03-26T23:04:05.298+05:30  WARN 28972 --- [Config-Servier] [main] ConfigServletWebServerApplicationContext : Exception encountered during context initialization - cancelling refresh attempt: org.springframework.context.ApplicationContextException: Failed to start bean 'webServerStartStop'
2026-03-26T23:04:05.318+05:30  INFO 28972 --- [Config-Servier] [main] .s.b.a.l.ConditionEvaluationReportLogger : 

Error starting ApplicationContext. To display the condition evaluation report re-run your application with 'debug' enabled.
2026-03-26T23:04:05.335+05:30 ERROR 28972 --- [Config-Servier] [main] o.s.b.d.LoggingFailureAnalysisReporter   : 

***************************
APPLICATION FAILED TO START
***************************

Description:

Web server failed to start. Port 7505 was already in use.

Action:

Identify and stop the process that's listening on port 7505 or configure this application to listen on another port.

2026-03-26T23:07:20.749+05:30  INFO 30496 --- [Config-Servier] [main] com.admin.ConfigServierApplication       : Starting ConfigServierApplication using Java 21.0.6 with PID 30496 (C:\Users\Asus\Desktop\Payment-wallet\Config-Servier\target\classes started by Asus in C:\Users\Asus\Desktop\Payment-wallet\Config-Servier)
2026-03-26T23:07:20.752+05:30  INFO 30496 --- [Config-Servier] [main] com.admin.ConfigServierApplication       : No active profile set, falling back to 1 default profile: "default"
2026-03-26T23:07:21.860+05:30  INFO 30496 --- [Config-Servier] [main] o.s.cloud.context.scope.GenericScope     : BeanFactory id=8ca94eee-2462-3b0f-b41b-c507f67b9086
2026-03-26T23:07:22.206+05:30  INFO 30496 --- [Config-Servier] [main] o.s.b.w.embedded.tomcat.TomcatWebServer  : Tomcat initialized with port 7505 (http)
2026-03-26T23:07:22.222+05:30  INFO 30496 --- [Config-Servier] [main] o.apache.catalina.core.StandardService   : Starting service [Tomcat]
2026-03-26T23:07:22.222+05:30  INFO 30496 --- [Config-Servier] [main] o.apache.catalina.core.StandardEngine    : Starting Servlet engine: [Apache Tomcat/10.1.31]
2026-03-26T23:07:22.293+05:30  INFO 30496 --- [Config-Servier] [main] o.a.c.c.C.[Tomcat].[localhost].[/]       : Initializing Spring embedded WebApplicationContext
2026-03-26T23:07:22.293+05:30  INFO 30496 --- [Config-Servier] [main] w.s.c.ServletWebServerApplicationContext : Root WebApplicationContext: initialization completed in 1485 ms
2026-03-26T23:07:26.663+05:30  INFO 30496 --- [Config-Servier] [main] o.s.cloud.commons.util.InetUtils         : Cannot determine local hostname
2026-03-26T23:07:26.741+05:30  INFO 30496 --- [Config-Servier] [main] o.s.b.a.e.web.EndpointLinksResolver      : Exposing 3 endpoints beneath base path '/actuator'
2026-03-26T23:07:26.796+05:30  WARN 30496 --- [Config-Servier] [main] ConfigServletWebServerApplicationContext : Exception encountered during context initialization - cancelling refresh attempt: org.springframework.context.ApplicationContextException: Failed to start bean 'webServerStartStop'
2026-03-26T23:07:26.818+05:30  INFO 30496 --- [Config-Servier] [main] .s.b.a.l.ConditionEvaluationReportLogger : 

Error starting ApplicationContext. To display the condition evaluation report re-run your application with 'debug' enabled.
2026-03-26T23:07:26.836+05:30 ERROR 30496 --- [Config-Servier] [main] o.s.b.d.LoggingFailureAnalysisReporter   : 

***************************
APPLICATION FAILED TO START
***************************

Description:

Web server failed to start. Port 7505 was already in use.

Action:

Identify and stop the process that's listening on port 7505 or configure this application to listen on another port.

2026-03-26T23:15:18.480+05:30  INFO 40800 --- [Config-Servier] [main] com.admin.ConfigServierApplication       : Starting ConfigServierApplication using Java 21.0.6 with PID 40800 (C:\Users\Asus\Desktop\Payment-wallet\Config-Servier\target\classes started by Asus in C:\Users\Asus\Desktop\Payment-wallet\Config-Servier)
2026-03-26T23:15:18.482+05:30  INFO 40800 --- [Config-Servier] [main] com.admin.ConfigServierApplication       : No active profile set, falling back to 1 default profile: "default"
2026-03-26T23:15:19.393+05:30  INFO 40800 --- [Config-Servier] [main] o.s.cloud.context.scope.GenericScope     : BeanFactory id=8ca94eee-2462-3b0f-b41b-c507f67b9086
2026-03-26T23:15:19.675+05:30  INFO 40800 --- [Config-Servier] [main] o.s.b.w.embedded.tomcat.TomcatWebServer  : Tomcat initialized with port 7506 (http)
2026-03-26T23:15:19.688+05:30  INFO 40800 --- [Config-Servier] [main] o.apache.catalina.core.StandardService   : Starting service [Tomcat]
2026-03-26T23:15:19.689+05:30  INFO 40800 --- [Config-Servier] [main] o.apache.catalina.core.StandardEngine    : Starting Servlet engine: [Apache Tomcat/10.1.31]
2026-03-26T23:15:19.756+05:30  INFO 40800 --- [Config-Servier] [main] o.a.c.c.C.[Tomcat].[localhost].[/]       : Initializing Spring embedded WebApplicationContext
2026-03-26T23:15:19.757+05:30  INFO 40800 --- [Config-Servier] [main] w.s.c.ServletWebServerApplicationContext : Root WebApplicationContext: initialization completed in 1225 ms
2026-03-26T23:15:23.782+05:30  INFO 40800 --- [Config-Servier] [main] o.s.cloud.commons.util.InetUtils         : Cannot determine local hostname
2026-03-26T23:15:23.851+05:30  INFO 40800 --- [Config-Servier] [main] o.s.b.a.e.web.EndpointLinksResolver      : Exposing 3 endpoints beneath base path '/actuator'
2026-03-26T23:15:23.900+05:30  INFO 40800 --- [Config-Servier] [main] o.s.b.w.embedded.tomcat.TomcatWebServer  : Tomcat started on port 7506 (http) with context path '/'
2026-03-26T23:15:24.917+05:30  INFO 40800 --- [Config-Servier] [main] o.s.cloud.commons.util.InetUtils         : Cannot determine local hostname
2026-03-26T23:15:24.944+05:30  INFO 40800 --- [Config-Servier] [main] com.admin.ConfigServierApplication       : Started ConfigServierApplication in 8.025 seconds (process running for 8.401)
2026-03-26T23:20:20.211+05:30  INFO 50968 --- [Config-Servier] [main] com.admin.ConfigServierApplication       : Starting ConfigServierApplication using Java 21.0.6 with PID 50968 (C:\Users\Asus\Desktop\Payment-wallet\Config-Servier\target\classes started by Asus in C:\Users\Asus\Desktop\Payment-wallet\Config-Servier)
2026-03-26T23:20:20.214+05:30  INFO 50968 --- [Config-Servier] [main] com.admin.ConfigServierApplication       : No active profile set, falling back to 1 default profile: "default"
2026-03-26T23:20:21.514+05:30  INFO 50968 --- [Config-Servier] [main] o.s.cloud.context.scope.GenericScope     : BeanFactory id=8ca94eee-2462-3b0f-b41b-c507f67b9086
2026-03-26T23:20:22.300+05:30  INFO 50968 --- [Config-Servier] [main] o.s.b.w.embedded.tomcat.TomcatWebServer  : Tomcat initialized with port 7505 (http)
2026-03-26T23:20:22.330+05:30  INFO 50968 --- [Config-Servier] [main] o.apache.catalina.core.StandardService   : Starting service [Tomcat]
2026-03-26T23:20:22.333+05:30  INFO 50968 --- [Config-Servier] [main] o.apache.catalina.core.StandardEngine    : Starting Servlet engine: [Apache Tomcat/10.1.31]
2026-03-26T23:20:22.508+05:30  INFO 50968 --- [Config-Servier] [main] o.a.c.c.C.[Tomcat].[localhost].[/]       : Initializing Spring embedded WebApplicationContext
2026-03-26T23:20:22.510+05:30  INFO 50968 --- [Config-Servier] [main] w.s.c.ServletWebServerApplicationContext : Root WebApplicationContext: initialization completed in 2245 ms
2026-03-26T23:20:28.787+05:30  INFO 50968 --- [Config-Servier] [main] o.s.cloud.commons.util.InetUtils         : Cannot determine local hostname
2026-03-26T23:20:28.902+05:30  INFO 50968 --- [Config-Servier] [main] o.s.b.a.e.web.EndpointLinksResolver      : Exposing 3 endpoints beneath base path '/actuator'
2026-03-26T23:20:29.011+05:30  INFO 50968 --- [Config-Servier] [main] o.s.b.w.embedded.tomcat.TomcatWebServer  : Tomcat started on port 7505 (http) with context path '/'
2026-03-26T23:20:30.030+05:30  INFO 50968 --- [Config-Servier] [main] o.s.cloud.commons.util.InetUtils         : Cannot determine local hostname
2026-03-26T23:20:30.060+05:30  INFO 50968 --- [Config-Servier] [main] com.admin.ConfigServierApplication       : Started ConfigServierApplication in 11.539 seconds (process running for 11.914)
2026-03-26T23:27:31.199+05:30  INFO 31032 --- [Config-Servier] [main] com.admin.ConfigServierApplication       : Starting ConfigServierApplication using Java 21.0.6 with PID 31032 (C:\Users\Asus\Desktop\Payment-wallet\Config-Servier\target\classes started by Asus in C:\Users\Asus\Desktop\Payment-wallet\Config-Servier)
2026-03-26T23:27:31.203+05:30  INFO 31032 --- [Config-Servier] [main] com.admin.ConfigServierApplication       : No active profile set, falling back to 1 default profile: "default"
2026-03-26T23:27:32.438+05:30  INFO 31032 --- [Config-Servier] [main] o.s.cloud.context.scope.GenericScope     : BeanFactory id=06987e95-7906-3fb6-866c-edfcd8bfc534
2026-03-26T23:27:32.559+05:30  WARN 31032 --- [Config-Servier] [main] trationDelegate$BeanPostProcessorChecker : Bean 'org.springframework.cloud.client.loadbalancer.LoadBalancerAutoConfiguration$DeferringLoadBalancerInterceptorConfig' of type [org.springframework.cloud.client.loadbalancer.LoadBalancerAutoConfiguration$DeferringLoadBalancerInterceptorConfig] is not eligible for getting processed by all BeanPostProcessors (for example: not eligible for auto-proxying). The currently created BeanPostProcessor [lbRestClientPostProcessor] is declared through a non-static factory method on that class; consider declaring it as static instead.
2026-03-26T23:27:32.569+05:30  WARN 31032 --- [Config-Servier] [main] trationDelegate$BeanPostProcessorChecker : Bean 'deferringLoadBalancerInterceptor' of type [org.springframework.cloud.client.loadbalancer.DeferringLoadBalancerInterceptor] is not eligible for getting processed by all BeanPostProcessors (for example: not eligible for auto-proxying). Is this bean getting eagerly injected/applied to a currently created BeanPostProcessor [lbRestClientPostProcessor]? Check the corresponding BeanPostProcessor declaration and its dependencies/advisors. If this bean does not have to be post-processed, declare it with ROLE_INFRASTRUCTURE.
2026-03-26T23:27:33.234+05:30  INFO 31032 --- [Config-Servier] [main] o.s.b.w.embedded.tomcat.TomcatWebServer  : Tomcat initialized with port 7505 (http)
2026-03-26T23:27:33.286+05:30  INFO 31032 --- [Config-Servier] [main] o.apache.catalina.core.StandardService   : Starting service [Tomcat]
2026-03-26T23:27:33.286+05:30  INFO 31032 --- [Config-Servier] [main] o.apache.catalina.core.StandardEngine    : Starting Servlet engine: [Apache Tomcat/10.1.31]
2026-03-26T23:27:33.431+05:30  INFO 31032 --- [Config-Servier] [main] o.a.c.c.C.[Tomcat].[localhost].[/]       : Initializing Spring embedded WebApplicationContext
2026-03-26T23:27:33.431+05:30  INFO 31032 --- [Config-Servier] [main] w.s.c.ServletWebServerApplicationContext : Root WebApplicationContext: initialization completed in 2172 ms
2026-03-26T23:27:35.681+05:30  INFO 31032 --- [Config-Servier] [main] o.s.cloud.commons.util.InetUtils         : Cannot determine local hostname
2026-03-26T23:27:40.407+05:30  INFO 31032 --- [Config-Servier] [main] o.s.cloud.commons.util.InetUtils         : Cannot determine local hostname
2026-03-26T23:27:40.436+05:30  INFO 31032 --- [Config-Servier] [main] DiscoveryClientOptionalArgsConfiguration : Eureka HTTP Client uses RestTemplate.
2026-03-26T23:27:40.601+05:30  WARN 31032 --- [Config-Servier] [main] iguration$LoadBalancerCaffeineWarnLogger : Spring Cloud LoadBalancer is currently working with the default cache. While this cache implementation is useful for development and tests, it's recommended to use Caffeine cache in production.You can switch to using Caffeine cache, by adding it and org.springframework.cache.caffeine.CaffeineCacheManager to the classpath.
2026-03-26T23:27:40.617+05:30  INFO 31032 --- [Config-Servier] [main] o.s.b.a.e.web.EndpointLinksResolver      : Exposing 3 endpoints beneath base path '/actuator'
2026-03-26T23:27:40.733+05:30  INFO 31032 --- [Config-Servier] [main] o.s.c.n.eureka.InstanceInfoFactory       : Setting initial instance status as: STARTING
2026-03-26T23:27:40.781+05:30  INFO 31032 --- [Config-Servier] [main] com.netflix.discovery.DiscoveryClient    : Initializing Eureka in region us-east-1
2026-03-26T23:27:40.793+05:30  INFO 31032 --- [Config-Servier] [main] c.n.d.s.r.aws.ConfigClusterResolver      : Resolving eureka endpoints via configuration
2026-03-26T23:27:40.816+05:30  INFO 31032 --- [Config-Servier] [main] com.netflix.discovery.DiscoveryClient    : Disable delta property : false
2026-03-26T23:27:40.818+05:30  INFO 31032 --- [Config-Servier] [main] com.netflix.discovery.DiscoveryClient    : Single vip registry refresh property : null
2026-03-26T23:27:40.818+05:30  INFO 31032 --- [Config-Servier] [main] com.netflix.discovery.DiscoveryClient    : Force full registry fetch : false
2026-03-26T23:27:40.820+05:30  INFO 31032 --- [Config-Servier] [main] com.netflix.discovery.DiscoveryClient    : Application is null : false
2026-03-26T23:27:40.821+05:30  INFO 31032 --- [Config-Servier] [main] com.netflix.discovery.DiscoveryClient    : Registered Applications size is zero : true
2026-03-26T23:27:40.822+05:30  INFO 31032 --- [Config-Servier] [main] com.netflix.discovery.DiscoveryClient    : Application version is -1: true
2026-03-26T23:27:40.823+05:30  INFO 31032 --- [Config-Servier] [main] com.netflix.discovery.DiscoveryClient    : Getting all instance registry info from the eureka server
2026-03-26T23:27:41.282+05:30  INFO 31032 --- [Config-Servier] [main] com.netflix.discovery.DiscoveryClient    : The response status is 200
2026-03-26T23:27:41.288+05:30  INFO 31032 --- [Config-Servier] [main] com.netflix.discovery.DiscoveryClient    : Starting heartbeat executor: renew interval is: 30
2026-03-26T23:27:41.304+05:30  INFO 31032 --- [Config-Servier] [main] c.n.discovery.InstanceInfoReplicator     : InstanceInfoReplicator onDemand update allowed rate per min is 4
2026-03-26T23:27:41.310+05:30  INFO 31032 --- [Config-Servier] [main] com.netflix.discovery.DiscoveryClient    : Discovery Client initialized at timestamp 1774547861309 with initial instances count: 9
2026-03-26T23:27:41.318+05:30  INFO 31032 --- [Config-Servier] [main] o.s.c.n.e.s.EurekaServiceRegistry        : Registering application CONFIG-SERVIER with eureka with status UP
2026-03-26T23:27:41.322+05:30  INFO 31032 --- [Config-Servier] [main] com.netflix.discovery.DiscoveryClient    : Saw local status change event StatusChangeEvent [timestamp=1774547861322, current=UP, previous=STARTING]
2026-03-26T23:27:41.326+05:30  INFO 31032 --- [Config-Servier] [DiscoveryClient-InstanceInfoReplicator-%d] com.netflix.discovery.DiscoveryClient    : DiscoveryClient_CONFIG-SERVIER/localhost:Config-Servier:7505: registering service...
2026-03-26T23:27:41.379+05:30  INFO 31032 --- [Config-Servier] [main] o.s.b.w.embedded.tomcat.TomcatWebServer  : Tomcat started on port 7505 (http) with context path '/'
2026-03-26T23:27:41.381+05:30  INFO 31032 --- [Config-Servier] [main] .s.c.n.e.s.EurekaAutoServiceRegistration : Updating port to 7505
2026-03-26T23:27:41.415+05:30  INFO 31032 --- [Config-Servier] [DiscoveryClient-InstanceInfoReplicator-%d] com.netflix.discovery.DiscoveryClient    : DiscoveryClient_CONFIG-SERVIER/localhost:Config-Servier:7505 - registration status: 204
2026-03-26T23:27:42.393+05:30  INFO 31032 --- [Config-Servier] [main] o.s.cloud.commons.util.InetUtils         : Cannot determine local hostname
2026-03-26T23:27:42.428+05:30  INFO 31032 --- [Config-Servier] [main] com.admin.ConfigServierApplication       : Started ConfigServierApplication in 12.853 seconds (process running for 13.29)
2026-03-26T23:32:40.848+05:30  INFO 31032 --- [Config-Servier] [AsyncResolver-bootstrap-executor-%d] c.n.d.s.r.aws.ConfigClusterResolver      : Resolving eureka endpoints via configuration
2026-03-27T00:02:08.028+05:30  INFO 29336 --- [Config-Servier] [main] com.admin.ConfigServierApplication       : Starting ConfigServierApplication using Java 21.0.6 with PID 29336 (C:\Users\Asus\Desktop\Payment-wallet\Config-Servier\target\classes started by Asus in C:\Users\Asus\Desktop\Payment-wallet\Config-Servier)
2026-03-27T00:02:08.042+05:30  INFO 29336 --- [Config-Servier] [main] com.admin.ConfigServierApplication       : No active profile set, falling back to 1 default profile: "default"
2026-03-27T00:02:09.743+05:30  INFO 29336 --- [Config-Servier] [main] o.s.cloud.context.scope.GenericScope     : BeanFactory id=06987e95-7906-3fb6-866c-edfcd8bfc534
2026-03-27T00:02:09.818+05:30  WARN 29336 --- [Config-Servier] [main] trationDelegate$BeanPostProcessorChecker : Bean 'org.springframework.cloud.client.loadbalancer.LoadBalancerAutoConfiguration$DeferringLoadBalancerInterceptorConfig' of type [org.springframework.cloud.client.loadbalancer.LoadBalancerAutoConfiguration$DeferringLoadBalancerInterceptorConfig] is not eligible for getting processed by all BeanPostProcessors (for example: not eligible for auto-proxying). The currently created BeanPostProcessor [lbRestClientPostProcessor] is declared through a non-static factory method on that class; consider declaring it as static instead.
2026-03-27T00:02:09.820+05:30  WARN 29336 --- [Config-Servier] [main] trationDelegate$BeanPostProcessorChecker : Bean 'deferringLoadBalancerInterceptor' of type [org.springframework.cloud.client.loadbalancer.DeferringLoadBalancerInterceptor] is not eligible for getting processed by all BeanPostProcessors (for example: not eligible for auto-proxying). Is this bean getting eagerly injected/applied to a currently created BeanPostProcessor [lbRestClientPostProcessor]? Check the corresponding BeanPostProcessor declaration and its dependencies/advisors. If this bean does not have to be post-processed, declare it with ROLE_INFRASTRUCTURE.
2026-03-27T00:02:10.012+05:30  INFO 29336 --- [Config-Servier] [main] o.s.b.w.embedded.tomcat.TomcatWebServer  : Tomcat initialized with port 7512 (http)
2026-03-27T00:02:10.025+05:30  INFO 29336 --- [Config-Servier] [main] o.apache.catalina.core.StandardService   : Starting service [Tomcat]
2026-03-27T00:02:10.025+05:30  INFO 29336 --- [Config-Servier] [main] o.apache.catalina.core.StandardEngine    : Starting Servlet engine: [Apache Tomcat/10.1.31]
2026-03-27T00:02:10.097+05:30  INFO 29336 --- [Config-Servier] [main] o.a.c.c.C.[Tomcat].[localhost].[/]       : Initializing Spring embedded WebApplicationContext
2026-03-27T00:02:10.098+05:30  INFO 29336 --- [Config-Servier] [main] w.s.c.ServletWebServerApplicationContext : Root WebApplicationContext: initialization completed in 2001 ms
2026-03-27T00:02:11.732+05:30  INFO 29336 --- [Config-Servier] [main] o.s.cloud.commons.util.InetUtils         : Cannot determine local hostname
2026-03-27T00:02:15.422+05:30  INFO 29336 --- [Config-Servier] [main] o.s.cloud.commons.util.InetUtils         : Cannot determine local hostname
2026-03-27T00:02:15.434+05:30  INFO 29336 --- [Config-Servier] [main] DiscoveryClientOptionalArgsConfiguration : Eureka HTTP Client uses RestTemplate.
2026-03-27T00:02:15.512+05:30  WARN 29336 --- [Config-Servier] [main] iguration$LoadBalancerCaffeineWarnLogger : Spring Cloud LoadBalancer is currently working with the default cache. While this cache implementation is useful for development and tests, it's recommended to use Caffeine cache in production.You can switch to using Caffeine cache, by adding it and org.springframework.cache.caffeine.CaffeineCacheManager to the classpath.
2026-03-27T00:02:15.520+05:30  INFO 29336 --- [Config-Servier] [main] o.s.b.a.e.web.EndpointLinksResolver      : Exposing 3 endpoints beneath base path '/actuator'
2026-03-27T00:02:15.573+05:30  INFO 29336 --- [Config-Servier] [main] o.s.c.n.eureka.InstanceInfoFactory       : Setting initial instance status as: STARTING
2026-03-27T00:02:15.594+05:30  INFO 29336 --- [Config-Servier] [main] com.netflix.discovery.DiscoveryClient    : Initializing Eureka in region us-east-1
2026-03-27T00:02:15.599+05:30  INFO 29336 --- [Config-Servier] [main] c.n.d.s.r.aws.ConfigClusterResolver      : Resolving eureka endpoints via configuration
2026-03-27T00:02:15.606+05:30  INFO 29336 --- [Config-Servier] [main] com.netflix.discovery.DiscoveryClient    : Disable delta property : false
2026-03-27T00:02:15.607+05:30  INFO 29336 --- [Config-Servier] [main] com.netflix.discovery.DiscoveryClient    : Single vip registry refresh property : null
2026-03-27T00:02:15.607+05:30  INFO 29336 --- [Config-Servier] [main] com.netflix.discovery.DiscoveryClient    : Force full registry fetch : false
2026-03-27T00:02:15.607+05:30  INFO 29336 --- [Config-Servier] [main] com.netflix.discovery.DiscoveryClient    : Application is null : false
2026-03-27T00:02:15.607+05:30  INFO 29336 --- [Config-Servier] [main] com.netflix.discovery.DiscoveryClient    : Registered Applications size is zero : true
2026-03-27T00:02:15.607+05:30  INFO 29336 --- [Config-Servier] [main] com.netflix.discovery.DiscoveryClient    : Application version is -1: true
2026-03-27T00:02:15.607+05:30  INFO 29336 --- [Config-Servier] [main] com.netflix.discovery.DiscoveryClient    : Getting all instance registry info from the eureka server
2026-03-27T00:02:16.067+05:30  INFO 29336 --- [Config-Servier] [main] com.netflix.discovery.DiscoveryClient    : The response status is 200
2026-03-27T00:02:16.068+05:30  INFO 29336 --- [Config-Servier] [main] com.netflix.discovery.DiscoveryClient    : Starting heartbeat executor: renew interval is: 30
2026-03-27T00:02:16.071+05:30  INFO 29336 --- [Config-Servier] [main] c.n.discovery.InstanceInfoReplicator     : InstanceInfoReplicator onDemand update allowed rate per min is 4
2026-03-27T00:02:16.074+05:30  INFO 29336 --- [Config-Servier] [main] com.netflix.discovery.DiscoveryClient    : Discovery Client initialized at timestamp 1774549936072 with initial instances count: 0
2026-03-27T00:02:16.076+05:30  INFO 29336 --- [Config-Servier] [main] o.s.c.n.e.s.EurekaServiceRegistry        : Registering application CONFIG-SERVIER with eureka with status UP
2026-03-27T00:02:16.077+05:30  INFO 29336 --- [Config-Servier] [main] com.netflix.discovery.DiscoveryClient    : Saw local status change event StatusChangeEvent [timestamp=1774549936076, current=UP, previous=STARTING]
2026-03-27T00:02:16.078+05:30  INFO 29336 --- [Config-Servier] [DiscoveryClient-InstanceInfoReplicator-%d] com.netflix.discovery.DiscoveryClient    : DiscoveryClient_CONFIG-SERVIER/localhost:Config-Servier:7512: registering service...
2026-03-27T00:02:16.103+05:30  INFO 29336 --- [Config-Servier] [main] o.s.b.w.embedded.tomcat.TomcatWebServer  : Tomcat started on port 7512 (http) with context path '/'
2026-03-27T00:02:16.104+05:30  INFO 29336 --- [Config-Servier] [main] .s.c.n.e.s.EurekaAutoServiceRegistration : Updating port to 7512
2026-03-27T00:02:16.244+05:30  INFO 29336 --- [Config-Servier] [DiscoveryClient-InstanceInfoReplicator-%d] com.netflix.discovery.DiscoveryClient    : DiscoveryClient_CONFIG-SERVIER/localhost:Config-Servier:7512 - registration status: 204
2026-03-27T00:02:17.117+05:30  INFO 29336 --- [Config-Servier] [main] o.s.cloud.commons.util.InetUtils         : Cannot determine local hostname
2026-03-27T00:02:17.130+05:30  INFO 29336 --- [Config-Servier] [main] com.admin.ConfigServierApplication       : Started ConfigServierApplication in 10.658 seconds (process running for 11.453)
2026-03-27T00:02:46.074+05:30  INFO 29336 --- [Config-Servier] [DiscoveryClient-CacheRefreshExecutor-%d] com.netflix.discovery.DiscoveryClient    : Disable delta property : false
2026-03-27T00:02:46.074+05:30  INFO 29336 --- [Config-Servier] [DiscoveryClient-CacheRefreshExecutor-%d] com.netflix.discovery.DiscoveryClient    : Single vip registry refresh property : null
2026-03-27T00:02:46.074+05:30  INFO 29336 --- [Config-Servier] [DiscoveryClient-CacheRefreshExecutor-%d] com.netflix.discovery.DiscoveryClient    : Force full registry fetch : false
2026-03-27T00:02:46.074+05:30  INFO 29336 --- [Config-Servier] [DiscoveryClient-CacheRefreshExecutor-%d] com.netflix.discovery.DiscoveryClient    : Application is null : false
2026-03-27T00:02:46.074+05:30  INFO 29336 --- [Config-Servier] [DiscoveryClient-CacheRefreshExecutor-%d] com.netflix.discovery.DiscoveryClient    : Registered Applications size is zero : true
2026-03-27T00:02:46.074+05:30  INFO 29336 --- [Config-Servier] [DiscoveryClient-CacheRefreshExecutor-%d] com.netflix.discovery.DiscoveryClient    : Application version is -1: false
2026-03-27T00:02:46.074+05:30  INFO 29336 --- [Config-Servier] [DiscoveryClient-CacheRefreshExecutor-%d] com.netflix.discovery.DiscoveryClient    : Getting all instance registry info from the eureka server
2026-03-27T00:02:46.105+05:30  INFO 29336 --- [Config-Servier] [DiscoveryClient-CacheRefreshExecutor-%d] com.netflix.discovery.DiscoveryClient    : The response status is 200
2026-03-27T00:07:15.623+05:30  INFO 29336 --- [Config-Servier] [AsyncResolver-bootstrap-executor-%d] c.n.d.s.r.aws.ConfigClusterResolver      : Resolving eureka endpoints via configuration
2026-03-27T00:10:26.177+05:30  INFO 40800 --- [Config-Servier] [http-nio-7506-exec-1] o.a.c.c.C.[Tomcat].[localhost].[/]       : Initializing Spring DispatcherServlet 'dispatcherServlet'
2026-03-27T00:10:26.218+05:30  INFO 40800 --- [Config-Servier] [http-nio-7506-exec-1] o.s.web.servlet.DispatcherServlet        : Initializing Servlet 'dispatcherServlet'
2026-03-27T00:10:26.285+05:30  INFO 40800 --- [Config-Servier] [http-nio-7506-exec-1] o.s.web.servlet.DispatcherServlet        : Completed initialization in 66 ms
2026-03-27T00:12:15.634+05:30  INFO 29336 --- [Config-Servier] [AsyncResolver-bootstrap-executor-%d] c.n.d.s.r.aws.ConfigClusterResolver      : Resolving eureka endpoints via configuration
2026-03-27T00:17:15.637+05:30  INFO 29336 --- [Config-Servier] [AsyncResolver-bootstrap-executor-%d] c.n.d.s.r.aws.ConfigClusterResolver      : Resolving eureka endpoints via configuration
2026-03-27T00:22:15.652+05:30  INFO 29336 --- [Config-Servier] [AsyncResolver-bootstrap-executor-%d] c.n.d.s.r.aws.ConfigClusterResolver      : Resolving eureka endpoints via configuration
2026-03-27T00:24:56.041+05:30  INFO 26480 --- [Config-Servier] [main] com.admin.ConfigServierApplication       : Starting ConfigServierApplication using Java 21.0.6 with PID 26480 (C:\Users\Asus\Desktop\Payment-wallet\Config-Servier\target\classes started by Asus in C:\Users\Asus\Desktop\Payment-wallet\Config-Servier)
2026-03-27T00:24:56.052+05:30  INFO 26480 --- [Config-Servier] [main] com.admin.ConfigServierApplication       : No active profile set, falling back to 1 default profile: "default"
2026-03-27T00:25:02.349+05:30  INFO 26480 --- [Config-Servier] [main] o.s.cloud.context.scope.GenericScope     : BeanFactory id=06987e95-7906-3fb6-866c-edfcd8bfc534
2026-03-27T00:25:02.707+05:30  WARN 26480 --- [Config-Servier] [main] trationDelegate$BeanPostProcessorChecker : Bean 'org.springframework.cloud.client.loadbalancer.LoadBalancerAutoConfiguration$DeferringLoadBalancerInterceptorConfig' of type [org.springframework.cloud.client.loadbalancer.LoadBalancerAutoConfiguration$DeferringLoadBalancerInterceptorConfig] is not eligible for getting processed by all BeanPostProcessors (for example: not eligible for auto-proxying). The currently created BeanPostProcessor [lbRestClientPostProcessor] is declared through a non-static factory method on that class; consider declaring it as static instead.
2026-03-27T00:25:02.720+05:30  WARN 26480 --- [Config-Servier] [main] trationDelegate$BeanPostProcessorChecker : Bean 'deferringLoadBalancerInterceptor' of type [org.springframework.cloud.client.loadbalancer.DeferringLoadBalancerInterceptor] is not eligible for getting processed by all BeanPostProcessors (for example: not eligible for auto-proxying). Is this bean getting eagerly injected/applied to a currently created BeanPostProcessor [lbRestClientPostProcessor]? Check the corresponding BeanPostProcessor declaration and its dependencies/advisors. If this bean does not have to be post-processed, declare it with ROLE_INFRASTRUCTURE.
2026-03-27T00:25:03.374+05:30  INFO 26480 --- [Config-Servier] [main] o.s.b.w.embedded.tomcat.TomcatWebServer  : Tomcat initialized with port 7512 (http)
2026-03-27T00:25:03.398+05:30  INFO 26480 --- [Config-Servier] [main] o.apache.catalina.core.StandardService   : Starting service [Tomcat]
2026-03-27T00:25:03.399+05:30  INFO 26480 --- [Config-Servier] [main] o.apache.catalina.core.StandardEngine    : Starting Servlet engine: [Apache Tomcat/10.1.31]
2026-03-27T00:25:03.528+05:30  INFO 26480 --- [Config-Servier] [main] o.a.c.c.C.[Tomcat].[localhost].[/]       : Initializing Spring embedded WebApplicationContext
2026-03-27T00:25:03.528+05:30  INFO 26480 --- [Config-Servier] [main] w.s.c.ServletWebServerApplicationContext : Root WebApplicationContext: initialization completed in 7271 ms
2026-03-27T00:25:05.773+05:30  INFO 26480 --- [Config-Servier] [main] o.s.cloud.commons.util.InetUtils         : Cannot determine local hostname
2026-03-27T00:25:11.470+05:30  INFO 26480 --- [Config-Servier] [main] o.s.cloud.commons.util.InetUtils         : Cannot determine local hostname
2026-03-27T00:25:11.555+05:30  INFO 26480 --- [Config-Servier] [main] DiscoveryClientOptionalArgsConfiguration : Eureka HTTP Client uses RestTemplate.
2026-03-27T00:25:12.011+05:30  WARN 26480 --- [Config-Servier] [main] iguration$LoadBalancerCaffeineWarnLogger : Spring Cloud LoadBalancer is currently working with the default cache. While this cache implementation is useful for development and tests, it's recommended to use Caffeine cache in production.You can switch to using Caffeine cache, by adding it and org.springframework.cache.caffeine.CaffeineCacheManager to the classpath.
2026-03-27T00:25:12.066+05:30  INFO 26480 --- [Config-Servier] [main] o.s.b.a.e.web.EndpointLinksResolver      : Exposing 3 endpoints beneath base path '/actuator'
2026-03-27T00:25:12.369+05:30  INFO 26480 --- [Config-Servier] [main] o.s.c.n.eureka.InstanceInfoFactory       : Setting initial instance status as: STARTING
2026-03-27T00:25:12.473+05:30  INFO 26480 --- [Config-Servier] [main] com.netflix.discovery.DiscoveryClient    : Initializing Eureka in region us-east-1
2026-03-27T00:25:12.510+05:30  INFO 26480 --- [Config-Servier] [main] c.n.d.s.r.aws.ConfigClusterResolver      : Resolving eureka endpoints via configuration
2026-03-27T00:25:12.548+05:30  INFO 26480 --- [Config-Servier] [main] com.netflix.discovery.DiscoveryClient    : Disable delta property : false
2026-03-27T00:25:12.548+05:30  INFO 26480 --- [Config-Servier] [main] com.netflix.discovery.DiscoveryClient    : Single vip registry refresh property : null
2026-03-27T00:25:12.549+05:30  INFO 26480 --- [Config-Servier] [main] com.netflix.discovery.DiscoveryClient    : Force full registry fetch : false
2026-03-27T00:25:12.549+05:30  INFO 26480 --- [Config-Servier] [main] com.netflix.discovery.DiscoveryClient    : Application is null : false
2026-03-27T00:25:12.550+05:30  INFO 26480 --- [Config-Servier] [main] com.netflix.discovery.DiscoveryClient    : Registered Applications size is zero : true
2026-03-27T00:25:12.550+05:30  INFO 26480 --- [Config-Servier] [main] com.netflix.discovery.DiscoveryClient    : Application version is -1: true
2026-03-27T00:25:12.550+05:30  INFO 26480 --- [Config-Servier] [main] com.netflix.discovery.DiscoveryClient    : Getting all instance registry info from the eureka server
2026-03-27T00:25:13.830+05:30  INFO 26480 --- [Config-Servier] [main] com.netflix.discovery.DiscoveryClient    : The response status is 200
2026-03-27T00:25:13.835+05:30  INFO 26480 --- [Config-Servier] [main] com.netflix.discovery.DiscoveryClient    : Starting heartbeat executor: renew interval is: 30
2026-03-27T00:25:13.842+05:30  INFO 26480 --- [Config-Servier] [main] c.n.discovery.InstanceInfoReplicator     : InstanceInfoReplicator onDemand update allowed rate per min is 4
2026-03-27T00:25:13.852+05:30  INFO 26480 --- [Config-Servier] [main] com.netflix.discovery.DiscoveryClient    : Discovery Client initialized at timestamp 1774551313846 with initial instances count: 0
2026-03-27T00:25:13.868+05:30  INFO 26480 --- [Config-Servier] [main] o.s.c.n.e.s.EurekaServiceRegistry        : Registering application CONFIG-SERVIER with eureka with status UP
2026-03-27T00:25:13.875+05:30  INFO 26480 --- [Config-Servier] [main] com.netflix.discovery.DiscoveryClient    : Saw local status change event StatusChangeEvent [timestamp=1774551313875, current=UP, previous=STARTING]
2026-03-27T00:25:13.881+05:30  INFO 26480 --- [Config-Servier] [DiscoveryClient-InstanceInfoReplicator-%d] com.netflix.discovery.DiscoveryClient    : DiscoveryClient_CONFIG-SERVIER/localhost:Config-Servier:7512: registering service...
2026-03-27T00:25:13.989+05:30  INFO 26480 --- [Config-Servier] [main] o.s.b.w.embedded.tomcat.TomcatWebServer  : Tomcat started on port 7512 (http) with context path '/'
2026-03-27T00:25:13.999+05:30  INFO 26480 --- [Config-Servier] [main] .s.c.n.e.s.EurekaAutoServiceRegistration : Updating port to 7512
2026-03-27T00:25:14.646+05:30  INFO 26480 --- [Config-Servier] [DiscoveryClient-InstanceInfoReplicator-%d] com.netflix.discovery.DiscoveryClient    : DiscoveryClient_CONFIG-SERVIER/localhost:Config-Servier:7512 - registration status: 204
2026-03-27T00:25:15.079+05:30  INFO 26480 --- [Config-Servier] [main] o.s.cloud.commons.util.InetUtils         : Cannot determine local hostname
2026-03-27T00:25:15.132+05:30  INFO 26480 --- [Config-Servier] [main] com.admin.ConfigServierApplication       : Started ConfigServierApplication in 22.516 seconds (process running for 24.256)
2026-03-27T00:25:43.852+05:30  INFO 26480 --- [Config-Servier] [DiscoveryClient-CacheRefreshExecutor-%d] com.netflix.discovery.DiscoveryClient    : Disable delta property : false
2026-03-27T00:25:43.855+05:30  INFO 26480 --- [Config-Servier] [DiscoveryClient-CacheRefreshExecutor-%d] com.netflix.discovery.DiscoveryClient    : Single vip registry refresh property : null
2026-03-27T00:25:43.858+05:30  INFO 26480 --- [Config-Servier] [DiscoveryClient-CacheRefreshExecutor-%d] com.netflix.discovery.DiscoveryClient    : Force full registry fetch : false
2026-03-27T00:25:43.860+05:30  INFO 26480 --- [Config-Servier] [DiscoveryClient-CacheRefreshExecutor-%d] com.netflix.discovery.DiscoveryClient    : Application is null : false
2026-03-27T00:25:43.862+05:30  INFO 26480 --- [Config-Servier] [DiscoveryClient-CacheRefreshExecutor-%d] com.netflix.discovery.DiscoveryClient    : Registered Applications size is zero : true
2026-03-27T00:25:43.871+05:30  INFO 26480 --- [Config-Servier] [DiscoveryClient-CacheRefreshExecutor-%d] com.netflix.discovery.DiscoveryClient    : Application version is -1: false
2026-03-27T00:25:43.874+05:30  INFO 26480 --- [Config-Servier] [DiscoveryClient-CacheRefreshExecutor-%d] com.netflix.discovery.DiscoveryClient    : Getting all instance registry info from the eureka server
2026-03-27T00:25:43.936+05:30  INFO 26480 --- [Config-Servier] [DiscoveryClient-CacheRefreshExecutor-%d] com.netflix.discovery.DiscoveryClient    : The response status is 200
2026-03-27T00:32:21.999+05:30  INFO 23580 --- [Config-Servier] [main] com.admin.ConfigServierApplication       : Starting ConfigServierApplication using Java 21.0.6 with PID 23580 (C:\Users\Asus\Desktop\Payment-wallet\Config-Servier\target\classes started by Asus in C:\Users\Asus\Desktop\Payment-wallet\Config-Servier)
2026-03-27T00:32:22.002+05:30  INFO 23580 --- [Config-Servier] [main] com.admin.ConfigServierApplication       : No active profile set, falling back to 1 default profile: "default"
2026-03-27T00:32:23.089+05:30  INFO 23580 --- [Config-Servier] [main] o.s.cloud.context.scope.GenericScope     : BeanFactory id=06987e95-7906-3fb6-866c-edfcd8bfc534
2026-03-27T00:32:23.160+05:30  WARN 23580 --- [Config-Servier] [main] trationDelegate$BeanPostProcessorChecker : Bean 'org.springframework.cloud.client.loadbalancer.LoadBalancerAutoConfiguration$DeferringLoadBalancerInterceptorConfig' of type [org.springframework.cloud.client.loadbalancer.LoadBalancerAutoConfiguration$DeferringLoadBalancerInterceptorConfig] is not eligible for getting processed by all BeanPostProcessors (for example: not eligible for auto-proxying). The currently created BeanPostProcessor [lbRestClientPostProcessor] is declared through a non-static factory method on that class; consider declaring it as static instead.
2026-03-27T00:32:23.163+05:30  WARN 23580 --- [Config-Servier] [main] trationDelegate$BeanPostProcessorChecker : Bean 'deferringLoadBalancerInterceptor' of type [org.springframework.cloud.client.loadbalancer.DeferringLoadBalancerInterceptor] is not eligible for getting processed by all BeanPostProcessors (for example: not eligible for auto-proxying). Is this bean getting eagerly injected/applied to a currently created BeanPostProcessor [lbRestClientPostProcessor]? Check the corresponding BeanPostProcessor declaration and its dependencies/advisors. If this bean does not have to be post-processed, declare it with ROLE_INFRASTRUCTURE.
2026-03-27T00:32:23.371+05:30  INFO 23580 --- [Config-Servier] [main] o.s.b.w.embedded.tomcat.TomcatWebServer  : Tomcat initialized with port 7512 (http)
2026-03-27T00:32:23.385+05:30  INFO 23580 --- [Config-Servier] [main] o.apache.catalina.core.StandardService   : Starting service [Tomcat]
2026-03-27T00:32:23.387+05:30  INFO 23580 --- [Config-Servier] [main] o.apache.catalina.core.StandardEngine    : Starting Servlet engine: [Apache Tomcat/10.1.31]
2026-03-27T00:32:23.461+05:30  INFO 23580 --- [Config-Servier] [main] o.a.c.c.C.[Tomcat].[localhost].[/]       : Initializing Spring embedded WebApplicationContext
2026-03-27T00:32:23.462+05:30  INFO 23580 --- [Config-Servier] [main] w.s.c.ServletWebServerApplicationContext : Root WebApplicationContext: initialization completed in 1408 ms
2026-03-27T00:32:25.075+05:30  INFO 23580 --- [Config-Servier] [main] o.s.cloud.commons.util.InetUtils         : Cannot determine local hostname
2026-03-27T00:32:29.018+05:30  INFO 23580 --- [Config-Servier] [main] o.s.cloud.commons.util.InetUtils         : Cannot determine local hostname
2026-03-27T00:32:29.086+05:30  INFO 23580 --- [Config-Servier] [main] DiscoveryClientOptionalArgsConfiguration : Eureka HTTP Client uses RestTemplate.
2026-03-27T00:32:29.406+05:30  WARN 23580 --- [Config-Servier] [main] iguration$LoadBalancerCaffeineWarnLogger : Spring Cloud LoadBalancer is currently working with the default cache. While this cache implementation is useful for development and tests, it's recommended to use Caffeine cache in production.You can switch to using Caffeine cache, by adding it and org.springframework.cache.caffeine.CaffeineCacheManager to the classpath.
2026-03-27T00:32:29.434+05:30  INFO 23580 --- [Config-Servier] [main] o.s.b.a.e.web.EndpointLinksResolver      : Exposing 3 endpoints beneath base path '/actuator'
2026-03-27T00:32:29.591+05:30  INFO 23580 --- [Config-Servier] [main] o.s.c.n.eureka.InstanceInfoFactory       : Setting initial instance status as: STARTING
2026-03-27T00:32:29.668+05:30  INFO 23580 --- [Config-Servier] [main] com.netflix.discovery.DiscoveryClient    : Initializing Eureka in region us-east-1
2026-03-27T00:32:29.687+05:30  INFO 23580 --- [Config-Servier] [main] c.n.d.s.r.aws.ConfigClusterResolver      : Resolving eureka endpoints via configuration
2026-03-27T00:32:29.714+05:30  INFO 23580 --- [Config-Servier] [main] com.netflix.discovery.DiscoveryClient    : Disable delta property : false
2026-03-27T00:32:29.715+05:30  INFO 23580 --- [Config-Servier] [main] com.netflix.discovery.DiscoveryClient    : Single vip registry refresh property : null
2026-03-27T00:32:29.717+05:30  INFO 23580 --- [Config-Servier] [main] com.netflix.discovery.DiscoveryClient    : Force full registry fetch : false
2026-03-27T00:32:29.718+05:30  INFO 23580 --- [Config-Servier] [main] com.netflix.discovery.DiscoveryClient    : Application is null : false
2026-03-27T00:32:29.719+05:30  INFO 23580 --- [Config-Servier] [main] com.netflix.discovery.DiscoveryClient    : Registered Applications size is zero : true
2026-03-27T00:32:29.719+05:30  INFO 23580 --- [Config-Servier] [main] com.netflix.discovery.DiscoveryClient    : Application version is -1: true
2026-03-27T00:32:29.719+05:30  INFO 23580 --- [Config-Servier] [main] com.netflix.discovery.DiscoveryClient    : Getting all instance registry info from the eureka server
2026-03-27T00:32:30.791+05:30  INFO 23580 --- [Config-Servier] [main] com.netflix.discovery.DiscoveryClient    : The response status is 200
2026-03-27T00:32:30.797+05:30  INFO 23580 --- [Config-Servier] [main] com.netflix.discovery.DiscoveryClient    : Starting heartbeat executor: renew interval is: 30
2026-03-27T00:32:30.805+05:30  INFO 23580 --- [Config-Servier] [main] c.n.discovery.InstanceInfoReplicator     : InstanceInfoReplicator onDemand update allowed rate per min is 4
2026-03-27T00:32:30.817+05:30  INFO 23580 --- [Config-Servier] [main] com.netflix.discovery.DiscoveryClient    : Discovery Client initialized at timestamp 1774551750813 with initial instances count: 0
2026-03-27T00:32:30.827+05:30  INFO 23580 --- [Config-Servier] [main] o.s.c.n.e.s.EurekaServiceRegistry        : Registering application CONFIG-SERVIER with eureka with status UP
2026-03-27T00:32:30.832+05:30  INFO 23580 --- [Config-Servier] [main] com.netflix.discovery.DiscoveryClient    : Saw local status change event StatusChangeEvent [timestamp=1774551750831, current=UP, previous=STARTING]
2026-03-27T00:32:30.840+05:30  INFO 23580 --- [Config-Servier] [DiscoveryClient-InstanceInfoReplicator-%d] com.netflix.discovery.DiscoveryClient    : DiscoveryClient_CONFIG-SERVIER/localhost:Config-Servier:7512: registering service...
2026-03-27T00:32:30.903+05:30  INFO 23580 --- [Config-Servier] [main] o.s.b.w.embedded.tomcat.TomcatWebServer  : Tomcat started on port 7512 (http) with context path '/'
2026-03-27T00:32:30.906+05:30  INFO 23580 --- [Config-Servier] [main] .s.c.n.e.s.EurekaAutoServiceRegistration : Updating port to 7512
2026-03-27T00:32:31.255+05:30  INFO 23580 --- [Config-Servier] [DiscoveryClient-InstanceInfoReplicator-%d] com.netflix.discovery.DiscoveryClient    : DiscoveryClient_CONFIG-SERVIER/localhost:Config-Servier:7512 - registration status: 204
2026-03-27T00:32:31.921+05:30  INFO 23580 --- [Config-Servier] [main] o.s.cloud.commons.util.InetUtils         : Cannot determine local hostname
2026-03-27T00:32:31.962+05:30  INFO 23580 --- [Config-Servier] [main] com.admin.ConfigServierApplication       : Started ConfigServierApplication in 11.502 seconds (process running for 11.854)
2026-03-27T00:33:00.810+05:30  INFO 23580 --- [Config-Servier] [DiscoveryClient-CacheRefreshExecutor-%d] com.netflix.discovery.DiscoveryClient    : Disable delta property : false
2026-03-27T00:33:00.810+05:30  INFO 23580 --- [Config-Servier] [DiscoveryClient-CacheRefreshExecutor-%d] com.netflix.discovery.DiscoveryClient    : Single vip registry refresh property : null
2026-03-27T00:33:00.811+05:30  INFO 23580 --- [Config-Servier] [DiscoveryClient-CacheRefreshExecutor-%d] com.netflix.discovery.DiscoveryClient    : Force full registry fetch : false
2026-03-27T00:33:00.812+05:30  INFO 23580 --- [Config-Servier] [DiscoveryClient-CacheRefreshExecutor-%d] com.netflix.discovery.DiscoveryClient    : Application is null : false
2026-03-27T00:33:00.813+05:30  INFO 23580 --- [Config-Servier] [DiscoveryClient-CacheRefreshExecutor-%d] com.netflix.discovery.DiscoveryClient    : Registered Applications size is zero : true
2026-03-27T00:33:00.814+05:30  INFO 23580 --- [Config-Servier] [DiscoveryClient-CacheRefreshExecutor-%d] com.netflix.discovery.DiscoveryClient    : Application version is -1: false
2026-03-27T00:33:00.815+05:30  INFO 23580 --- [Config-Servier] [DiscoveryClient-CacheRefreshExecutor-%d] com.netflix.discovery.DiscoveryClient    : Getting all instance registry info from the eureka server
2026-03-27T00:33:00.854+05:30  INFO 23580 --- [Config-Servier] [DiscoveryClient-CacheRefreshExecutor-%d] com.netflix.discovery.DiscoveryClient    : The response status is 200
2026-03-27T00:37:29.733+05:30  INFO 23580 --- [Config-Servier] [AsyncResolver-bootstrap-executor-%d] c.n.d.s.r.aws.ConfigClusterResolver      : Resolving eureka endpoints via configuration
2026-03-27T00:39:44.361+05:30  INFO 52784 --- [Config-Servier] [main] com.admin.ConfigServierApplication       : Starting ConfigServierApplication using Java 21.0.6 with PID 52784 (C:\Users\Asus\Desktop\Payment-wallet\Config-Servier\target\classes started by Asus in C:\Users\Asus\Desktop\Payment-wallet\Config-Servier)
2026-03-27T00:39:44.364+05:30  INFO 52784 --- [Config-Servier] [main] com.admin.ConfigServierApplication       : No active profile set, falling back to 1 default profile: "default"
2026-03-27T00:39:46.163+05:30  INFO 52784 --- [Config-Servier] [main] o.s.cloud.context.scope.GenericScope     : BeanFactory id=06987e95-7906-3fb6-866c-edfcd8bfc534
2026-03-27T00:39:46.437+05:30  WARN 52784 --- [Config-Servier] [main] trationDelegate$BeanPostProcessorChecker : Bean 'org.springframework.cloud.client.loadbalancer.LoadBalancerAutoConfiguration$DeferringLoadBalancerInterceptorConfig' of type [org.springframework.cloud.client.loadbalancer.LoadBalancerAutoConfiguration$DeferringLoadBalancerInterceptorConfig] is not eligible for getting processed by all BeanPostProcessors (for example: not eligible for auto-proxying). The currently created BeanPostProcessor [lbRestClientPostProcessor] is declared through a non-static factory method on that class; consider declaring it as static instead.
2026-03-27T00:39:46.442+05:30  WARN 52784 --- [Config-Servier] [main] trationDelegate$BeanPostProcessorChecker : Bean 'deferringLoadBalancerInterceptor' of type [org.springframework.cloud.client.loadbalancer.DeferringLoadBalancerInterceptor] is not eligible for getting processed by all BeanPostProcessors (for example: not eligible for auto-proxying). Is this bean getting eagerly injected/applied to a currently created BeanPostProcessor [lbRestClientPostProcessor]? Check the corresponding BeanPostProcessor declaration and its dependencies/advisors. If this bean does not have to be post-processed, declare it with ROLE_INFRASTRUCTURE.
2026-03-27T00:39:46.870+05:30  INFO 52784 --- [Config-Servier] [main] o.s.b.w.embedded.tomcat.TomcatWebServer  : Tomcat initialized with port 7512 (http)
2026-03-27T00:39:46.893+05:30  INFO 52784 --- [Config-Servier] [main] o.apache.catalina.core.StandardService   : Starting service [Tomcat]
2026-03-27T00:39:46.895+05:30  INFO 52784 --- [Config-Servier] [main] o.apache.catalina.core.StandardEngine    : Starting Servlet engine: [Apache Tomcat/10.1.31]
2026-03-27T00:39:47.035+05:30  INFO 52784 --- [Config-Servier] [main] o.a.c.c.C.[Tomcat].[localhost].[/]       : Initializing Spring embedded WebApplicationContext
2026-03-27T00:39:47.036+05:30  INFO 52784 --- [Config-Servier] [main] w.s.c.ServletWebServerApplicationContext : Root WebApplicationContext: initialization completed in 2618 ms
2026-03-27T00:39:49.437+05:30  INFO 52784 --- [Config-Servier] [main] o.s.cloud.commons.util.InetUtils         : Cannot determine local hostname
2026-03-27T00:39:54.858+05:30  INFO 52784 --- [Config-Servier] [main] o.s.cloud.commons.util.InetUtils         : Cannot determine local hostname
2026-03-27T00:39:54.882+05:30  INFO 52784 --- [Config-Servier] [main] DiscoveryClientOptionalArgsConfiguration : Eureka HTTP Client uses RestTemplate.
2026-03-27T00:39:55.049+05:30  WARN 52784 --- [Config-Servier] [main] iguration$LoadBalancerCaffeineWarnLogger : Spring Cloud LoadBalancer is currently working with the default cache. While this cache implementation is useful for development and tests, it's recommended to use Caffeine cache in production.You can switch to using Caffeine cache, by adding it and org.springframework.cache.caffeine.CaffeineCacheManager to the classpath.
2026-03-27T00:39:55.064+05:30  INFO 52784 --- [Config-Servier] [main] o.s.b.a.e.web.EndpointLinksResolver      : Exposing 3 endpoints beneath base path '/actuator'
2026-03-27T00:39:55.154+05:30  INFO 52784 --- [Config-Servier] [main] o.s.c.n.eureka.InstanceInfoFactory       : Setting initial instance status as: STARTING
2026-03-27T00:39:55.197+05:30  INFO 52784 --- [Config-Servier] [main] com.netflix.discovery.DiscoveryClient    : Initializing Eureka in region us-east-1
2026-03-27T00:39:55.206+05:30  INFO 52784 --- [Config-Servier] [main] c.n.d.s.r.aws.ConfigClusterResolver      : Resolving eureka endpoints via configuration
2026-03-27T00:39:55.222+05:30  INFO 52784 --- [Config-Servier] [main] com.netflix.discovery.DiscoveryClient    : Disable delta property : false
2026-03-27T00:39:55.224+05:30  INFO 52784 --- [Config-Servier] [main] com.netflix.discovery.DiscoveryClient    : Single vip registry refresh property : null
2026-03-27T00:39:55.224+05:30  INFO 52784 --- [Config-Servier] [main] com.netflix.discovery.DiscoveryClient    : Force full registry fetch : false
2026-03-27T00:39:55.224+05:30  INFO 52784 --- [Config-Servier] [main] com.netflix.discovery.DiscoveryClient    : Application is null : false
2026-03-27T00:39:55.225+05:30  INFO 52784 --- [Config-Servier] [main] com.netflix.discovery.DiscoveryClient    : Registered Applications size is zero : true
2026-03-27T00:39:55.225+05:30  INFO 52784 --- [Config-Servier] [main] com.netflix.discovery.DiscoveryClient    : Application version is -1: true
2026-03-27T00:39:55.225+05:30  INFO 52784 --- [Config-Servier] [main] com.netflix.discovery.DiscoveryClient    : Getting all instance registry info from the eureka server
2026-03-27T00:39:55.990+05:30  INFO 52784 --- [Config-Servier] [main] com.netflix.discovery.DiscoveryClient    : The response status is 200
2026-03-27T00:39:55.992+05:30  INFO 52784 --- [Config-Servier] [main] com.netflix.discovery.DiscoveryClient    : Starting heartbeat executor: renew interval is: 30
2026-03-27T00:39:55.995+05:30  INFO 52784 --- [Config-Servier] [main] c.n.discovery.InstanceInfoReplicator     : InstanceInfoReplicator onDemand update allowed rate per min is 4
2026-03-27T00:39:55.999+05:30  INFO 52784 --- [Config-Servier] [main] com.netflix.discovery.DiscoveryClient    : Discovery Client initialized at timestamp 1774552195997 with initial instances count: 0
2026-03-27T00:39:56.005+05:30  INFO 52784 --- [Config-Servier] [main] o.s.c.n.e.s.EurekaServiceRegistry        : Registering application CONFIG-SERVIER with eureka with status UP
2026-03-27T00:39:56.006+05:30  INFO 52784 --- [Config-Servier] [main] com.netflix.discovery.DiscoveryClient    : Saw local status change event StatusChangeEvent [timestamp=1774552196006, current=UP, previous=STARTING]
2026-03-27T00:39:56.009+05:30  INFO 52784 --- [Config-Servier] [DiscoveryClient-InstanceInfoReplicator-%d] com.netflix.discovery.DiscoveryClient    : DiscoveryClient_CONFIG-SERVIER/localhost:Config-Servier:7512: registering service...
2026-03-27T00:39:56.054+05:30  INFO 52784 --- [Config-Servier] [main] o.s.b.w.embedded.tomcat.TomcatWebServer  : Tomcat started on port 7512 (http) with context path '/'
2026-03-27T00:39:56.056+05:30  INFO 52784 --- [Config-Servier] [main] .s.c.n.e.s.EurekaAutoServiceRegistration : Updating port to 7512
2026-03-27T00:39:56.261+05:30  INFO 52784 --- [Config-Servier] [DiscoveryClient-InstanceInfoReplicator-%d] com.netflix.discovery.DiscoveryClient    : DiscoveryClient_CONFIG-SERVIER/localhost:Config-Servier:7512 - registration status: 204
2026-03-27T00:39:57.076+05:30  INFO 52784 --- [Config-Servier] [main] o.s.cloud.commons.util.InetUtils         : Cannot determine local hostname
2026-03-27T00:39:57.120+05:30  INFO 52784 --- [Config-Servier] [main] com.admin.ConfigServierApplication       : Started ConfigServierApplication in 14.351 seconds (process running for 14.761)
2026-03-27T00:40:26.009+05:30  INFO 52784 --- [Config-Servier] [DiscoveryClient-CacheRefreshExecutor-%d] com.netflix.discovery.DiscoveryClient    : Disable delta property : false
2026-03-27T00:40:26.010+05:30  INFO 52784 --- [Config-Servier] [DiscoveryClient-CacheRefreshExecutor-%d] com.netflix.discovery.DiscoveryClient    : Single vip registry refresh property : null
2026-03-27T00:40:26.011+05:30  INFO 52784 --- [Config-Servier] [DiscoveryClient-CacheRefreshExecutor-%d] com.netflix.discovery.DiscoveryClient    : Force full registry fetch : false
2026-03-27T00:40:26.012+05:30  INFO 52784 --- [Config-Servier] [DiscoveryClient-CacheRefreshExecutor-%d] com.netflix.discovery.DiscoveryClient    : Application is null : false
2026-03-27T00:40:26.013+05:30  INFO 52784 --- [Config-Servier] [DiscoveryClient-CacheRefreshExecutor-%d] com.netflix.discovery.DiscoveryClient    : Registered Applications size is zero : true
2026-03-27T00:40:26.014+05:30  INFO 52784 --- [Config-Servier] [DiscoveryClient-CacheRefreshExecutor-%d] com.netflix.discovery.DiscoveryClient    : Application version is -1: false
2026-03-27T00:40:26.014+05:30  INFO 52784 --- [Config-Servier] [DiscoveryClient-CacheRefreshExecutor-%d] com.netflix.discovery.DiscoveryClient    : Getting all instance registry info from the eureka server
2026-03-27T00:40:26.064+05:30  INFO 52784 --- [Config-Servier] [DiscoveryClient-CacheRefreshExecutor-%d] com.netflix.discovery.DiscoveryClient    : The response status is 200
2026-03-27T09:45:57.107+05:30  INFO 23728 --- [Config-Servier] [main] com.admin.ConfigServierApplication       : Starting ConfigServierApplication using Java 21.0.6 with PID 23728 (C:\Users\Asus\Desktop\Payment-wallet\Config-Servier\target\classes started by Asus in C:\Users\Asus\Desktop\Payment-wallet\Config-Servier)
2026-03-27T09:45:57.111+05:30  INFO 23728 --- [Config-Servier] [main] com.admin.ConfigServierApplication       : No active profile set, falling back to 1 default profile: "default"
2026-03-27T09:45:58.186+05:30  INFO 23728 --- [Config-Servier] [main] o.s.cloud.context.scope.GenericScope     : BeanFactory id=06987e95-7906-3fb6-866c-edfcd8bfc534
2026-03-27T09:45:58.256+05:30  WARN 23728 --- [Config-Servier] [main] trationDelegate$BeanPostProcessorChecker : Bean 'org.springframework.cloud.client.loadbalancer.LoadBalancerAutoConfiguration$DeferringLoadBalancerInterceptorConfig' of type [org.springframework.cloud.client.loadbalancer.LoadBalancerAutoConfiguration$DeferringLoadBalancerInterceptorConfig] is not eligible for getting processed by all BeanPostProcessors (for example: not eligible for auto-proxying). The currently created BeanPostProcessor [lbRestClientPostProcessor] is declared through a non-static factory method on that class; consider declaring it as static instead.
2026-03-27T09:45:58.258+05:30  WARN 23728 --- [Config-Servier] [main] trationDelegate$BeanPostProcessorChecker : Bean 'deferringLoadBalancerInterceptor' of type [org.springframework.cloud.client.loadbalancer.DeferringLoadBalancerInterceptor] is not eligible for getting processed by all BeanPostProcessors (for example: not eligible for auto-proxying). Is this bean getting eagerly injected/applied to a currently created BeanPostProcessor [lbRestClientPostProcessor]? Check the corresponding BeanPostProcessor declaration and its dependencies/advisors. If this bean does not have to be post-processed, declare it with ROLE_INFRASTRUCTURE.
2026-03-27T09:45:58.450+05:30  INFO 23728 --- [Config-Servier] [main] o.s.b.w.embedded.tomcat.TomcatWebServer  : Tomcat initialized with port 7512 (http)
2026-03-27T09:45:58.464+05:30  INFO 23728 --- [Config-Servier] [main] o.apache.catalina.core.StandardService   : Starting service [Tomcat]
2026-03-27T09:45:58.466+05:30  INFO 23728 --- [Config-Servier] [main] o.apache.catalina.core.StandardEngine    : Starting Servlet engine: [Apache Tomcat/10.1.31]
2026-03-27T09:45:58.547+05:30  INFO 23728 --- [Config-Servier] [main] o.a.c.c.C.[Tomcat].[localhost].[/]       : Initializing Spring embedded WebApplicationContext
2026-03-27T09:45:58.548+05:30  INFO 23728 --- [Config-Servier] [main] w.s.c.ServletWebServerApplicationContext : Root WebApplicationContext: initialization completed in 1391 ms
2026-03-27T09:46:00.138+05:30  INFO 23728 --- [Config-Servier] [main] o.s.cloud.commons.util.InetUtils         : Cannot determine local hostname
2026-03-27T09:46:04.233+05:30  INFO 23728 --- [Config-Servier] [main] o.s.cloud.commons.util.InetUtils         : Cannot determine local hostname
2026-03-27T09:46:04.262+05:30  INFO 23728 --- [Config-Servier] [main] DiscoveryClientOptionalArgsConfiguration : Eureka HTTP Client uses RestTemplate.
2026-03-27T09:46:04.360+05:30  WARN 23728 --- [Config-Servier] [main] iguration$LoadBalancerCaffeineWarnLogger : Spring Cloud LoadBalancer is currently working with the default cache. While this cache implementation is useful for development and tests, it's recommended to use Caffeine cache in production.You can switch to using Caffeine cache, by adding it and org.springframework.cache.caffeine.CaffeineCacheManager to the classpath.
2026-03-27T09:46:04.367+05:30  INFO 23728 --- [Config-Servier] [main] o.s.b.a.e.web.EndpointLinksResolver      : Exposing 3 endpoints beneath base path '/actuator'
2026-03-27T09:46:04.412+05:30  INFO 23728 --- [Config-Servier] [main] o.s.c.n.eureka.InstanceInfoFactory       : Setting initial instance status as: STARTING
2026-03-27T09:46:04.432+05:30  INFO 23728 --- [Config-Servier] [main] com.netflix.discovery.DiscoveryClient    : Initializing Eureka in region us-east-1
2026-03-27T09:46:04.437+05:30  INFO 23728 --- [Config-Servier] [main] c.n.d.s.r.aws.ConfigClusterResolver      : Resolving eureka endpoints via configuration
2026-03-27T09:46:04.445+05:30  INFO 23728 --- [Config-Servier] [main] com.netflix.discovery.DiscoveryClient    : Disable delta property : false
2026-03-27T09:46:04.446+05:30  INFO 23728 --- [Config-Servier] [main] com.netflix.discovery.DiscoveryClient    : Single vip registry refresh property : null
2026-03-27T09:46:04.446+05:30  INFO 23728 --- [Config-Servier] [main] com.netflix.discovery.DiscoveryClient    : Force full registry fetch : false
2026-03-27T09:46:04.447+05:30  INFO 23728 --- [Config-Servier] [main] com.netflix.discovery.DiscoveryClient    : Application is null : false
2026-03-27T09:46:04.447+05:30  INFO 23728 --- [Config-Servier] [main] com.netflix.discovery.DiscoveryClient    : Registered Applications size is zero : true
2026-03-27T09:46:04.447+05:30  INFO 23728 --- [Config-Servier] [main] com.netflix.discovery.DiscoveryClient    : Application version is -1: true
2026-03-27T09:46:04.448+05:30  INFO 23728 --- [Config-Servier] [main] com.netflix.discovery.DiscoveryClient    : Getting all instance registry info from the eureka server
2026-03-27T09:46:04.875+05:30  INFO 23728 --- [Config-Servier] [main] com.netflix.discovery.DiscoveryClient    : The response status is 200
2026-03-27T09:46:04.876+05:30  INFO 23728 --- [Config-Servier] [main] com.netflix.discovery.DiscoveryClient    : Starting heartbeat executor: renew interval is: 30
2026-03-27T09:46:04.878+05:30  INFO 23728 --- [Config-Servier] [main] c.n.discovery.InstanceInfoReplicator     : InstanceInfoReplicator onDemand update allowed rate per min is 4
2026-03-27T09:46:04.880+05:30  INFO 23728 --- [Config-Servier] [main] com.netflix.discovery.DiscoveryClient    : Discovery Client initialized at timestamp 1774584964879 with initial instances count: 0
2026-03-27T09:46:04.882+05:30  INFO 23728 --- [Config-Servier] [main] o.s.c.n.e.s.EurekaServiceRegistry        : Registering application CONFIG-SERVIER with eureka with status UP
2026-03-27T09:46:04.883+05:30  INFO 23728 --- [Config-Servier] [main] com.netflix.discovery.DiscoveryClient    : Saw local status change event StatusChangeEvent [timestamp=1774584964882, current=UP, previous=STARTING]
2026-03-27T09:46:04.884+05:30  INFO 23728 --- [Config-Servier] [DiscoveryClient-InstanceInfoReplicator-%d] com.netflix.discovery.DiscoveryClient    : DiscoveryClient_CONFIG-SERVIER/localhost:Config-Servier:7512: registering service...
2026-03-27T09:46:04.900+05:30  INFO 23728 --- [Config-Servier] [main] o.s.b.w.embedded.tomcat.TomcatWebServer  : Tomcat started on port 7512 (http) with context path '/'
2026-03-27T09:46:04.901+05:30  INFO 23728 --- [Config-Servier] [main] .s.c.n.e.s.EurekaAutoServiceRegistration : Updating port to 7512
2026-03-27T09:46:04.997+05:30  INFO 23728 --- [Config-Servier] [DiscoveryClient-InstanceInfoReplicator-%d] com.netflix.discovery.DiscoveryClient    : DiscoveryClient_CONFIG-SERVIER/localhost:Config-Servier:7512 - registration status: 204
2026-03-27T09:46:05.910+05:30  INFO 23728 --- [Config-Servier] [main] o.s.cloud.commons.util.InetUtils         : Cannot determine local hostname
2026-03-27T09:46:05.936+05:30  INFO 23728 --- [Config-Servier] [main] com.admin.ConfigServierApplication       : Started ConfigServierApplication in 10.279 seconds (process running for 10.616)
2026-03-27T09:46:34.882+05:30  INFO 23728 --- [Config-Servier] [DiscoveryClient-CacheRefreshExecutor-%d] com.netflix.discovery.DiscoveryClient    : Disable delta property : false
2026-03-27T09:46:36.161+05:30  INFO 23728 --- [Config-Servier] [DiscoveryClient-CacheRefreshExecutor-%d] com.netflix.discovery.DiscoveryClient    : Single vip registry refresh property : null
2026-03-27T09:46:37.909+05:30  INFO 23728 --- [Config-Servier] [DiscoveryClient-CacheRefreshExecutor-%d] com.netflix.discovery.DiscoveryClient    : Force full registry fetch : false
2026-03-27T09:46:38.309+05:30  INFO 23728 --- [Config-Servier] [DiscoveryClient-CacheRefreshExecutor-%d] com.netflix.discovery.DiscoveryClient    : Application is null : false
2026-03-27T09:46:38.312+05:30  INFO 23728 --- [Config-Servier] [DiscoveryClient-CacheRefreshExecutor-%d] com.netflix.discovery.DiscoveryClient    : Registered Applications size is zero : true
2026-03-27T09:46:38.313+05:30  INFO 23728 --- [Config-Servier] [DiscoveryClient-CacheRefreshExecutor-%d] com.netflix.discovery.DiscoveryClient    : Application version is -1: false
2026-03-27T09:46:38.345+05:30  INFO 23728 --- [Config-Servier] [DiscoveryClient-CacheRefreshExecutor-%d] com.netflix.discovery.DiscoveryClient    : Getting all instance registry info from the eureka server
2026-03-27T09:46:38.471+05:30  INFO 23728 --- [Config-Servier] [DiscoveryClient-CacheRefreshExecutor-%d] com.netflix.discovery.DiscoveryClient    : The response status is 200
2026-03-27T09:51:04.461+05:30  INFO 23728 --- [Config-Servier] [AsyncResolver-bootstrap-executor-%d] c.n.d.s.r.aws.ConfigClusterResolver      : Resolving eureka endpoints via configuration
2026-03-27T09:56:04.482+05:30  INFO 23728 --- [Config-Servier] [AsyncResolver-bootstrap-executor-%d] c.n.d.s.r.aws.ConfigClusterResolver      : Resolving eureka endpoints via configuration
2026-03-27T10:01:04.491+05:30  INFO 23728 --- [Config-Servier] [AsyncResolver-bootstrap-executor-%d] c.n.d.s.r.aws.ConfigClusterResolver      : Resolving eureka endpoints via configuration
2026-03-27T10:06:04.503+05:30  INFO 23728 --- [Config-Servier] [AsyncResolver-bootstrap-executor-%d] c.n.d.s.r.aws.ConfigClusterResolver      : Resolving eureka endpoints via configuration
2026-03-27T10:11:04.520+05:30  INFO 23728 --- [Config-Servier] [AsyncResolver-bootstrap-executor-%d] c.n.d.s.r.aws.ConfigClusterResolver      : Resolving eureka endpoints via configuration
2026-03-27T10:16:04.537+05:30  INFO 23728 --- [Config-Servier] [AsyncResolver-bootstrap-executor-%d] c.n.d.s.r.aws.ConfigClusterResolver      : Resolving eureka endpoints via configuration
2026-03-27T10:25:28.831+05:30  INFO 53132 --- [Config-Servier] [main] com.admin.ConfigServierApplication       : Starting ConfigServierApplication using Java 21.0.6 with PID 53132 (C:\Users\Asus\Desktop\Payment-wallet\Config-Servier\target\classes started by Asus in C:\Users\Asus\Desktop\Payment-wallet\Config-Servier)
2026-03-27T10:25:28.834+05:30  INFO 53132 --- [Config-Servier] [main] com.admin.ConfigServierApplication       : No active profile set, falling back to 1 default profile: "default"
2026-03-27T10:25:29.877+05:30  INFO 53132 --- [Config-Servier] [main] o.s.cloud.context.scope.GenericScope     : BeanFactory id=06987e95-7906-3fb6-866c-edfcd8bfc534
2026-03-27T10:25:29.943+05:30  WARN 53132 --- [Config-Servier] [main] trationDelegate$BeanPostProcessorChecker : Bean 'org.springframework.cloud.client.loadbalancer.LoadBalancerAutoConfiguration$DeferringLoadBalancerInterceptorConfig' of type [org.springframework.cloud.client.loadbalancer.LoadBalancerAutoConfiguration$DeferringLoadBalancerInterceptorConfig] is not eligible for getting processed by all BeanPostProcessors (for example: not eligible for auto-proxying). The currently created BeanPostProcessor [lbRestClientPostProcessor] is declared through a non-static factory method on that class; consider declaring it as static instead.
2026-03-27T10:25:29.945+05:30  WARN 53132 --- [Config-Servier] [main] trationDelegate$BeanPostProcessorChecker : Bean 'deferringLoadBalancerInterceptor' of type [org.springframework.cloud.client.loadbalancer.DeferringLoadBalancerInterceptor] is not eligible for getting processed by all BeanPostProcessors (for example: not eligible for auto-proxying). Is this bean getting eagerly injected/applied to a currently created BeanPostProcessor [lbRestClientPostProcessor]? Check the corresponding BeanPostProcessor declaration and its dependencies/advisors. If this bean does not have to be post-processed, declare it with ROLE_INFRASTRUCTURE.
2026-03-27T10:25:30.142+05:30  INFO 53132 --- [Config-Servier] [main] o.s.b.w.embedded.tomcat.TomcatWebServer  : Tomcat initialized with port 7512 (http)
2026-03-27T10:25:30.157+05:30  INFO 53132 --- [Config-Servier] [main] o.apache.catalina.core.StandardService   : Starting service [Tomcat]
2026-03-27T10:25:30.160+05:30  INFO 53132 --- [Config-Servier] [main] o.apache.catalina.core.StandardEngine    : Starting Servlet engine: [Apache Tomcat/10.1.31]
2026-03-27T10:25:30.254+05:30  INFO 53132 --- [Config-Servier] [main] o.a.c.c.C.[Tomcat].[localhost].[/]       : Initializing Spring embedded WebApplicationContext
2026-03-27T10:25:30.254+05:30  INFO 53132 --- [Config-Servier] [main] w.s.c.ServletWebServerApplicationContext : Root WebApplicationContext: initialization completed in 1372 ms
2026-03-27T10:25:31.835+05:30  INFO 53132 --- [Config-Servier] [main] o.s.cloud.commons.util.InetUtils         : Cannot determine local hostname
2026-03-27T10:25:35.343+05:30  INFO 53132 --- [Config-Servier] [main] o.s.cloud.commons.util.InetUtils         : Cannot determine local hostname
2026-03-27T10:25:35.371+05:30  INFO 53132 --- [Config-Servier] [main] DiscoveryClientOptionalArgsConfiguration : Eureka HTTP Client uses RestTemplate.
2026-03-27T10:25:35.452+05:30  WARN 53132 --- [Config-Servier] [main] iguration$LoadBalancerCaffeineWarnLogger : Spring Cloud LoadBalancer is currently working with the default cache. While this cache implementation is useful for development and tests, it's recommended to use Caffeine cache in production.You can switch to using Caffeine cache, by adding it and org.springframework.cache.caffeine.CaffeineCacheManager to the classpath.
2026-03-27T10:25:35.459+05:30  INFO 53132 --- [Config-Servier] [main] o.s.b.a.e.web.EndpointLinksResolver      : Exposing 3 endpoints beneath base path '/actuator'
2026-03-27T10:25:35.505+05:30  INFO 53132 --- [Config-Servier] [main] o.s.c.n.eureka.InstanceInfoFactory       : Setting initial instance status as: STARTING
2026-03-27T10:25:35.526+05:30  INFO 53132 --- [Config-Servier] [main] com.netflix.discovery.DiscoveryClient    : Initializing Eureka in region us-east-1
2026-03-27T10:25:35.531+05:30  INFO 53132 --- [Config-Servier] [main] c.n.d.s.r.aws.ConfigClusterResolver      : Resolving eureka endpoints via configuration
2026-03-27T10:25:35.539+05:30  INFO 53132 --- [Config-Servier] [main] com.netflix.discovery.DiscoveryClient    : Disable delta property : false
2026-03-27T10:25:35.539+05:30  INFO 53132 --- [Config-Servier] [main] com.netflix.discovery.DiscoveryClient    : Single vip registry refresh property : null
2026-03-27T10:25:35.539+05:30  INFO 53132 --- [Config-Servier] [main] com.netflix.discovery.DiscoveryClient    : Force full registry fetch : false
2026-03-27T10:25:35.540+05:30  INFO 53132 --- [Config-Servier] [main] com.netflix.discovery.DiscoveryClient    : Application is null : false
2026-03-27T10:25:35.540+05:30  INFO 53132 --- [Config-Servier] [main] com.netflix.discovery.DiscoveryClient    : Registered Applications size is zero : true
2026-03-27T10:25:35.540+05:30  INFO 53132 --- [Config-Servier] [main] com.netflix.discovery.DiscoveryClient    : Application version is -1: true
2026-03-27T10:25:35.540+05:30  INFO 53132 --- [Config-Servier] [main] com.netflix.discovery.DiscoveryClient    : Getting all instance registry info from the eureka server
2026-03-27T10:25:36.056+05:30  INFO 53132 --- [Config-Servier] [main] com.netflix.discovery.DiscoveryClient    : The response status is 200
2026-03-27T10:25:36.059+05:30  INFO 53132 --- [Config-Servier] [main] com.netflix.discovery.DiscoveryClient    : Starting heartbeat executor: renew interval is: 30
2026-03-27T10:25:36.061+05:30  INFO 53132 --- [Config-Servier] [main] c.n.discovery.InstanceInfoReplicator     : InstanceInfoReplicator onDemand update allowed rate per min is 4
2026-03-27T10:25:36.064+05:30  INFO 53132 --- [Config-Servier] [main] com.netflix.discovery.DiscoveryClient    : Discovery Client initialized at timestamp 1774587336063 with initial instances count: 0
2026-03-27T10:25:36.067+05:30  INFO 53132 --- [Config-Servier] [main] o.s.c.n.e.s.EurekaServiceRegistry        : Registering application CONFIG-SERVIER with eureka with status UP
2026-03-27T10:25:36.068+05:30  INFO 53132 --- [Config-Servier] [main] com.netflix.discovery.DiscoveryClient    : Saw local status change event StatusChangeEvent [timestamp=1774587336068, current=UP, previous=STARTING]
2026-03-27T10:25:36.070+05:30  INFO 53132 --- [Config-Servier] [DiscoveryClient-InstanceInfoReplicator-%d] com.netflix.discovery.DiscoveryClient    : DiscoveryClient_CONFIG-SERVIER/localhost:Config-Servier:7512: registering service...
2026-03-27T10:52:12.300+05:30  INFO 54116 --- [Config-Servier] [main] com.admin.ConfigServierApplication       : Starting ConfigServierApplication using Java 21.0.6 with PID 54116 (C:\Users\Asus\Desktop\Payment-wallet\Config-Servier\target\classes started by Asus in C:\Users\Asus\Desktop\Payment-wallet\Config-Servier)
2026-03-27T10:52:12.304+05:30  INFO 54116 --- [Config-Servier] [main] com.admin.ConfigServierApplication       : No active profile set, falling back to 1 default profile: "default"
2026-03-27T10:52:13.370+05:30  INFO 54116 --- [Config-Servier] [main] o.s.cloud.context.scope.GenericScope     : BeanFactory id=9fd71bb8-6670-32a5-9459-bc77f9918662
2026-03-27T10:52:13.437+05:30  WARN 54116 --- [Config-Servier] [main] trationDelegate$BeanPostProcessorChecker : Bean 'org.springframework.cloud.client.loadbalancer.LoadBalancerAutoConfiguration$DeferringLoadBalancerInterceptorConfig' of type [org.springframework.cloud.client.loadbalancer.LoadBalancerAutoConfiguration$DeferringLoadBalancerInterceptorConfig] is not eligible for getting processed by all BeanPostProcessors (for example: not eligible for auto-proxying). The currently created BeanPostProcessor [lbRestClientPostProcessor] is declared through a non-static factory method on that class; consider declaring it as static instead.
2026-03-27T10:52:13.439+05:30  WARN 54116 --- [Config-Servier] [main] trationDelegate$BeanPostProcessorChecker : Bean 'deferringLoadBalancerInterceptor' of type [org.springframework.cloud.client.loadbalancer.DeferringLoadBalancerInterceptor] is not eligible for getting processed by all BeanPostProcessors (for example: not eligible for auto-proxying). Is this bean getting eagerly injected/applied to a currently created BeanPostProcessor [lbRestClientPostProcessor]? Check the corresponding BeanPostProcessor declaration and its dependencies/advisors. If this bean does not have to be post-processed, declare it with ROLE_INFRASTRUCTURE.
2026-03-27T10:52:13.623+05:30  INFO 54116 --- [Config-Servier] [main] o.s.b.w.embedded.tomcat.TomcatWebServer  : Tomcat initialized with port 7512 (http)
2026-03-27T10:52:13.639+05:30  INFO 54116 --- [Config-Servier] [main] o.apache.catalina.core.StandardService   : Starting service [Tomcat]
2026-03-27T10:52:13.640+05:30  INFO 54116 --- [Config-Servier] [main] o.apache.catalina.core.StandardEngine    : Starting Servlet engine: [Apache Tomcat/10.1.31]
2026-03-27T10:52:13.704+05:30  INFO 54116 --- [Config-Servier] [main] o.a.c.c.C.[Tomcat].[localhost].[/]       : Initializing Spring embedded WebApplicationContext
2026-03-27T10:52:13.706+05:30  INFO 54116 --- [Config-Servier] [main] w.s.c.ServletWebServerApplicationContext : Root WebApplicationContext: initialization completed in 1355 ms
2026-03-27T10:52:15.269+05:30  INFO 54116 --- [Config-Servier] [main] o.s.cloud.commons.util.InetUtils         : Cannot determine local hostname
2026-03-27T10:52:19.001+05:30  INFO 54116 --- [Config-Servier] [main] o.s.cloud.commons.util.InetUtils         : Cannot determine local hostname
2026-03-27T10:52:19.023+05:30  INFO 54116 --- [Config-Servier] [main] DiscoveryClientOptionalArgsConfiguration : Eureka HTTP Client uses RestTemplate.
2026-03-27T10:52:19.104+05:30  WARN 54116 --- [Config-Servier] [main] iguration$LoadBalancerCaffeineWarnLogger : Spring Cloud LoadBalancer is currently working with the default cache. While this cache implementation is useful for development and tests, it's recommended to use Caffeine cache in production.You can switch to using Caffeine cache, by adding it and org.springframework.cache.caffeine.CaffeineCacheManager to the classpath.
2026-03-27T10:52:19.113+05:30  INFO 54116 --- [Config-Servier] [main] o.s.b.a.e.web.EndpointLinksResolver      : Exposing 3 endpoints beneath base path '/actuator'
2026-03-27T10:52:19.163+05:30  INFO 54116 --- [Config-Servier] [main] o.s.c.n.eureka.InstanceInfoFactory       : Setting initial instance status as: STARTING
2026-03-27T10:52:19.188+05:30  INFO 54116 --- [Config-Servier] [main] com.netflix.discovery.DiscoveryClient    : Initializing Eureka in region us-east-1
2026-03-27T10:52:19.194+05:30  INFO 54116 --- [Config-Servier] [main] c.n.d.s.r.aws.ConfigClusterResolver      : Resolving eureka endpoints via configuration
2026-03-27T10:52:19.203+05:30  INFO 54116 --- [Config-Servier] [main] com.netflix.discovery.DiscoveryClient    : Disable delta property : false
2026-03-27T10:52:19.204+05:30  INFO 54116 --- [Config-Servier] [main] com.netflix.discovery.DiscoveryClient    : Single vip registry refresh property : null
2026-03-27T10:52:19.205+05:30  INFO 54116 --- [Config-Servier] [main] com.netflix.discovery.DiscoveryClient    : Force full registry fetch : false
2026-03-27T10:52:19.205+05:30  INFO 54116 --- [Config-Servier] [main] com.netflix.discovery.DiscoveryClient    : Application is null : false
2026-03-27T10:52:19.206+05:30  INFO 54116 --- [Config-Servier] [main] com.netflix.discovery.DiscoveryClient    : Registered Applications size is zero : true
2026-03-27T10:52:19.206+05:30  INFO 54116 --- [Config-Servier] [main] com.netflix.discovery.DiscoveryClient    : Application version is -1: true
2026-03-27T10:52:19.206+05:30  INFO 54116 --- [Config-Servier] [main] com.netflix.discovery.DiscoveryClient    : Getting all instance registry info from the eureka server
2026-03-27T10:52:19.631+05:30  INFO 54116 --- [Config-Servier] [main] com.netflix.discovery.DiscoveryClient    : The response status is 200
2026-03-27T10:52:19.632+05:30  INFO 54116 --- [Config-Servier] [main] com.netflix.discovery.DiscoveryClient    : Starting heartbeat executor: renew interval is: 30
2026-03-27T10:52:19.635+05:30  INFO 54116 --- [Config-Servier] [main] c.n.discovery.InstanceInfoReplicator     : InstanceInfoReplicator onDemand update allowed rate per min is 4
2026-03-27T10:52:19.639+05:30  INFO 54116 --- [Config-Servier] [main] com.netflix.discovery.DiscoveryClient    : Discovery Client initialized at timestamp 1774588939637 with initial instances count: 0
2026-03-27T10:52:19.643+05:30  INFO 54116 --- [Config-Servier] [main] o.s.c.n.e.s.EurekaServiceRegistry        : Registering application CONFIG-SERVIER with eureka with status UP
2026-03-27T10:52:19.644+05:30  INFO 54116 --- [Config-Servier] [main] com.netflix.discovery.DiscoveryClient    : Saw local status change event StatusChangeEvent [timestamp=1774588939644, current=UP, previous=STARTING]
2026-03-27T10:52:19.647+05:30  INFO 54116 --- [Config-Servier] [DiscoveryClient-InstanceInfoReplicator-%d] com.netflix.discovery.DiscoveryClient    : DiscoveryClient_CONFIG-SERVIER/localhost:Config-Servier:7512: registering service...
2026-03-27T10:52:19.669+05:30  INFO 54116 --- [Config-Servier] [main] o.s.b.w.embedded.tomcat.TomcatWebServer  : Tomcat started on port 7512 (http) with context path '/'
2026-03-27T10:52:19.670+05:30  INFO 54116 --- [Config-Servier] [main] .s.c.n.e.s.EurekaAutoServiceRegistration : Updating port to 7512
2026-03-27T10:52:19.788+05:30  INFO 54116 --- [Config-Servier] [DiscoveryClient-InstanceInfoReplicator-%d] com.netflix.discovery.DiscoveryClient    : DiscoveryClient_CONFIG-SERVIER/localhost:Config-Servier:7512 - registration status: 204
2026-03-27T10:52:20.677+05:30  INFO 54116 --- [Config-Servier] [main] o.s.cloud.commons.util.InetUtils         : Cannot determine local hostname
2026-03-27T10:52:20.690+05:30  INFO 54116 --- [Config-Servier] [main] com.admin.ConfigServierApplication       : Started ConfigServierApplication in 9.85 seconds (process running for 10.171)
2026-03-27T10:52:49.636+05:30  INFO 54116 --- [Config-Servier] [DiscoveryClient-CacheRefreshExecutor-%d] com.netflix.discovery.DiscoveryClient    : Disable delta property : false
2026-03-27T10:52:49.648+05:30  INFO 54116 --- [Config-Servier] [DiscoveryClient-CacheRefreshExecutor-%d] com.netflix.discovery.DiscoveryClient    : Single vip registry refresh property : null
2026-03-27T10:52:49.649+05:30  INFO 54116 --- [Config-Servier] [DiscoveryClient-CacheRefreshExecutor-%d] com.netflix.discovery.DiscoveryClient    : Force full registry fetch : false
2026-03-27T10:52:49.650+05:30  INFO 54116 --- [Config-Servier] [DiscoveryClient-CacheRefreshExecutor-%d] com.netflix.discovery.DiscoveryClient    : Application is null : false
2026-03-27T10:52:49.651+05:30  INFO 54116 --- [Config-Servier] [DiscoveryClient-CacheRefreshExecutor-%d] com.netflix.discovery.DiscoveryClient    : Registered Applications size is zero : true
2026-03-27T10:52:49.652+05:30  INFO 54116 --- [Config-Servier] [DiscoveryClient-CacheRefreshExecutor-%d] com.netflix.discovery.DiscoveryClient    : Application version is -1: false
2026-03-27T10:52:49.653+05:30  INFO 54116 --- [Config-Servier] [DiscoveryClient-CacheRefreshExecutor-%d] com.netflix.discovery.DiscoveryClient    : Getting all instance registry info from the eureka server
2026-03-27T10:52:49.697+05:30  INFO 54116 --- [Config-Servier] [DiscoveryClient-CacheRefreshExecutor-%d] com.netflix.discovery.DiscoveryClient    : The response status is 200
2026-03-27T10:57:19.214+05:30  INFO 54116 --- [Config-Servier] [AsyncResolver-bootstrap-executor-%d] c.n.d.s.r.aws.ConfigClusterResolver      : Resolving eureka endpoints via configuration
2026-03-27T11:02:19.234+05:30  INFO 54116 --- [Config-Servier] [AsyncResolver-bootstrap-executor-%d] c.n.d.s.r.aws.ConfigClusterResolver      : Resolving eureka endpoints via configuration
2026-03-27T11:07:19.434+05:30  INFO 54116 --- [Config-Servier] [AsyncResolver-bootstrap-executor-%d] c.n.d.s.r.aws.ConfigClusterResolver      : Resolving eureka endpoints via configuration
2026-03-27T11:12:19.443+05:30  INFO 54116 --- [Config-Servier] [AsyncResolver-bootstrap-executor-%d] c.n.d.s.r.aws.ConfigClusterResolver      : Resolving eureka endpoints via configuration
2026-03-27T11:17:19.455+05:30  INFO 54116 --- [Config-Servier] [AsyncResolver-bootstrap-executor-%d] c.n.d.s.r.aws.ConfigClusterResolver      : Resolving eureka endpoints via configuration
2026-03-27T11:21:53.154+05:30  INFO 32956 --- [Config-Servier] [main] com.admin.ConfigServierApplication       : Starting ConfigServierApplication using Java 21.0.6 with PID 32956 (C:\Users\Asus\Desktop\Payment-wallet\Config-Servier\target\classes started by Asus in C:\Users\Asus\Desktop\Payment-wallet\Config-Servier)
2026-03-27T11:21:53.157+05:30  INFO 32956 --- [Config-Servier] [main] com.admin.ConfigServierApplication       : No active profile set, falling back to 1 default profile: "default"
2026-03-27T11:21:54.094+05:30  INFO 32956 --- [Config-Servier] [main] o.s.cloud.context.scope.GenericScope     : BeanFactory id=9fd71bb8-6670-32a5-9459-bc77f9918662
2026-03-27T11:21:54.160+05:30  WARN 32956 --- [Config-Servier] [main] trationDelegate$BeanPostProcessorChecker : Bean 'org.springframework.cloud.client.loadbalancer.LoadBalancerAutoConfiguration$DeferringLoadBalancerInterceptorConfig' of type [org.springframework.cloud.client.loadbalancer.LoadBalancerAutoConfiguration$DeferringLoadBalancerInterceptorConfig] is not eligible for getting processed by all BeanPostProcessors (for example: not eligible for auto-proxying). The currently created BeanPostProcessor [lbRestClientPostProcessor] is declared through a non-static factory method on that class; consider declaring it as static instead.
2026-03-27T11:21:54.164+05:30  WARN 32956 --- [Config-Servier] [main] trationDelegate$BeanPostProcessorChecker : Bean 'deferringLoadBalancerInterceptor' of type [org.springframework.cloud.client.loadbalancer.DeferringLoadBalancerInterceptor] is not eligible for getting processed by all BeanPostProcessors (for example: not eligible for auto-proxying). Is this bean getting eagerly injected/applied to a currently created BeanPostProcessor [lbRestClientPostProcessor]? Check the corresponding BeanPostProcessor declaration and its dependencies/advisors. If this bean does not have to be post-processed, declare it with ROLE_INFRASTRUCTURE.
2026-03-27T11:21:54.358+05:30  INFO 32956 --- [Config-Servier] [main] o.s.b.w.embedded.tomcat.TomcatWebServer  : Tomcat initialized with port 7512 (http)
2026-03-27T11:21:54.373+05:30  INFO 32956 --- [Config-Servier] [main] o.apache.catalina.core.StandardService   : Starting service [Tomcat]
2026-03-27T11:21:54.374+05:30  INFO 32956 --- [Config-Servier] [main] o.apache.catalina.core.StandardEngine    : Starting Servlet engine: [Apache Tomcat/10.1.31]
2026-03-27T11:21:54.430+05:30  INFO 32956 --- [Config-Servier] [main] o.a.c.c.C.[Tomcat].[localhost].[/]       : Initializing Spring embedded WebApplicationContext
2026-03-27T11:21:54.431+05:30  INFO 32956 --- [Config-Servier] [main] w.s.c.ServletWebServerApplicationContext : Root WebApplicationContext: initialization completed in 1228 ms
2026-03-27T11:21:55.976+05:30  INFO 32956 --- [Config-Servier] [main] o.s.cloud.commons.util.InetUtils         : Cannot determine local hostname
2026-03-27T11:21:59.424+05:30  INFO 32956 --- [Config-Servier] [main] o.s.cloud.commons.util.InetUtils         : Cannot determine local hostname
2026-03-27T11:21:59.445+05:30  INFO 32956 --- [Config-Servier] [main] DiscoveryClientOptionalArgsConfiguration : Eureka HTTP Client uses RestTemplate.
2026-03-27T11:21:59.515+05:30  WARN 32956 --- [Config-Servier] [main] iguration$LoadBalancerCaffeineWarnLogger : Spring Cloud LoadBalancer is currently working with the default cache. While this cache implementation is useful for development and tests, it's recommended to use Caffeine cache in production.You can switch to using Caffeine cache, by adding it and org.springframework.cache.caffeine.CaffeineCacheManager to the classpath.
2026-03-27T11:21:59.522+05:30  INFO 32956 --- [Config-Servier] [main] o.s.b.a.e.web.EndpointLinksResolver      : Exposing 3 endpoints beneath base path '/actuator'
2026-03-27T11:21:59.568+05:30  INFO 32956 --- [Config-Servier] [main] o.s.c.n.eureka.InstanceInfoFactory       : Setting initial instance status as: STARTING
2026-03-27T11:21:59.590+05:30  INFO 32956 --- [Config-Servier] [main] com.netflix.discovery.DiscoveryClient    : Initializing Eureka in region us-east-1
2026-03-27T11:21:59.594+05:30  INFO 32956 --- [Config-Servier] [main] c.n.d.s.r.aws.ConfigClusterResolver      : Resolving eureka endpoints via configuration
2026-03-27T11:21:59.602+05:30  INFO 32956 --- [Config-Servier] [main] com.netflix.discovery.DiscoveryClient    : Disable delta property : false
2026-03-27T11:21:59.603+05:30  INFO 32956 --- [Config-Servier] [main] com.netflix.discovery.DiscoveryClient    : Single vip registry refresh property : null
2026-03-27T11:21:59.604+05:30  INFO 32956 --- [Config-Servier] [main] com.netflix.discovery.DiscoveryClient    : Force full registry fetch : false
2026-03-27T11:21:59.604+05:30  INFO 32956 --- [Config-Servier] [main] com.netflix.discovery.DiscoveryClient    : Application is null : false
2026-03-27T11:21:59.604+05:30  INFO 32956 --- [Config-Servier] [main] com.netflix.discovery.DiscoveryClient    : Registered Applications size is zero : true
2026-03-27T11:21:59.605+05:30  INFO 32956 --- [Config-Servier] [main] com.netflix.discovery.DiscoveryClient    : Application version is -1: true
2026-03-27T11:21:59.605+05:30  INFO 32956 --- [Config-Servier] [main] com.netflix.discovery.DiscoveryClient    : Getting all instance registry info from the eureka server
2026-03-27T11:21:59.964+05:30  INFO 32956 --- [Config-Servier] [main] com.netflix.discovery.DiscoveryClient    : The response status is 200
2026-03-27T11:21:59.966+05:30  INFO 32956 --- [Config-Servier] [main] com.netflix.discovery.DiscoveryClient    : Starting heartbeat executor: renew interval is: 30
2026-03-27T11:21:59.968+05:30  INFO 32956 --- [Config-Servier] [main] c.n.discovery.InstanceInfoReplicator     : InstanceInfoReplicator onDemand update allowed rate per min is 4
2026-03-27T11:21:59.970+05:30  INFO 32956 --- [Config-Servier] [main] com.netflix.discovery.DiscoveryClient    : Discovery Client initialized at timestamp 1774590719969 with initial instances count: 0
2026-03-27T11:21:59.972+05:30  INFO 32956 --- [Config-Servier] [main] o.s.c.n.e.s.EurekaServiceRegistry        : Registering application CONFIG-SERVIER with eureka with status UP
2026-03-27T11:21:59.974+05:30  INFO 32956 --- [Config-Servier] [main] com.netflix.discovery.DiscoveryClient    : Saw local status change event StatusChangeEvent [timestamp=1774590719974, current=UP, previous=STARTING]
2026-03-27T11:21:59.975+05:30  INFO 32956 --- [Config-Servier] [DiscoveryClient-InstanceInfoReplicator-%d] com.netflix.discovery.DiscoveryClient    : DiscoveryClient_CONFIG-SERVIER/localhost:Config-Servier:7512: registering service...
2026-03-27T11:21:59.993+05:30  INFO 32956 --- [Config-Servier] [main] o.s.b.w.embedded.tomcat.TomcatWebServer  : Tomcat started on port 7512 (http) with context path '/'
2026-03-27T11:21:59.995+05:30  INFO 32956 --- [Config-Servier] [main] .s.c.n.e.s.EurekaAutoServiceRegistration : Updating port to 7512
2026-03-27T11:22:00.092+05:30  INFO 32956 --- [Config-Servier] [DiscoveryClient-InstanceInfoReplicator-%d] com.netflix.discovery.DiscoveryClient    : DiscoveryClient_CONFIG-SERVIER/localhost:Config-Servier:7512 - registration status: 204
2026-03-27T11:22:01.011+05:30  INFO 32956 --- [Config-Servier] [main] o.s.cloud.commons.util.InetUtils         : Cannot determine local hostname
2026-03-27T11:22:01.038+05:30  INFO 32956 --- [Config-Servier] [main] com.admin.ConfigServierApplication       : Started ConfigServierApplication in 9.336 seconds (process running for 9.757)
2026-03-27T11:22:29.983+05:30  INFO 32956 --- [Config-Servier] [DiscoveryClient-CacheRefreshExecutor-%d] com.netflix.discovery.DiscoveryClient    : Disable delta property : false
2026-03-27T11:22:29.985+05:30  INFO 32956 --- [Config-Servier] [DiscoveryClient-CacheRefreshExecutor-%d] com.netflix.discovery.DiscoveryClient    : Single vip registry refresh property : null
2026-03-27T11:22:29.987+05:30  INFO 32956 --- [Config-Servier] [DiscoveryClient-CacheRefreshExecutor-%d] com.netflix.discovery.DiscoveryClient    : Force full registry fetch : false
2026-03-27T11:22:29.987+05:30  INFO 32956 --- [Config-Servier] [DiscoveryClient-CacheRefreshExecutor-%d] com.netflix.discovery.DiscoveryClient    : Application is null : false
2026-03-27T11:22:29.988+05:30  INFO 32956 --- [Config-Servier] [DiscoveryClient-CacheRefreshExecutor-%d] com.netflix.discovery.DiscoveryClient    : Registered Applications size is zero : true
2026-03-27T11:22:29.988+05:30  INFO 32956 --- [Config-Servier] [DiscoveryClient-CacheRefreshExecutor-%d] com.netflix.discovery.DiscoveryClient    : Application version is -1: false
2026-03-27T11:22:29.989+05:30  INFO 32956 --- [Config-Servier] [DiscoveryClient-CacheRefreshExecutor-%d] com.netflix.discovery.DiscoveryClient    : Getting all instance registry info from the eureka server
2026-03-27T11:22:30.004+05:30  INFO 32956 --- [Config-Servier] [DiscoveryClient-CacheRefreshExecutor-%d] com.netflix.discovery.DiscoveryClient    : The response status is 200
2026-03-27T11:23:00.016+05:30  INFO 32956 --- [Config-Servier] [DiscoveryClient-CacheRefreshExecutor-%d] com.netflix.discovery.DiscoveryClient    : Disable delta property : false
2026-03-27T11:23:00.020+05:30  INFO 32956 --- [Config-Servier] [DiscoveryClient-CacheRefreshExecutor-%d] com.netflix.discovery.DiscoveryClient    : Single vip registry refresh property : null
2026-03-27T11:23:00.022+05:30  INFO 32956 --- [Config-Servier] [DiscoveryClient-CacheRefreshExecutor-%d] com.netflix.discovery.DiscoveryClient    : Force full registry fetch : false
2026-03-27T11:23:00.022+05:30  INFO 32956 --- [Config-Servier] [DiscoveryClient-CacheRefreshExecutor-%d] com.netflix.discovery.DiscoveryClient    : Application is null : false
2026-03-27T11:23:00.023+05:30  INFO 32956 --- [Config-Servier] [DiscoveryClient-CacheRefreshExecutor-%d] com.netflix.discovery.DiscoveryClient    : Registered Applications size is zero : true
2026-03-27T11:23:00.023+05:30  INFO 32956 --- [Config-Servier] [DiscoveryClient-CacheRefreshExecutor-%d] com.netflix.discovery.DiscoveryClient    : Application version is -1: false
2026-03-27T11:23:00.025+05:30  INFO 32956 --- [Config-Servier] [DiscoveryClient-CacheRefreshExecutor-%d] com.netflix.discovery.DiscoveryClient    : Getting all instance registry info from the eureka server
2026-03-27T11:23:00.048+05:30  INFO 32956 --- [Config-Servier] [DiscoveryClient-CacheRefreshExecutor-%d] com.netflix.discovery.DiscoveryClient    : The response status is 200
2026-03-27T11:26:59.607+05:30  INFO 32956 --- [Config-Servier] [AsyncResolver-bootstrap-executor-%d] c.n.d.s.r.aws.ConfigClusterResolver      : Resolving eureka endpoints via configuration
2026-03-27T11:58:59.011+05:30  INFO 32956 --- [Config-Servier] [AsyncResolver-bootstrap-executor-%d] c.n.d.s.r.aws.ConfigClusterResolver      : Resolving eureka endpoints via configuration
2026-03-27T12:00:43.576+05:30  INFO 32956 --- [Config-Servier] [SpringApplicationShutdownHook] o.s.c.n.e.s.EurekaServiceRegistry        : Unregistering application CONFIG-SERVIER with eureka with status DOWN
2026-03-27T12:00:43.579+05:30  INFO 32956 --- [Config-Servier] [SpringApplicationShutdownHook] com.netflix.discovery.DiscoveryClient    : Saw local status change event StatusChangeEvent [timestamp=1774593043579, current=DOWN, previous=UP]
2026-03-27T12:00:43.580+05:30  WARN 32956 --- [Config-Servier] [Thread-3] .c.s.e.MultipleJGitEnvironmentRepository : Failed to delete temporary directory on exit: java.nio.file.AccessDeniedException: C:\Users\Asus\AppData\Local\Temp\config-repo-205068229658347082\.git\objects\pack\pack-8d3d57ff19ec4766f8b3b3c829d85c957ad07082.idx
2026-03-27T12:00:43.581+05:30  INFO 32956 --- [Config-Servier] [DiscoveryClient-InstanceInfoReplicator-%d] com.netflix.discovery.DiscoveryClient    : DiscoveryClient_CONFIG-SERVIER/localhost:Config-Servier:7512: registering service...
2026-03-27T12:00:43.631+05:30  INFO 32956 --- [Config-Servier] [DiscoveryClient-InstanceInfoReplicator-%d] c.n.d.s.t.d.RedirectingEurekaHttpClient  : Request execution error. endpoint=DefaultEndpoint{ serviceUrl='http://localhost:8761/eureka/} exception=I/O error on POST request for "http://localhost:8761/eureka/apps/CONFIG-SERVIER": Connect to http://localhost:8761 [localhost/127.0.0.1, localhost/0:0:0:0:0:0:0:1] failed: Connection refused: getsockopt stacktrace=org.springframework.web.client.ResourceAccessException: I/O error on POST request for "http://localhost:8761/eureka/apps/CONFIG-SERVIER": Connect to http://localhost:8761 [localhost/127.0.0.1, localhost/0:0:0:0:0:0:0:1] failed: Connection refused: getsockopt
	at org.springframework.web.client.RestTemplate.createResourceAccessException(RestTemplate.java:915)
	at org.springframework.web.client.RestTemplate.doExecute(RestTemplate.java:895)
	at org.springframework.web.client.RestTemplate.execute(RestTemplate.java:790)
	at org.springframework.web.client.RestTemplate.exchange(RestTemplate.java:672)
	at org.springframework.cloud.netflix.eureka.http.RestTemplateEurekaHttpClient.register(RestTemplateEurekaHttpClient.java:77)
	at com.netflix.discovery.shared.transport.decorator.EurekaHttpClientDecorator$1.execute(EurekaHttpClientDecorator.java:59)
	at com.netflix.discovery.shared.transport.decorator.RedirectingEurekaHttpClient.execute(RedirectingEurekaHttpClient.java:91)
	at com.netflix.discovery.shared.transport.decorator.EurekaHttpClientDecorator.register(EurekaHttpClientDecorator.java:56)
	at com.netflix.discovery.shared.transport.decorator.EurekaHttpClientDecorator$1.execute(EurekaHttpClientDecorator.java:59)
	at com.netflix.discovery.shared.transport.decorator.RetryableEurekaHttpClient.execute(RetryableEurekaHttpClient.java:120)
	at com.netflix.discovery.shared.transport.decorator.EurekaHttpClientDecorator.register(EurekaHttpClientDecorator.java:56)
	at com.netflix.discovery.shared.transport.decorator.EurekaHttpClientDecorator$1.execute(EurekaHttpClientDecorator.java:59)
	at com.netflix.discovery.shared.transport.decorator.SessionedEurekaHttpClient.execute(SessionedEurekaHttpClient.java:76)
	at com.netflix.discovery.shared.transport.decorator.EurekaHttpClientDecorator.register(EurekaHttpClientDecorator.java:56)
	at com.netflix.discovery.DiscoveryClient.register(DiscoveryClient.java:828)
	at com.netflix.discovery.InstanceInfoReplicator.run(InstanceInfoReplicator.java:125)
	at com.netflix.discovery.InstanceInfoReplicator$2.run(InstanceInfoReplicator.java:105)
	at java.base/java.util.concurrent.Executors$RunnableAdapter.call(Executors.java:572)
	at java.base/java.util.concurrent.FutureTask.run(FutureTask.java:317)
	at java.base/java.util.concurrent.ScheduledThreadPoolExecutor$ScheduledFutureTask.run(ScheduledThreadPoolExecutor.java:304)
	at java.base/java.util.concurrent.ThreadPoolExecutor.runWorker(ThreadPoolExecutor.java:1144)
	at java.base/java.util.concurrent.ThreadPoolExecutor$Worker.run(ThreadPoolExecutor.java:642)
	at java.base/java.lang.Thread.run(Thread.java:1583)
Caused by: org.apache.hc.client5.http.HttpHostConnectException: Connect to http://localhost:8761 [localhost/127.0.0.1, localhost/0:0:0:0:0:0:0:1] failed: Connection refused: getsockopt
	at java.base/sun.nio.ch.Net.pollConnect(Native Method)
	at java.base/sun.nio.ch.Net.pollConnectNow(Net.java:682)
	at java.base/sun.nio.ch.NioSocketImpl.timedFinishConnect(NioSocketImpl.java:542)
	at java.base/sun.nio.ch.NioSocketImpl.connect(NioSocketImpl.java:592)
	at java.base/java.net.SocksSocketImpl.connect(SocksSocketImpl.java:327)
	at java.base/java.net.Socket.connect(Socket.java:751)
	at org.apache.hc.client5.http.socket.PlainConnectionSocketFactory.lambda$connectSocket$0(PlainConnectionSocketFactory.java:91)
	at java.base/java.security.AccessController.doPrivileged(AccessController.java:571)
	at org.apache.hc.client5.http.socket.PlainConnectionSocketFactory.connectSocket(PlainConnectionSocketFactory.java:90)
	at org.apache.hc.client5.http.socket.ConnectionSocketFactory.connectSocket(ConnectionSocketFactory.java:123)
	at org.apache.hc.client5.http.impl.io.DefaultHttpClientConnectionOperator.connect(DefaultHttpClientConnectionOperator.java:189)
	at org.apache.hc.client5.http.impl.io.PoolingHttpClientConnectionManager.connect(PoolingHttpClientConnectionManager.java:450)
	at org.apache.hc.client5.http.impl.classic.InternalExecRuntime.connectEndpoint(InternalExecRuntime.java:162)
	at org.apache.hc.client5.http.impl.classic.InternalExecRuntime.connectEndpoint(InternalExecRuntime.java:172)
	at org.apache.hc.client5.http.impl.classic.ConnectExec.execute(ConnectExec.java:142)
	at org.apache.hc.client5.http.impl.classic.ExecChainElement.execute(ExecChainElement.java:51)
	at org.apache.hc.client5.http.impl.classic.ProtocolExec.execute(ProtocolExec.java:192)
	at org.apache.hc.client5.http.impl.classic.ExecChainElement.execute(ExecChainElement.java:51)
	at org.apache.hc.client5.http.impl.classic.HttpRequestRetryExec.execute(HttpRequestRetryExec.java:113)
	at org.apache.hc.client5.http.impl.classic.ExecChainElement.execute(ExecChainElement.java:51)
	at org.apache.hc.client5.http.impl.classic.ContentCompressionExec.execute(ContentCompressionExec.java:152)
	at org.apache.hc.client5.http.impl.classic.ExecChainElement.execute(ExecChainElement.java:51)
	at org.apache.hc.client5.http.impl.classic.RedirectExec.execute(RedirectExec.java:116)
	at org.apache.hc.client5.http.impl.classic.ExecChainElement.execute(ExecChainElement.java:51)
	at org.apache.hc.client5.http.impl.classic.InternalHttpClient.doExecute(InternalHttpClient.java:170)
	at org.apache.hc.client5.http.impl.classic.CloseableHttpClient.execute(CloseableHttpClient.java:87)
	at org.apache.hc.client5.http.impl.classic.CloseableHttpClient.execute(CloseableHttpClient.java:55)
	at org.apache.hc.client5.http.classic.HttpClient.executeOpen(HttpClient.java:183)
	at org.springframework.http.client.HttpComponentsClientHttpRequest.executeInternal(HttpComponentsClientHttpRequest.java:99)
	at org.springframework.http.client.AbstractStreamingClientHttpRequest.executeInternal(AbstractStreamingClientHttpRequest.java:70)
	at org.springframework.http.client.AbstractClientHttpRequest.execute(AbstractClientHttpRequest.java:66)
	at org.springframework.http.client.InterceptingClientHttpRequest$InterceptingRequestExecution.execute(InterceptingClientHttpRequest.java:112)
	at org.springframework.cloud.netflix.eureka.http.RestTemplateTransportClientFactory.lambda$restTemplate$3(RestTemplateTransportClientFactory.java:170)
	at org.springframework.http.client.InterceptingClientHttpRequest$InterceptingRequestExecution.execute(InterceptingClientHttpRequest.java:88)
	at org.springframework.http.client.InterceptingClientHttpRequest.executeInternal(InterceptingClientHttpRequest.java:72)
	at org.springframework.http.client.AbstractBufferingClientHttpRequest.executeInternal(AbstractBufferingClientHttpRequest.java:48)
	at org.springframework.http.client.AbstractClientHttpRequest.execute(AbstractClientHttpRequest.java:66)
	at org.springframework.web.client.RestTemplate.doExecute(RestTemplate.java:889)
	... 21 more

2026-03-27T12:00:43.633+05:30  WARN 32956 --- [Config-Servier] [DiscoveryClient-InstanceInfoReplicator-%d] c.n.d.s.t.d.RetryableEurekaHttpClient    : Request execution failed with message: I/O error on POST request for "http://localhost:8761/eureka/apps/CONFIG-SERVIER": Connect to http://localhost:8761 [localhost/127.0.0.1, localhost/0:0:0:0:0:0:0:1] failed: Connection refused: getsockopt
2026-03-27T12:00:43.635+05:30  INFO 32956 --- [Config-Servier] [SpringApplicationShutdownHook] com.netflix.discovery.DiscoveryClient    : Shutting down DiscoveryClient ...
2026-03-27T12:00:43.662+05:30  INFO 32956 --- [Config-Servier] [DiscoveryClient-InstanceInfoReplicator-%d] c.n.d.s.t.d.RedirectingEurekaHttpClient  : Request execution error. endpoint=DefaultEndpoint{ serviceUrl='http://localhost:8761/eureka/}, exception=I/O error on POST request for "http://localhost:8761/eureka/apps/CONFIG-SERVIER": Connect to http://localhost:8761 [localhost/127.0.0.1, localhost/0:0:0:0:0:0:0:1] failed: Connection refused: getsockopt stacktrace=org.springframework.web.client.ResourceAccessException: I/O error on POST request for "http://localhost:8761/eureka/apps/CONFIG-SERVIER": Connect to http://localhost:8761 [localhost/127.0.0.1, localhost/0:0:0:0:0:0:0:1] failed: Connection refused: getsockopt
	at org.springframework.web.client.RestTemplate.createResourceAccessException(RestTemplate.java:915)
	at org.springframework.web.client.RestTemplate.doExecute(RestTemplate.java:895)
	at org.springframework.web.client.RestTemplate.execute(RestTemplate.java:790)
	at org.springframework.web.client.RestTemplate.exchange(RestTemplate.java:672)
	at org.springframework.cloud.netflix.eureka.http.RestTemplateEurekaHttpClient.register(RestTemplateEurekaHttpClient.java:77)
	at com.netflix.discovery.shared.transport.decorator.EurekaHttpClientDecorator$1.execute(EurekaHttpClientDecorator.java:59)
	at com.netflix.discovery.shared.transport.decorator.RedirectingEurekaHttpClient.executeOnNewServer(RedirectingEurekaHttpClient.java:121)
	at com.netflix.discovery.shared.transport.decorator.RedirectingEurekaHttpClient.execute(RedirectingEurekaHttpClient.java:80)
	at com.netflix.discovery.shared.transport.decorator.EurekaHttpClientDecorator.register(EurekaHttpClientDecorator.java:56)
	at com.netflix.discovery.shared.transport.decorator.EurekaHttpClientDecorator$1.execute(EurekaHttpClientDecorator.java:59)
	at com.netflix.discovery.shared.transport.decorator.RetryableEurekaHttpClient.execute(RetryableEurekaHttpClient.java:120)
	at com.netflix.discovery.shared.transport.decorator.EurekaHttpClientDecorator.register(EurekaHttpClientDecorator.java:56)
	at com.netflix.discovery.shared.transport.decorator.EurekaHttpClientDecorator$1.execute(EurekaHttpClientDecorator.java:59)
	at com.netflix.discovery.shared.transport.decorator.SessionedEurekaHttpClient.execute(SessionedEurekaHttpClient.java:76)
	at com.netflix.discovery.shared.transport.decorator.EurekaHttpClientDecorator.register(EurekaHttpClientDecorator.java:56)
	at com.netflix.discovery.DiscoveryClient.register(DiscoveryClient.java:828)
	at com.netflix.discovery.InstanceInfoReplicator.run(InstanceInfoReplicator.java:125)
	at com.netflix.discovery.InstanceInfoReplicator$2.run(InstanceInfoReplicator.java:105)
	at java.base/java.util.concurrent.Executors$RunnableAdapter.call(Executors.java:572)
	at java.base/java.util.concurrent.FutureTask.run(FutureTask.java:317)
	at java.base/java.util.concurrent.ScheduledThreadPoolExecutor$ScheduledFutureTask.run(ScheduledThreadPoolExecutor.java:304)
	at java.base/java.util.concurrent.ThreadPoolExecutor.runWorker(ThreadPoolExecutor.java:1144)
	at java.base/java.util.concurrent.ThreadPoolExecutor$Worker.run(ThreadPoolExecutor.java:642)
	at java.base/java.lang.Thread.run(Thread.java:1583)
Caused by: org.apache.hc.client5.http.HttpHostConnectException: Connect to http://localhost:8761 [localhost/127.0.0.1, localhost/0:0:0:0:0:0:0:1] failed: Connection refused: getsockopt
	at java.base/sun.nio.ch.Net.pollConnect(Native Method)
	at java.base/sun.nio.ch.Net.pollConnectNow(Net.java:682)
	at java.base/sun.nio.ch.NioSocketImpl.timedFinishConnect(NioSocketImpl.java:542)
	at java.base/sun.nio.ch.NioSocketImpl.connect(NioSocketImpl.java:592)
	at java.base/java.net.SocksSocketImpl.connect(SocksSocketImpl.java:327)
	at java.base/java.net.Socket.connect(Socket.java:751)
	at org.apache.hc.client5.http.socket.PlainConnectionSocketFactory.lambda$connectSocket$0(PlainConnectionSocketFactory.java:91)
	at java.base/java.security.AccessController.doPrivileged(AccessController.java:571)
	at org.apache.hc.client5.http.socket.PlainConnectionSocketFactory.connectSocket(PlainConnectionSocketFactory.java:90)
	at org.apache.hc.client5.http.socket.ConnectionSocketFactory.connectSocket(ConnectionSocketFactory.java:123)
	at org.apache.hc.client5.http.impl.io.DefaultHttpClientConnectionOperator.connect(DefaultHttpClientConnectionOperator.java:189)
	at org.apache.hc.client5.http.impl.io.PoolingHttpClientConnectionManager.connect(PoolingHttpClientConnectionManager.java:450)
	at org.apache.hc.client5.http.impl.classic.InternalExecRuntime.connectEndpoint(InternalExecRuntime.java:162)
	at org.apache.hc.client5.http.impl.classic.InternalExecRuntime.connectEndpoint(InternalExecRuntime.java:172)
	at org.apache.hc.client5.http.impl.classic.ConnectExec.execute(ConnectExec.java:142)
	at org.apache.hc.client5.http.impl.classic.ExecChainElement.execute(ExecChainElement.java:51)
	at org.apache.hc.client5.http.impl.classic.ProtocolExec.execute(ProtocolExec.java:192)
	at org.apache.hc.client5.http.impl.classic.ExecChainElement.execute(ExecChainElement.java:51)
	at org.apache.hc.client5.http.impl.classic.HttpRequestRetryExec.execute(HttpRequestRetryExec.java:113)
	at org.apache.hc.client5.http.impl.classic.ExecChainElement.execute(ExecChainElement.java:51)
	at org.apache.hc.client5.http.impl.classic.ContentCompressionExec.execute(ContentCompressionExec.java:152)
	at org.apache.hc.client5.http.impl.classic.ExecChainElement.execute(ExecChainElement.java:51)
	at org.apache.hc.client5.http.impl.classic.RedirectExec.execute(RedirectExec.java:116)
	at org.apache.hc.client5.http.impl.classic.ExecChainElement.execute(ExecChainElement.java:51)
	at org.apache.hc.client5.http.impl.classic.InternalHttpClient.doExecute(InternalHttpClient.java:170)
	at org.apache.hc.client5.http.impl.classic.CloseableHttpClient.execute(CloseableHttpClient.java:87)
	at org.apache.hc.client5.http.impl.classic.CloseableHttpClient.execute(CloseableHttpClient.java:55)
	at org.apache.hc.client5.http.classic.HttpClient.executeOpen(HttpClient.java:183)
	at org.springframework.http.client.HttpComponentsClientHttpRequest.executeInternal(HttpComponentsClientHttpRequest.java:99)
	at org.springframework.http.client.AbstractStreamingClientHttpRequest.executeInternal(AbstractStreamingClientHttpRequest.java:70)
	at org.springframework.http.client.AbstractClientHttpRequest.execute(AbstractClientHttpRequest.java:66)
	at org.springframework.http.client.InterceptingClientHttpRequest$InterceptingRequestExecution.execute(InterceptingClientHttpRequest.java:112)
	at org.springframework.cloud.netflix.eureka.http.RestTemplateTransportClientFactory.lambda$restTemplate$3(RestTemplateTransportClientFactory.java:170)
	at org.springframework.http.client.InterceptingClientHttpRequest$InterceptingRequestExecution.execute(InterceptingClientHttpRequest.java:88)
	at org.springframework.http.client.InterceptingClientHttpRequest.executeInternal(InterceptingClientHttpRequest.java:72)
	at org.springframework.http.client.AbstractBufferingClientHttpRequest.executeInternal(AbstractBufferingClientHttpRequest.java:48)
	at org.springframework.http.client.AbstractClientHttpRequest.execute(AbstractClientHttpRequest.java:66)
	at org.springframework.web.client.RestTemplate.doExecute(RestTemplate.java:889)
	... 22 more

2026-03-27T12:00:43.663+05:30  WARN 32956 --- [Config-Servier] [DiscoveryClient-InstanceInfoReplicator-%d] c.n.d.s.t.d.RetryableEurekaHttpClient    : Request execution failed with message: I/O error on POST request for "http://localhost:8761/eureka/apps/CONFIG-SERVIER": Connect to http://localhost:8761 [localhost/127.0.0.1, localhost/0:0:0:0:0:0:0:1] failed: Connection refused: getsockopt
2026-03-27T12:00:43.664+05:30  WARN 32956 --- [Config-Servier] [DiscoveryClient-InstanceInfoReplicator-%d] com.netflix.discovery.DiscoveryClient    : DiscoveryClient_CONFIG-SERVIER/localhost:Config-Servier:7512 - registration failed Cannot execute request on any known server

com.netflix.discovery.shared.transport.TransportException: Cannot execute request on any known server
	at com.netflix.discovery.shared.transport.decorator.RetryableEurekaHttpClient.execute(RetryableEurekaHttpClient.java:112) ~[eureka-client-2.0.3.jar:2.0.3]
	at com.netflix.discovery.shared.transport.decorator.EurekaHttpClientDecorator.register(EurekaHttpClientDecorator.java:56) ~[eureka-client-2.0.3.jar:2.0.3]
	at com.netflix.discovery.shared.transport.decorator.EurekaHttpClientDecorator$1.execute(EurekaHttpClientDecorator.java:59) ~[eureka-client-2.0.3.jar:2.0.3]
	at com.netflix.discovery.shared.transport.decorator.SessionedEurekaHttpClient.execute(SessionedEurekaHttpClient.java:76) ~[eureka-client-2.0.3.jar:2.0.3]
	at com.netflix.discovery.shared.transport.decorator.EurekaHttpClientDecorator.register(EurekaHttpClientDecorator.java:56) ~[eureka-client-2.0.3.jar:2.0.3]
	at com.netflix.discovery.DiscoveryClient.register(DiscoveryClient.java:828) ~[eureka-client-2.0.3.jar:2.0.3]
	at com.netflix.discovery.InstanceInfoReplicator.run(InstanceInfoReplicator.java:125) ~[eureka-client-2.0.3.jar:2.0.3]
	at com.netflix.discovery.InstanceInfoReplicator$2.run(InstanceInfoReplicator.java:105) ~[eureka-client-2.0.3.jar:2.0.3]
	at java.base/java.util.concurrent.Executors$RunnableAdapter.call(Executors.java:572) ~[na:na]
	at java.base/java.util.concurrent.FutureTask.run(FutureTask.java:317) ~[na:na]
	at java.base/java.util.concurrent.ScheduledThreadPoolExecutor$ScheduledFutureTask.run(ScheduledThreadPoolExecutor.java:304) ~[na:na]
	at java.base/java.util.concurrent.ThreadPoolExecutor.runWorker(ThreadPoolExecutor.java:1144) ~[na:na]
	at java.base/java.util.concurrent.ThreadPoolExecutor$Worker.run(ThreadPoolExecutor.java:642) ~[na:na]
	at java.base/java.lang.Thread.run(Thread.java:1583) ~[na:na]

2026-03-27T12:00:43.680+05:30  WARN 32956 --- [Config-Servier] [DiscoveryClient-InstanceInfoReplicator-%d] c.n.discovery.InstanceInfoReplicator     : There was a problem with the instance info replicator

com.netflix.discovery.shared.transport.TransportException: Cannot execute request on any known server
	at com.netflix.discovery.shared.transport.decorator.RetryableEurekaHttpClient.execute(RetryableEurekaHttpClient.java:112) ~[eureka-client-2.0.3.jar:2.0.3]
	at com.netflix.discovery.shared.transport.decorator.EurekaHttpClientDecorator.register(EurekaHttpClientDecorator.java:56) ~[eureka-client-2.0.3.jar:2.0.3]
	at com.netflix.discovery.shared.transport.decorator.EurekaHttpClientDecorator$1.execute(EurekaHttpClientDecorator.java:59) ~[eureka-client-2.0.3.jar:2.0.3]
	at com.netflix.discovery.shared.transport.decorator.SessionedEurekaHttpClient.execute(SessionedEurekaHttpClient.java:76) ~[eureka-client-2.0.3.jar:2.0.3]
	at com.netflix.discovery.shared.transport.decorator.EurekaHttpClientDecorator.register(EurekaHttpClientDecorator.java:56) ~[eureka-client-2.0.3.jar:2.0.3]
	at com.netflix.discovery.DiscoveryClient.register(DiscoveryClient.java:828) ~[eureka-client-2.0.3.jar:2.0.3]
	at com.netflix.discovery.InstanceInfoReplicator.run(InstanceInfoReplicator.java:125) ~[eureka-client-2.0.3.jar:2.0.3]
	at com.netflix.discovery.InstanceInfoReplicator$2.run(InstanceInfoReplicator.java:105) ~[eureka-client-2.0.3.jar:2.0.3]
	at java.base/java.util.concurrent.Executors$RunnableAdapter.call(Executors.java:572) ~[na:na]
	at java.base/java.util.concurrent.FutureTask.run(FutureTask.java:317) ~[na:na]
	at java.base/java.util.concurrent.ScheduledThreadPoolExecutor$ScheduledFutureTask.run(ScheduledThreadPoolExecutor.java:304) ~[na:na]
	at java.base/java.util.concurrent.ThreadPoolExecutor.runWorker(ThreadPoolExecutor.java:1144) ~[na:na]
	at java.base/java.util.concurrent.ThreadPoolExecutor$Worker.run(ThreadPoolExecutor.java:642) ~[na:na]
	at java.base/java.lang.Thread.run(Thread.java:1583) ~[na:na]

2026-03-27T12:00:43.683+05:30  INFO 32956 --- [Config-Servier] [SpringApplicationShutdownHook] com.netflix.discovery.DiscoveryClient    : Unregistering ...
2026-03-27T12:00:43.701+05:30  INFO 32956 --- [Config-Servier] [SpringApplicationShutdownHook] c.n.d.s.t.d.RedirectingEurekaHttpClient  : Request execution error. endpoint=DefaultEndpoint{ serviceUrl='http://localhost:8761/eureka/}, exception=I/O error on DELETE request for "http://localhost:8761/eureka/apps/CONFIG-SERVIER/localhost:Config-Servier:7512": Connect to http://localhost:8761 [localhost/127.0.0.1, localhost/0:0:0:0:0:0:0:1] failed: Connection refused: getsockopt stacktrace=org.springframework.web.client.ResourceAccessException: I/O error on DELETE request for "http://localhost:8761/eureka/apps/CONFIG-SERVIER/localhost:Config-Servier:7512": Connect to http://localhost:8761 [localhost/127.0.0.1, localhost/0:0:0:0:0:0:0:1] failed: Connection refused: getsockopt
	at org.springframework.web.client.RestTemplate.createResourceAccessException(RestTemplate.java:915)
	at org.springframework.web.client.RestTemplate.doExecute(RestTemplate.java:895)
	at org.springframework.web.client.RestTemplate.execute(RestTemplate.java:790)
	at org.springframework.web.client.RestTemplate.exchange(RestTemplate.java:672)
	at org.springframework.cloud.netflix.eureka.http.RestTemplateEurekaHttpClient.cancel(RestTemplateEurekaHttpClient.java:87)
	at com.netflix.discovery.shared.transport.decorator.EurekaHttpClientDecorator$2.execute(EurekaHttpClientDecorator.java:74)
	at com.netflix.discovery.shared.transport.decorator.RedirectingEurekaHttpClient.executeOnNewServer(RedirectingEurekaHttpClient.java:121)
	at com.netflix.discovery.shared.transport.decorator.RedirectingEurekaHttpClient.execute(RedirectingEurekaHttpClient.java:80)
	at com.netflix.discovery.shared.transport.decorator.EurekaHttpClientDecorator.cancel(EurekaHttpClientDecorator.java:71)
	at com.netflix.discovery.shared.transport.decorator.EurekaHttpClientDecorator$2.execute(EurekaHttpClientDecorator.java:74)
	at com.netflix.discovery.shared.transport.decorator.RetryableEurekaHttpClient.execute(RetryableEurekaHttpClient.java:120)
	at com.netflix.discovery.shared.transport.decorator.EurekaHttpClientDecorator.cancel(EurekaHttpClientDecorator.java:71)
	at com.netflix.discovery.shared.transport.decorator.EurekaHttpClientDecorator$2.execute(EurekaHttpClientDecorator.java:74)
	at com.netflix.discovery.shared.transport.decorator.SessionedEurekaHttpClient.execute(SessionedEurekaHttpClient.java:76)
	at com.netflix.discovery.shared.transport.decorator.EurekaHttpClientDecorator.cancel(EurekaHttpClientDecorator.java:71)
	at com.netflix.discovery.DiscoveryClient.unregister(DiscoveryClient.java:919)
	at com.netflix.discovery.DiscoveryClient.shutdown(DiscoveryClient.java:900)
	at java.base/jdk.internal.reflect.DirectMethodHandleAccessor.invoke(DirectMethodHandleAccessor.java:103)
	at java.base/java.lang.reflect.Method.invoke(Method.java:580)
	at org.springframework.beans.factory.annotation.InitDestroyAnnotationBeanPostProcessor$LifecycleMethod.invoke(InitDestroyAnnotationBeanPostProcessor.java:457)
	at org.springframework.beans.factory.annotation.InitDestroyAnnotationBeanPostProcessor$LifecycleMetadata.invokeDestroyMethods(InitDestroyAnnotationBeanPostProcessor.java:415)
	at org.springframework.beans.factory.annotation.InitDestroyAnnotationBeanPostProcessor.postProcessBeforeDestruction(InitDestroyAnnotationBeanPostProcessor.java:239)
	at org.springframework.beans.factory.support.DisposableBeanAdapter.destroy(DisposableBeanAdapter.java:202)
	at org.springframework.beans.factory.support.DisposableBeanAdapter.run(DisposableBeanAdapter.java:195)
	at org.springframework.cloud.context.scope.GenericScope$BeanLifecycleWrapper.destroy(GenericScope.java:389)
	at org.springframework.cloud.context.scope.GenericScope.destroy(GenericScope.java:136)
	at org.springframework.beans.factory.support.DisposableBeanAdapter.destroy(DisposableBeanAdapter.java:211)
	at org.springframework.beans.factory.support.DefaultSingletonBeanRegistry.destroyBean(DefaultSingletonBeanRegistry.java:587)
	at org.springframework.beans.factory.support.DefaultSingletonBeanRegistry.destroySingleton(DefaultSingletonBeanRegistry.java:559)
	at org.springframework.beans.factory.support.DefaultListableBeanFactory.destroySingleton(DefaultListableBeanFactory.java:1202)
	at org.springframework.beans.factory.support.DefaultSingletonBeanRegistry.destroySingletons(DefaultSingletonBeanRegistry.java:520)
	at org.springframework.beans.factory.support.DefaultListableBeanFactory.destroySingletons(DefaultListableBeanFactory.java:1195)
	at org.springframework.context.support.AbstractApplicationContext.destroyBeans(AbstractApplicationContext.java:1195)
	at org.springframework.context.support.AbstractApplicationContext.doClose(AbstractApplicationContext.java:1156)
	at org.springframework.boot.web.servlet.context.ServletWebServerApplicationContext.doClose(ServletWebServerApplicationContext.java:174)
	at org.springframework.context.support.AbstractApplicationContext.close(AbstractApplicationContext.java:1102)
	at org.springframework.boot.SpringApplicationShutdownHook.closeAndWait(SpringApplicationShutdownHook.java:145)
	at java.base/java.lang.Iterable.forEach(Iterable.java:75)
	at org.springframework.boot.SpringApplicationShutdownHook.run(SpringApplicationShutdownHook.java:114)
	at java.base/java.lang.Thread.run(Thread.java:1583)
Caused by: org.apache.hc.client5.http.HttpHostConnectException: Connect to http://localhost:8761 [localhost/127.0.0.1, localhost/0:0:0:0:0:0:0:1] failed: Connection refused: getsockopt
	at java.base/sun.nio.ch.Net.pollConnect(Native Method)
	at java.base/sun.nio.ch.Net.pollConnectNow(Net.java:682)
	at java.base/sun.nio.ch.NioSocketImpl.timedFinishConnect(NioSocketImpl.java:542)
	at java.base/sun.nio.ch.NioSocketImpl.connect(NioSocketImpl.java:592)
	at java.base/java.net.SocksSocketImpl.connect(SocksSocketImpl.java:327)
	at java.base/java.net.Socket.connect(Socket.java:751)
	at org.apache.hc.client5.http.socket.PlainConnectionSocketFactory.lambda$connectSocket$0(PlainConnectionSocketFactory.java:91)
	at java.base/java.security.AccessController.doPrivileged(AccessController.java:571)
	at org.apache.hc.client5.http.socket.PlainConnectionSocketFactory.connectSocket(PlainConnectionSocketFactory.java:90)
	at org.apache.hc.client5.http.socket.ConnectionSocketFactory.connectSocket(ConnectionSocketFactory.java:123)
	at org.apache.hc.client5.http.impl.io.DefaultHttpClientConnectionOperator.connect(DefaultHttpClientConnectionOperator.java:189)
	at org.apache.hc.client5.http.impl.io.PoolingHttpClientConnectionManager.connect(PoolingHttpClientConnectionManager.java:450)
	at org.apache.hc.client5.http.impl.classic.InternalExecRuntime.connectEndpoint(InternalExecRuntime.java:162)
	at org.apache.hc.client5.http.impl.classic.InternalExecRuntime.connectEndpoint(InternalExecRuntime.java:172)
	at org.apache.hc.client5.http.impl.classic.ConnectExec.execute(ConnectExec.java:142)
	at org.apache.hc.client5.http.impl.classic.ExecChainElement.execute(ExecChainElement.java:51)
	at org.apache.hc.client5.http.impl.classic.ProtocolExec.execute(ProtocolExec.java:192)
	at org.apache.hc.client5.http.impl.classic.ExecChainElement.execute(ExecChainElement.java:51)
	at org.apache.hc.client5.http.impl.classic.HttpRequestRetryExec.execute(HttpRequestRetryExec.java:113)
	at org.apache.hc.client5.http.impl.classic.ExecChainElement.execute(ExecChainElement.java:51)
	at org.apache.hc.client5.http.impl.classic.ContentCompressionExec.execute(ContentCompressionExec.java:152)
	at org.apache.hc.client5.http.impl.classic.ExecChainElement.execute(ExecChainElement.java:51)
	at org.apache.hc.client5.http.impl.classic.RedirectExec.execute(RedirectExec.java:116)
	at org.apache.hc.client5.http.impl.classic.ExecChainElement.execute(ExecChainElement.java:51)
	at org.apache.hc.client5.http.impl.classic.InternalHttpClient.doExecute(InternalHttpClient.java:170)
	at org.apache.hc.client5.http.impl.classic.CloseableHttpClient.execute(CloseableHttpClient.java:87)
	at org.apache.hc.client5.http.impl.classic.CloseableHttpClient.execute(CloseableHttpClient.java:55)
	at org.apache.hc.client5.http.classic.HttpClient.executeOpen(HttpClient.java:183)
	at org.springframework.http.client.HttpComponentsClientHttpRequest.executeInternal(HttpComponentsClientHttpRequest.java:99)
	at org.springframework.http.client.AbstractStreamingClientHttpRequest.executeInternal(AbstractStreamingClientHttpRequest.java:70)
	at org.springframework.http.client.AbstractClientHttpRequest.execute(AbstractClientHttpRequest.java:66)
	at org.springframework.http.client.InterceptingClientHttpRequest$InterceptingRequestExecution.execute(InterceptingClientHttpRequest.java:112)
	at org.springframework.cloud.netflix.eureka.http.RestTemplateTransportClientFactory.lambda$restTemplate$3(RestTemplateTransportClientFactory.java:170)
	at org.springframework.http.client.InterceptingClientHttpRequest$InterceptingRequestExecution.execute(InterceptingClientHttpRequest.java:88)
	at org.springframework.http.client.InterceptingClientHttpRequest.executeInternal(InterceptingClientHttpRequest.java:72)
	at org.springframework.http.client.AbstractBufferingClientHttpRequest.executeInternal(AbstractBufferingClientHttpRequest.java:48)
	at org.springframework.http.client.AbstractClientHttpRequest.execute(AbstractClientHttpRequest.java:66)
	at org.springframework.web.client.RestTemplate.doExecute(RestTemplate.java:889)
	... 38 more

2026-03-27T12:00:43.703+05:30  WARN 32956 --- [Config-Servier] [SpringApplicationShutdownHook] c.n.d.s.t.d.RetryableEurekaHttpClient    : Request execution failed with message: I/O error on DELETE request for "http://localhost:8761/eureka/apps/CONFIG-SERVIER/localhost:Config-Servier:7512": Connect to http://localhost:8761 [localhost/127.0.0.1, localhost/0:0:0:0:0:0:0:1] failed: Connection refused: getsockopt
2026-03-27T12:00:43.704+05:30 ERROR 32956 --- [Config-Servier] [SpringApplicationShutdownHook] com.netflix.discovery.DiscoveryClient    : DiscoveryClient_CONFIG-SERVIER/localhost:Config-Servier:7512 - de-registration failedCannot execute request on any known server

com.netflix.discovery.shared.transport.TransportException: Cannot execute request on any known server
	at com.netflix.discovery.shared.transport.decorator.RetryableEurekaHttpClient.execute(RetryableEurekaHttpClient.java:112) ~[eureka-client-2.0.3.jar:2.0.3]
	at com.netflix.discovery.shared.transport.decorator.EurekaHttpClientDecorator.cancel(EurekaHttpClientDecorator.java:71) ~[eureka-client-2.0.3.jar:2.0.3]
	at com.netflix.discovery.shared.transport.decorator.EurekaHttpClientDecorator$2.execute(EurekaHttpClientDecorator.java:74) ~[eureka-client-2.0.3.jar:2.0.3]
	at com.netflix.discovery.shared.transport.decorator.SessionedEurekaHttpClient.execute(SessionedEurekaHttpClient.java:76) ~[eureka-client-2.0.3.jar:2.0.3]
	at com.netflix.discovery.shared.transport.decorator.EurekaHttpClientDecorator.cancel(EurekaHttpClientDecorator.java:71) ~[eureka-client-2.0.3.jar:2.0.3]
	at com.netflix.discovery.DiscoveryClient.unregister(DiscoveryClient.java:919) ~[eureka-client-2.0.3.jar:2.0.3]
	at com.netflix.discovery.DiscoveryClient.shutdown(DiscoveryClient.java:900) ~[eureka-client-2.0.3.jar:2.0.3]
	at java.base/jdk.internal.reflect.DirectMethodHandleAccessor.invoke(DirectMethodHandleAccessor.java:103) ~[na:na]
	at java.base/java.lang.reflect.Method.invoke(Method.java:580) ~[na:na]
	at org.springframework.beans.factory.annotation.InitDestroyAnnotationBeanPostProcessor$LifecycleMethod.invoke(InitDestroyAnnotationBeanPostProcessor.java:457) ~[spring-beans-6.1.14.jar:6.1.14]
	at org.springframework.beans.factory.annotation.InitDestroyAnnotationBeanPostProcessor$LifecycleMetadata.invokeDestroyMethods(InitDestroyAnnotationBeanPostProcessor.java:415) ~[spring-beans-6.1.14.jar:6.1.14]
	at org.springframework.beans.factory.annotation.InitDestroyAnnotationBeanPostProcessor.postProcessBeforeDestruction(InitDestroyAnnotationBeanPostProcessor.java:239) ~[spring-beans-6.1.14.jar:6.1.14]
	at org.springframework.beans.factory.support.DisposableBeanAdapter.destroy(DisposableBeanAdapter.java:202) ~[spring-beans-6.1.14.jar:6.1.14]
	at org.springframework.beans.factory.support.DisposableBeanAdapter.run(DisposableBeanAdapter.java:195) ~[spring-beans-6.1.14.jar:6.1.14]
	at org.springframework.cloud.context.scope.GenericScope$BeanLifecycleWrapper.destroy(GenericScope.java:389) ~[spring-cloud-context-4.1.4.jar:4.1.4]
	at org.springframework.cloud.context.scope.GenericScope.destroy(GenericScope.java:136) ~[spring-cloud-context-4.1.4.jar:4.1.4]
	at org.springframework.beans.factory.support.DisposableBeanAdapter.destroy(DisposableBeanAdapter.java:211) ~[spring-beans-6.1.14.jar:6.1.14]
	at org.springframework.beans.factory.support.DefaultSingletonBeanRegistry.destroyBean(DefaultSingletonBeanRegistry.java:587) ~[spring-beans-6.1.14.jar:6.1.14]
	at org.springframework.beans.factory.support.DefaultSingletonBeanRegistry.destroySingleton(DefaultSingletonBeanRegistry.java:559) ~[spring-beans-6.1.14.jar:6.1.14]
	at org.springframework.beans.factory.support.DefaultListableBeanFactory.destroySingleton(DefaultListableBeanFactory.java:1202) ~[spring-beans-6.1.14.jar:6.1.14]
	at org.springframework.beans.factory.support.DefaultSingletonBeanRegistry.destroySingletons(DefaultSingletonBeanRegistry.java:520) ~[spring-beans-6.1.14.jar:6.1.14]
	at org.springframework.beans.factory.support.DefaultListableBeanFactory.destroySingletons(DefaultListableBeanFactory.java:1195) ~[spring-beans-6.1.14.jar:6.1.14]
	at org.springframework.context.support.AbstractApplicationContext.destroyBeans(AbstractApplicationContext.java:1195) ~[spring-context-6.1.14.jar:6.1.14]
	at org.springframework.context.support.AbstractApplicationContext.doClose(AbstractApplicationContext.java:1156) ~[spring-context-6.1.14.jar:6.1.14]
	at org.springframework.boot.web.servlet.context.ServletWebServerApplicationContext.doClose(ServletWebServerApplicationContext.java:174) ~[spring-boot-3.3.5.jar:3.3.5]
	at org.springframework.context.support.AbstractApplicationContext.close(AbstractApplicationContext.java:1102) ~[spring-context-6.1.14.jar:6.1.14]
	at org.springframework.boot.SpringApplicationShutdownHook.closeAndWait(SpringApplicationShutdownHook.java:145) ~[spring-boot-3.3.5.jar:3.3.5]
	at java.base/java.lang.Iterable.forEach(Iterable.java:75) ~[na:na]
	at org.springframework.boot.SpringApplicationShutdownHook.run(SpringApplicationShutdownHook.java:114) ~[spring-boot-3.3.5.jar:3.3.5]
	at java.base/java.lang.Thread.run(Thread.java:1583) ~[na:na]

2026-03-27T12:00:43.708+05:30  INFO 32956 --- [Config-Servier] [SpringApplicationShutdownHook] com.netflix.discovery.DiscoveryClient    : Completed shut down of DiscoveryClient
