[INFO] Scanning for projects...
[INFO] 
[INFO] --------------------< com.payment-app:User-Service >--------------------
[INFO] Building User-Service 0.0.1-SNAPSHOT
[INFO]   from pom.xml
[INFO] --------------------------------[ jar ]---------------------------------
[INFO] 
[INFO] >>> spring-boot:3.3.5:run (default-cli) > test-compile @ User-Service >>>
[INFO] 
[INFO] --- resources:3.3.1:resources (default-resources) @ User-Service ---
[INFO] Copying 1 resource from src\main\resources to target\classes
[INFO] Copying 0 resource from src\main\resources to target\classes
[INFO] 
[INFO] --- compiler:3.13.0:compile (default-compile) @ User-Service ---
[INFO] Nothing to compile - all classes are up to date.
[INFO] 
[INFO] --- resources:3.3.1:testResources (default-testResources) @ User-Service ---
[INFO] skip non existing resourceDirectory C:\Users\Asus\Desktop\Payment-wallet\User-Service\src\test\resources
[INFO] 
[INFO] --- compiler:3.13.0:testCompile (default-testCompile) @ User-Service ---
[INFO] Nothing to compile - all classes are up to date.
[INFO] 
[INFO] <<< spring-boot:3.3.5:run (default-cli) < test-compile @ User-Service <<<
[INFO] 
[INFO] 
[INFO] --- spring-boot:3.3.5:run (default-cli) @ User-Service ---
[INFO] Attaching agents: []

  .   ____          _            __ _ _
 /\\ / ___'_ __ _ _(_)_ __  __ _ \ \ \ \
( ( )\___ | '_ | '_| | '_ \/ _` | \ \ \ \
 \\/  ___)| |_)| | | | | || (_| |  ) ) ) )
  '  |____| .__|_| |_|_| |_\__, | / / / /
 =========|_|==============|___/=/_/_/_/

 :: Spring Boot ::                (v3.3.5)

2026-03-27T09:46:13.017+05:30  INFO 10856 --- [user-service] [  restartedMain] com.user.UserServiceApplication          : Starting UserServiceApplication using Java 21.0.6 with PID 10856 (C:\Users\Asus\Desktop\Payment-wallet\User-Service\target\classes started by Asus in C:\Users\Asus\Desktop\Payment-wallet\User-Service)
2026-03-27T09:46:13.019+05:30 DEBUG 10856 --- [user-service] [  restartedMain] com.user.UserServiceApplication          : Running with Spring Boot v3.3.5, Spring v6.1.14
2026-03-27T09:46:13.020+05:30  INFO 10856 --- [user-service] [  restartedMain] com.user.UserServiceApplication          : No active profile set, falling back to 1 default profile: "default"
2026-03-27T09:46:13.143+05:30  INFO 10856 --- [user-service] [  restartedMain] .e.DevToolsPropertyDefaultsPostProcessor : Devtools property defaults active! Set 'spring.devtools.add-properties' to 'false' to disable
2026-03-27T09:46:13.148+05:30  INFO 10856 --- [user-service] [  restartedMain] .e.DevToolsPropertyDefaultsPostProcessor : For additional web related logging consider setting the 'logging.level.web' property to 'DEBUG'
2026-03-27T09:46:14.690+05:30  INFO 10856 --- [user-service] [  restartedMain] .s.d.r.c.RepositoryConfigurationDelegate : Bootstrapping Spring Data JPA repositories in DEFAULT mode.
2026-03-27T09:46:14.856+05:30  INFO 10856 --- [user-service] [  restartedMain] .s.d.r.c.RepositoryConfigurationDelegate : Finished Spring Data repository scanning in 157 ms. Found 2 JPA repository interfaces.
2026-03-27T09:46:15.157+05:30  INFO 10856 --- [user-service] [  restartedMain] o.s.cloud.context.scope.GenericScope     : BeanFactory id=b277ac28-468f-3fa2-8cac-9bdf7b711875
2026-03-27T09:46:15.702+05:30  WARN 10856 --- [user-service] [  restartedMain] trationDelegate$BeanPostProcessorChecker : Bean 'org.springframework.cloud.client.loadbalancer.LoadBalancerAutoConfiguration$DeferringLoadBalancerInterceptorConfig' of type [org.springframework.cloud.client.loadbalancer.LoadBalancerAutoConfiguration$DeferringLoadBalancerInterceptorConfig] is not eligible for getting processed by all BeanPostProcessors (for example: not eligible for auto-proxying). The currently created BeanPostProcessor [lbRestClientPostProcessor] is declared through a non-static factory method on that class; consider declaring it as static instead.
2026-03-27T09:46:15.706+05:30  WARN 10856 --- [user-service] [  restartedMain] trationDelegate$BeanPostProcessorChecker : Bean 'deferringLoadBalancerInterceptor' of type [org.springframework.cloud.client.loadbalancer.DeferringLoadBalancerInterceptor] is not eligible for getting processed by all BeanPostProcessors (for example: not eligible for auto-proxying). Is this bean getting eagerly injected/applied to a currently created BeanPostProcessor [lbRestClientPostProcessor]? Check the corresponding BeanPostProcessor declaration and its dependencies/advisors. If this bean does not have to be post-processed, declare it with ROLE_INFRASTRUCTURE.
2026-03-27T09:46:16.157+05:30  INFO 10856 --- [user-service] [  restartedMain] o.s.b.w.embedded.tomcat.TomcatWebServer  : Tomcat initialized with port 7500 (http)
2026-03-27T09:46:16.170+05:30  INFO 10856 --- [user-service] [  restartedMain] o.apache.catalina.core.StandardService   : Starting service [Tomcat]
2026-03-27T09:46:16.172+05:30  INFO 10856 --- [user-service] [  restartedMain] o.apache.catalina.core.StandardEngine    : Starting Servlet engine: [Apache Tomcat/10.1.31]
2026-03-27T09:46:16.227+05:30  INFO 10856 --- [user-service] [  restartedMain] o.a.c.c.C.[Tomcat].[localhost].[/]       : Initializing Spring embedded WebApplicationContext
2026-03-27T09:46:16.228+05:30  INFO 10856 --- [user-service] [  restartedMain] w.s.c.ServletWebServerApplicationContext : Root WebApplicationContext: initialization completed in 3077 ms
2026-03-27T09:46:16.479+05:30 DEBUG 10856 --- [user-service] [  restartedMain] com.user.Security.JwtFilter              : Filter 'jwtFilter' configured for use
2026-03-27T09:46:16.615+05:30  INFO 10856 --- [user-service] [  restartedMain] com.zaxxer.hikari.HikariDataSource       : HikariPool-1 - Starting...
2026-03-27T09:46:16.808+05:30  INFO 10856 --- [user-service] [  restartedMain] com.zaxxer.hikari.pool.HikariPool        : HikariPool-1 - Added connection org.postgresql.jdbc.PgConnection@2e16cb7f
2026-03-27T09:46:16.809+05:30  INFO 10856 --- [user-service] [  restartedMain] com.zaxxer.hikari.HikariDataSource       : HikariPool-1 - Start completed.
2026-03-27T09:46:16.868+05:30  INFO 10856 --- [user-service] [  restartedMain] o.hibernate.jpa.internal.util.LogHelper  : HHH000204: Processing PersistenceUnitInfo [name: default]
2026-03-27T09:46:16.962+05:30  INFO 10856 --- [user-service] [  restartedMain] org.hibernate.Version                    : HHH000412: Hibernate ORM core version 6.5.3.Final
2026-03-27T09:46:17.012+05:30  INFO 10856 --- [user-service] [  restartedMain] o.h.c.internal.RegionFactoryInitiator    : HHH000026: Second-level cache disabled
2026-03-27T09:46:17.355+05:30  INFO 10856 --- [user-service] [  restartedMain] o.s.o.j.p.SpringPersistenceUnitInfo      : No LoadTimeWeaver setup: ignoring JPA class transformer
2026-03-27T09:46:18.711+05:30  INFO 10856 --- [user-service] [  restartedMain] o.h.e.t.j.p.i.JtaPlatformInitiator       : HHH000489: No JTA platform available (set 'hibernate.transaction.jta.platform' to enable JTA platform integration)
2026-03-27T09:46:18.714+05:30  INFO 10856 --- [user-service] [  restartedMain] j.LocalContainerEntityManagerFactoryBean : Initialized JPA EntityManagerFactory for persistence unit 'default'
2026-03-27T09:46:19.740+05:30  WARN 10856 --- [user-service] [  restartedMain] JpaBaseConfiguration$JpaWebConfiguration : spring.jpa.open-in-view is enabled by default. Therefore, database queries may be performed during view rendering. Explicitly configure spring.jpa.open-in-view to disable this warning
2026-03-27T09:46:19.807+05:30  WARN 10856 --- [user-service] [  restartedMain] .s.s.UserDetailsServiceAutoConfiguration : 

Using generated security password: 1dcf8290-3cf7-4240-977b-79567c43e83d

This generated password is for development use only. Your security configuration must be updated before running your application in production.

2026-03-27T09:46:19.820+05:30  INFO 10856 --- [user-service] [  restartedMain] r$InitializeUserDetailsManagerConfigurer : Global AuthenticationManager configured with UserDetailsService bean with name inMemoryUserDetailsManager
2026-03-27T09:46:21.280+05:30  INFO 10856 --- [user-service] [  restartedMain] o.s.cloud.commons.util.InetUtils         : Cannot determine local hostname
2026-03-27T09:46:21.382+05:30  INFO 10856 --- [user-service] [  restartedMain] o.s.b.a.e.web.EndpointLinksResolver      : Exposing 3 endpoints beneath base path '/actuator'
2026-03-27T09:46:22.272+05:30  INFO 10856 --- [user-service] [  restartedMain] o.s.b.d.a.OptionalLiveReloadServer       : LiveReload server is running on port 35729
2026-03-27T09:46:23.290+05:30  INFO 10856 --- [user-service] [  restartedMain] o.s.cloud.commons.util.InetUtils         : Cannot determine local hostname
2026-03-27T09:46:23.413+05:30  INFO 10856 --- [user-service] [  restartedMain] DiscoveryClientOptionalArgsConfiguration : Eureka HTTP Client uses RestTemplate.
2026-03-27T09:46:23.520+05:30  WARN 10856 --- [user-service] [  restartedMain] iguration$LoadBalancerCaffeineWarnLogger : Spring Cloud LoadBalancer is currently working with the default cache. While this cache implementation is useful for development and tests, it's recommended to use Caffeine cache in production.You can switch to using Caffeine cache, by adding it and org.springframework.cache.caffeine.CaffeineCacheManager to the classpath.
2026-03-27T09:46:23.876+05:30  INFO 10856 --- [user-service] [  restartedMain] o.s.c.n.eureka.InstanceInfoFactory       : Setting initial instance status as: STARTING
2026-03-27T09:46:24.066+05:30  INFO 10856 --- [user-service] [  restartedMain] com.netflix.discovery.DiscoveryClient    : Initializing Eureka in region us-east-1
2026-03-27T09:46:24.160+05:30  INFO 10856 --- [user-service] [  restartedMain] c.n.d.s.r.aws.ConfigClusterResolver      : Resolving eureka endpoints via configuration
2026-03-27T09:46:24.161+05:30 DEBUG 10856 --- [user-service] [  restartedMain] c.n.discovery.endpoint.EndpointUtils     : The availability zone for the given region us-east-1 are [defaultZone]
2026-03-27T09:46:24.163+05:30 DEBUG 10856 --- [user-service] [  restartedMain] c.n.d.s.r.aws.ConfigClusterResolver      : Config resolved to [AwsEndpoint{ serviceUrl='http://127.0.0.1:8761/eureka/', region='us-east-1', zone='defaultZone'}]
2026-03-27T09:46:24.261+05:30 DEBUG 10856 --- [user-service] [  restartedMain] c.n.d.s.r.a.ZoneAffinityClusterResolver  : Local zone=defaultZone; resolved to: [AwsEndpoint{ serviceUrl='http://127.0.0.1:8761/eureka/', region='us-east-1', zone='defaultZone'}]
2026-03-27T09:46:24.274+05:30  INFO 10856 --- [user-service] [  restartedMain] com.netflix.discovery.DiscoveryClient    : Disable delta property : false
2026-03-27T09:46:24.369+05:30  INFO 10856 --- [user-service] [  restartedMain] com.netflix.discovery.DiscoveryClient    : Single vip registry refresh property : null
2026-03-27T09:46:24.370+05:30  INFO 10856 --- [user-service] [  restartedMain] com.netflix.discovery.DiscoveryClient    : Force full registry fetch : false
2026-03-27T09:46:24.471+05:30  INFO 10856 --- [user-service] [  restartedMain] com.netflix.discovery.DiscoveryClient    : Application is null : false
2026-03-27T09:46:24.473+05:30  INFO 10856 --- [user-service] [  restartedMain] com.netflix.discovery.DiscoveryClient    : Registered Applications size is zero : true
2026-03-27T09:46:24.475+05:30  INFO 10856 --- [user-service] [  restartedMain] com.netflix.discovery.DiscoveryClient    : Application version is -1: true
2026-03-27T09:46:24.478+05:30  INFO 10856 --- [user-service] [  restartedMain] com.netflix.discovery.DiscoveryClient    : Getting all instance registry info from the eureka server
2026-03-27T09:46:24.481+05:30 DEBUG 10856 --- [user-service] [  restartedMain] c.n.d.s.t.d.SessionedEurekaHttpClient    : Ending a session and starting anew
2026-03-27T09:46:25.210+05:30 DEBUG 10856 --- [user-service] [  restartedMain] c.n.d.s.t.d.RedirectingEurekaHttpClient  : Pinning to endpoint null
2026-03-27T09:46:25.221+05:30  INFO 10856 --- [user-service] [  restartedMain] com.netflix.discovery.DiscoveryClient    : The response status is 200
2026-03-27T09:46:25.222+05:30 DEBUG 10856 --- [user-service] [  restartedMain] com.netflix.discovery.DiscoveryClient    : Got full registry with apps hashcode 
2026-03-27T09:46:25.222+05:30 DEBUG 10856 --- [user-service] [  restartedMain] com.netflix.discovery.DiscoveryClient    : The total number of all instances in the client now is 0
2026-03-27T09:46:25.223+05:30  INFO 10856 --- [user-service] [  restartedMain] com.netflix.discovery.DiscoveryClient    : Starting heartbeat executor: renew interval is: 30
2026-03-27T09:46:25.225+05:30  INFO 10856 --- [user-service] [  restartedMain] c.n.discovery.InstanceInfoReplicator     : InstanceInfoReplicator onDemand update allowed rate per min is 4
2026-03-27T09:46:25.229+05:30  INFO 10856 --- [user-service] [  restartedMain] com.netflix.discovery.DiscoveryClient    : Discovery Client initialized at timestamp 1774584985227 with initial instances count: 0
2026-03-27T09:46:25.236+05:30  INFO 10856 --- [user-service] [  restartedMain] o.s.c.n.e.s.EurekaServiceRegistry        : Registering application USER-SERVICE with eureka with status UP
2026-03-27T09:46:25.237+05:30  INFO 10856 --- [user-service] [  restartedMain] com.netflix.discovery.DiscoveryClient    : Saw local status change event StatusChangeEvent [timestamp=1774584985237, current=UP, previous=STARTING]
2026-03-27T09:46:25.238+05:30 DEBUG 10856 --- [user-service] [foReplicator-%d] c.n.discovery.InstanceInfoReplicator     : Executing on-demand update of local InstanceInfo
2026-03-27T09:46:25.238+05:30 DEBUG 10856 --- [user-service] [foReplicator-%d] c.n.discovery.InstanceInfoReplicator     : Canceling the latest scheduled update, it will be rescheduled at the end of on demand update
2026-03-27T09:46:25.239+05:30  INFO 10856 --- [user-service] [foReplicator-%d] com.netflix.discovery.DiscoveryClient    : DiscoveryClient_USER-SERVICE/localhost:user-service:7500: registering service...
2026-03-27T09:46:25.241+05:30 DEBUG 10856 --- [user-service] [foReplicator-%d] c.n.d.s.t.d.SessionedEurekaHttpClient    : Ending a session and starting anew
2026-03-27T09:46:25.264+05:30  INFO 10856 --- [user-service] [  restartedMain] o.s.b.w.embedded.tomcat.TomcatWebServer  : Tomcat started on port 7500 (http) with context path '/'
2026-03-27T09:46:25.265+05:30  INFO 10856 --- [user-service] [  restartedMain] .s.c.n.e.s.EurekaAutoServiceRegistration : Updating port to 7500
2026-03-27T09:46:25.285+05:30 DEBUG 10856 --- [user-service] [foReplicator-%d] c.n.d.s.t.d.RedirectingEurekaHttpClient  : Pinning to endpoint null
2026-03-27T09:46:25.286+05:30  INFO 10856 --- [user-service] [foReplicator-%d] com.netflix.discovery.DiscoveryClient    : DiscoveryClient_USER-SERVICE/localhost:user-service:7500 - registration status: 204
2026-03-27T09:46:26.283+05:30  INFO 10856 --- [user-service] [  restartedMain] o.s.cloud.commons.util.InetUtils         : Cannot determine local hostname
2026-03-27T09:46:26.296+05:30  INFO 10856 --- [user-service] [  restartedMain] com.user.UserServiceApplication          : Started UserServiceApplication in 15.038 seconds (process running for 15.629)
2026-03-27T09:46:55.226+05:30  INFO 10856 --- [user-service] [reshExecutor-%d] com.netflix.discovery.DiscoveryClient    : Disable delta property : false
2026-03-27T09:46:55.244+05:30 DEBUG 10856 --- [user-service] [beatExecutor-%d] com.netflix.discovery.DiscoveryClient    : DiscoveryClient_USER-SERVICE/localhost:user-service:7500 - Heartbeat status: 200
2026-03-27T09:46:55.285+05:30  INFO 10856 --- [user-service] [reshExecutor-%d] com.netflix.discovery.DiscoveryClient    : Single vip registry refresh property : null
2026-03-27T09:46:55.347+05:30  INFO 10856 --- [user-service] [reshExecutor-%d] com.netflix.discovery.DiscoveryClient    : Force full registry fetch : false
2026-03-27T09:46:55.349+05:30  INFO 10856 --- [user-service] [reshExecutor-%d] com.netflix.discovery.DiscoveryClient    : Application is null : false
2026-03-27T09:46:55.469+05:30  INFO 10856 --- [user-service] [reshExecutor-%d] com.netflix.discovery.DiscoveryClient    : Registered Applications size is zero : true
2026-03-27T09:46:55.527+05:30  INFO 10856 --- [user-service] [reshExecutor-%d] com.netflix.discovery.DiscoveryClient    : Application version is -1: false
2026-03-27T09:46:55.528+05:30  INFO 10856 --- [user-service] [reshExecutor-%d] com.netflix.discovery.DiscoveryClient    : Getting all instance registry info from the eureka server
2026-03-27T09:46:55.555+05:30  INFO 10856 --- [user-service] [reshExecutor-%d] com.netflix.discovery.DiscoveryClient    : The response status is 200
2026-03-27T09:46:55.655+05:30 DEBUG 10856 --- [user-service] [reshExecutor-%d] com.netflix.discovery.DiscoveryClient    : Got full registry with apps hashcode UP_2_
2026-03-27T09:46:55.657+05:30 DEBUG 10856 --- [user-service] [reshExecutor-%d] com.netflix.discovery.DiscoveryClient    : The total number of all instances in the client now is 2
2026-03-27T09:46:55.659+05:30 DEBUG 10856 --- [user-service] [reshExecutor-%d] com.netflix.discovery.DiscoveryClient    : Completed cache refresh task for discovery. All Apps hash code is Local region apps hashcode: UP_2_, is fetching remote regions? false 
2026-03-27T09:47:25.309+05:30 DEBUG 10856 --- [user-service] [beatExecutor-%d] com.netflix.discovery.DiscoveryClient    : DiscoveryClient_USER-SERVICE/localhost:user-service:7500 - Heartbeat status: 200
2026-03-27T09:47:25.696+05:30 DEBUG 10856 --- [user-service] [reshExecutor-%d] com.netflix.discovery.DiscoveryClient    : Got delta update with apps hashcode UP_7_
2026-03-27T09:47:25.705+05:30 DEBUG 10856 --- [user-service] [reshExecutor-%d] com.netflix.discovery.DiscoveryClient    : Added instance localhost:Config-Servier:7512 to the existing apps in region null
2026-03-27T09:47:25.706+05:30 DEBUG 10856 --- [user-service] [reshExecutor-%d] com.netflix.discovery.DiscoveryClient    : Added instance localhost:user-service:7500 to the existing apps in region null
2026-03-27T09:47:25.707+05:30 DEBUG 10856 --- [user-service] [reshExecutor-%d] com.netflix.discovery.DiscoveryClient    : Added instance localhost:KYC-SERVICE:7502 to the existing apps in region null
2026-03-27T09:47:25.707+05:30 DEBUG 10856 --- [user-service] [reshExecutor-%d] com.netflix.discovery.DiscoveryClient    : Added instance localhost:Admin-Service:7501 to the existing apps in region null
2026-03-27T09:47:25.707+05:30 DEBUG 10856 --- [user-service] [reshExecutor-%d] com.netflix.discovery.DiscoveryClient    : Added instance localhost:Wallet-Service:7503 to the existing apps in region null
2026-03-27T09:47:25.708+05:30 DEBUG 10856 --- [user-service] [reshExecutor-%d] com.netflix.discovery.DiscoveryClient    : Added instance localhost:Transaction-Service:7506 to the existing apps in region null
2026-03-27T09:47:25.708+05:30 DEBUG 10856 --- [user-service] [reshExecutor-%d] com.netflix.discovery.DiscoveryClient    : Added instance localhost:Rewards-Service:7511 to the existing apps in region null
2026-03-27T09:47:25.708+05:30 DEBUG 10856 --- [user-service] [reshExecutor-%d] com.netflix.discovery.DiscoveryClient    : The total number of instances fetched by the delta processor : 7
2026-03-27T09:47:25.710+05:30 DEBUG 10856 --- [user-service] [reshExecutor-%d] com.netflix.discovery.DiscoveryClient    : The total number of all instances in the client now is 7
2026-03-27T09:47:25.710+05:30 DEBUG 10856 --- [user-service] [reshExecutor-%d] com.netflix.discovery.DiscoveryClient    : Completed cache refresh task for discovery. All Apps hash code is Local region apps hashcode: UP_7_, is fetching remote regions? false 
2026-03-27T09:47:55.347+05:30 DEBUG 10856 --- [user-service] [beatExecutor-%d] com.netflix.discovery.DiscoveryClient    : DiscoveryClient_USER-SERVICE/localhost:user-service:7500 - Heartbeat status: 200
2026-03-27T09:47:55.734+05:30 DEBUG 10856 --- [user-service] [reshExecutor-%d] com.netflix.discovery.DiscoveryClient    : Got delta update with apps hashcode UP_7_
2026-03-27T09:47:55.737+05:30 DEBUG 10856 --- [user-service] [reshExecutor-%d] com.netflix.discovery.DiscoveryClient    : Added instance localhost:Config-Servier:7512 to the existing apps in region null
2026-03-27T09:47:55.737+05:30 DEBUG 10856 --- [user-service] [reshExecutor-%d] com.netflix.discovery.DiscoveryClient    : Added instance localhost:user-service:7500 to the existing apps in region null
2026-03-27T09:47:55.739+05:30 DEBUG 10856 --- [user-service] [reshExecutor-%d] com.netflix.discovery.DiscoveryClient    : Added instance localhost:KYC-SERVICE:7502 to the existing apps in region null
2026-03-27T09:47:55.739+05:30 DEBUG 10856 --- [user-service] [reshExecutor-%d] com.netflix.discovery.DiscoveryClient    : Added instance localhost:Admin-Service:7501 to the existing apps in region null
2026-03-27T09:47:55.739+05:30 DEBUG 10856 --- [user-service] [reshExecutor-%d] com.netflix.discovery.DiscoveryClient    : Added instance localhost:Wallet-Service:7503 to the existing apps in region null
2026-03-27T09:47:55.740+05:30 DEBUG 10856 --- [user-service] [reshExecutor-%d] com.netflix.discovery.DiscoveryClient    : Added instance localhost:Transaction-Service:7506 to the existing apps in region null
2026-03-27T09:47:55.740+05:30 DEBUG 10856 --- [user-service] [reshExecutor-%d] com.netflix.discovery.DiscoveryClient    : Added instance localhost:Rewards-Service:7511 to the existing apps in region null
2026-03-27T09:47:55.741+05:30 DEBUG 10856 --- [user-service] [reshExecutor-%d] com.netflix.discovery.DiscoveryClient    : The total number of instances fetched by the delta processor : 8
2026-03-27T09:47:55.741+05:30 DEBUG 10856 --- [user-service] [reshExecutor-%d] com.netflix.discovery.DiscoveryClient    : The total number of all instances in the client now is 7
2026-03-27T09:47:55.742+05:30 DEBUG 10856 --- [user-service] [reshExecutor-%d] com.netflix.discovery.DiscoveryClient    : Completed cache refresh task for discovery. All Apps hash code is Local region apps hashcode: UP_7_, is fetching remote regions? false 
2026-03-27T09:48:25.377+05:30 DEBUG 10856 --- [user-service] [beatExecutor-%d] com.netflix.discovery.DiscoveryClient    : DiscoveryClient_USER-SERVICE/localhost:user-service:7500 - Heartbeat status: 200
2026-03-27T09:48:25.773+05:30 DEBUG 10856 --- [user-service] [reshExecutor-%d] com.netflix.discovery.DiscoveryClient    : Got delta update with apps hashcode UP_7_
2026-03-27T09:48:25.774+05:30 DEBUG 10856 --- [user-service] [reshExecutor-%d] com.netflix.discovery.DiscoveryClient    : Added instance localhost:Config-Servier:7512 to the existing apps in region null
2026-03-27T09:48:25.774+05:30 DEBUG 10856 --- [user-service] [reshExecutor-%d] com.netflix.discovery.DiscoveryClient    : Added instance localhost:user-service:7500 to the existing apps in region null
2026-03-27T09:48:25.774+05:30 DEBUG 10856 --- [user-service] [reshExecutor-%d] com.netflix.discovery.DiscoveryClient    : Added instance localhost:KYC-SERVICE:7502 to the existing apps in region null
2026-03-27T09:48:25.775+05:30 DEBUG 10856 --- [user-service] [reshExecutor-%d] com.netflix.discovery.DiscoveryClient    : Added instance localhost:Admin-Service:7501 to the existing apps in region null
2026-03-27T09:48:25.775+05:30 DEBUG 10856 --- [user-service] [reshExecutor-%d] com.netflix.discovery.DiscoveryClient    : Added instance localhost:Wallet-Service:7503 to the existing apps in region null
2026-03-27T09:48:25.775+05:30 DEBUG 10856 --- [user-service] [reshExecutor-%d] com.netflix.discovery.DiscoveryClient    : Added instance localhost:Transaction-Service:7506 to the existing apps in region null
2026-03-27T09:48:25.775+05:30 DEBUG 10856 --- [user-service] [reshExecutor-%d] com.netflix.discovery.DiscoveryClient    : Added instance localhost:Rewards-Service:7511 to the existing apps in region null
2026-03-27T09:48:25.775+05:30 DEBUG 10856 --- [user-service] [reshExecutor-%d] com.netflix.discovery.DiscoveryClient    : The total number of instances fetched by the delta processor : 8
2026-03-27T09:48:25.776+05:30 DEBUG 10856 --- [user-service] [reshExecutor-%d] com.netflix.discovery.DiscoveryClient    : The total number of all instances in the client now is 7
2026-03-27T09:48:25.776+05:30 DEBUG 10856 --- [user-service] [reshExecutor-%d] com.netflix.discovery.DiscoveryClient    : Completed cache refresh task for discovery. All Apps hash code is Local region apps hashcode: UP_7_, is fetching remote regions? false 
2026-03-27T09:48:55.406+05:30 DEBUG 10856 --- [user-service] [beatExecutor-%d] com.netflix.discovery.DiscoveryClient    : DiscoveryClient_USER-SERVICE/localhost:user-service:7500 - Heartbeat status: 200
2026-03-27T09:48:55.810+05:30 DEBUG 10856 --- [user-service] [reshExecutor-%d] com.netflix.discovery.DiscoveryClient    : Got delta update with apps hashcode UP_7_
2026-03-27T09:48:55.812+05:30 DEBUG 10856 --- [user-service] [reshExecutor-%d] com.netflix.discovery.DiscoveryClient    : Added instance localhost:Config-Servier:7512 to the existing apps in region null
2026-03-27T09:48:55.812+05:30 DEBUG 10856 --- [user-service] [reshExecutor-%d] com.netflix.discovery.DiscoveryClient    : Added instance localhost:user-service:7500 to the existing apps in region null
2026-03-27T09:48:55.812+05:30 DEBUG 10856 --- [user-service] [reshExecutor-%d] com.netflix.discovery.DiscoveryClient    : Added instance localhost:KYC-SERVICE:7502 to the existing apps in region null
2026-03-27T09:48:55.812+05:30 DEBUG 10856 --- [user-service] [reshExecutor-%d] com.netflix.discovery.DiscoveryClient    : Added instance localhost:Admin-Service:7501 to the existing apps in region null
2026-03-27T09:48:55.813+05:30 DEBUG 10856 --- [user-service] [reshExecutor-%d] com.netflix.discovery.DiscoveryClient    : Added instance localhost:Wallet-Service:7503 to the existing apps in region null
2026-03-27T09:48:55.813+05:30 DEBUG 10856 --- [user-service] [reshExecutor-%d] com.netflix.discovery.DiscoveryClient    : Added instance localhost:Transaction-Service:7506 to the existing apps in region null
2026-03-27T09:48:55.813+05:30 DEBUG 10856 --- [user-service] [reshExecutor-%d] com.netflix.discovery.DiscoveryClient    : Added instance localhost:Rewards-Service:7511 to the existing apps in region null
2026-03-27T09:48:55.813+05:30 DEBUG 10856 --- [user-service] [reshExecutor-%d] com.netflix.discovery.DiscoveryClient    : The total number of instances fetched by the delta processor : 8
2026-03-27T09:48:55.814+05:30 DEBUG 10856 --- [user-service] [reshExecutor-%d] com.netflix.discovery.DiscoveryClient    : The total number of all instances in the client now is 7
2026-03-27T09:48:55.816+05:30 DEBUG 10856 --- [user-service] [reshExecutor-%d] com.netflix.discovery.DiscoveryClient    : Completed cache refresh task for discovery. All Apps hash code is Local region apps hashcode: UP_7_, is fetching remote regions? false 
2026-03-27T09:49:25.445+05:30 DEBUG 10856 --- [user-service] [beatExecutor-%d] com.netflix.discovery.DiscoveryClient    : DiscoveryClient_USER-SERVICE/localhost:user-service:7500 - Heartbeat status: 200
2026-03-27T09:49:25.844+05:30 DEBUG 10856 --- [user-service] [reshExecutor-%d] com.netflix.discovery.DiscoveryClient    : Got delta update with apps hashcode UP_8_
2026-03-27T09:49:25.845+05:30 DEBUG 10856 --- [user-service] [reshExecutor-%d] com.netflix.discovery.DiscoveryClient    : Added instance localhost:Config-Servier:7512 to the existing apps in region null
2026-03-27T09:49:25.848+05:30 DEBUG 10856 --- [user-service] [reshExecutor-%d] com.netflix.discovery.DiscoveryClient    : Added instance localhost:user-service:7500 to the existing apps in region null
2026-03-27T09:49:25.848+05:30 DEBUG 10856 --- [user-service] [reshExecutor-%d] com.netflix.discovery.DiscoveryClient    : Added instance localhost:KYC-SERVICE:7502 to the existing apps in region null
2026-03-27T09:49:25.848+05:30 DEBUG 10856 --- [user-service] [reshExecutor-%d] com.netflix.discovery.DiscoveryClient    : Added instance localhost:Admin-Service:7501 to the existing apps in region null
2026-03-27T09:49:25.849+05:30 DEBUG 10856 --- [user-service] [reshExecutor-%d] com.netflix.discovery.DiscoveryClient    : Added instance localhost:Wallet-Service:7503 to the existing apps in region null
2026-03-27T09:49:25.850+05:30 DEBUG 10856 --- [user-service] [reshExecutor-%d] com.netflix.discovery.DiscoveryClient    : Added instance localhost:Transaction-Service:7506 to the existing apps in region null
2026-03-27T09:49:25.852+05:30 DEBUG 10856 --- [user-service] [reshExecutor-%d] com.netflix.discovery.DiscoveryClient    : Added instance localhost:Rewards-Service:7511 to the existing apps in region null
2026-03-27T09:49:25.852+05:30 DEBUG 10856 --- [user-service] [reshExecutor-%d] com.netflix.discovery.DiscoveryClient    : Added instance localhost:PAYMENT-SERVICES:7504 to the existing apps in region null
2026-03-27T09:49:25.854+05:30 DEBUG 10856 --- [user-service] [reshExecutor-%d] com.netflix.discovery.DiscoveryClient    : The total number of instances fetched by the delta processor : 9
2026-03-27T09:49:25.855+05:30 DEBUG 10856 --- [user-service] [reshExecutor-%d] com.netflix.discovery.DiscoveryClient    : The total number of all instances in the client now is 8
2026-03-27T09:49:25.856+05:30 DEBUG 10856 --- [user-service] [reshExecutor-%d] com.netflix.discovery.DiscoveryClient    : Completed cache refresh task for discovery. All Apps hash code is Local region apps hashcode: UP_8_, is fetching remote regions? false 
2026-03-27T09:49:55.479+05:30 DEBUG 10856 --- [user-service] [beatExecutor-%d] com.netflix.discovery.DiscoveryClient    : DiscoveryClient_USER-SERVICE/localhost:user-service:7500 - Heartbeat status: 200
2026-03-27T09:49:55.896+05:30 DEBUG 10856 --- [user-service] [reshExecutor-%d] com.netflix.discovery.DiscoveryClient    : Got delta update with apps hashcode UP_10_
2026-03-27T09:49:55.900+05:30 DEBUG 10856 --- [user-service] [reshExecutor-%d] com.netflix.discovery.DiscoveryClient    : Added instance localhost:user-service:7500 to the existing apps in region null
2026-03-27T09:49:55.903+05:30 DEBUG 10856 --- [user-service] [reshExecutor-%d] com.netflix.discovery.DiscoveryClient    : Added instance localhost:KYC-SERVICE:7502 to the existing apps in region null
2026-03-27T09:49:55.904+05:30 DEBUG 10856 --- [user-service] [reshExecutor-%d] com.netflix.discovery.DiscoveryClient    : Added instance localhost:Admin-Service:7501 to the existing apps in region null
2026-03-27T09:49:55.905+05:30 DEBUG 10856 --- [user-service] [reshExecutor-%d] com.netflix.discovery.DiscoveryClient    : Added instance localhost:Wallet-Service:7503 to the existing apps in region null
2026-03-27T09:49:55.907+05:30 DEBUG 10856 --- [user-service] [reshExecutor-%d] com.netflix.discovery.DiscoveryClient    : Added instance localhost:Transaction-Service:7506 to the existing apps in region null
2026-03-27T09:49:55.909+05:30 DEBUG 10856 --- [user-service] [reshExecutor-%d] com.netflix.discovery.DiscoveryClient    : Added instance localhost:Rewards-Service:7511 to the existing apps in region null
2026-03-27T09:49:55.911+05:30 DEBUG 10856 --- [user-service] [reshExecutor-%d] com.netflix.discovery.DiscoveryClient    : Added instance localhost:Api-Gateway:7505 to the existing apps in region null
2026-03-27T09:49:55.912+05:30 DEBUG 10856 --- [user-service] [reshExecutor-%d] com.netflix.discovery.DiscoveryClient    : Added instance localhost:PAYMENT-SERVICES:7504 to the existing apps in region null
2026-03-27T09:49:55.915+05:30 DEBUG 10856 --- [user-service] [reshExecutor-%d] com.netflix.discovery.DiscoveryClient    : Added instance localhost:NOTIFICATION-SERVICE:7507 to the existing apps in region null
2026-03-27T09:49:55.917+05:30 DEBUG 10856 --- [user-service] [reshExecutor-%d] com.netflix.discovery.DiscoveryClient    : The total number of instances fetched by the delta processor : 9
2026-03-27T09:49:55.919+05:30 DEBUG 10856 --- [user-service] [reshExecutor-%d] com.netflix.discovery.DiscoveryClient    : The total number of all instances in the client now is 10
2026-03-27T09:49:55.921+05:30 DEBUG 10856 --- [user-service] [reshExecutor-%d] com.netflix.discovery.DiscoveryClient    : Completed cache refresh task for discovery. All Apps hash code is Local region apps hashcode: UP_10_, is fetching remote regions? false 
2026-03-27T09:50:02.910+05:30  INFO 10856 --- [user-service] [nio-7500-exec-1] o.a.c.c.C.[Tomcat].[localhost].[/]       : Initializing Spring DispatcherServlet 'dispatcherServlet'
2026-03-27T09:50:02.911+05:30  INFO 10856 --- [user-service] [nio-7500-exec-1] o.s.web.servlet.DispatcherServlet        : Initializing Servlet 'dispatcherServlet'
2026-03-27T09:50:02.944+05:30  INFO 10856 --- [user-service] [nio-7500-exec-1] o.s.web.servlet.DispatcherServlet        : Completed initialization in 29 ms
2026-03-27T09:50:04.365+05:30  INFO 10856 --- [user-service] [nio-7500-exec-8] o.springdoc.api.AbstractOpenApiResource  : Init duration for springdoc-openapi is: 796 ms
2026-03-27T09:50:25.512+05:30 DEBUG 10856 --- [user-service] [beatExecutor-%d] com.netflix.discovery.DiscoveryClient    : DiscoveryClient_USER-SERVICE/localhost:user-service:7500 - Heartbeat status: 200
2026-03-27T09:50:25.952+05:30 DEBUG 10856 --- [user-service] [reshExecutor-%d] com.netflix.discovery.DiscoveryClient    : Got delta update with apps hashcode UP_10_
2026-03-27T09:50:25.955+05:30 DEBUG 10856 --- [user-service] [reshExecutor-%d] com.netflix.discovery.DiscoveryClient    : Added instance localhost:user-service:7500 to the existing apps in region null
2026-03-27T09:50:25.956+05:30 DEBUG 10856 --- [user-service] [reshExecutor-%d] com.netflix.discovery.DiscoveryClient    : Added instance localhost:KYC-SERVICE:7502 to the existing apps in region null
2026-03-27T09:50:25.956+05:30 DEBUG 10856 --- [user-service] [reshExecutor-%d] com.netflix.discovery.DiscoveryClient    : Added instance localhost:Admin-Service:7501 to the existing apps in region null
2026-03-27T09:50:25.957+05:30 DEBUG 10856 --- [user-service] [reshExecutor-%d] com.netflix.discovery.DiscoveryClient    : Added instance localhost:Wallet-Service:7503 to the existing apps in region null
2026-03-27T09:50:25.957+05:30 DEBUG 10856 --- [user-service] [reshExecutor-%d] com.netflix.discovery.DiscoveryClient    : Added instance localhost:Transaction-Service:7506 to the existing apps in region null
2026-03-27T09:50:25.959+05:30 DEBUG 10856 --- [user-service] [reshExecutor-%d] com.netflix.discovery.DiscoveryClient    : Added instance localhost:Rewards-Service:7511 to the existing apps in region null
2026-03-27T09:50:25.960+05:30 DEBUG 10856 --- [user-service] [reshExecutor-%d] com.netflix.discovery.DiscoveryClient    : Added instance localhost:Api-Gateway:7505 to the existing apps in region null
2026-03-27T09:50:25.960+05:30 DEBUG 10856 --- [user-service] [reshExecutor-%d] com.netflix.discovery.DiscoveryClient    : Added instance localhost:PAYMENT-SERVICES:7504 to the existing apps in region null
2026-03-27T09:50:25.961+05:30 DEBUG 10856 --- [user-service] [reshExecutor-%d] com.netflix.discovery.DiscoveryClient    : Added instance localhost:NOTIFICATION-SERVICE:7507 to the existing apps in region null
2026-03-27T09:50:25.962+05:30 DEBUG 10856 --- [user-service] [reshExecutor-%d] com.netflix.discovery.DiscoveryClient    : The total number of instances fetched by the delta processor : 9
2026-03-27T09:50:25.964+05:30 DEBUG 10856 --- [user-service] [reshExecutor-%d] com.netflix.discovery.DiscoveryClient    : The total number of all instances in the client now is 10
2026-03-27T09:50:25.965+05:30 DEBUG 10856 --- [user-service] [reshExecutor-%d] com.netflix.discovery.DiscoveryClient    : Completed cache refresh task for discovery. All Apps hash code is Local region apps hashcode: UP_10_, is fetching remote regions? false 
2026-03-27T09:50:55.549+05:30 DEBUG 10856 --- [user-service] [beatExecutor-%d] com.netflix.discovery.DiscoveryClient    : DiscoveryClient_USER-SERVICE/localhost:user-service:7500 - Heartbeat status: 200
2026-03-27T09:50:56.002+05:30 DEBUG 10856 --- [user-service] [reshExecutor-%d] com.netflix.discovery.DiscoveryClient    : Got delta update with apps hashcode UP_10_
2026-03-27T09:50:56.004+05:30 DEBUG 10856 --- [user-service] [reshExecutor-%d] com.netflix.discovery.DiscoveryClient    : Added instance localhost:user-service:7500 to the existing apps in region null
2026-03-27T09:50:56.005+05:30 DEBUG 10856 --- [user-service] [reshExecutor-%d] com.netflix.discovery.DiscoveryClient    : Added instance localhost:KYC-SERVICE:7502 to the existing apps in region null
2026-03-27T09:50:56.006+05:30 DEBUG 10856 --- [user-service] [reshExecutor-%d] com.netflix.discovery.DiscoveryClient    : Added instance localhost:Admin-Service:7501 to the existing apps in region null
2026-03-27T09:50:56.007+05:30 DEBUG 10856 --- [user-service] [reshExecutor-%d] com.netflix.discovery.DiscoveryClient    : Added instance localhost:Wallet-Service:7503 to the existing apps in region null
2026-03-27T09:50:56.008+05:30 DEBUG 10856 --- [user-service] [reshExecutor-%d] com.netflix.discovery.DiscoveryClient    : Added instance localhost:Transaction-Service:7506 to the existing apps in region null
2026-03-27T09:50:56.009+05:30 DEBUG 10856 --- [user-service] [reshExecutor-%d] com.netflix.discovery.DiscoveryClient    : Added instance localhost:Rewards-Service:7511 to the existing apps in region null
2026-03-27T09:50:56.010+05:30 DEBUG 10856 --- [user-service] [reshExecutor-%d] com.netflix.discovery.DiscoveryClient    : Added instance localhost:Api-Gateway:7505 to the existing apps in region null
2026-03-27T09:50:56.010+05:30 DEBUG 10856 --- [user-service] [reshExecutor-%d] com.netflix.discovery.DiscoveryClient    : Added instance localhost:PAYMENT-SERVICES:7504 to the existing apps in region null
2026-03-27T09:50:56.012+05:30 DEBUG 10856 --- [user-service] [reshExecutor-%d] com.netflix.discovery.DiscoveryClient    : Added instance localhost:NOTIFICATION-SERVICE:7507 to the existing apps in region null
2026-03-27T09:50:56.012+05:30 DEBUG 10856 --- [user-service] [reshExecutor-%d] com.netflix.discovery.DiscoveryClient    : The total number of instances fetched by the delta processor : 9
2026-03-27T09:50:56.013+05:30 DEBUG 10856 --- [user-service] [reshExecutor-%d] com.netflix.discovery.DiscoveryClient    : The total number of all instances in the client now is 10
2026-03-27T09:50:56.014+05:30 DEBUG 10856 --- [user-service] [reshExecutor-%d] com.netflix.discovery.DiscoveryClient    : Completed cache refresh task for discovery. All Apps hash code is Local region apps hashcode: UP_10_, is fetching remote regions? false 
2026-03-27T09:51:24.592+05:30  INFO 10856 --- [user-service] [rap-executor-%d] c.n.d.s.r.aws.ConfigClusterResolver      : Resolving eureka endpoints via configuration
2026-03-27T09:51:24.595+05:30 DEBUG 10856 --- [user-service] [rap-executor-%d] c.n.discovery.endpoint.EndpointUtils     : The availability zone for the given region us-east-1 are [defaultZone]
2026-03-27T09:51:24.595+05:30 DEBUG 10856 --- [user-service] [rap-executor-%d] c.n.d.s.r.aws.ConfigClusterResolver      : Config resolved to [AwsEndpoint{ serviceUrl='http://127.0.0.1:8761/eureka/', region='us-east-1', zone='defaultZone'}]
2026-03-27T09:51:24.595+05:30 DEBUG 10856 --- [user-service] [rap-executor-%d] c.n.d.s.r.a.ZoneAffinityClusterResolver  : Local zone=defaultZone; resolved to: [AwsEndpoint{ serviceUrl='http://127.0.0.1:8761/eureka/', region='us-east-1', zone='defaultZone'}]
2026-03-27T09:51:24.596+05:30 DEBUG 10856 --- [user-service] [rap-executor-%d] c.n.d.shared.resolver.AsyncResolver      : Resolved to [AwsEndpoint{ serviceUrl='http://127.0.0.1:8761/eureka/', region='us-east-1', zone='defaultZone'}]
2026-03-27T09:51:25.579+05:30 DEBUG 10856 --- [user-service] [beatExecutor-%d] com.netflix.discovery.DiscoveryClient    : DiscoveryClient_USER-SERVICE/localhost:user-service:7500 - Heartbeat status: 200
2026-03-27T09:51:26.044+05:30 DEBUG 10856 --- [user-service] [reshExecutor-%d] com.netflix.discovery.DiscoveryClient    : Got delta update with apps hashcode UP_10_
2026-03-27T09:51:26.048+05:30 DEBUG 10856 --- [user-service] [reshExecutor-%d] com.netflix.discovery.DiscoveryClient    : Added instance localhost:user-service:7500 to the existing apps in region null
2026-03-27T09:51:26.049+05:30 DEBUG 10856 --- [user-service] [reshExecutor-%d] com.netflix.discovery.DiscoveryClient    : Added instance localhost:KYC-SERVICE:7502 to the existing apps in region null
2026-03-27T09:51:26.050+05:30 DEBUG 10856 --- [user-service] [reshExecutor-%d] com.netflix.discovery.DiscoveryClient    : Added instance localhost:Admin-Service:7501 to the existing apps in region null
2026-03-27T09:51:26.050+05:30 DEBUG 10856 --- [user-service] [reshExecutor-%d] com.netflix.discovery.DiscoveryClient    : Added instance localhost:Wallet-Service:7503 to the existing apps in region null
2026-03-27T09:51:26.050+05:30 DEBUG 10856 --- [user-service] [reshExecutor-%d] com.netflix.discovery.DiscoveryClient    : Added instance localhost:Transaction-Service:7506 to the existing apps in region null
2026-03-27T09:51:26.051+05:30 DEBUG 10856 --- [user-service] [reshExecutor-%d] com.netflix.discovery.DiscoveryClient    : Added instance localhost:Rewards-Service:7511 to the existing apps in region null
2026-03-27T09:51:26.051+05:30 DEBUG 10856 --- [user-service] [reshExecutor-%d] com.netflix.discovery.DiscoveryClient    : Added instance localhost:Api-Gateway:7505 to the existing apps in region null
2026-03-27T09:51:26.051+05:30 DEBUG 10856 --- [user-service] [reshExecutor-%d] com.netflix.discovery.DiscoveryClient    : Added instance localhost:PAYMENT-SERVICES:7504 to the existing apps in region null
2026-03-27T09:51:26.051+05:30 DEBUG 10856 --- [user-service] [reshExecutor-%d] com.netflix.discovery.DiscoveryClient    : Added instance localhost:NOTIFICATION-SERVICE:7507 to the existing apps in region null
2026-03-27T09:51:26.051+05:30 DEBUG 10856 --- [user-service] [reshExecutor-%d] com.netflix.discovery.DiscoveryClient    : The total number of instances fetched by the delta processor : 9
2026-03-27T09:51:26.052+05:30 DEBUG 10856 --- [user-service] [reshExecutor-%d] com.netflix.discovery.DiscoveryClient    : The total number of all instances in the client now is 10
2026-03-27T09:51:26.052+05:30 DEBUG 10856 --- [user-service] [reshExecutor-%d] com.netflix.discovery.DiscoveryClient    : Completed cache refresh task for discovery. All Apps hash code is Local region apps hashcode: UP_10_, is fetching remote regions? false 
2026-03-27T09:51:55.608+05:30 DEBUG 10856 --- [user-service] [beatExecutor-%d] com.netflix.discovery.DiscoveryClient    : DiscoveryClient_USER-SERVICE/localhost:user-service:7500 - Heartbeat status: 200
2026-03-27T09:51:56.072+05:30 DEBUG 10856 --- [user-service] [reshExecutor-%d] com.netflix.discovery.DiscoveryClient    : Got delta update with apps hashcode UP_10_
2026-03-27T09:51:56.075+05:30 DEBUG 10856 --- [user-service] [reshExecutor-%d] com.netflix.discovery.DiscoveryClient    : Added instance localhost:user-service:7500 to the existing apps in region null
2026-03-27T09:51:56.076+05:30 DEBUG 10856 --- [user-service] [reshExecutor-%d] com.netflix.discovery.DiscoveryClient    : Added instance localhost:KYC-SERVICE:7502 to the existing apps in region null
2026-03-27T09:51:56.076+05:30 DEBUG 10856 --- [user-service] [reshExecutor-%d] com.netflix.discovery.DiscoveryClient    : Added instance localhost:Admin-Service:7501 to the existing apps in region null
2026-03-27T09:51:56.077+05:30 DEBUG 10856 --- [user-service] [reshExecutor-%d] com.netflix.discovery.DiscoveryClient    : Added instance localhost:Wallet-Service:7503 to the existing apps in region null
2026-03-27T09:51:56.077+05:30 DEBUG 10856 --- [user-service] [reshExecutor-%d] com.netflix.discovery.DiscoveryClient    : Added instance localhost:Transaction-Service:7506 to the existing apps in region null
2026-03-27T09:51:56.078+05:30 DEBUG 10856 --- [user-service] [reshExecutor-%d] com.netflix.discovery.DiscoveryClient    : Added instance localhost:Rewards-Service:7511 to the existing apps in region null
2026-03-27T09:51:56.078+05:30 DEBUG 10856 --- [user-service] [reshExecutor-%d] com.netflix.discovery.DiscoveryClient    : Added instance localhost:Api-Gateway:7505 to the existing apps in region null
2026-03-27T09:51:56.078+05:30 DEBUG 10856 --- [user-service] [reshExecutor-%d] com.netflix.discovery.DiscoveryClient    : Added instance localhost:PAYMENT-SERVICES:7504 to the existing apps in region null
2026-03-27T09:51:56.079+05:30 DEBUG 10856 --- [user-service] [reshExecutor-%d] com.netflix.discovery.DiscoveryClient    : Added instance localhost:NOTIFICATION-SERVICE:7507 to the existing apps in region null
2026-03-27T09:51:56.079+05:30 DEBUG 10856 --- [user-service] [reshExecutor-%d] com.netflix.discovery.DiscoveryClient    : The total number of instances fetched by the delta processor : 9
2026-03-27T09:51:56.080+05:30 DEBUG 10856 --- [user-service] [reshExecutor-%d] com.netflix.discovery.DiscoveryClient    : The total number of all instances in the client now is 10
2026-03-27T09:51:56.080+05:30 DEBUG 10856 --- [user-service] [reshExecutor-%d] com.netflix.discovery.DiscoveryClient    : Completed cache refresh task for discovery. All Apps hash code is Local region apps hashcode: UP_10_, is fetching remote regions? false 
2026-03-27T09:52:25.639+05:30 DEBUG 10856 --- [user-service] [beatExecutor-%d] com.netflix.discovery.DiscoveryClient    : DiscoveryClient_USER-SERVICE/localhost:user-service:7500 - Heartbeat status: 200
2026-03-27T09:52:26.105+05:30 DEBUG 10856 --- [user-service] [reshExecutor-%d] com.netflix.discovery.DiscoveryClient    : Got delta update with apps hashcode UP_10_
2026-03-27T09:52:26.108+05:30 DEBUG 10856 --- [user-service] [reshExecutor-%d] com.netflix.discovery.DiscoveryClient    : Added instance localhost:user-service:7500 to the existing apps in region null
2026-03-27T09:52:26.109+05:30 DEBUG 10856 --- [user-service] [reshExecutor-%d] com.netflix.discovery.DiscoveryClient    : Added instance localhost:KYC-SERVICE:7502 to the existing apps in region null
2026-03-27T09:52:26.111+05:30 DEBUG 10856 --- [user-service] [reshExecutor-%d] com.netflix.discovery.DiscoveryClient    : Added instance localhost:Admin-Service:7501 to the existing apps in region null
2026-03-27T09:52:26.111+05:30 DEBUG 10856 --- [user-service] [reshExecutor-%d] com.netflix.discovery.DiscoveryClient    : Added instance localhost:Wallet-Service:7503 to the existing apps in region null
2026-03-27T09:52:26.112+05:30 DEBUG 10856 --- [user-service] [reshExecutor-%d] com.netflix.discovery.DiscoveryClient    : Added instance localhost:Transaction-Service:7506 to the existing apps in region null
2026-03-27T09:52:26.113+05:30 DEBUG 10856 --- [user-service] [reshExecutor-%d] com.netflix.discovery.DiscoveryClient    : Added instance localhost:Rewards-Service:7511 to the existing apps in region null
2026-03-27T09:52:26.114+05:30 DEBUG 10856 --- [user-service] [reshExecutor-%d] com.netflix.discovery.DiscoveryClient    : Added instance localhost:Api-Gateway:7505 to the existing apps in region null
2026-03-27T09:52:26.115+05:30 DEBUG 10856 --- [user-service] [reshExecutor-%d] com.netflix.discovery.DiscoveryClient    : Added instance localhost:PAYMENT-SERVICES:7504 to the existing apps in region null
2026-03-27T09:52:26.115+05:30 DEBUG 10856 --- [user-service] [reshExecutor-%d] com.netflix.discovery.DiscoveryClient    : Added instance localhost:NOTIFICATION-SERVICE:7507 to the existing apps in region null
2026-03-27T09:52:26.116+05:30 DEBUG 10856 --- [user-service] [reshExecutor-%d] com.netflix.discovery.DiscoveryClient    : The total number of instances fetched by the delta processor : 9
2026-03-27T09:52:26.117+05:30 DEBUG 10856 --- [user-service] [reshExecutor-%d] com.netflix.discovery.DiscoveryClient    : The total number of all instances in the client now is 10
2026-03-27T09:52:26.118+05:30 DEBUG 10856 --- [user-service] [reshExecutor-%d] com.netflix.discovery.DiscoveryClient    : Completed cache refresh task for discovery. All Apps hash code is Local region apps hashcode: UP_10_, is fetching remote regions? false 
2026-03-27T09:52:55.666+05:30 DEBUG 10856 --- [user-service] [beatExecutor-%d] com.netflix.discovery.DiscoveryClient    : DiscoveryClient_USER-SERVICE/localhost:user-service:7500 - Heartbeat status: 200
2026-03-27T09:52:56.153+05:30 DEBUG 10856 --- [user-service] [reshExecutor-%d] com.netflix.discovery.DiscoveryClient    : Got delta update with apps hashcode UP_10_
2026-03-27T09:52:56.157+05:30 DEBUG 10856 --- [user-service] [reshExecutor-%d] com.netflix.discovery.DiscoveryClient    : The total number of instances fetched by the delta processor : 0
2026-03-27T09:52:56.158+05:30 DEBUG 10856 --- [user-service] [reshExecutor-%d] com.netflix.discovery.DiscoveryClient    : The total number of all instances in the client now is 10
2026-03-27T09:52:56.160+05:30 DEBUG 10856 --- [user-service] [reshExecutor-%d] com.netflix.discovery.DiscoveryClient    : Completed cache refresh task for discovery. All Apps hash code is Local region apps hashcode: UP_10_, is fetching remote regions? false 
2026-03-27T09:53:25.699+05:30 DEBUG 10856 --- [user-service] [beatExecutor-%d] com.netflix.discovery.DiscoveryClient    : DiscoveryClient_USER-SERVICE/localhost:user-service:7500 - Heartbeat status: 200
2026-03-27T09:53:26.192+05:30 DEBUG 10856 --- [user-service] [reshExecutor-%d] com.netflix.discovery.DiscoveryClient    : Got delta update with apps hashcode UP_10_
2026-03-27T09:53:26.199+05:30 DEBUG 10856 --- [user-service] [reshExecutor-%d] com.netflix.discovery.DiscoveryClient    : The total number of instances fetched by the delta processor : 0
2026-03-27T09:53:26.199+05:30 DEBUG 10856 --- [user-service] [reshExecutor-%d] com.netflix.discovery.DiscoveryClient    : The total number of all instances in the client now is 10
2026-03-27T09:53:26.200+05:30 DEBUG 10856 --- [user-service] [reshExecutor-%d] com.netflix.discovery.DiscoveryClient    : Completed cache refresh task for discovery. All Apps hash code is Local region apps hashcode: UP_10_, is fetching remote regions? false 
2026-03-27T09:53:55.743+05:30 DEBUG 10856 --- [user-service] [beatExecutor-%d] com.netflix.discovery.DiscoveryClient    : DiscoveryClient_USER-SERVICE/localhost:user-service:7500 - Heartbeat status: 200
2026-03-27T09:53:56.222+05:30 DEBUG 10856 --- [user-service] [reshExecutor-%d] com.netflix.discovery.DiscoveryClient    : Got delta update with apps hashcode UP_10_
2026-03-27T09:53:56.226+05:30 DEBUG 10856 --- [user-service] [reshExecutor-%d] com.netflix.discovery.DiscoveryClient    : The total number of instances fetched by the delta processor : 0
2026-03-27T09:53:56.228+05:30 DEBUG 10856 --- [user-service] [reshExecutor-%d] com.netflix.discovery.DiscoveryClient    : The total number of all instances in the client now is 10
2026-03-27T09:53:56.229+05:30 DEBUG 10856 --- [user-service] [reshExecutor-%d] com.netflix.discovery.DiscoveryClient    : Completed cache refresh task for discovery. All Apps hash code is Local region apps hashcode: UP_10_, is fetching remote regions? false 
2026-03-27T09:54:25.767+05:30 DEBUG 10856 --- [user-service] [beatExecutor-%d] com.netflix.discovery.DiscoveryClient    : DiscoveryClient_USER-SERVICE/localhost:user-service:7500 - Heartbeat status: 200
2026-03-27T09:54:26.253+05:30 DEBUG 10856 --- [user-service] [reshExecutor-%d] com.netflix.discovery.DiscoveryClient    : Got delta update with apps hashcode UP_10_
2026-03-27T09:54:26.255+05:30 DEBUG 10856 --- [user-service] [reshExecutor-%d] com.netflix.discovery.DiscoveryClient    : The total number of instances fetched by the delta processor : 0
2026-03-27T09:54:26.256+05:30 DEBUG 10856 --- [user-service] [reshExecutor-%d] com.netflix.discovery.DiscoveryClient    : The total number of all instances in the client now is 10
2026-03-27T09:54:26.257+05:30 DEBUG 10856 --- [user-service] [reshExecutor-%d] com.netflix.discovery.DiscoveryClient    : Completed cache refresh task for discovery. All Apps hash code is Local region apps hashcode: UP_10_, is fetching remote regions? false 
2026-03-27T09:54:55.792+05:30 DEBUG 10856 --- [user-service] [beatExecutor-%d] com.netflix.discovery.DiscoveryClient    : DiscoveryClient_USER-SERVICE/localhost:user-service:7500 - Heartbeat status: 200
2026-03-27T09:54:56.278+05:30 DEBUG 10856 --- [user-service] [reshExecutor-%d] com.netflix.discovery.DiscoveryClient    : Got delta update with apps hashcode UP_10_
2026-03-27T09:54:56.281+05:30 DEBUG 10856 --- [user-service] [reshExecutor-%d] com.netflix.discovery.DiscoveryClient    : The total number of instances fetched by the delta processor : 0
2026-03-27T09:54:56.283+05:30 DEBUG 10856 --- [user-service] [reshExecutor-%d] com.netflix.discovery.DiscoveryClient    : The total number of all instances in the client now is 10
2026-03-27T09:54:56.284+05:30 DEBUG 10856 --- [user-service] [reshExecutor-%d] com.netflix.discovery.DiscoveryClient    : Completed cache refresh task for discovery. All Apps hash code is Local region apps hashcode: UP_10_, is fetching remote regions? false 
2026-03-27T09:55:25.830+05:30 DEBUG 10856 --- [user-service] [beatExecutor-%d] com.netflix.discovery.DiscoveryClient    : DiscoveryClient_USER-SERVICE/localhost:user-service:7500 - Heartbeat status: 200
2026-03-27T09:55:26.313+05:30 DEBUG 10856 --- [user-service] [reshExecutor-%d] com.netflix.discovery.DiscoveryClient    : Got delta update with apps hashcode UP_10_
2026-03-27T09:55:26.316+05:30 DEBUG 10856 --- [user-service] [reshExecutor-%d] com.netflix.discovery.DiscoveryClient    : The total number of instances fetched by the delta processor : 0
2026-03-27T09:55:26.317+05:30 DEBUG 10856 --- [user-service] [reshExecutor-%d] com.netflix.discovery.DiscoveryClient    : The total number of all instances in the client now is 10
2026-03-27T09:55:26.317+05:30 DEBUG 10856 --- [user-service] [reshExecutor-%d] com.netflix.discovery.DiscoveryClient    : Completed cache refresh task for discovery. All Apps hash code is Local region apps hashcode: UP_10_, is fetching remote regions? false 
2026-03-27T09:55:55.865+05:30 DEBUG 10856 --- [user-service] [beatExecutor-%d] com.netflix.discovery.DiscoveryClient    : DiscoveryClient_USER-SERVICE/localhost:user-service:7500 - Heartbeat status: 200
2026-03-27T09:55:56.350+05:30 DEBUG 10856 --- [user-service] [reshExecutor-%d] com.netflix.discovery.DiscoveryClient    : Got delta update with apps hashcode UP_10_
2026-03-27T09:55:56.351+05:30 DEBUG 10856 --- [user-service] [reshExecutor-%d] com.netflix.discovery.DiscoveryClient    : The total number of instances fetched by the delta processor : 0
2026-03-27T09:55:56.352+05:30 DEBUG 10856 --- [user-service] [reshExecutor-%d] com.netflix.discovery.DiscoveryClient    : The total number of all instances in the client now is 10
2026-03-27T09:55:56.353+05:30 DEBUG 10856 --- [user-service] [reshExecutor-%d] com.netflix.discovery.DiscoveryClient    : Completed cache refresh task for discovery. All Apps hash code is Local region apps hashcode: UP_10_, is fetching remote regions? false 
2026-03-27T09:56:24.601+05:30  INFO 10856 --- [user-service] [rap-executor-%d] c.n.d.s.r.aws.ConfigClusterResolver      : Resolving eureka endpoints via configuration
2026-03-27T09:56:24.601+05:30 DEBUG 10856 --- [user-service] [rap-executor-%d] c.n.discovery.endpoint.EndpointUtils     : The availability zone for the given region us-east-1 are [defaultZone]
2026-03-27T09:56:24.603+05:30 DEBUG 10856 --- [user-service] [rap-executor-%d] c.n.d.s.r.aws.ConfigClusterResolver      : Config resolved to [AwsEndpoint{ serviceUrl='http://127.0.0.1:8761/eureka/', region='us-east-1', zone='defaultZone'}]
2026-03-27T09:56:24.603+05:30 DEBUG 10856 --- [user-service] [rap-executor-%d] c.n.d.s.r.a.ZoneAffinityClusterResolver  : Local zone=defaultZone; resolved to: [AwsEndpoint{ serviceUrl='http://127.0.0.1:8761/eureka/', region='us-east-1', zone='defaultZone'}]
2026-03-27T09:56:24.604+05:30 DEBUG 10856 --- [user-service] [rap-executor-%d] c.n.d.shared.resolver.AsyncResolver      : Resolved to [AwsEndpoint{ serviceUrl='http://127.0.0.1:8761/eureka/', region='us-east-1', zone='defaultZone'}]
2026-03-27T09:56:25.894+05:30 DEBUG 10856 --- [user-service] [beatExecutor-%d] com.netflix.discovery.DiscoveryClient    : DiscoveryClient_USER-SERVICE/localhost:user-service:7500 - Heartbeat status: 200
2026-03-27T09:56:26.386+05:30 DEBUG 10856 --- [user-service] [reshExecutor-%d] com.netflix.discovery.DiscoveryClient    : Got delta update with apps hashcode UP_10_
2026-03-27T09:56:26.389+05:30 DEBUG 10856 --- [user-service] [reshExecutor-%d] com.netflix.discovery.DiscoveryClient    : The total number of instances fetched by the delta processor : 0
2026-03-27T09:56:26.390+05:30 DEBUG 10856 --- [user-service] [reshExecutor-%d] com.netflix.discovery.DiscoveryClient    : The total number of all instances in the client now is 10
2026-03-27T09:56:26.391+05:30 DEBUG 10856 --- [user-service] [reshExecutor-%d] com.netflix.discovery.DiscoveryClient    : Completed cache refresh task for discovery. All Apps hash code is Local region apps hashcode: UP_10_, is fetching remote regions? false 
2026-03-27T09:56:55.920+05:30 DEBUG 10856 --- [user-service] [beatExecutor-%d] com.netflix.discovery.DiscoveryClient    : DiscoveryClient_USER-SERVICE/localhost:user-service:7500 - Heartbeat status: 200
2026-03-27T09:56:56.413+05:30 DEBUG 10856 --- [user-service] [reshExecutor-%d] com.netflix.discovery.DiscoveryClient    : Got delta update with apps hashcode UP_10_
2026-03-27T09:56:56.416+05:30 DEBUG 10856 --- [user-service] [reshExecutor-%d] com.netflix.discovery.DiscoveryClient    : The total number of instances fetched by the delta processor : 0
2026-03-27T09:56:56.416+05:30 DEBUG 10856 --- [user-service] [reshExecutor-%d] com.netflix.discovery.DiscoveryClient    : The total number of all instances in the client now is 10
2026-03-27T09:56:56.416+05:30 DEBUG 10856 --- [user-service] [reshExecutor-%d] com.netflix.discovery.DiscoveryClient    : Completed cache refresh task for discovery. All Apps hash code is Local region apps hashcode: UP_10_, is fetching remote regions? false 
2026-03-27T09:57:25.955+05:30 DEBUG 10856 --- [user-service] [beatExecutor-%d] com.netflix.discovery.DiscoveryClient    : DiscoveryClient_USER-SERVICE/localhost:user-service:7500 - Heartbeat status: 200
2026-03-27T09:57:26.452+05:30 DEBUG 10856 --- [user-service] [reshExecutor-%d] com.netflix.discovery.DiscoveryClient    : Got delta update with apps hashcode UP_10_
2026-03-27T09:57:26.454+05:30 DEBUG 10856 --- [user-service] [reshExecutor-%d] com.netflix.discovery.DiscoveryClient    : The total number of instances fetched by the delta processor : 0
2026-03-27T09:57:26.455+05:30 DEBUG 10856 --- [user-service] [reshExecutor-%d] com.netflix.discovery.DiscoveryClient    : The total number of all instances in the client now is 10
2026-03-27T09:57:26.456+05:30 DEBUG 10856 --- [user-service] [reshExecutor-%d] com.netflix.discovery.DiscoveryClient    : Completed cache refresh task for discovery. All Apps hash code is Local region apps hashcode: UP_10_, is fetching remote regions? false 
2026-03-27T09:57:55.981+05:30 DEBUG 10856 --- [user-service] [beatExecutor-%d] com.netflix.discovery.DiscoveryClient    : DiscoveryClient_USER-SERVICE/localhost:user-service:7500 - Heartbeat status: 200
2026-03-27T09:57:56.480+05:30 DEBUG 10856 --- [user-service] [reshExecutor-%d] com.netflix.discovery.DiscoveryClient    : Got delta update with apps hashcode UP_10_
2026-03-27T09:57:56.483+05:30 DEBUG 10856 --- [user-service] [reshExecutor-%d] com.netflix.discovery.DiscoveryClient    : The total number of instances fetched by the delta processor : 0
2026-03-27T09:57:56.483+05:30 DEBUG 10856 --- [user-service] [reshExecutor-%d] com.netflix.discovery.DiscoveryClient    : The total number of all instances in the client now is 10
2026-03-27T09:57:56.484+05:30 DEBUG 10856 --- [user-service] [reshExecutor-%d] com.netflix.discovery.DiscoveryClient    : Completed cache refresh task for discovery. All Apps hash code is Local region apps hashcode: UP_10_, is fetching remote regions? false 
2026-03-27T09:58:25.993+05:30 DEBUG 10856 --- [user-service] [beatExecutor-%d] c.n.d.s.t.d.SessionedEurekaHttpClient    : Ending a session and starting anew
2026-03-27T09:58:26.032+05:30 DEBUG 10856 --- [user-service] [beatExecutor-%d] c.n.d.s.t.d.RedirectingEurekaHttpClient  : Pinning to endpoint null
2026-03-27T09:58:26.033+05:30 DEBUG 10856 --- [user-service] [beatExecutor-%d] com.netflix.discovery.DiscoveryClient    : DiscoveryClient_USER-SERVICE/localhost:user-service:7500 - Heartbeat status: 200
2026-03-27T09:58:26.503+05:30 DEBUG 10856 --- [user-service] [reshExecutor-%d] com.netflix.discovery.DiscoveryClient    : Got delta update with apps hashcode UP_10_
2026-03-27T09:58:26.508+05:30 DEBUG 10856 --- [user-service] [reshExecutor-%d] com.netflix.discovery.DiscoveryClient    : The total number of instances fetched by the delta processor : 0
2026-03-27T09:58:26.508+05:30 DEBUG 10856 --- [user-service] [reshExecutor-%d] com.netflix.discovery.DiscoveryClient    : The total number of all instances in the client now is 10
2026-03-27T09:58:26.509+05:30 DEBUG 10856 --- [user-service] [reshExecutor-%d] com.netflix.discovery.DiscoveryClient    : Completed cache refresh task for discovery. All Apps hash code is Local region apps hashcode: UP_10_, is fetching remote regions? false 
2026-03-27T09:58:56.066+05:30 DEBUG 10856 --- [user-service] [beatExecutor-%d] com.netflix.discovery.DiscoveryClient    : DiscoveryClient_USER-SERVICE/localhost:user-service:7500 - Heartbeat status: 200
2026-03-27T09:58:56.530+05:30 DEBUG 10856 --- [user-service] [reshExecutor-%d] com.netflix.discovery.DiscoveryClient    : Got delta update with apps hashcode UP_10_
2026-03-27T09:58:56.532+05:30 DEBUG 10856 --- [user-service] [reshExecutor-%d] com.netflix.discovery.DiscoveryClient    : The total number of instances fetched by the delta processor : 0
2026-03-27T09:58:56.533+05:30 DEBUG 10856 --- [user-service] [reshExecutor-%d] com.netflix.discovery.DiscoveryClient    : The total number of all instances in the client now is 10
2026-03-27T09:58:56.534+05:30 DEBUG 10856 --- [user-service] [reshExecutor-%d] com.netflix.discovery.DiscoveryClient    : Completed cache refresh task for discovery. All Apps hash code is Local region apps hashcode: UP_10_, is fetching remote regions? false 
2026-03-27T09:59:26.099+05:30 DEBUG 10856 --- [user-service] [beatExecutor-%d] com.netflix.discovery.DiscoveryClient    : DiscoveryClient_USER-SERVICE/localhost:user-service:7500 - Heartbeat status: 200
2026-03-27T09:59:26.565+05:30 DEBUG 10856 --- [user-service] [reshExecutor-%d] com.netflix.discovery.DiscoveryClient    : Got delta update with apps hashcode UP_10_
2026-03-27T09:59:26.569+05:30 DEBUG 10856 --- [user-service] [reshExecutor-%d] com.netflix.discovery.DiscoveryClient    : The total number of instances fetched by the delta processor : 0
2026-03-27T09:59:26.570+05:30 DEBUG 10856 --- [user-service] [reshExecutor-%d] com.netflix.discovery.DiscoveryClient    : The total number of all instances in the client now is 10
2026-03-27T09:59:26.570+05:30 DEBUG 10856 --- [user-service] [reshExecutor-%d] com.netflix.discovery.DiscoveryClient    : Completed cache refresh task for discovery. All Apps hash code is Local region apps hashcode: UP_10_, is fetching remote regions? false 
2026-03-27T09:59:56.138+05:30 DEBUG 10856 --- [user-service] [beatExecutor-%d] com.netflix.discovery.DiscoveryClient    : DiscoveryClient_USER-SERVICE/localhost:user-service:7500 - Heartbeat status: 200
2026-03-27T09:59:56.597+05:30 DEBUG 10856 --- [user-service] [reshExecutor-%d] com.netflix.discovery.DiscoveryClient    : Got delta update with apps hashcode UP_10_
2026-03-27T09:59:56.597+05:30 DEBUG 10856 --- [user-service] [reshExecutor-%d] com.netflix.discovery.DiscoveryClient    : The total number of instances fetched by the delta processor : 0
2026-03-27T09:59:56.598+05:30 DEBUG 10856 --- [user-service] [reshExecutor-%d] com.netflix.discovery.DiscoveryClient    : The total number of all instances in the client now is 10
2026-03-27T09:59:56.598+05:30 DEBUG 10856 --- [user-service] [reshExecutor-%d] com.netflix.discovery.DiscoveryClient    : Completed cache refresh task for discovery. All Apps hash code is Local region apps hashcode: UP_10_, is fetching remote regions? false 
2026-03-27T10:00:26.174+05:30 DEBUG 10856 --- [user-service] [beatExecutor-%d] com.netflix.discovery.DiscoveryClient    : DiscoveryClient_USER-SERVICE/localhost:user-service:7500 - Heartbeat status: 200
2026-03-27T10:00:26.623+05:30 DEBUG 10856 --- [user-service] [reshExecutor-%d] com.netflix.discovery.DiscoveryClient    : Got delta update with apps hashcode UP_10_
2026-03-27T10:00:26.625+05:30 DEBUG 10856 --- [user-service] [reshExecutor-%d] com.netflix.discovery.DiscoveryClient    : The total number of instances fetched by the delta processor : 0
2026-03-27T10:00:26.625+05:30 DEBUG 10856 --- [user-service] [reshExecutor-%d] com.netflix.discovery.DiscoveryClient    : The total number of all instances in the client now is 10
2026-03-27T10:00:26.626+05:30 DEBUG 10856 --- [user-service] [reshExecutor-%d] com.netflix.discovery.DiscoveryClient    : Completed cache refresh task for discovery. All Apps hash code is Local region apps hashcode: UP_10_, is fetching remote regions? false 
2026-03-27T10:00:56.207+05:30 DEBUG 10856 --- [user-service] [beatExecutor-%d] com.netflix.discovery.DiscoveryClient    : DiscoveryClient_USER-SERVICE/localhost:user-service:7500 - Heartbeat status: 200
2026-03-27T10:00:56.656+05:30 DEBUG 10856 --- [user-service] [reshExecutor-%d] com.netflix.discovery.DiscoveryClient    : Got delta update with apps hashcode UP_10_
2026-03-27T10:00:56.656+05:30 DEBUG 10856 --- [user-service] [reshExecutor-%d] com.netflix.discovery.DiscoveryClient    : The total number of instances fetched by the delta processor : 0
2026-03-27T10:00:56.658+05:30 DEBUG 10856 --- [user-service] [reshExecutor-%d] com.netflix.discovery.DiscoveryClient    : The total number of all instances in the client now is 10
2026-03-27T10:00:56.658+05:30 DEBUG 10856 --- [user-service] [reshExecutor-%d] com.netflix.discovery.DiscoveryClient    : Completed cache refresh task for discovery. All Apps hash code is Local region apps hashcode: UP_10_, is fetching remote regions? false 
2026-03-27T10:01:24.614+05:30  INFO 10856 --- [user-service] [rap-executor-%d] c.n.d.s.r.aws.ConfigClusterResolver      : Resolving eureka endpoints via configuration
2026-03-27T10:01:24.618+05:30 DEBUG 10856 --- [user-service] [rap-executor-%d] c.n.discovery.endpoint.EndpointUtils     : The availability zone for the given region us-east-1 are [defaultZone]
2026-03-27T10:01:24.620+05:30 DEBUG 10856 --- [user-service] [rap-executor-%d] c.n.d.s.r.aws.ConfigClusterResolver      : Config resolved to [AwsEndpoint{ serviceUrl='http://127.0.0.1:8761/eureka/', region='us-east-1', zone='defaultZone'}]
2026-03-27T10:01:24.621+05:30 DEBUG 10856 --- [user-service] [rap-executor-%d] c.n.d.s.r.a.ZoneAffinityClusterResolver  : Local zone=defaultZone; resolved to: [AwsEndpoint{ serviceUrl='http://127.0.0.1:8761/eureka/', region='us-east-1', zone='defaultZone'}]
2026-03-27T10:01:24.622+05:30 DEBUG 10856 --- [user-service] [rap-executor-%d] c.n.d.shared.resolver.AsyncResolver      : Resolved to [AwsEndpoint{ serviceUrl='http://127.0.0.1:8761/eureka/', region='us-east-1', zone='defaultZone'}]
2026-03-27T10:01:26.238+05:30 DEBUG 10856 --- [user-service] [beatExecutor-%d] com.netflix.discovery.DiscoveryClient    : DiscoveryClient_USER-SERVICE/localhost:user-service:7500 - Heartbeat status: 200
2026-03-27T10:01:26.684+05:30 DEBUG 10856 --- [user-service] [reshExecutor-%d] com.netflix.discovery.DiscoveryClient    : Got delta update with apps hashcode UP_10_
2026-03-27T10:01:26.685+05:30 DEBUG 10856 --- [user-service] [reshExecutor-%d] com.netflix.discovery.DiscoveryClient    : The total number of instances fetched by the delta processor : 0
2026-03-27T10:01:26.686+05:30 DEBUG 10856 --- [user-service] [reshExecutor-%d] com.netflix.discovery.DiscoveryClient    : The total number of all instances in the client now is 10
2026-03-27T10:01:26.687+05:30 DEBUG 10856 --- [user-service] [reshExecutor-%d] com.netflix.discovery.DiscoveryClient    : Completed cache refresh task for discovery. All Apps hash code is Local region apps hashcode: UP_10_, is fetching remote regions? false 
2026-03-27T10:01:56.261+05:30 DEBUG 10856 --- [user-service] [beatExecutor-%d] com.netflix.discovery.DiscoveryClient    : DiscoveryClient_USER-SERVICE/localhost:user-service:7500 - Heartbeat status: 200
2026-03-27T10:01:56.709+05:30 DEBUG 10856 --- [user-service] [reshExecutor-%d] com.netflix.discovery.DiscoveryClient    : Got delta update with apps hashcode UP_10_
2026-03-27T10:01:56.710+05:30 DEBUG 10856 --- [user-service] [reshExecutor-%d] com.netflix.discovery.DiscoveryClient    : The total number of instances fetched by the delta processor : 0
2026-03-27T10:01:56.711+05:30 DEBUG 10856 --- [user-service] [reshExecutor-%d] com.netflix.discovery.DiscoveryClient    : The total number of all instances in the client now is 10
2026-03-27T10:01:56.712+05:30 DEBUG 10856 --- [user-service] [reshExecutor-%d] com.netflix.discovery.DiscoveryClient    : Completed cache refresh task for discovery. All Apps hash code is Local region apps hashcode: UP_10_, is fetching remote regions? false 
2026-03-27T10:02:26.288+05:30 DEBUG 10856 --- [user-service] [beatExecutor-%d] com.netflix.discovery.DiscoveryClient    : DiscoveryClient_USER-SERVICE/localhost:user-service:7500 - Heartbeat status: 200
2026-03-27T10:02:26.738+05:30 DEBUG 10856 --- [user-service] [reshExecutor-%d] com.netflix.discovery.DiscoveryClient    : Got delta update with apps hashcode UP_10_
2026-03-27T10:02:26.739+05:30 DEBUG 10856 --- [user-service] [reshExecutor-%d] com.netflix.discovery.DiscoveryClient    : The total number of instances fetched by the delta processor : 0
2026-03-27T10:02:26.739+05:30 DEBUG 10856 --- [user-service] [reshExecutor-%d] com.netflix.discovery.DiscoveryClient    : The total number of all instances in the client now is 10
2026-03-27T10:02:26.740+05:30 DEBUG 10856 --- [user-service] [reshExecutor-%d] com.netflix.discovery.DiscoveryClient    : Completed cache refresh task for discovery. All Apps hash code is Local region apps hashcode: UP_10_, is fetching remote regions? false 
2026-03-27T10:02:56.312+05:30 DEBUG 10856 --- [user-service] [beatExecutor-%d] com.netflix.discovery.DiscoveryClient    : DiscoveryClient_USER-SERVICE/localhost:user-service:7500 - Heartbeat status: 200
2026-03-27T10:02:56.764+05:30 DEBUG 10856 --- [user-service] [reshExecutor-%d] com.netflix.discovery.DiscoveryClient    : Got delta update with apps hashcode UP_10_
2026-03-27T10:02:56.766+05:30 DEBUG 10856 --- [user-service] [reshExecutor-%d] com.netflix.discovery.DiscoveryClient    : The total number of instances fetched by the delta processor : 0
2026-03-27T10:02:56.766+05:30 DEBUG 10856 --- [user-service] [reshExecutor-%d] com.netflix.discovery.DiscoveryClient    : The total number of all instances in the client now is 10
2026-03-27T10:02:56.767+05:30 DEBUG 10856 --- [user-service] [reshExecutor-%d] com.netflix.discovery.DiscoveryClient    : Completed cache refresh task for discovery. All Apps hash code is Local region apps hashcode: UP_10_, is fetching remote regions? false 
2026-03-27T10:03:26.346+05:30 DEBUG 10856 --- [user-service] [beatExecutor-%d] com.netflix.discovery.DiscoveryClient    : DiscoveryClient_USER-SERVICE/localhost:user-service:7500 - Heartbeat status: 200
2026-03-27T10:03:26.794+05:30 DEBUG 10856 --- [user-service] [reshExecutor-%d] com.netflix.discovery.DiscoveryClient    : Got delta update with apps hashcode UP_10_
2026-03-27T10:03:26.798+05:30 DEBUG 10856 --- [user-service] [reshExecutor-%d] com.netflix.discovery.DiscoveryClient    : The total number of instances fetched by the delta processor : 0
2026-03-27T10:03:26.799+05:30 DEBUG 10856 --- [user-service] [reshExecutor-%d] com.netflix.discovery.DiscoveryClient    : The total number of all instances in the client now is 10
2026-03-27T10:03:26.800+05:30 DEBUG 10856 --- [user-service] [reshExecutor-%d] com.netflix.discovery.DiscoveryClient    : Completed cache refresh task for discovery. All Apps hash code is Local region apps hashcode: UP_10_, is fetching remote regions? false 
2026-03-27T10:03:56.371+05:30 DEBUG 10856 --- [user-service] [beatExecutor-%d] com.netflix.discovery.DiscoveryClient    : DiscoveryClient_USER-SERVICE/localhost:user-service:7500 - Heartbeat status: 200
2026-03-27T10:03:56.835+05:30 DEBUG 10856 --- [user-service] [reshExecutor-%d] com.netflix.discovery.DiscoveryClient    : Got delta update with apps hashcode UP_10_
2026-03-27T10:03:56.837+05:30 DEBUG 10856 --- [user-service] [reshExecutor-%d] com.netflix.discovery.DiscoveryClient    : The total number of instances fetched by the delta processor : 0
2026-03-27T10:03:56.838+05:30 DEBUG 10856 --- [user-service] [reshExecutor-%d] com.netflix.discovery.DiscoveryClient    : The total number of all instances in the client now is 10
2026-03-27T10:03:56.839+05:30 DEBUG 10856 --- [user-service] [reshExecutor-%d] com.netflix.discovery.DiscoveryClient    : Completed cache refresh task for discovery. All Apps hash code is Local region apps hashcode: UP_10_, is fetching remote regions? false 
2026-03-27T10:04:26.395+05:30 DEBUG 10856 --- [user-service] [beatExecutor-%d] com.netflix.discovery.DiscoveryClient    : DiscoveryClient_USER-SERVICE/localhost:user-service:7500 - Heartbeat status: 200
2026-03-27T10:04:26.872+05:30 DEBUG 10856 --- [user-service] [reshExecutor-%d] com.netflix.discovery.DiscoveryClient    : Got delta update with apps hashcode UP_10_
2026-03-27T10:04:26.875+05:30 DEBUG 10856 --- [user-service] [reshExecutor-%d] com.netflix.discovery.DiscoveryClient    : The total number of instances fetched by the delta processor : 0
2026-03-27T10:04:26.876+05:30 DEBUG 10856 --- [user-service] [reshExecutor-%d] com.netflix.discovery.DiscoveryClient    : The total number of all instances in the client now is 10
2026-03-27T10:04:26.876+05:30 DEBUG 10856 --- [user-service] [reshExecutor-%d] com.netflix.discovery.DiscoveryClient    : Completed cache refresh task for discovery. All Apps hash code is Local region apps hashcode: UP_10_, is fetching remote regions? false 
2026-03-27T10:04:56.432+05:30 DEBUG 10856 --- [user-service] [beatExecutor-%d] com.netflix.discovery.DiscoveryClient    : DiscoveryClient_USER-SERVICE/localhost:user-service:7500 - Heartbeat status: 200
2026-03-27T10:04:56.903+05:30 DEBUG 10856 --- [user-service] [reshExecutor-%d] com.netflix.discovery.DiscoveryClient    : Got delta update with apps hashcode UP_10_
2026-03-27T10:04:56.905+05:30 DEBUG 10856 --- [user-service] [reshExecutor-%d] com.netflix.discovery.DiscoveryClient    : The total number of instances fetched by the delta processor : 0
2026-03-27T10:04:56.906+05:30 DEBUG 10856 --- [user-service] [reshExecutor-%d] com.netflix.discovery.DiscoveryClient    : The total number of all instances in the client now is 10
2026-03-27T10:04:56.907+05:30 DEBUG 10856 --- [user-service] [reshExecutor-%d] com.netflix.discovery.DiscoveryClient    : Completed cache refresh task for discovery. All Apps hash code is Local region apps hashcode: UP_10_, is fetching remote regions? false 
2026-03-27T10:05:26.463+05:30 DEBUG 10856 --- [user-service] [beatExecutor-%d] com.netflix.discovery.DiscoveryClient    : DiscoveryClient_USER-SERVICE/localhost:user-service:7500 - Heartbeat status: 200
2026-03-27T10:05:26.932+05:30 DEBUG 10856 --- [user-service] [reshExecutor-%d] com.netflix.discovery.DiscoveryClient    : Got delta update with apps hashcode UP_10_
2026-03-27T10:05:26.933+05:30 DEBUG 10856 --- [user-service] [reshExecutor-%d] com.netflix.discovery.DiscoveryClient    : The total number of instances fetched by the delta processor : 0
2026-03-27T10:05:26.935+05:30 DEBUG 10856 --- [user-service] [reshExecutor-%d] com.netflix.discovery.DiscoveryClient    : The total number of all instances in the client now is 10
2026-03-27T10:05:26.936+05:30 DEBUG 10856 --- [user-service] [reshExecutor-%d] com.netflix.discovery.DiscoveryClient    : Completed cache refresh task for discovery. All Apps hash code is Local region apps hashcode: UP_10_, is fetching remote regions? false 
2026-03-27T10:05:56.484+05:30 DEBUG 10856 --- [user-service] [beatExecutor-%d] com.netflix.discovery.DiscoveryClient    : DiscoveryClient_USER-SERVICE/localhost:user-service:7500 - Heartbeat status: 200
2026-03-27T10:05:56.946+05:30 DEBUG 10856 --- [user-service] [reshExecutor-%d] c.n.d.s.t.d.SessionedEurekaHttpClient    : Ending a session and starting anew
2026-03-27T10:05:56.968+05:30 DEBUG 10856 --- [user-service] [reshExecutor-%d] c.n.d.s.t.d.RedirectingEurekaHttpClient  : Pinning to endpoint null
2026-03-27T10:05:56.969+05:30 DEBUG 10856 --- [user-service] [reshExecutor-%d] com.netflix.discovery.DiscoveryClient    : Got delta update with apps hashcode UP_10_
2026-03-27T10:05:56.969+05:30 DEBUG 10856 --- [user-service] [reshExecutor-%d] com.netflix.discovery.DiscoveryClient    : The total number of instances fetched by the delta processor : 0
2026-03-27T10:05:56.970+05:30 DEBUG 10856 --- [user-service] [reshExecutor-%d] com.netflix.discovery.DiscoveryClient    : The total number of all instances in the client now is 10
2026-03-27T10:05:56.970+05:30 DEBUG 10856 --- [user-service] [reshExecutor-%d] com.netflix.discovery.DiscoveryClient    : Completed cache refresh task for discovery. All Apps hash code is Local region apps hashcode: UP_10_, is fetching remote regions? false 
2026-03-27T10:06:24.626+05:30  INFO 10856 --- [user-service] [rap-executor-%d] c.n.d.s.r.aws.ConfigClusterResolver      : Resolving eureka endpoints via configuration
2026-03-27T10:06:24.631+05:30 DEBUG 10856 --- [user-service] [rap-executor-%d] c.n.discovery.endpoint.EndpointUtils     : The availability zone for the given region us-east-1 are [defaultZone]
2026-03-27T10:06:24.632+05:30 DEBUG 10856 --- [user-service] [rap-executor-%d] c.n.d.s.r.aws.ConfigClusterResolver      : Config resolved to [AwsEndpoint{ serviceUrl='http://127.0.0.1:8761/eureka/', region='us-east-1', zone='defaultZone'}]
2026-03-27T10:06:24.634+05:30 DEBUG 10856 --- [user-service] [rap-executor-%d] c.n.d.s.r.a.ZoneAffinityClusterResolver  : Local zone=defaultZone; resolved to: [AwsEndpoint{ serviceUrl='http://127.0.0.1:8761/eureka/', region='us-east-1', zone='defaultZone'}]
2026-03-27T10:06:24.634+05:30 DEBUG 10856 --- [user-service] [rap-executor-%d] c.n.d.shared.resolver.AsyncResolver      : Resolved to [AwsEndpoint{ serviceUrl='http://127.0.0.1:8761/eureka/', region='us-east-1', zone='defaultZone'}]
2026-03-27T10:06:26.513+05:30 DEBUG 10856 --- [user-service] [beatExecutor-%d] com.netflix.discovery.DiscoveryClient    : DiscoveryClient_USER-SERVICE/localhost:user-service:7500 - Heartbeat status: 200
2026-03-27T10:06:26.992+05:30 DEBUG 10856 --- [user-service] [reshExecutor-%d] com.netflix.discovery.DiscoveryClient    : Got delta update with apps hashcode UP_10_
2026-03-27T10:06:26.995+05:30 DEBUG 10856 --- [user-service] [reshExecutor-%d] com.netflix.discovery.DiscoveryClient    : The total number of instances fetched by the delta processor : 0
2026-03-27T10:06:26.995+05:30 DEBUG 10856 --- [user-service] [reshExecutor-%d] com.netflix.discovery.DiscoveryClient    : The total number of all instances in the client now is 10
2026-03-27T10:06:26.996+05:30 DEBUG 10856 --- [user-service] [reshExecutor-%d] com.netflix.discovery.DiscoveryClient    : Completed cache refresh task for discovery. All Apps hash code is Local region apps hashcode: UP_10_, is fetching remote regions? false 
2026-03-27T10:06:56.547+05:30 DEBUG 10856 --- [user-service] [beatExecutor-%d] com.netflix.discovery.DiscoveryClient    : DiscoveryClient_USER-SERVICE/localhost:user-service:7500 - Heartbeat status: 200
2026-03-27T10:06:57.016+05:30 DEBUG 10856 --- [user-service] [reshExecutor-%d] com.netflix.discovery.DiscoveryClient    : Got delta update with apps hashcode UP_10_
2026-03-27T10:06:57.019+05:30 DEBUG 10856 --- [user-service] [reshExecutor-%d] com.netflix.discovery.DiscoveryClient    : The total number of instances fetched by the delta processor : 0
2026-03-27T10:06:57.020+05:30 DEBUG 10856 --- [user-service] [reshExecutor-%d] com.netflix.discovery.DiscoveryClient    : The total number of all instances in the client now is 10
2026-03-27T10:06:57.021+05:30 DEBUG 10856 --- [user-service] [reshExecutor-%d] com.netflix.discovery.DiscoveryClient    : Completed cache refresh task for discovery. All Apps hash code is Local region apps hashcode: UP_10_, is fetching remote regions? false 
2026-03-27T10:07:26.567+05:30 DEBUG 10856 --- [user-service] [beatExecutor-%d] com.netflix.discovery.DiscoveryClient    : DiscoveryClient_USER-SERVICE/localhost:user-service:7500 - Heartbeat status: 200
2026-03-27T10:07:27.050+05:30 DEBUG 10856 --- [user-service] [reshExecutor-%d] com.netflix.discovery.DiscoveryClient    : Got delta update with apps hashcode UP_10_
2026-03-27T10:07:27.055+05:30 DEBUG 10856 --- [user-service] [reshExecutor-%d] com.netflix.discovery.DiscoveryClient    : The total number of instances fetched by the delta processor : 0
2026-03-27T10:07:27.056+05:30 DEBUG 10856 --- [user-service] [reshExecutor-%d] com.netflix.discovery.DiscoveryClient    : The total number of all instances in the client now is 10
2026-03-27T10:07:27.057+05:30 DEBUG 10856 --- [user-service] [reshExecutor-%d] com.netflix.discovery.DiscoveryClient    : Completed cache refresh task for discovery. All Apps hash code is Local region apps hashcode: UP_10_, is fetching remote regions? false 
2026-03-27T10:07:56.589+05:30 DEBUG 10856 --- [user-service] [beatExecutor-%d] com.netflix.discovery.DiscoveryClient    : DiscoveryClient_USER-SERVICE/localhost:user-service:7500 - Heartbeat status: 200
2026-03-27T10:07:57.087+05:30 DEBUG 10856 --- [user-service] [reshExecutor-%d] com.netflix.discovery.DiscoveryClient    : Got delta update with apps hashcode UP_10_
2026-03-27T10:07:57.092+05:30 DEBUG 10856 --- [user-service] [reshExecutor-%d] com.netflix.discovery.DiscoveryClient    : The total number of instances fetched by the delta processor : 0
2026-03-27T10:07:57.093+05:30 DEBUG 10856 --- [user-service] [reshExecutor-%d] com.netflix.discovery.DiscoveryClient    : The total number of all instances in the client now is 10
2026-03-27T10:07:57.094+05:30 DEBUG 10856 --- [user-service] [reshExecutor-%d] com.netflix.discovery.DiscoveryClient    : Completed cache refresh task for discovery. All Apps hash code is Local region apps hashcode: UP_10_, is fetching remote regions? false 
2026-03-27T10:08:26.614+05:30 DEBUG 10856 --- [user-service] [beatExecutor-%d] com.netflix.discovery.DiscoveryClient    : DiscoveryClient_USER-SERVICE/localhost:user-service:7500 - Heartbeat status: 200
2026-03-27T10:08:27.113+05:30 DEBUG 10856 --- [user-service] [reshExecutor-%d] com.netflix.discovery.DiscoveryClient    : Got delta update with apps hashcode UP_10_
2026-03-27T10:08:27.115+05:30 DEBUG 10856 --- [user-service] [reshExecutor-%d] com.netflix.discovery.DiscoveryClient    : The total number of instances fetched by the delta processor : 0
2026-03-27T10:08:27.118+05:30 DEBUG 10856 --- [user-service] [reshExecutor-%d] com.netflix.discovery.DiscoveryClient    : The total number of all instances in the client now is 10
2026-03-27T10:08:27.118+05:30 DEBUG 10856 --- [user-service] [reshExecutor-%d] com.netflix.discovery.DiscoveryClient    : Completed cache refresh task for discovery. All Apps hash code is Local region apps hashcode: UP_10_, is fetching remote regions? false 
2026-03-27T10:08:56.643+05:30 DEBUG 10856 --- [user-service] [beatExecutor-%d] com.netflix.discovery.DiscoveryClient    : DiscoveryClient_USER-SERVICE/localhost:user-service:7500 - Heartbeat status: 200
2026-03-27T10:08:57.148+05:30 DEBUG 10856 --- [user-service] [reshExecutor-%d] com.netflix.discovery.DiscoveryClient    : Got delta update with apps hashcode UP_10_
2026-03-27T10:08:57.151+05:30 DEBUG 10856 --- [user-service] [reshExecutor-%d] com.netflix.discovery.DiscoveryClient    : The total number of instances fetched by the delta processor : 0
2026-03-27T10:08:57.152+05:30 DEBUG 10856 --- [user-service] [reshExecutor-%d] com.netflix.discovery.DiscoveryClient    : The total number of all instances in the client now is 10
2026-03-27T10:08:57.154+05:30 DEBUG 10856 --- [user-service] [reshExecutor-%d] com.netflix.discovery.DiscoveryClient    : Completed cache refresh task for discovery. All Apps hash code is Local region apps hashcode: UP_10_, is fetching remote regions? false 
2026-03-27T10:09:26.672+05:30 DEBUG 10856 --- [user-service] [beatExecutor-%d] com.netflix.discovery.DiscoveryClient    : DiscoveryClient_USER-SERVICE/localhost:user-service:7500 - Heartbeat status: 200
2026-03-27T10:09:27.184+05:30 DEBUG 10856 --- [user-service] [reshExecutor-%d] com.netflix.discovery.DiscoveryClient    : Got delta update with apps hashcode UP_10_
2026-03-27T10:09:27.186+05:30 DEBUG 10856 --- [user-service] [reshExecutor-%d] com.netflix.discovery.DiscoveryClient    : The total number of instances fetched by the delta processor : 0
2026-03-27T10:09:27.188+05:30 DEBUG 10856 --- [user-service] [reshExecutor-%d] com.netflix.discovery.DiscoveryClient    : The total number of all instances in the client now is 10
2026-03-27T10:09:27.189+05:30 DEBUG 10856 --- [user-service] [reshExecutor-%d] com.netflix.discovery.DiscoveryClient    : Completed cache refresh task for discovery. All Apps hash code is Local region apps hashcode: UP_10_, is fetching remote regions? false 
2026-03-27T10:09:56.704+05:30 DEBUG 10856 --- [user-service] [beatExecutor-%d] com.netflix.discovery.DiscoveryClient    : DiscoveryClient_USER-SERVICE/localhost:user-service:7500 - Heartbeat status: 200
2026-03-27T10:09:57.222+05:30 DEBUG 10856 --- [user-service] [reshExecutor-%d] com.netflix.discovery.DiscoveryClient    : Got delta update with apps hashcode UP_10_
2026-03-27T10:09:57.226+05:30 DEBUG 10856 --- [user-service] [reshExecutor-%d] com.netflix.discovery.DiscoveryClient    : The total number of instances fetched by the delta processor : 0
2026-03-27T10:09:57.226+05:30 DEBUG 10856 --- [user-service] [reshExecutor-%d] com.netflix.discovery.DiscoveryClient    : The total number of all instances in the client now is 10
2026-03-27T10:09:57.227+05:30 DEBUG 10856 --- [user-service] [reshExecutor-%d] com.netflix.discovery.DiscoveryClient    : Completed cache refresh task for discovery. All Apps hash code is Local region apps hashcode: UP_10_, is fetching remote regions? false 
2026-03-27T10:10:26.730+05:30 DEBUG 10856 --- [user-service] [beatExecutor-%d] com.netflix.discovery.DiscoveryClient    : DiscoveryClient_USER-SERVICE/localhost:user-service:7500 - Heartbeat status: 200
2026-03-27T10:10:27.259+05:30 DEBUG 10856 --- [user-service] [reshExecutor-%d] com.netflix.discovery.DiscoveryClient    : Got delta update with apps hashcode UP_10_
2026-03-27T10:10:27.260+05:30 DEBUG 10856 --- [user-service] [reshExecutor-%d] com.netflix.discovery.DiscoveryClient    : The total number of instances fetched by the delta processor : 0
2026-03-27T10:10:27.261+05:30 DEBUG 10856 --- [user-service] [reshExecutor-%d] com.netflix.discovery.DiscoveryClient    : The total number of all instances in the client now is 10
2026-03-27T10:10:27.261+05:30 DEBUG 10856 --- [user-service] [reshExecutor-%d] com.netflix.discovery.DiscoveryClient    : Completed cache refresh task for discovery. All Apps hash code is Local region apps hashcode: UP_10_, is fetching remote regions? false 
2026-03-27T10:10:56.764+05:30 DEBUG 10856 --- [user-service] [beatExecutor-%d] com.netflix.discovery.DiscoveryClient    : DiscoveryClient_USER-SERVICE/localhost:user-service:7500 - Heartbeat status: 200
2026-03-27T10:10:57.280+05:30 DEBUG 10856 --- [user-service] [reshExecutor-%d] com.netflix.discovery.DiscoveryClient    : Got delta update with apps hashcode UP_10_
2026-03-27T10:10:57.282+05:30 DEBUG 10856 --- [user-service] [reshExecutor-%d] com.netflix.discovery.DiscoveryClient    : The total number of instances fetched by the delta processor : 0
2026-03-27T10:10:57.283+05:30 DEBUG 10856 --- [user-service] [reshExecutor-%d] com.netflix.discovery.DiscoveryClient    : The total number of all instances in the client now is 10
2026-03-27T10:10:57.284+05:30 DEBUG 10856 --- [user-service] [reshExecutor-%d] com.netflix.discovery.DiscoveryClient    : Completed cache refresh task for discovery. All Apps hash code is Local region apps hashcode: UP_10_, is fetching remote regions? false 
2026-03-27T10:11:24.648+05:30  INFO 10856 --- [user-service] [rap-executor-%d] c.n.d.s.r.aws.ConfigClusterResolver      : Resolving eureka endpoints via configuration
2026-03-27T10:11:24.650+05:30 DEBUG 10856 --- [user-service] [rap-executor-%d] c.n.discovery.endpoint.EndpointUtils     : The availability zone for the given region us-east-1 are [defaultZone]
2026-03-27T10:11:24.650+05:30 DEBUG 10856 --- [user-service] [rap-executor-%d] c.n.d.s.r.aws.ConfigClusterResolver      : Config resolved to [AwsEndpoint{ serviceUrl='http://127.0.0.1:8761/eureka/', region='us-east-1', zone='defaultZone'}]
2026-03-27T10:11:24.650+05:30 DEBUG 10856 --- [user-service] [rap-executor-%d] c.n.d.s.r.a.ZoneAffinityClusterResolver  : Local zone=defaultZone; resolved to: [AwsEndpoint{ serviceUrl='http://127.0.0.1:8761/eureka/', region='us-east-1', zone='defaultZone'}]
2026-03-27T10:11:24.652+05:30 DEBUG 10856 --- [user-service] [rap-executor-%d] c.n.d.shared.resolver.AsyncResolver      : Resolved to [AwsEndpoint{ serviceUrl='http://127.0.0.1:8761/eureka/', region='us-east-1', zone='defaultZone'}]
2026-03-27T10:11:26.800+05:30 DEBUG 10856 --- [user-service] [beatExecutor-%d] com.netflix.discovery.DiscoveryClient    : DiscoveryClient_USER-SERVICE/localhost:user-service:7500 - Heartbeat status: 200
2026-03-27T10:11:27.317+05:30 DEBUG 10856 --- [user-service] [reshExecutor-%d] com.netflix.discovery.DiscoveryClient    : Got delta update with apps hashcode UP_10_
2026-03-27T10:11:27.321+05:30 DEBUG 10856 --- [user-service] [reshExecutor-%d] com.netflix.discovery.DiscoveryClient    : The total number of instances fetched by the delta processor : 0
2026-03-27T10:11:27.322+05:30 DEBUG 10856 --- [user-service] [reshExecutor-%d] com.netflix.discovery.DiscoveryClient    : The total number of all instances in the client now is 10
2026-03-27T10:11:27.323+05:30 DEBUG 10856 --- [user-service] [reshExecutor-%d] com.netflix.discovery.DiscoveryClient    : Completed cache refresh task for discovery. All Apps hash code is Local region apps hashcode: UP_10_, is fetching remote regions? false 
2026-03-27T10:11:56.822+05:30 DEBUG 10856 --- [user-service] [beatExecutor-%d] com.netflix.discovery.DiscoveryClient    : DiscoveryClient_USER-SERVICE/localhost:user-service:7500 - Heartbeat status: 200
2026-03-27T10:11:57.354+05:30 DEBUG 10856 --- [user-service] [reshExecutor-%d] com.netflix.discovery.DiscoveryClient    : Got delta update with apps hashcode UP_10_
2026-03-27T10:11:57.357+05:30 DEBUG 10856 --- [user-service] [reshExecutor-%d] com.netflix.discovery.DiscoveryClient    : The total number of instances fetched by the delta processor : 0
2026-03-27T10:11:57.359+05:30 DEBUG 10856 --- [user-service] [reshExecutor-%d] com.netflix.discovery.DiscoveryClient    : The total number of all instances in the client now is 10
2026-03-27T10:11:57.360+05:30 DEBUG 10856 --- [user-service] [reshExecutor-%d] com.netflix.discovery.DiscoveryClient    : Completed cache refresh task for discovery. All Apps hash code is Local region apps hashcode: UP_10_, is fetching remote regions? false 
2026-03-27T10:12:26.854+05:30 DEBUG 10856 --- [user-service] [beatExecutor-%d] com.netflix.discovery.DiscoveryClient    : DiscoveryClient_USER-SERVICE/localhost:user-service:7500 - Heartbeat status: 200
2026-03-27T10:12:27.392+05:30 DEBUG 10856 --- [user-service] [reshExecutor-%d] com.netflix.discovery.DiscoveryClient    : Got delta update with apps hashcode UP_10_
2026-03-27T10:12:27.397+05:30 DEBUG 10856 --- [user-service] [reshExecutor-%d] com.netflix.discovery.DiscoveryClient    : The total number of instances fetched by the delta processor : 0
2026-03-27T10:12:27.397+05:30 DEBUG 10856 --- [user-service] [reshExecutor-%d] com.netflix.discovery.DiscoveryClient    : The total number of all instances in the client now is 10
2026-03-27T10:12:27.397+05:30 DEBUG 10856 --- [user-service] [reshExecutor-%d] com.netflix.discovery.DiscoveryClient    : Completed cache refresh task for discovery. All Apps hash code is Local region apps hashcode: UP_10_, is fetching remote regions? false 
2026-03-27T10:12:56.884+05:30 DEBUG 10856 --- [user-service] [beatExecutor-%d] com.netflix.discovery.DiscoveryClient    : DiscoveryClient_USER-SERVICE/localhost:user-service:7500 - Heartbeat status: 200
2026-03-27T10:12:57.428+05:30 DEBUG 10856 --- [user-service] [reshExecutor-%d] com.netflix.discovery.DiscoveryClient    : Got delta update with apps hashcode UP_10_
2026-03-27T10:12:57.431+05:30 DEBUG 10856 --- [user-service] [reshExecutor-%d] com.netflix.discovery.DiscoveryClient    : The total number of instances fetched by the delta processor : 0
2026-03-27T10:12:57.433+05:30 DEBUG 10856 --- [user-service] [reshExecutor-%d] com.netflix.discovery.DiscoveryClient    : The total number of all instances in the client now is 10
2026-03-27T10:12:57.434+05:30 DEBUG 10856 --- [user-service] [reshExecutor-%d] com.netflix.discovery.DiscoveryClient    : Completed cache refresh task for discovery. All Apps hash code is Local region apps hashcode: UP_10_, is fetching remote regions? false 
2026-03-27T10:13:26.914+05:30 DEBUG 10856 --- [user-service] [beatExecutor-%d] com.netflix.discovery.DiscoveryClient    : DiscoveryClient_USER-SERVICE/localhost:user-service:7500 - Heartbeat status: 200
2026-03-27T10:13:27.469+05:30 DEBUG 10856 --- [user-service] [reshExecutor-%d] com.netflix.discovery.DiscoveryClient    : Got delta update with apps hashcode UP_10_
2026-03-27T10:13:27.474+05:30 DEBUG 10856 --- [user-service] [reshExecutor-%d] com.netflix.discovery.DiscoveryClient    : The total number of instances fetched by the delta processor : 0
2026-03-27T10:13:27.475+05:30 DEBUG 10856 --- [user-service] [reshExecutor-%d] com.netflix.discovery.DiscoveryClient    : The total number of all instances in the client now is 10
2026-03-27T10:13:27.475+05:30 DEBUG 10856 --- [user-service] [reshExecutor-%d] com.netflix.discovery.DiscoveryClient    : Completed cache refresh task for discovery. All Apps hash code is Local region apps hashcode: UP_10_, is fetching remote regions? false 
2026-03-27T10:13:56.953+05:30 DEBUG 10856 --- [user-service] [beatExecutor-%d] com.netflix.discovery.DiscoveryClient    : DiscoveryClient_USER-SERVICE/localhost:user-service:7500 - Heartbeat status: 200
2026-03-27T10:13:57.496+05:30 DEBUG 10856 --- [user-service] [reshExecutor-%d] com.netflix.discovery.DiscoveryClient    : Got delta update with apps hashcode UP_10_
2026-03-27T10:13:57.498+05:30 DEBUG 10856 --- [user-service] [reshExecutor-%d] com.netflix.discovery.DiscoveryClient    : The total number of instances fetched by the delta processor : 0
2026-03-27T10:13:57.500+05:30 DEBUG 10856 --- [user-service] [reshExecutor-%d] com.netflix.discovery.DiscoveryClient    : The total number of all instances in the client now is 10
2026-03-27T10:13:57.500+05:30 DEBUG 10856 --- [user-service] [reshExecutor-%d] com.netflix.discovery.DiscoveryClient    : Completed cache refresh task for discovery. All Apps hash code is Local region apps hashcode: UP_10_, is fetching remote regions? false 
2026-03-27T10:14:26.977+05:30 DEBUG 10856 --- [user-service] [beatExecutor-%d] com.netflix.discovery.DiscoveryClient    : DiscoveryClient_USER-SERVICE/localhost:user-service:7500 - Heartbeat status: 200
2026-03-27T10:14:27.522+05:30 DEBUG 10856 --- [user-service] [reshExecutor-%d] com.netflix.discovery.DiscoveryClient    : Got delta update with apps hashcode UP_10_
2026-03-27T10:14:27.524+05:30 DEBUG 10856 --- [user-service] [reshExecutor-%d] com.netflix.discovery.DiscoveryClient    : The total number of instances fetched by the delta processor : 0
2026-03-27T10:14:27.525+05:30 DEBUG 10856 --- [user-service] [reshExecutor-%d] com.netflix.discovery.DiscoveryClient    : The total number of all instances in the client now is 10
2026-03-27T10:14:27.525+05:30 DEBUG 10856 --- [user-service] [reshExecutor-%d] com.netflix.discovery.DiscoveryClient    : Completed cache refresh task for discovery. All Apps hash code is Local region apps hashcode: UP_10_, is fetching remote regions? false 
2026-03-27T10:14:44.317+05:30 ERROR 10856 --- [user-service] [nio-7500-exec-8] o.a.c.c.C.[.[.[/].[dispatcherServlet]    : Servlet.service() for servlet [dispatcherServlet] in context with path [] threw exception [Request processing failed: java.lang.IllegalArgumentException: Name for argument of type [java.lang.String] not specified, and parameter name information not available via reflection. Ensure that the compiler uses the '-parameters' flag.] with root cause

java.lang.IllegalArgumentException: Name for argument of type [java.lang.String] not specified, and parameter name information not available via reflection. Ensure that the compiler uses the '-parameters' flag.
	at org.springframework.web.method.annotation.AbstractNamedValueMethodArgumentResolver.updateNamedValueInfo(AbstractNamedValueMethodArgumentResolver.java:186) ~[spring-web-6.1.14.jar:6.1.14]
	at org.springframework.web.method.annotation.AbstractNamedValueMethodArgumentResolver.getNamedValueInfo(AbstractNamedValueMethodArgumentResolver.java:161) ~[spring-web-6.1.14.jar:6.1.14]
	at org.springframework.web.method.annotation.AbstractNamedValueMethodArgumentResolver.resolveArgument(AbstractNamedValueMethodArgumentResolver.java:107) ~[spring-web-6.1.14.jar:6.1.14]
	at org.springframework.web.method.support.HandlerMethodArgumentResolverComposite.resolveArgument(HandlerMethodArgumentResolverComposite.java:122) ~[spring-web-6.1.14.jar:6.1.14]
	at org.springframework.web.method.support.InvocableHandlerMethod.getMethodArgumentValues(InvocableHandlerMethod.java:224) ~[spring-web-6.1.14.jar:6.1.14]
	at org.springframework.web.method.support.InvocableHandlerMethod.invokeForRequest(InvocableHandlerMethod.java:178) ~[spring-web-6.1.14.jar:6.1.14]
	at org.springframework.web.servlet.mvc.method.annotation.ServletInvocableHandlerMethod.invokeAndHandle(ServletInvocableHandlerMethod.java:118) ~[spring-webmvc-6.1.14.jar:6.1.14]
	at org.springframework.web.servlet.mvc.method.annotation.RequestMappingHandlerAdapter.invokeHandlerMethod(RequestMappingHandlerAdapter.java:926) ~[spring-webmvc-6.1.14.jar:6.1.14]
	at org.springframework.web.servlet.mvc.method.annotation.RequestMappingHandlerAdapter.handleInternal(RequestMappingHandlerAdapter.java:831) ~[spring-webmvc-6.1.14.jar:6.1.14]
	at org.springframework.web.servlet.mvc.method.AbstractHandlerMethodAdapter.handle(AbstractHandlerMethodAdapter.java:87) ~[spring-webmvc-6.1.14.jar:6.1.14]
	at org.springframework.web.servlet.DispatcherServlet.doDispatch(DispatcherServlet.java:1089) ~[spring-webmvc-6.1.14.jar:6.1.14]
	at org.springframework.web.servlet.DispatcherServlet.doService(DispatcherServlet.java:979) ~[spring-webmvc-6.1.14.jar:6.1.14]
	at org.springframework.web.servlet.FrameworkServlet.processRequest(FrameworkServlet.java:1014) ~[spring-webmvc-6.1.14.jar:6.1.14]
	at org.springframework.web.servlet.FrameworkServlet.doPost(FrameworkServlet.java:914) ~[spring-webmvc-6.1.14.jar:6.1.14]
	at jakarta.servlet.http.HttpServlet.service(HttpServlet.java:590) ~[tomcat-embed-core-10.1.31.jar:6.0]
	at org.springframework.web.servlet.FrameworkServlet.service(FrameworkServlet.java:885) ~[spring-webmvc-6.1.14.jar:6.1.14]
	at jakarta.servlet.http.HttpServlet.service(HttpServlet.java:658) ~[tomcat-embed-core-10.1.31.jar:6.0]
	at org.apache.catalina.core.ApplicationFilterChain.internalDoFilter(ApplicationFilterChain.java:195) ~[tomcat-embed-core-10.1.31.jar:10.1.31]
	at org.apache.catalina.core.ApplicationFilterChain.doFilter(ApplicationFilterChain.java:140) ~[tomcat-embed-core-10.1.31.jar:10.1.31]
	at org.apache.tomcat.websocket.server.WsFilter.doFilter(WsFilter.java:51) ~[tomcat-embed-websocket-10.1.31.jar:10.1.31]
	at org.apache.catalina.core.ApplicationFilterChain.internalDoFilter(ApplicationFilterChain.java:164) ~[tomcat-embed-core-10.1.31.jar:10.1.31]
	at org.apache.catalina.core.ApplicationFilterChain.doFilter(ApplicationFilterChain.java:140) ~[tomcat-embed-core-10.1.31.jar:10.1.31]
	at org.springframework.web.filter.OncePerRequestFilter.doFilter(OncePerRequestFilter.java:110) ~[spring-web-6.1.14.jar:6.1.14]
	at org.apache.catalina.core.ApplicationFilterChain.internalDoFilter(ApplicationFilterChain.java:164) ~[tomcat-embed-core-10.1.31.jar:10.1.31]
	at org.apache.catalina.core.ApplicationFilterChain.doFilter(ApplicationFilterChain.java:140) ~[tomcat-embed-core-10.1.31.jar:10.1.31]
	at org.springframework.web.filter.CompositeFilter$VirtualFilterChain.doFilter(CompositeFilter.java:108) ~[spring-web-6.1.14.jar:6.1.14]
	at org.springframework.security.web.FilterChainProxy.lambda$doFilterInternal$3(FilterChainProxy.java:231) ~[spring-security-web-6.3.4.jar:6.3.4]
	at org.springframework.security.web.ObservationFilterChainDecorator$FilterObservation$SimpleFilterObservation.lambda$wrap$1(ObservationFilterChainDecorator.java:479) ~[spring-security-web-6.3.4.jar:6.3.4]
	at org.springframework.security.web.ObservationFilterChainDecorator$AroundFilterObservation$SimpleAroundFilterObservation.lambda$wrap$1(ObservationFilterChainDecorator.java:340) ~[spring-security-web-6.3.4.jar:6.3.4]
	at org.springframework.security.web.ObservationFilterChainDecorator.lambda$wrapSecured$0(ObservationFilterChainDecorator.java:82) ~[spring-security-web-6.3.4.jar:6.3.4]
	at org.springframework.security.web.ObservationFilterChainDecorator$VirtualFilterChain.doFilter(ObservationFilterChainDecorator.java:128) ~[spring-security-web-6.3.4.jar:6.3.4]
	at org.springframework.security.web.access.intercept.AuthorizationFilter.doFilter(AuthorizationFilter.java:100) ~[spring-security-web-6.3.4.jar:6.3.4]
	at org.springframework.security.web.ObservationFilterChainDecorator$ObservationFilter.wrapFilter(ObservationFilterChainDecorator.java:240) ~[spring-security-web-6.3.4.jar:6.3.4]
	at org.springframework.security.web.ObservationFilterChainDecorator$ObservationFilter.doFilter(ObservationFilterChainDecorator.java:227) ~[spring-security-web-6.3.4.jar:6.3.4]
	at org.springframework.security.web.ObservationFilterChainDecorator$VirtualFilterChain.doFilter(ObservationFilterChainDecorator.java:137) ~[spring-security-web-6.3.4.jar:6.3.4]
	at org.springframework.security.web.access.ExceptionTranslationFilter.doFilter(ExceptionTranslationFilter.java:126) ~[spring-security-web-6.3.4.jar:6.3.4]
	at org.springframework.security.web.access.ExceptionTranslationFilter.doFilter(ExceptionTranslationFilter.java:120) ~[spring-security-web-6.3.4.jar:6.3.4]
	at org.springframework.security.web.ObservationFilterChainDecorator$ObservationFilter.wrapFilter(ObservationFilterChainDecorator.java:240) ~[spring-security-web-6.3.4.jar:6.3.4]
	at org.springframework.security.web.ObservationFilterChainDecorator$ObservationFilter.doFilter(ObservationFilterChainDecorator.java:227) ~[spring-security-web-6.3.4.jar:6.3.4]
	at org.springframework.security.web.ObservationFilterChainDecorator$VirtualFilterChain.doFilter(ObservationFilterChainDecorator.java:137) ~[spring-security-web-6.3.4.jar:6.3.4]
	at org.springframework.security.web.authentication.AnonymousAuthenticationFilter.doFilter(AnonymousAuthenticationFilter.java:100) ~[spring-security-web-6.3.4.jar:6.3.4]
	at org.springframework.security.web.ObservationFilterChainDecorator$ObservationFilter.wrapFilter(ObservationFilterChainDecorator.java:240) ~[spring-security-web-6.3.4.jar:6.3.4]
	at org.springframework.security.web.ObservationFilterChainDecorator$ObservationFilter.doFilter(ObservationFilterChainDecorator.java:227) ~[spring-security-web-6.3.4.jar:6.3.4]
	at org.springframework.security.web.ObservationFilterChainDecorator$VirtualFilterChain.doFilter(ObservationFilterChainDecorator.java:137) ~[spring-security-web-6.3.4.jar:6.3.4]
	at org.springframework.security.web.servletapi.SecurityContextHolderAwareRequestFilter.doFilter(SecurityContextHolderAwareRequestFilter.java:179) ~[spring-security-web-6.3.4.jar:6.3.4]
	at org.springframework.security.web.ObservationFilterChainDecorator$ObservationFilter.wrapFilter(ObservationFilterChainDecorator.java:240) ~[spring-security-web-6.3.4.jar:6.3.4]
	at org.springframework.security.web.ObservationFilterChainDecorator$ObservationFilter.doFilter(ObservationFilterChainDecorator.java:227) ~[spring-security-web-6.3.4.jar:6.3.4]
	at org.springframework.security.web.ObservationFilterChainDecorator$VirtualFilterChain.doFilter(ObservationFilterChainDecorator.java:137) ~[spring-security-web-6.3.4.jar:6.3.4]
	at org.springframework.security.web.savedrequest.RequestCacheAwareFilter.doFilter(RequestCacheAwareFilter.java:63) ~[spring-security-web-6.3.4.jar:6.3.4]
	at org.springframework.security.web.ObservationFilterChainDecorator$ObservationFilter.wrapFilter(ObservationFilterChainDecorator.java:240) ~[spring-security-web-6.3.4.jar:6.3.4]
	at org.springframework.security.web.ObservationFilterChainDecorator$ObservationFilter.doFilter(ObservationFilterChainDecorator.java:227) ~[spring-security-web-6.3.4.jar:6.3.4]
	at org.springframework.security.web.ObservationFilterChainDecorator$VirtualFilterChain.doFilter(ObservationFilterChainDecorator.java:137) ~[spring-security-web-6.3.4.jar:6.3.4]
	at com.user.Security.JwtFilter.doFilterInternal(JwtFilter.java:34) ~[classes/:na]
	at org.springframework.web.filter.OncePerRequestFilter.doFilter(OncePerRequestFilter.java:116) ~[spring-web-6.1.14.jar:6.1.14]
	at org.springframework.security.web.ObservationFilterChainDecorator$ObservationFilter.wrapFilter(ObservationFilterChainDecorator.java:240) ~[spring-security-web-6.3.4.jar:6.3.4]
	at org.springframework.security.web.ObservationFilterChainDecorator$ObservationFilter.doFilter(ObservationFilterChainDecorator.java:227) ~[spring-security-web-6.3.4.jar:6.3.4]
	at org.springframework.security.web.ObservationFilterChainDecorator$VirtualFilterChain.doFilter(ObservationFilterChainDecorator.java:137) ~[spring-security-web-6.3.4.jar:6.3.4]
	at org.springframework.security.web.authentication.logout.LogoutFilter.doFilter(LogoutFilter.java:107) ~[spring-security-web-6.3.4.jar:6.3.4]
	at org.springframework.security.web.authentication.logout.LogoutFilter.doFilter(LogoutFilter.java:93) ~[spring-security-web-6.3.4.jar:6.3.4]
	at org.springframework.security.web.ObservationFilterChainDecorator$ObservationFilter.wrapFilter(ObservationFilterChainDecorator.java:240) ~[spring-security-web-6.3.4.jar:6.3.4]
	at org.springframework.security.web.ObservationFilterChainDecorator$ObservationFilter.doFilter(ObservationFilterChainDecorator.java:227) ~[spring-security-web-6.3.4.jar:6.3.4]
	at org.springframework.security.web.ObservationFilterChainDecorator$VirtualFilterChain.doFilter(ObservationFilterChainDecorator.java:137) ~[spring-security-web-6.3.4.jar:6.3.4]
	at org.springframework.security.web.header.HeaderWriterFilter.doHeadersAfter(HeaderWriterFilter.java:90) ~[spring-security-web-6.3.4.jar:6.3.4]
	at org.springframework.security.web.header.HeaderWriterFilter.doFilterInternal(HeaderWriterFilter.java:75) ~[spring-security-web-6.3.4.jar:6.3.4]
	at org.springframework.web.filter.OncePerRequestFilter.doFilter(OncePerRequestFilter.java:116) ~[spring-web-6.1.14.jar:6.1.14]
	at org.springframework.security.web.ObservationFilterChainDecorator$ObservationFilter.wrapFilter(ObservationFilterChainDecorator.java:240) ~[spring-security-web-6.3.4.jar:6.3.4]
	at org.springframework.security.web.ObservationFilterChainDecorator$ObservationFilter.doFilter(ObservationFilterChainDecorator.java:227) ~[spring-security-web-6.3.4.jar:6.3.4]
	at org.springframework.security.web.ObservationFilterChainDecorator$VirtualFilterChain.doFilter(ObservationFilterChainDecorator.java:137) ~[spring-security-web-6.3.4.jar:6.3.4]
	at org.springframework.security.web.context.SecurityContextHolderFilter.doFilter(SecurityContextHolderFilter.java:82) ~[spring-security-web-6.3.4.jar:6.3.4]
	at org.springframework.security.web.context.SecurityContextHolderFilter.doFilter(SecurityContextHolderFilter.java:69) ~[spring-security-web-6.3.4.jar:6.3.4]
	at org.springframework.security.web.ObservationFilterChainDecorator$ObservationFilter.wrapFilter(ObservationFilterChainDecorator.java:240) ~[spring-security-web-6.3.4.jar:6.3.4]
	at org.springframework.security.web.ObservationFilterChainDecorator$ObservationFilter.doFilter(ObservationFilterChainDecorator.java:227) ~[spring-security-web-6.3.4.jar:6.3.4]
	at org.springframework.security.web.ObservationFilterChainDecorator$VirtualFilterChain.doFilter(ObservationFilterChainDecorator.java:137) ~[spring-security-web-6.3.4.jar:6.3.4]
	at org.springframework.security.web.context.request.async.WebAsyncManagerIntegrationFilter.doFilterInternal(WebAsyncManagerIntegrationFilter.java:62) ~[spring-security-web-6.3.4.jar:6.3.4]
	at org.springframework.web.filter.OncePerRequestFilter.doFilter(OncePerRequestFilter.java:116) ~[spring-web-6.1.14.jar:6.1.14]
	at org.springframework.security.web.ObservationFilterChainDecorator$ObservationFilter.wrapFilter(ObservationFilterChainDecorator.java:240) ~[spring-security-web-6.3.4.jar:6.3.4]
	at org.springframework.security.web.ObservationFilterChainDecorator$ObservationFilter.doFilter(ObservationFilterChainDecorator.java:227) ~[spring-security-web-6.3.4.jar:6.3.4]
	at org.springframework.security.web.ObservationFilterChainDecorator$VirtualFilterChain.doFilter(ObservationFilterChainDecorator.java:137) ~[spring-security-web-6.3.4.jar:6.3.4]
	at org.springframework.security.web.session.DisableEncodeUrlFilter.doFilterInternal(DisableEncodeUrlFilter.java:42) ~[spring-security-web-6.3.4.jar:6.3.4]
	at org.springframework.web.filter.OncePerRequestFilter.doFilter(OncePerRequestFilter.java:116) ~[spring-web-6.1.14.jar:6.1.14]
	at org.springframework.security.web.ObservationFilterChainDecorator$ObservationFilter.wrapFilter(ObservationFilterChainDecorator.java:240) ~[spring-security-web-6.3.4.jar:6.3.4]
	at org.springframework.security.web.ObservationFilterChainDecorator$AroundFilterObservation$SimpleAroundFilterObservation.lambda$wrap$0(ObservationFilterChainDecorator.java:323) ~[spring-security-web-6.3.4.jar:6.3.4]
	at org.springframework.security.web.ObservationFilterChainDecorator$ObservationFilter.doFilter(ObservationFilterChainDecorator.java:224) ~[spring-security-web-6.3.4.jar:6.3.4]
	at org.springframework.security.web.ObservationFilterChainDecorator$VirtualFilterChain.doFilter(ObservationFilterChainDecorator.java:137) ~[spring-security-web-6.3.4.jar:6.3.4]
	at org.springframework.security.web.FilterChainProxy.doFilterInternal(FilterChainProxy.java:233) ~[spring-security-web-6.3.4.jar:6.3.4]
	at org.springframework.security.web.FilterChainProxy.doFilter(FilterChainProxy.java:191) ~[spring-security-web-6.3.4.jar:6.3.4]
	at org.springframework.web.filter.CompositeFilter$VirtualFilterChain.doFilter(CompositeFilter.java:113) ~[spring-web-6.1.14.jar:6.1.14]
	at org.springframework.web.servlet.handler.HandlerMappingIntrospector.lambda$createCacheFilter$3(HandlerMappingIntrospector.java:195) ~[spring-webmvc-6.1.14.jar:6.1.14]
	at org.springframework.web.filter.CompositeFilter$VirtualFilterChain.doFilter(CompositeFilter.java:113) ~[spring-web-6.1.14.jar:6.1.14]
	at org.springframework.web.filter.CompositeFilter.doFilter(CompositeFilter.java:74) ~[spring-web-6.1.14.jar:6.1.14]
	at org.springframework.security.config.annotation.web.configuration.WebMvcSecurityConfiguration$CompositeFilterChainProxy.doFilter(WebMvcSecurityConfiguration.java:230) ~[spring-security-config-6.3.4.jar:6.3.4]
	at org.springframework.web.filter.DelegatingFilterProxy.invokeDelegate(DelegatingFilterProxy.java:362) ~[spring-web-6.1.14.jar:6.1.14]
	at org.springframework.web.filter.DelegatingFilterProxy.doFilter(DelegatingFilterProxy.java:278) ~[spring-web-6.1.14.jar:6.1.14]
	at org.apache.catalina.core.ApplicationFilterChain.internalDoFilter(ApplicationFilterChain.java:164) ~[tomcat-embed-core-10.1.31.jar:10.1.31]
	at org.apache.catalina.core.ApplicationFilterChain.doFilter(ApplicationFilterChain.java:140) ~[tomcat-embed-core-10.1.31.jar:10.1.31]
	at org.springframework.web.filter.RequestContextFilter.doFilterInternal(RequestContextFilter.java:100) ~[spring-web-6.1.14.jar:6.1.14]
	at org.springframework.web.filter.OncePerRequestFilter.doFilter(OncePerRequestFilter.java:116) ~[spring-web-6.1.14.jar:6.1.14]
	at org.apache.catalina.core.ApplicationFilterChain.internalDoFilter(ApplicationFilterChain.java:164) ~[tomcat-embed-core-10.1.31.jar:10.1.31]
	at org.apache.catalina.core.ApplicationFilterChain.doFilter(ApplicationFilterChain.java:140) ~[tomcat-embed-core-10.1.31.jar:10.1.31]
	at org.springframework.web.filter.FormContentFilter.doFilterInternal(FormContentFilter.java:93) ~[spring-web-6.1.14.jar:6.1.14]
	at org.springframework.web.filter.OncePerRequestFilter.doFilter(OncePerRequestFilter.java:116) ~[spring-web-6.1.14.jar:6.1.14]
	at org.apache.catalina.core.ApplicationFilterChain.internalDoFilter(ApplicationFilterChain.java:164) ~[tomcat-embed-core-10.1.31.jar:10.1.31]
	at org.apache.catalina.core.ApplicationFilterChain.doFilter(ApplicationFilterChain.java:140) ~[tomcat-embed-core-10.1.31.jar:10.1.31]
	at org.springframework.web.filter.ServerHttpObservationFilter.doFilterInternal(ServerHttpObservationFilter.java:113) ~[spring-web-6.1.14.jar:6.1.14]
	at org.springframework.web.filter.OncePerRequestFilter.doFilter(OncePerRequestFilter.java:116) ~[spring-web-6.1.14.jar:6.1.14]
	at org.apache.catalina.core.ApplicationFilterChain.internalDoFilter(ApplicationFilterChain.java:164) ~[tomcat-embed-core-10.1.31.jar:10.1.31]
	at org.apache.catalina.core.ApplicationFilterChain.doFilter(ApplicationFilterChain.java:140) ~[tomcat-embed-core-10.1.31.jar:10.1.31]
	at org.springframework.web.filter.CharacterEncodingFilter.doFilterInternal(CharacterEncodingFilter.java:201) ~[spring-web-6.1.14.jar:6.1.14]
	at org.springframework.web.filter.OncePerRequestFilter.doFilter(OncePerRequestFilter.java:116) ~[spring-web-6.1.14.jar:6.1.14]
	at org.apache.catalina.core.ApplicationFilterChain.internalDoFilter(ApplicationFilterChain.java:164) ~[tomcat-embed-core-10.1.31.jar:10.1.31]
	at org.apache.catalina.core.ApplicationFilterChain.doFilter(ApplicationFilterChain.java:140) ~[tomcat-embed-core-10.1.31.jar:10.1.31]
	at org.apache.catalina.core.StandardWrapperValve.invoke(StandardWrapperValve.java:167) ~[tomcat-embed-core-10.1.31.jar:10.1.31]
	at org.apache.catalina.core.StandardContextValve.invoke(StandardContextValve.java:90) ~[tomcat-embed-core-10.1.31.jar:10.1.31]
	at org.apache.catalina.authenticator.AuthenticatorBase.invoke(AuthenticatorBase.java:483) ~[tomcat-embed-core-10.1.31.jar:10.1.31]
	at org.apache.catalina.core.StandardHostValve.invoke(StandardHostValve.java:115) ~[tomcat-embed-core-10.1.31.jar:10.1.31]
	at org.apache.catalina.valves.ErrorReportValve.invoke(ErrorReportValve.java:93) ~[tomcat-embed-core-10.1.31.jar:10.1.31]
	at org.apache.catalina.core.StandardEngineValve.invoke(StandardEngineValve.java:74) ~[tomcat-embed-core-10.1.31.jar:10.1.31]
	at org.apache.catalina.connector.CoyoteAdapter.service(CoyoteAdapter.java:344) ~[tomcat-embed-core-10.1.31.jar:10.1.31]
	at org.apache.coyote.http11.Http11Processor.service(Http11Processor.java:384) ~[tomcat-embed-core-10.1.31.jar:10.1.31]
	at org.apache.coyote.AbstractProcessorLight.process(AbstractProcessorLight.java:63) ~[tomcat-embed-core-10.1.31.jar:10.1.31]
	at org.apache.coyote.AbstractProtocol$ConnectionHandler.process(AbstractProtocol.java:905) ~[tomcat-embed-core-10.1.31.jar:10.1.31]
	at org.apache.tomcat.util.net.NioEndpoint$SocketProcessor.doRun(NioEndpoint.java:1741) ~[tomcat-embed-core-10.1.31.jar:10.1.31]
	at org.apache.tomcat.util.net.SocketProcessorBase.run(SocketProcessorBase.java:52) ~[tomcat-embed-core-10.1.31.jar:10.1.31]
	at org.apache.tomcat.util.threads.ThreadPoolExecutor.runWorker(ThreadPoolExecutor.java:1190) ~[tomcat-embed-core-10.1.31.jar:10.1.31]
	at org.apache.tomcat.util.threads.ThreadPoolExecutor$Worker.run(ThreadPoolExecutor.java:659) ~[tomcat-embed-core-10.1.31.jar:10.1.31]
	at org.apache.tomcat.util.threads.TaskThread$WrappingRunnable.run(TaskThread.java:63) ~[tomcat-embed-core-10.1.31.jar:10.1.31]
	at java.base/java.lang.Thread.run(Thread.java:1583) ~[na:na]

2026-03-27T10:14:57.002+05:30 DEBUG 10856 --- [user-service] [beatExecutor-%d] com.netflix.discovery.DiscoveryClient    : DiscoveryClient_USER-SERVICE/localhost:user-service:7500 - Heartbeat status: 200
2026-03-27T10:14:57.561+05:30 DEBUG 10856 --- [user-service] [reshExecutor-%d] com.netflix.discovery.DiscoveryClient    : Got delta update with apps hashcode UP_10_
2026-03-27T10:14:57.565+05:30 DEBUG 10856 --- [user-service] [reshExecutor-%d] com.netflix.discovery.DiscoveryClient    : The total number of instances fetched by the delta processor : 0
2026-03-27T10:14:57.566+05:30 DEBUG 10856 --- [user-service] [reshExecutor-%d] com.netflix.discovery.DiscoveryClient    : The total number of all instances in the client now is 10
2026-03-27T10:14:57.568+05:30 DEBUG 10856 --- [user-service] [reshExecutor-%d] com.netflix.discovery.DiscoveryClient    : Completed cache refresh task for discovery. All Apps hash code is Local region apps hashcode: UP_10_, is fetching remote regions? false 
2026-03-27T10:15:27.036+05:30 DEBUG 10856 --- [user-service] [beatExecutor-%d] com.netflix.discovery.DiscoveryClient    : DiscoveryClient_USER-SERVICE/localhost:user-service:7500 - Heartbeat status: 200
2026-03-27T10:15:27.597+05:30 DEBUG 10856 --- [user-service] [reshExecutor-%d] com.netflix.discovery.DiscoveryClient    : Got delta update with apps hashcode UP_10_
2026-03-27T10:15:27.600+05:30 DEBUG 10856 --- [user-service] [reshExecutor-%d] com.netflix.discovery.DiscoveryClient    : The total number of instances fetched by the delta processor : 0
2026-03-27T10:15:27.601+05:30 DEBUG 10856 --- [user-service] [reshExecutor-%d] com.netflix.discovery.DiscoveryClient    : The total number of all instances in the client now is 10
2026-03-27T10:15:27.603+05:30 DEBUG 10856 --- [user-service] [reshExecutor-%d] com.netflix.discovery.DiscoveryClient    : Completed cache refresh task for discovery. All Apps hash code is Local region apps hashcode: UP_10_, is fetching remote regions? false 
2026-03-27T10:15:57.070+05:30 DEBUG 10856 --- [user-service] [beatExecutor-%d] com.netflix.discovery.DiscoveryClient    : DiscoveryClient_USER-SERVICE/localhost:user-service:7500 - Heartbeat status: 200
2026-03-27T10:15:57.633+05:30 DEBUG 10856 --- [user-service] [reshExecutor-%d] com.netflix.discovery.DiscoveryClient    : Got delta update with apps hashcode UP_10_
2026-03-27T10:15:57.637+05:30 DEBUG 10856 --- [user-service] [reshExecutor-%d] com.netflix.discovery.DiscoveryClient    : The total number of instances fetched by the delta processor : 0
2026-03-27T10:15:57.638+05:30 DEBUG 10856 --- [user-service] [reshExecutor-%d] com.netflix.discovery.DiscoveryClient    : The total number of all instances in the client now is 10
2026-03-27T10:15:57.639+05:30 DEBUG 10856 --- [user-service] [reshExecutor-%d] com.netflix.discovery.DiscoveryClient    : Completed cache refresh task for discovery. All Apps hash code is Local region apps hashcode: UP_10_, is fetching remote regions? false 
2026-03-27T10:16:24.654+05:30  INFO 10856 --- [user-service] [rap-executor-%d] c.n.d.s.r.aws.ConfigClusterResolver      : Resolving eureka endpoints via configuration
2026-03-27T10:16:24.657+05:30 DEBUG 10856 --- [user-service] [rap-executor-%d] c.n.discovery.endpoint.EndpointUtils     : The availability zone for the given region us-east-1 are [defaultZone]
2026-03-27T10:16:24.658+05:30 DEBUG 10856 --- [user-service] [rap-executor-%d] c.n.d.s.r.aws.ConfigClusterResolver      : Config resolved to [AwsEndpoint{ serviceUrl='http://127.0.0.1:8761/eureka/', region='us-east-1', zone='defaultZone'}]
2026-03-27T10:16:24.659+05:30 DEBUG 10856 --- [user-service] [rap-executor-%d] c.n.d.s.r.a.ZoneAffinityClusterResolver  : Local zone=defaultZone; resolved to: [AwsEndpoint{ serviceUrl='http://127.0.0.1:8761/eureka/', region='us-east-1', zone='defaultZone'}]
2026-03-27T10:16:24.659+05:30 DEBUG 10856 --- [user-service] [rap-executor-%d] c.n.d.shared.resolver.AsyncResolver      : Resolved to [AwsEndpoint{ serviceUrl='http://127.0.0.1:8761/eureka/', region='us-east-1', zone='defaultZone'}]
2026-03-27T10:16:27.105+05:30 DEBUG 10856 --- [user-service] [beatExecutor-%d] com.netflix.discovery.DiscoveryClient    : DiscoveryClient_USER-SERVICE/localhost:user-service:7500 - Heartbeat status: 200
2026-03-27T10:16:27.665+05:30 DEBUG 10856 --- [user-service] [reshExecutor-%d] com.netflix.discovery.DiscoveryClient    : Got delta update with apps hashcode UP_10_
2026-03-27T10:16:27.668+05:30 DEBUG 10856 --- [user-service] [reshExecutor-%d] com.netflix.discovery.DiscoveryClient    : The total number of instances fetched by the delta processor : 0
2026-03-27T10:16:27.669+05:30 DEBUG 10856 --- [user-service] [reshExecutor-%d] com.netflix.discovery.DiscoveryClient    : The total number of all instances in the client now is 10
2026-03-27T10:16:27.670+05:30 DEBUG 10856 --- [user-service] [reshExecutor-%d] com.netflix.discovery.DiscoveryClient    : Completed cache refresh task for discovery. All Apps hash code is Local region apps hashcode: UP_10_, is fetching remote regions? false 
2026-03-27T10:16:48.357+05:30  INFO 10856 --- [user-service] [   File Watcher] rtingClassPathChangeChangedEventListener : Restarting due to 1 class path change (0 additions, 0 deletions, 1 modification)
2026-03-27T10:16:48.361+05:30  INFO 10856 --- [user-service] [       Thread-7] o.s.c.n.e.s.EurekaServiceRegistry        : Unregistering application USER-SERVICE with eureka with status DOWN
2026-03-27T10:16:48.361+05:30  INFO 10856 --- [user-service] [       Thread-7] com.netflix.discovery.DiscoveryClient    : Saw local status change event StatusChangeEvent [timestamp=1774586808361, current=DOWN, previous=UP]
2026-03-27T10:16:48.361+05:30 DEBUG 10856 --- [user-service] [foReplicator-%d] c.n.discovery.InstanceInfoReplicator     : Executing on-demand update of local InstanceInfo
2026-03-27T10:16:48.362+05:30 DEBUG 10856 --- [user-service] [foReplicator-%d] c.n.discovery.InstanceInfoReplicator     : Canceling the latest scheduled update, it will be rescheduled at the end of on demand update
2026-03-27T10:16:48.362+05:30  INFO 10856 --- [user-service] [foReplicator-%d] com.netflix.discovery.DiscoveryClient    : DiscoveryClient_USER-SERVICE/localhost:user-service:7500: registering service...
2026-03-27T10:16:48.386+05:30  INFO 10856 --- [user-service] [       Thread-7] j.LocalContainerEntityManagerFactoryBean : Closing JPA EntityManagerFactory for persistence unit 'default'
2026-03-27T10:16:48.391+05:30  INFO 10856 --- [user-service] [       Thread-7] com.zaxxer.hikari.HikariDataSource       : HikariPool-1 - Shutdown initiated...
2026-03-27T10:16:48.391+05:30  INFO 10856 --- [user-service] [foReplicator-%d] com.netflix.discovery.DiscoveryClient    : DiscoveryClient_USER-SERVICE/localhost:user-service:7500 - registration status: 204
2026-03-27T10:16:48.399+05:30  INFO 10856 --- [user-service] [       Thread-7] com.zaxxer.hikari.HikariDataSource       : HikariPool-1 - Shutdown completed.
2026-03-27T10:16:48.400+05:30  INFO 10856 --- [user-service] [       Thread-7] com.netflix.discovery.DiscoveryClient    : Shutting down DiscoveryClient ...
2026-03-27T10:16:51.401+05:30  INFO 10856 --- [user-service] [       Thread-7] com.netflix.discovery.DiscoveryClient    : Unregistering ...
2026-03-27T10:16:51.418+05:30  INFO 10856 --- [user-service] [       Thread-7] com.netflix.discovery.DiscoveryClient    : DiscoveryClient_USER-SERVICE/localhost:user-service:7500 - deregister  status: 200
2026-03-27T10:16:51.418+05:30  INFO 10856 --- [user-service] [       Thread-7] com.netflix.discovery.DiscoveryClient    : Completed shut down of DiscoveryClient

  .   ____          _            __ _ _
 /\\ / ___'_ __ _ _(_)_ __  __ _ \ \ \ \
( ( )\___ | '_ | '_| | '_ \/ _` | \ \ \ \
 \\/  ___)| |_)| | | | | || (_| |  ) ) ) )
  '  |____| .__|_| |_|_| |_\__, | / / / /
 =========|_|==============|___/=/_/_/_/

 :: Spring Boot ::                (v3.3.5)

2026-03-27T10:16:52.551+05:30  INFO 10856 --- [user-service] [  restartedMain] com.user.UserServiceApplication          : Starting UserServiceApplication using Java 21.0.6 with PID 10856 (C:\Users\Asus\Desktop\Payment-wallet\User-Service\target\classes started by Asus in C:\Users\Asus\Desktop\Payment-wallet\User-Service)
2026-03-27T10:16:52.551+05:30 DEBUG 10856 --- [user-service] [  restartedMain] com.user.UserServiceApplication          : Running with Spring Boot v3.3.5, Spring v6.1.14
2026-03-27T10:16:52.552+05:30  INFO 10856 --- [user-service] [  restartedMain] com.user.UserServiceApplication          : No active profile set, falling back to 1 default profile: "default"
2026-03-27T10:16:52.916+05:30  INFO 10856 --- [user-service] [  restartedMain] .s.d.r.c.RepositoryConfigurationDelegate : Bootstrapping Spring Data JPA repositories in DEFAULT mode.
2026-03-27T10:16:52.928+05:30  INFO 10856 --- [user-service] [  restartedMain] .s.d.r.c.RepositoryConfigurationDelegate : Finished Spring Data repository scanning in 9 ms. Found 2 JPA repository interfaces.
2026-03-27T10:16:53.051+05:30  INFO 10856 --- [user-service] [  restartedMain] o.s.cloud.context.scope.GenericScope     : BeanFactory id=73004103-aa57-3248-ab7f-7eb1ce082af0
2026-03-27T10:16:53.102+05:30  WARN 10856 --- [user-service] [  restartedMain] trationDelegate$BeanPostProcessorChecker : Bean 'org.springframework.cloud.client.loadbalancer.LoadBalancerAutoConfiguration$DeferringLoadBalancerInterceptorConfig' of type [org.springframework.cloud.client.loadbalancer.LoadBalancerAutoConfiguration$DeferringLoadBalancerInterceptorConfig] is not eligible for getting processed by all BeanPostProcessors (for example: not eligible for auto-proxying). The currently created BeanPostProcessor [lbRestClientPostProcessor] is declared through a non-static factory method on that class; consider declaring it as static instead.
2026-03-27T10:16:53.105+05:30  WARN 10856 --- [user-service] [  restartedMain] trationDelegate$BeanPostProcessorChecker : Bean 'deferringLoadBalancerInterceptor' of type [org.springframework.cloud.client.loadbalancer.DeferringLoadBalancerInterceptor] is not eligible for getting processed by all BeanPostProcessors (for example: not eligible for auto-proxying). Is this bean getting eagerly injected/applied to a currently created BeanPostProcessor [lbRestClientPostProcessor]? Check the corresponding BeanPostProcessor declaration and its dependencies/advisors. If this bean does not have to be post-processed, declare it with ROLE_INFRASTRUCTURE.
2026-03-27T10:16:53.196+05:30  INFO 10856 --- [user-service] [  restartedMain] o.s.b.w.embedded.tomcat.TomcatWebServer  : Tomcat initialized with port 7500 (http)
2026-03-27T10:16:53.198+05:30  INFO 10856 --- [user-service] [  restartedMain] o.apache.catalina.core.StandardService   : Starting service [Tomcat]
2026-03-27T10:16:53.198+05:30  INFO 10856 --- [user-service] [  restartedMain] o.apache.catalina.core.StandardEngine    : Starting Servlet engine: [Apache Tomcat/10.1.31]
2026-03-27T10:16:53.227+05:30  INFO 10856 --- [user-service] [  restartedMain] o.a.c.c.C.[Tomcat].[localhost].[/]       : Initializing Spring embedded WebApplicationContext
2026-03-27T10:16:53.228+05:30  INFO 10856 --- [user-service] [  restartedMain] w.s.c.ServletWebServerApplicationContext : Root WebApplicationContext: initialization completed in 674 ms
2026-03-27T10:16:53.349+05:30 DEBUG 10856 --- [user-service] [  restartedMain] com.user.Security.JwtFilter              : Filter 'jwtFilter' configured for use
2026-03-27T10:16:53.411+05:30  INFO 10856 --- [user-service] [  restartedMain] com.zaxxer.hikari.HikariDataSource       : HikariPool-2 - Starting...
2026-03-27T10:16:53.542+05:30  INFO 10856 --- [user-service] [  restartedMain] com.zaxxer.hikari.pool.HikariPool        : HikariPool-2 - Added connection org.postgresql.jdbc.PgConnection@5ec17a86
2026-03-27T10:16:53.598+05:30  INFO 10856 --- [user-service] [  restartedMain] com.zaxxer.hikari.HikariDataSource       : HikariPool-2 - Start completed.
2026-03-27T10:16:53.600+05:30  INFO 10856 --- [user-service] [  restartedMain] o.hibernate.jpa.internal.util.LogHelper  : HHH000204: Processing PersistenceUnitInfo [name: default]
2026-03-27T10:16:53.606+05:30  INFO 10856 --- [user-service] [  restartedMain] o.h.c.internal.RegionFactoryInitiator    : HHH000026: Second-level cache disabled
2026-03-27T10:16:53.623+05:30  INFO 10856 --- [user-service] [  restartedMain] o.s.o.j.p.SpringPersistenceUnitInfo      : No LoadTimeWeaver setup: ignoring JPA class transformer
2026-03-27T10:16:53.809+05:30  INFO 10856 --- [user-service] [  restartedMain] o.h.e.t.j.p.i.JtaPlatformInitiator       : HHH000489: No JTA platform available (set 'hibernate.transaction.jta.platform' to enable JTA platform integration)
2026-03-27T10:16:53.811+05:30  INFO 10856 --- [user-service] [  restartedMain] j.LocalContainerEntityManagerFactoryBean : Initialized JPA EntityManagerFactory for persistence unit 'default'
2026-03-27T10:16:54.030+05:30  WARN 10856 --- [user-service] [  restartedMain] JpaBaseConfiguration$JpaWebConfiguration : spring.jpa.open-in-view is enabled by default. Therefore, database queries may be performed during view rendering. Explicitly configure spring.jpa.open-in-view to disable this warning
2026-03-27T10:16:54.054+05:30  WARN 10856 --- [user-service] [  restartedMain] .s.s.UserDetailsServiceAutoConfiguration : 

Using generated security password: 9557612f-edba-4645-957c-4d569700bc2b

This generated password is for development use only. Your security configuration must be updated before running your application in production.

2026-03-27T10:16:54.056+05:30  INFO 10856 --- [user-service] [  restartedMain] r$InitializeUserDetailsManagerConfigurer : Global AuthenticationManager configured with UserDetailsService bean with name inMemoryUserDetailsManager
2026-03-27T10:16:55.227+05:30  INFO 10856 --- [user-service] [  restartedMain] o.s.cloud.commons.util.InetUtils         : Cannot determine local hostname
2026-03-27T10:16:55.300+05:30  INFO 10856 --- [user-service] [  restartedMain] o.s.b.a.e.web.EndpointLinksResolver      : Exposing 3 endpoints beneath base path '/actuator'
2026-03-27T10:16:55.656+05:30  INFO 10856 --- [user-service] [  restartedMain] o.s.b.d.a.OptionalLiveReloadServer       : LiveReload server is running on port 35729
2026-03-27T10:16:56.671+05:30  INFO 10856 --- [user-service] [  restartedMain] o.s.cloud.commons.util.InetUtils         : Cannot determine local hostname
2026-03-27T10:16:56.688+05:30  INFO 10856 --- [user-service] [  restartedMain] DiscoveryClientOptionalArgsConfiguration : Eureka HTTP Client uses RestTemplate.
2026-03-27T10:16:56.728+05:30  WARN 10856 --- [user-service] [  restartedMain] iguration$LoadBalancerCaffeineWarnLogger : Spring Cloud LoadBalancer is currently working with the default cache. While this cache implementation is useful for development and tests, it's recommended to use Caffeine cache in production.You can switch to using Caffeine cache, by adding it and org.springframework.cache.caffeine.CaffeineCacheManager to the classpath.
2026-03-27T10:16:56.751+05:30  INFO 10856 --- [user-service] [  restartedMain] o.s.c.n.eureka.InstanceInfoFactory       : Setting initial instance status as: STARTING
2026-03-27T10:16:56.754+05:30  INFO 10856 --- [user-service] [  restartedMain] com.netflix.discovery.DiscoveryClient    : Initializing Eureka in region us-east-1
2026-03-27T10:16:56.754+05:30  INFO 10856 --- [user-service] [  restartedMain] c.n.d.s.r.aws.ConfigClusterResolver      : Resolving eureka endpoints via configuration
2026-03-27T10:16:56.754+05:30 DEBUG 10856 --- [user-service] [  restartedMain] c.n.discovery.endpoint.EndpointUtils     : The availability zone for the given region us-east-1 are [defaultZone]
2026-03-27T10:16:56.755+05:30 DEBUG 10856 --- [user-service] [  restartedMain] c.n.d.s.r.aws.ConfigClusterResolver      : Config resolved to [AwsEndpoint{ serviceUrl='http://127.0.0.1:8761/eureka/', region='us-east-1', zone='defaultZone'}]
2026-03-27T10:16:56.755+05:30 DEBUG 10856 --- [user-service] [  restartedMain] c.n.d.s.r.a.ZoneAffinityClusterResolver  : Local zone=defaultZone; resolved to: [AwsEndpoint{ serviceUrl='http://127.0.0.1:8761/eureka/', region='us-east-1', zone='defaultZone'}]
2026-03-27T10:16:56.755+05:30  INFO 10856 --- [user-service] [  restartedMain] com.netflix.discovery.DiscoveryClient    : Disable delta property : false
2026-03-27T10:16:56.755+05:30  INFO 10856 --- [user-service] [  restartedMain] com.netflix.discovery.DiscoveryClient    : Single vip registry refresh property : null
2026-03-27T10:16:56.756+05:30  INFO 10856 --- [user-service] [  restartedMain] com.netflix.discovery.DiscoveryClient    : Force full registry fetch : false
2026-03-27T10:16:56.756+05:30  INFO 10856 --- [user-service] [  restartedMain] com.netflix.discovery.DiscoveryClient    : Application is null : false
2026-03-27T10:16:56.756+05:30  INFO 10856 --- [user-service] [  restartedMain] com.netflix.discovery.DiscoveryClient    : Registered Applications size is zero : true
2026-03-27T10:16:56.756+05:30  INFO 10856 --- [user-service] [  restartedMain] com.netflix.discovery.DiscoveryClient    : Application version is -1: true
2026-03-27T10:16:56.756+05:30  INFO 10856 --- [user-service] [  restartedMain] com.netflix.discovery.DiscoveryClient    : Getting all instance registry info from the eureka server
2026-03-27T10:16:56.756+05:30 DEBUG 10856 --- [user-service] [  restartedMain] c.n.d.s.t.d.SessionedEurekaHttpClient    : Ending a session and starting anew
2026-03-27T10:16:56.787+05:30 DEBUG 10856 --- [user-service] [  restartedMain] c.n.d.s.t.d.RedirectingEurekaHttpClient  : Pinning to endpoint null
2026-03-27T10:16:56.787+05:30  INFO 10856 --- [user-service] [  restartedMain] com.netflix.discovery.DiscoveryClient    : The response status is 200
2026-03-27T10:16:56.787+05:30 DEBUG 10856 --- [user-service] [  restartedMain] com.netflix.discovery.DiscoveryClient    : Got full registry with apps hashcode UP_10_
2026-03-27T10:16:56.787+05:30 DEBUG 10856 --- [user-service] [  restartedMain] com.netflix.discovery.DiscoveryClient    : The total number of all instances in the client now is 10
2026-03-27T10:16:56.788+05:30  INFO 10856 --- [user-service] [  restartedMain] com.netflix.discovery.DiscoveryClient    : Starting heartbeat executor: renew interval is: 30
2026-03-27T10:16:56.788+05:30  INFO 10856 --- [user-service] [  restartedMain] c.n.discovery.InstanceInfoReplicator     : InstanceInfoReplicator onDemand update allowed rate per min is 4
2026-03-27T10:16:56.789+05:30  INFO 10856 --- [user-service] [  restartedMain] com.netflix.discovery.DiscoveryClient    : Discovery Client initialized at timestamp 1774586816789 with initial instances count: 10
2026-03-27T10:16:56.795+05:30  INFO 10856 --- [user-service] [  restartedMain] o.s.c.n.e.s.EurekaServiceRegistry        : Registering application USER-SERVICE with eureka with status UP
2026-03-27T10:16:56.795+05:30  INFO 10856 --- [user-service] [  restartedMain] com.netflix.discovery.DiscoveryClient    : Saw local status change event StatusChangeEvent [timestamp=1774586816795, current=UP, previous=STARTING]
2026-03-27T10:16:56.796+05:30 DEBUG 10856 --- [user-service] [foReplicator-%d] c.n.discovery.InstanceInfoReplicator     : Executing on-demand update of local InstanceInfo
2026-03-27T10:16:56.797+05:30 DEBUG 10856 --- [user-service] [foReplicator-%d] c.n.discovery.InstanceInfoReplicator     : Canceling the latest scheduled update, it will be rescheduled at the end of on demand update
2026-03-27T10:16:56.797+05:30  INFO 10856 --- [user-service] [foReplicator-%d] com.netflix.discovery.DiscoveryClient    : DiscoveryClient_USER-SERVICE/localhost:user-service:7500: registering service...
2026-03-27T10:16:56.798+05:30 DEBUG 10856 --- [user-service] [foReplicator-%d] c.n.d.s.t.d.SessionedEurekaHttpClient    : Ending a session and starting anew
2026-03-27T10:16:56.800+05:30  INFO 10856 --- [user-service] [  restartedMain] o.s.b.w.embedded.tomcat.TomcatWebServer  : Tomcat started on port 7500 (http) with context path '/'
2026-03-27T10:16:56.801+05:30  INFO 10856 --- [user-service] [  restartedMain] .s.c.n.e.s.EurekaAutoServiceRegistration : Updating port to 7500
2026-03-27T10:16:56.807+05:30 DEBUG 10856 --- [user-service] [foReplicator-%d] c.n.d.s.t.d.RedirectingEurekaHttpClient  : Pinning to endpoint null
2026-03-27T10:16:56.807+05:30  INFO 10856 --- [user-service] [foReplicator-%d] com.netflix.discovery.DiscoveryClient    : DiscoveryClient_USER-SERVICE/localhost:user-service:7500 - registration status: 204
2026-03-27T10:16:57.806+05:30  INFO 10856 --- [user-service] [  restartedMain] o.s.cloud.commons.util.InetUtils         : Cannot determine local hostname
2026-03-27T10:16:57.816+05:30  INFO 10856 --- [user-service] [  restartedMain] com.user.UserServiceApplication          : Started UserServiceApplication in 6.319 seconds (process running for 1847.147)
2026-03-27T10:16:57.822+05:30  INFO 10856 --- [user-service] [  restartedMain] .ConditionEvaluationDeltaLoggingListener : Condition evaluation delta:


==========================
CONDITION EVALUATION DELTA
==========================


Positive matches:
-----------------

   ServletWebServerFactoryAutoConfiguration.ForwardedHeaderFilterConfiguration matched:
      - @ConditionalOnProperty (server.forward-headers-strategy=framework) matched (OnPropertyCondition)
      - @ConditionalOnMissingBean (types: org.springframework.web.filter.ForwardedHeaderFilter; SearchStrategy: all) did not find any beans (OnBeanCondition)

   ServletWebServerFactoryAutoConfiguration.ForwardedHeaderFilterConfiguration#tomcatForwardedHeaderFilterCustomizer matched:
      - @ConditionalOnClass found required class 'org.apache.catalina.startup.Tomcat' (OnClassCondition)


Negative matches:
-----------------

    None


Exclusions:
-----------

    None


Unconditional classes:
----------------------

    None



2026-03-27T10:17:26.819+05:30 DEBUG 10856 --- [user-service] [beatExecutor-%d] com.netflix.discovery.DiscoveryClient    : DiscoveryClient_USER-SERVICE/localhost:user-service:7500 - Heartbeat status: 200
2026-03-27T10:17:26.820+05:30 DEBUG 10856 --- [user-service] [reshExecutor-%d] com.netflix.discovery.DiscoveryClient    : Got delta update with apps hashcode DOWN_1_UP_9_
2026-03-27T10:17:26.974+05:30 DEBUG 10856 --- [user-service] [reshExecutor-%d] com.netflix.discovery.DiscoveryClient    : Added instance localhost:user-service:7500 to the existing apps in region null
2026-03-27T10:17:26.975+05:30 DEBUG 10856 --- [user-service] [reshExecutor-%d] com.netflix.discovery.DiscoveryClient    : Added instance localhost:Wallet-Service:7503 to the existing apps in region null
2026-03-27T10:17:26.976+05:30 DEBUG 10856 --- [user-service] [reshExecutor-%d] com.netflix.discovery.DiscoveryClient    : The total number of instances fetched by the delta processor : 2
2026-03-27T10:17:26.977+05:30 DEBUG 10856 --- [user-service] [reshExecutor-%d] com.netflix.discovery.DiscoveryClient    : The total number of all instances in the client now is 10
2026-03-27T10:17:26.980+05:30 DEBUG 10856 --- [user-service] [reshExecutor-%d] com.netflix.discovery.DiscoveryClient    : Completed cache refresh task for discovery. All Apps hash code is Local region apps hashcode: DOWN_1_UP_9_, is fetching remote regions? false 
2026-03-27T10:17:56.994+05:30 DEBUG 10856 --- [user-service] [beatExecutor-%d] com.netflix.discovery.DiscoveryClient    : DiscoveryClient_USER-SERVICE/localhost:user-service:7500 - Heartbeat status: 200
2026-03-27T10:17:57.010+05:30 DEBUG 10856 --- [user-service] [reshExecutor-%d] com.netflix.discovery.DiscoveryClient    : Got delta update with apps hashcode UP_8_
2026-03-27T10:17:57.036+05:30 DEBUG 10856 --- [user-service] [reshExecutor-%d] com.netflix.discovery.DiscoveryClient    : Added instance localhost:user-service:7500 to the existing apps in region null
2026-03-27T10:17:57.037+05:30 DEBUG 10856 --- [user-service] [reshExecutor-%d] com.netflix.discovery.DiscoveryClient    : Added instance localhost:Wallet-Service:7503 to the existing apps in region null
2026-03-27T10:17:57.038+05:30 DEBUG 10856 --- [user-service] [reshExecutor-%d] com.netflix.discovery.DiscoveryClient    : Added instance localhost:PAYMENT-SERVICES:7504 to the existing apps in region null
2026-03-27T10:17:57.038+05:30 DEBUG 10856 --- [user-service] [reshExecutor-%d] com.netflix.discovery.DiscoveryClient    : Added instance localhost:Transaction-Service:7506 to the existing apps in region null
2026-03-27T10:17:57.039+05:30 DEBUG 10856 --- [user-service] [reshExecutor-%d] com.netflix.discovery.DiscoveryClient    : Added instance localhost:KYC-SERVICE:7502 to the existing apps in region null
2026-03-27T10:17:57.212+05:30 DEBUG 10856 --- [user-service] [reshExecutor-%d] com.netflix.discovery.DiscoveryClient    : Added instance localhost:Admin-Service:7501 to the existing apps in region null
2026-03-27T10:17:57.213+05:30 DEBUG 10856 --- [user-service] [reshExecutor-%d] com.netflix.discovery.DiscoveryClient    : Deleted instance localhost:Rewards-Service:7511 to the existing apps 
2026-03-27T10:17:57.214+05:30 DEBUG 10856 --- [user-service] [reshExecutor-%d] com.netflix.discovery.DiscoveryClient    : Deleted instance localhost:NOTIFICATION-SERVICE:7507 to the existing apps 
2026-03-27T10:17:57.215+05:30 DEBUG 10856 --- [user-service] [reshExecutor-%d] com.netflix.discovery.DiscoveryClient    : The total number of instances fetched by the delta processor : 8
2026-03-27T10:17:57.216+05:30 DEBUG 10856 --- [user-service] [reshExecutor-%d] com.netflix.discovery.DiscoveryClient    : The total number of all instances in the client now is 8
2026-03-27T10:17:57.217+05:30 DEBUG 10856 --- [user-service] [reshExecutor-%d] com.netflix.discovery.DiscoveryClient    : Completed cache refresh task for discovery. All Apps hash code is Local region apps hashcode: UP_8_, is fetching remote regions? false 
[INFO] ------------------------------------------------------------------------
[INFO] BUILD FAILURE
[INFO] ------------------------------------------------------------------------
[INFO] Total time:  32:03 min
[INFO] Finished at: 2026-03-27T10:18:12+05:30
[INFO] ------------------------------------------------------------------------
[ERROR] Failed to execute goal org.springframework.boot:spring-boot-maven-plugin:3.3.5:run (default-cli) on project User-Service: Process terminated with exit code: -1 -> [Help 1]
[ERROR] 
[ERROR] To see the full stack trace of the errors, re-run Maven with the -e switch.
[ERROR] Re-run Maven using the -X switch to enable full debug logging.
[ERROR] 
[ERROR] For more information about the errors and possible solutions, please read the following articles:
[ERROR] [Help 1] http://cwiki.apache.org/confluence/display/MAVEN/MojoExecutionException
